t,open,high,low,close,volume,trades
2026-02-05 23:00:00,1869.8,1905.6,1819.8,1825.9,76416.7828,27009
2026-02-06 00:00:00,1825.4,1890.8,1740.7,1870.0,293598.0772,80161
2026-02-06 01:00:00,1870.1,1939.2,1869.7,1930.6,135831.8003,36936
2026-02-06 02:00:00,1930.6,1947.0,1891.3,1906.5,63915.8363,21847
2026-02-06 03:00:00,1906.4,1917.3,1878.8,1890.8,33580.9008,15287
2026-02-06 04:00:00,1890.9,1917.2,1885.0,1907.9,29432.2405,11009
2026-02-06 05:00:00,1907.9,1974.7,1905.6,1957.1,43164.8158,16898
2026-02-06 06:00:00,1957.7,1965.9,1906.4,1907.4,41152.4298,16818
2026-02-06 07:00:00,1907.5,1914.1,1886.7,1898.2,23285.0847,14824
2026-02-06 08:00:00,1898.2,1906.2,1866.0,1873.9,26981.7188,15746
2026-02-06 09:00:00,1873.9,1928.3,1870.5,1918.4,28402.5951,14500
2026-02-06 10:00:00,1918.6,1934.2,1909.5,1926.4,13283.5516,9140
2026-02-06 11:00:00,1926.1,1937.9,1919.3,1932.6,7786.9682,6822
2026-02-06 12:00:00,1932.3,1932.3,1914.4,1920.4,10185.1274,7126
2026-02-06 13:00:00,1920.5,1960.7,1919.0,1949.1,31502.6029,13974
2026-02-06 14:00:00,1949.0,2001.3,1932.5,1976.5,132287.1337,31571
2026-02-06 15:00:00,1976.6,1996.2,1960.0,1978.7,75741.327,26308
2026-02-06 16:00:00,1978.8,2045.9,1970.3,2034.6,108533.0279,28850
2026-02-06 17:00:00,2034.6,2090.1,2026.7,2066.1,114974.4678,28882
2026-02-06 18:00:00,2066.2,2069.0,2030.0,2043.6,56855.4475,20740
2026-02-06 19:00:00,2043.6,2070.0,2032.7,2065.0,35395.4752,20659
2026-02-06 20:00:00,2064.8,2091.7,2042.6,2053.0,71038.9006,29416
2026-02-06 21:00:00,2052.7,2060.6,2041.7,2052.4,25934.4923,17935
2026-02-06 22:00:00,2052.5,2083.9,2045.4,2073.9,24792.9818,11135
2026-02-06 23:00:00,2073.9,2086.7,2048.9,2062.0,29721.3955,11476
2026-02-07 00:00:00,2061.9,2063.4,2035.6,2041.6,33818.3226,13026
2026-02-07 01:00:00,2041.9,2065.4,2031.4,2061.2,18628.7586,6660
2026-02-07 02:00:00,2060.8,2063.7,2047.5,2058.4,17193.4879,6411
2026-02-07 03:00:00,2057.9,2084.5,2057.2,2079.5,17530.6313,9373
2026-02-07 04:00:00,2079.3,2117.8,2077.5,2086.9,73575.6509,18353
2026-02-07 05:00:00,2086.4,2102.7,2077.1,2082.9,16790.0974,10012
2026-02-07 06:00:00,2082.8,2092.5,2046.1,2046.3,48170.9417,11872
2026-02-07 07:00:00,2046.6,2054.8,1993.6,2027.4,81008.3121,17269
2026-02-07 08:00:00,2027.2,2031.6,2014.4,2018.2,21846.7547,7858
2026-02-07 09:00:00,2018.2,2028.7,2004.2,2013.2,8866.6221,5876
2026-02-07 10:00:00,2013.2,2018.5,1998.6,2009.6,6776.2909,5366
2026-02-07 11:00:00,2009.7,2020.0,2006.0,2017.7,7711.8343,4869
2026-02-07 12:00:00,2017.5,2074.3,2016.0,2040.1,35291.8461,14652
2026-02-07 13:00:00,2040.4,2049.6,2027.8,2040.0,8676.2111,6743
2026-02-07 14:00:00,2040.2,2048.0,2008.4,2019.2,25813.8696,9159
2026-02-07 15:00:00,2019.3,2062.3,2013.4,2050.8,20428.6038,10438
2026-02-07 16:00:00,2051.2,2121.0,2012.0,2049.3,377758.2785,79743
2026-02-07 17:00:00,2049.1,2072.0,2031.9,2060.1,19591.0666,10381
2026-02-07 18:00:00,2060.1,2108.7,2058.0,2096.2,39715.7882,15117
2026-02-07 19:00:00,2096.1,2100.0,2082.6,2090.4,8986.0239,8129
2026-02-07 20:00:00,2090.0,2111.5,2083.6,2104.2,18480.5746,8465
2026-02-07 21:00:00,2104.1,2108.9,2096.8,2099.7,16672.5979,7546
2026-02-07 22:00:00,2099.7,2106.5,2086.6,2087.2,8361.8376,6909
2026-02-07 23:00:00,2087.7,2094.4,2072.0,2085.8,13624.4944,6843
2026-02-08 00:00:00,2085.9,2093.6,2075.4,2083.0,9569.2989,6025
2026-02-08 01:00:00,2083.1,2096.5,2081.1,2094.9,7935.6541,4815
2026-02-08 02:00:00,2095.0,2105.9,2081.2,2087.8,9339.7278,4794
2026-02-08 03:00:00,2087.7,2092.3,2076.0,2077.5,6893.9942,4302
2026-02-08 04:00:00,2077.5,2087.3,2065.3,2086.6,9797.702,5652
2026-02-08 05:00:00,2086.5,2087.4,2077.7,2083.6,2981.0376,3464
2026-02-08 06:00:00,2083.5,2087.7,2076.3,2078.3,3151.1288,3546
2026-02-08 07:00:00,2078.2,2083.3,2066.9,2083.2,8012.0094,3789
2026-02-08 08:00:00,2083.2,2122.0,2076.7,2115.0,20349.624,10887
2026-02-08 09:00:00,2115.1,2122.0,2095.5,2099.8,25195.7015,8079
2026-02-08 10:00:00,2099.5,2112.9,2082.8,2094.7,8964.9271,5838
2026-02-08 11:00:00,2094.7,2135.3,2092.9,2131.1,24671.2596,10720
2026-02-08 12:00:00,2131.1,2143.6,2124.6,2131.0,16890.8764,8285
2026-02-08 13:00:00,2130.4,2140.2,2117.7,2125.2,10338.1357,6300
2026-02-08 14:00:00,2125.4,2128.5,2115.6,2127.8,11925.0037,5510
2026-02-08 15:00:00,2127.7,2129.9,2096.6,2107.3,14611.727,7315
2026-02-08 16:00:00,2107.4,2115.0,2071.1,2079.4,29217.214,9838
2026-02-08 17:00:00,2079.4,2097.6,2079.1,2091.2,20033.955,6507
2026-02-08 18:00:00,2091.2,2120.4,2089.6,2108.7,15087.0362,7452
2026-02-08 19:00:00,2108.7,2128.1,2106.8,2125.3,7182.8908,4765
2026-02-08 20:00:00,2125.4,2126.4,2099.5,2103.5,12184.521,5709
2026-02-08 21:00:00,2103.4,2113.1,2088.7,2093.0,12359.2648,4974
2026-02-08 22:00:00,2092.9,2109.9,2092.5,2107.2,6795.3823,4387
2026-02-08 23:00:00,2107.2,2149.7,2072.0,2088.7,51946.2433,15523
2026-02-09 00:00:00,2088.6,2096.0,2075.4,2083.4,11816.7742,6127
2026-02-09 01:00:00,2083.3,2100.0,2053.7,2069.9,17799.5619,9061
2026-02-09 02:00:00,2069.5,2093.9,2064.7,2079.8,13133.9849,5172
2026-02-09 03:00:00,2080.3,2101.8,2080.2,2099.0,37329.8018,6228
2026-02-09 04:00:00,2098.6,2100.0,2085.6,2089.6,15299.1722,4593
2026-02-09 05:00:00,2089.6,2095.9,2083.1,2094.8,16911.3962,4522
2026-02-09 06:00:00,2094.6,2094.7,2071.1,2080.6,19535.2168,5500
2026-02-09 07:00:00,2080.6,2086.5,2063.4,2064.9,29965.2571,5728
2026-02-09 08:00:00,2064.9,2069.6,2034.0,2050.4,60997.6648,11631
2026-02-09 09:00:00,2050.2,2057.0,2034.0,2041.6,19308.582,6952
2026-02-09 10:00:00,2041.3,2046.3,2012.6,2021.6,45884.5899,11934
2026-02-09 11:00:00,2021.6,2036.5,2019.4,2026.8,63053.586,7883
2026-02-09 12:00:00,2027.1,2037.7,2026.3,2034.4,7938.2388,4347
2026-02-09 13:00:00,2034.4,2049.0,2021.5,2021.5,15973.4213,6204
2026-02-09 14:00:00,2021.5,2048.0,2007.5,2042.4,41604.9456,16548
2026-02-09 15:00:00,2042.4,2073.0,2031.6,2061.4,85713.5214,18188
2026-02-09 16:00:00,2060.9,2109.3,2046.4,2090.3,47992.602,14338
2026-02-09 17:00:00,2090.4,2135.6,2077.0,2126.6,60750.1842,15535
2026-02-09 18:00:00,2126.7,2143.0,2108.9,2129.6,30354.765,11112
2026-02-09 19:00:00,2129.7,2137.0,2118.6,2130.7,14442.9838,6754
2026-02-09 20:00:00,2130.7,2146.5,2117.8,2124.5,23852.9712,9102
2026-02-09 21:00:00,2124.5,2128.8,2088.9,2121.4,39223.1582,10474
2026-02-09 22:00:00,2121.8,2125.3,2110.6,2114.4,25822.0373,5436
2026-02-09 23:00:00,2114.0,2122.0,2101.4,2104.1,13040.5019,4601
2026-02-10 00:00:00,2104.1,2111.8,2095.3,2095.6,13555.5111,5254
2026-02-10 01:00:00,2095.7,2123.7,2094.9,2116.3,18976.3072,7964
2026-02-10 02:00:00,2116.7,2121.0,2101.9,2107.3,4559.0819,4254
2026-02-10 03:00:00,2107.4,2109.7,2052.6,2064.1,61324.0283,15511
2026-02-10 04:00:00,2064.1,2073.5,2062.2,2069.8,13194.2458,5663
2026-02-10 05:00:00,2069.8,2071.4,2044.3,2052.4,25703.9003,12802
2026-02-10 06:00:00,2052.4,2057.2,1997.3,2008.7,57280.9487,27352
2026-02-10 07:00:00,2008.7,2018.6,1999.7,2006.7,16122.6891,12214
2026-02-10 08:00:00,2007.1,2017.0,1994.9,2014.5,38988.6801,10719
2026-02-10 09:00:00,2014.4,2029.6,2009.4,2016.1,20800.8364,8607
2026-02-10 10:00:00,2016.1,2021.6,2009.0,2013.3,10967.5058,6208
2026-02-10 11:00:00,2013.3,2021.7,1999.7,2001.9,32637.1144,9354
2026-02-10 12:00:00,2002.0,2016.5,2001.7,2007.3,14604.9382,8361
2026-02-10 13:00:00,2007.2,2026.9,1995.7,2021.7,21955.0167,11139
2026-02-10 14:00:00,2021.6,2039.1,1987.5,2009.2,132236.5848,33467
2026-02-10 15:00:00,2009.0,2029.0,2002.8,2021.7,48961.2531,16374
2026-02-10 16:00:00,2022.1,2036.7,2011.7,2025.5,33201.3606,14025
2026-02-10 17:00:00,2025.3,2046.0,2019.1,2039.3,17326.9982,11639
2026-02-10 18:00:00,2039.4,2041.9,1994.9,2008.5,48488.7182,16245
2026-02-10 19:00:00,2008.5,2025.3,2003.0,2017.0,30455.0701,9311
2026-02-10 20:00:00,2017.1,2020.4,2004.1,2009.9,20679.31,7667
2026-02-10 21:00:00,2010.4,2017.1,1996.1,2007.6,21975.8235,6910
2026-02-10 22:00:00,2007.8,2020.0,2006.2,2017.2,18307.7542,6004
2026-02-10 23:00:00,2017.1,2022.0,2011.8,2021.9,5104.1102,4130
2026-02-11 00:00:00,2021.9,2028.7,2018.4,2024.8,7269.0361,4880
2026-02-11 01:00:00,2024.7,2030.0,2015.6,2023.2,10224.8378,5023
2026-02-11 02:00:00,2023.4,2031.3,2013.4,2016.3,9476.5962,5409
2026-02-11 03:00:00,2016.8,2020.6,1996.7,2008.6,15291.297,6788
2026-02-11 04:00:00,2008.6,2010.4,1962.6,1970.5,37419.1771,16068
2026-02-11 05:00:00,1970.6,1980.3,1970.6,1973.6,13508.5889,6927
2026-02-11 06:00:00,1973.6,1976.5,1938.6,1947.9,49176.8544,17763
2026-02-11 07:00:00,1947.8,1957.5,1944.2,1949.7,13564.2117,6910
2026-02-11 08:00:00,1950.0,1952.2,1935.9,1949.7,13243.1353,5650
2026-02-11 09:00:00,1949.3,1953.4,1942.2,1945.8,3917.3349,3944
2026-02-11 10:00:00,1945.8,1946.0,1931.0,1938.3,8654.5399,7090
2026-02-11 11:00:00,1937.9,1955.4,1936.4,1952.7,14090.0789,5937
2026-02-11 12:00:00,1952.8,1965.8,1947.5,1951.1,27912.3273,9408
2026-02-11 13:00:00,1951.0,1967.2,1941.7,1959.4,39463.9841,13678
2026-02-11 14:00:00,1959.4,2014.6,1936.7,1942.4,101822.0592,30530
2026-02-11 15:00:00,1942.0,1948.7,1902.0,1928.2,80067.5653,27323
2026-02-11 16:00:00,1928.0,1955.1,1909.3,1914.2,42513.3718,16177
2026-02-11 17:00:00,1914.2,1941.6,1908.2,1929.1,29783.2165,11624
2026-02-11 18:00:00,1928.8,1948.0,1915.1,1943.4,31532.7695,10351
2026-02-11 19:00:00,1943.4,1958.6,1937.4,1951.3,37120.843,12123
2026-02-11 20:00:00,1951.2,1957.7,1939.2,1952.7,12905.7828,7580
2026-02-11 21:00:00,1953.1,1987.0,1950.2,1969.2,35693.0722,12658
2026-02-11 22:00:00,1969.4,1972.2,1946.8,1950.5,32266.2029,9032
2026-02-11 23:00:00,1950.6,1955.6,1931.1,1941.5,20477.1203,8655
2026-02-12 00:00:00,1941.4,1962.2,1940.0,1958.0,15629.7056,6691
2026-02-12 01:00:00,1958.1,1976.9,1958.1,1964.3,6211.9713,5476
2026-02-12 02:00:00,1964.6,1970.4,1954.7,1957.5,12554.2727,7750
2026-02-12 03:00:00,1957.7,1968.4,1956.0,1968.0,2903.7578,4384
2026-02-12 04:00:00,1967.7,1974.9,1959.4,1965.1,25335.6948,7270
2026-02-12 05:00:00,1965.1,1971.4,1952.2,1969.8,26111.5913,7955
2026-02-12 06:00:00,1969.5,1982.1,1964.8,1973.9,23205.0716,7970
2026-02-12 07:00:00,1973.9,1977.7,1965.3,1967.3,15546.9753,6795
2026-02-12 08:00:00,1967.4,1972.9,1956.7,1964.6,6369.3369,6642
2026-02-12 09:00:00,1964.7,1989.7,1962.6,1981.8,17682.7603,7748
2026-02-12 10:00:00,1981.7,1994.7,1976.8,1993.4,7812.0139,7403
2026-02-12 11:00:00,1993.4,2000.0,1983.2,1988.6,12398.0527,7657
2026-02-12 12:00:00,1988.5,1990.2,1974.3,1979.8,5930.9799,5692
2026-02-12 13:00:00,1979.8,1995.6,1974.3,1994.3,7768.7497,6177
2026-02-12 14:00:00,1994.3,1995.0,1972.5,1977.6,18395.6642,10264
2026-02-12 15:00:00,1977.7,1983.7,1943.7,1947.6,41652.7201,16723
2026-02-12 16:00:00,1947.8,1948.6,1896.7,1907.9,74433.9432,28208
2026-02-12 17:00:00,1907.9,1926.2,1902.0,1909.2,39581.5663,12742
2026-02-12 18:00:00,1909.5,1924.1,1900.8,1917.9,28163.7892,12108
2026-02-12 19:00:00,1917.9,1940.0,1911.0,1924.5,15279.5774,8809
2026-02-12 20:00:00,1924.4,1931.2,1908.2,1914.9,16633.4329,7395
2026-02-12 21:00:00,1914.9,1926.8,1913.4,1922.5,5889.9693,4447
2026-02-12 22:00:00,1922.5,1945.2,1919.4,1942.4,10650.4432,6098
2026-02-12 23:00:00,1942.3,1952.0,1939.2,1946.9,8602.8766,6464
2026-02-13 00:00:00,1946.9,1953.6,1927.1,1932.4,5062.2489,6546
2026-02-13 01:00:00,1932.4,1949.0,1932.4,1942.5,7972.5739,5019
2026-02-13 02:00:00,1942.6,1950.9,1939.9,1947.5,7979.828,4678
2026-02-13 03:00:00,1947.5,1958.3,1943.4,1952.3,15654.9351,5616
2026-02-13 04:00:00,1952.4,1954.6,1942.5,1943.5,20018.4647,5042
2026-02-13 05:00:00,1943.6,1945.8,1932.4,1933.1,14372.5983,5381
2026-02-13 06:00:00,1933.0,1938.2,1923.4,1935.5,12939.9011,5732
2026-02-13 07:00:00,1935.5,1947.6,1931.5,1934.7,12768.6829,5313
2026-02-13 08:00:00,1934.7,1963.5,1933.0,1958.3,28389.9615,6190
2026-02-13 09:00:00,1958.4,1965.6,1952.1,1961.4,12771.2567,4549
2026-02-13 10:00:00,1961.4,1968.0,1955.8,1958.3,10400.0264,3604
2026-02-13 11:00:00,1958.5,1961.2,1945.4,1959.4,16398.9661,4544
2026-02-13 12:00:00,1959.4,1963.6,1951.8,1959.9,4323.5787,2938
2026-02-13 13:00:00,1959.9,1980.0,1955.5,1969.8,21834.0562,8588
2026-02-13 14:00:00,1969.6,2000.0,1962.2,1989.5,68707.7069,15579
2026-02-13 15:00:00,1989.5,2049.7,1986.5,2034.3,73633.8459,19941
2026-02-13 16:00:00,2034.3,2071.1,2030.9,2060.2,72223.2204,17826
2026-02-13 17:00:00,2060.3,2066.5,2048.7,2058.2,22655.3584,7728
2026-02-13 18:00:00,2058.3,2063.2,2049.4,2056.4,19738.5178,6297
2026-02-13 19:00:00,2056.5,2060.7,2051.4,2056.7,13162.2319,5227
2026-02-13 20:00:00,2056.9,2058.6,2038.5,2045.5,24267.16,10044
2026-02-13 21:00:00,2044.9,2057.7,2044.2,2053.1,12090.3216,9076
2026-02-13 22:00:00,2053.1,2058.5,2045.0,2053.0,6436.48,5326
2026-02-13 23:00:00,2053.2,2053.3,2045.8,2047.6,4354.2958,2871
2026-02-14 00:00:00,2048.0,2054.8,2042.0,2053.7,8315.5723,3552
2026-02-14 01:00:00,2054.0,2056.5,2049.6,2053.7,6617.057,2992
2026-02-14 02:00:00,2053.7,2053.7,2047.3,2049.2,2495.6621,2168
2026-02-14 03:00:00,2049.3,2054.7,2047.5,2053.6,1061.2729,1664
2026-02-14 04:00:00,2053.6,2056.8,2051.7,2052.6,1825.7793,2142
2026-02-14 05:00:00,2052.5,2055.2,2049.9,2049.9,4474.1339,1838
2026-02-14 06:00:00,2050.0,2053.6,2047.3,2052.5,11750.406,2422
2026-02-14 07:00:00,2052.7,2059.7,2049.7,2056.2,11271.7001,2552
2026-02-14 08:00:00,2056.2,2089.1,2056.2,2081.3,29793.5489,9102
2026-02-14 09:00:00,2081.4,2087.8,2075.3,2077.2,9416.4721,4150
2026-02-14 10:00:00,2077.2,2077.3,2071.6,2076.4,3585.8765,2657
2026-02-14 11:00:00,2076.4,2105.5,2076.3,2098.4,37620.2151,9313
2026-02-14 12:00:00,2098.4,2098.7,2067.2,2069.8,21152.8193,7169
2026-02-14 13:00:00,2069.8,2075.0,2064.5,2070.5,6880.2059,5166
2026-02-14 14:00:00,2070.6,2087.6,2068.4,2084.6,17509.4606,4730
2026-02-14 15:00:00,2084.6,2092.3,2080.2,2086.5,7628.3132,3791
2026-02-14 16:00:00,2086.5,2086.8,2066.6,2081.9,23385.89,5076
2026-02-14 17:00:00,2082.0,2088.0,2076.7,2078.8,10990.4356,3402
2026-02-14 18:00:00,2078.8,2085.6,2077.8,2084.3,6972.078,2932
2026-02-14 19:00:00,2084.4,2088.9,2077.4,2086.8,10712.2727,2967
2026-02-14 20:00:00,2087.4,2091.5,2080.3,2088.6,6076.2423,2802
2026-02-14 21:00:00,2088.8,2097.4,2077.8,2085.1,12403.8243,4822
2026-02-14 22:00:00,2085.1,2093.7,2083.0,2089.5,5497.3912,3030
2026-02-14 23:00:00,2089.5,2092.0,2082.8,2085.3,3824.6709,2503
2026-02-15 00:00:00,2085.4,2089.1,2072.0,2078.9,11568.7888,4017
2026-02-15 01:00:00,2078.9,2084.0,2052.8,2063.0,11332.1679,7068
2026-02-15 02:00:00,2062.8,2071.3,2045.3,2058.8,15867.8982,6081
2026-02-15 03:00:00,2058.5,2062.4,2036.1,2058.3,14589.669,7214
2026-02-15 04:00:00,2058.3,2086.2,2058.2,2075.5,20643.1205,8290
2026-02-15 05:00:00,2075.5,2095.1,2074.4,2087.6,16762.386,5815
2026-02-15 06:00:00,2087.5,2093.4,2081.5,2084.8,14490.7638,4999
2026-02-15 07:00:00,2084.8,2102.4,2082.2,2090.4,19381.6443,5820
2026-02-15 08:00:00,2090.6,2095.8,2054.7,2068.1,18811.4709,6622
2026-02-15 09:00:00,2068.0,2077.2,2065.2,2067.5,5797.2901,3349
2026-02-15 10:00:00,2067.5,2069.3,2052.9,2060.0,16800.7985,5910
2026-02-15 11:00:00,2060.0,2065.6,2057.6,2060.5,8047.8457,3195
2026-02-15 12:00:00,2060.6,2066.5,2009.8,2009.9,25869.5858,9959
2026-02-15 13:00:00,2009.7,2026.6,1993.3,2001.3,30146.473,10918
2026-02-15 14:00:00,2001.1,2011.1,1992.6,2009.3,14524.1204,6284
2026-02-15 15:00:00,2009.0,2013.8,2001.9,2010.2,7928.4859,4795
2026-02-15 16:00:00,2010.1,2010.1,1994.1,2005.7,41374.4052,7569
2026-02-15 17:00:00,2005.8,2008.4,1957.3,1970.8,33951.1648,12627
2026-02-15 18:00:00,1970.3,1980.6,1953.1,1958.6,23845.5324,8416
2026-02-15 19:00:00,1958.3,1960.7,1927.7,1941.3,44393.1951,12099
2026-02-15 20:00:00,1941.4,1957.2,1933.2,1949.0,17846.5963,7222
2026-02-15 21:00:00,1949.4,1964.3,1949.0,1958.3,16384.2321,6301
2026-02-15 22:00:00,1958.1,1973.8,1955.8,1969.2,11719.8726,6234
2026-02-15 23:00:00,1969.4,1969.7,1944.1,1965.4,25318.804,9797
2026-02-16 00:00:00,1965.6,1978.3,1962.5,1968.4,10758.3926,7148
2026-02-16 01:00:00,1968.6,1980.2,1955.8,1962.2,33854.9805,7309
2026-02-16 02:00:00,1962.0,1965.8,1952.2,1955.8,18719.4576,5339
2026-02-16 03:00:00,1956.2,1959.0,1948.1,1957.9,6003.5503,3250
2026-02-16 04:00:00,1957.7,1972.1,1957.5,1972.1,5285.8359,3384
2026-02-16 05:00:00,1972.2,1973.1,1951.8,1957.2,8853.8728,3462
2026-02-16 06:00:00,1957.1,1966.8,1955.1,1966.1,2698.5938,2166
2026-02-16 07:00:00,1966.2,1977.6,1963.5,1970.2,6629.1765,3918
2026-02-16 08:00:00,1970.1,1977.2,1968.9,1976.3,6535.2915,3845
2026-02-16 09:00:00,1976.4,1992.3,1975.4,1986.9,17912.417,6699
2026-02-16 10:00:00,1986.6,1987.8,1976.6,1977.9,5877.3097,3643
2026-02-16 11:00:00,1978.0,1982.5,1956.3,1975.6,6613.1044,5042
2026-02-16 12:00:00,1975.4,2008.0,1971.5,2005.5,19490.5798,7597
2026-02-16 13:00:00,2005.4,2021.9,1960.2,1966.6,37563.5644,13836
2026-02-16 14:00:00,1966.4,1982.1,1954.6,1972.3,16661.4726,7578
2026-02-16 15:00:00,1972.2,1984.4,1936.9,1955.7,57093.7564,13630
2026-02-16 16:00:00,1955.5,1979.0,1955.4,1972.8,31399.6328,9335
2026-02-16 17:00:00,1972.6,1987.2,1963.5,1978.0,29522.5628,6646
2026-02-16 18:00:00,1978.0,1984.6,1966.1,1967.7,17310.714,5763
2026-02-16 19:00:00,1967.7,1979.3,1965.1,1973.3,10566.9844,4423
2026-02-16 20:00:00,1973.0,1993.5,1970.3,1992.4,7465.7229,5073
2026-02-16 21:00:00,1992.3,2002.6,1985.3,1998.4,14670.8262,5708
2026-02-16 22:00:00,1998.4,2001.4,1984.4,1989.4,17753.192,4406
2026-02-16 23:00:00,1989.3,2001.5,1988.1,1997.5,7127.982,3419
2026-02-17 00:00:00,1997.5,2004.5,1992.9,1997.6,8733.3181,4637
2026-02-17 01:00:00,1997.8,2006.9,1990.1,1990.9,7119.315,4862
2026-02-17 02:00:00,1990.7,2008.6,1980.2,1997.7,14503.955,5147
2026-02-17 03:00:00,1997.7,1998.1,1983.6,1984.8,19193.5815,4618
2026-02-17 04:00:00,1984.7,1997.3,1981.5,1988.8,32175.4991,5388
2026-02-17 05:00:00,1988.8,1989.9,1963.6,1974.9,21876.4135,6238
2026-02-17 06:00:00,1974.8,1984.8,1974.6,1980.4,21226.5314,4222
2026-02-17 07:00:00,1980.0,1987.4,1972.4,1985.2,13231.6986,4282
2026-02-17 08:00:00,1985.2,1990.1,1973.2,1975.9,14503.4008,4629
2026-02-17 09:00:00,1975.9,1978.9,1969.2,1974.9,21201.9127,5021
2026-02-17 10:00:00,1975.0,1976.7,1961.0,1965.9,16840.9284,5215
2026-02-17 11:00:00,1965.8,1971.1,1963.1,1967.7,16169.6317,4287
2026-02-17 12:00:00,1967.5,1975.5,1966.2,1968.7,13862.7624,4315
2026-02-17 13:00:00,1968.7,1999.4,1963.8,1990.0,53694.6741,12187
2026-02-17 14:00:00,1990.0,2002.2,1943.5,1947.7,53781.9218,17400
2026-02-17 15:00:00,1947.6,1968.7,1941.3,1967.6,29355.2505,14593
2026-02-17 16:00:00,1967.7,2010.0,1967.1,1979.3,80059.1412,20485
2026-02-17 17:00:00,1979.3,1982.8,1952.8,1965.4,44026.2984,12607
2026-02-17 18:00:00,1965.3,2007.2,1960.8,1997.8,69673.8066,13541
2026-02-17 19:00:00,1997.9,2014.6,1994.4,1997.1,22753.6217,9709
2026-02-17 20:00:00,1997.1,2000.6,1986.7,1993.6,16633.9001,7400
2026-02-17 21:00:00,1993.6,2002.3,1991.3,1998.8,9508.121,4028
2026-02-17 22:00:00,1998.9,2003.1,1991.9,1993.2,7523.5958,3948
2026-02-17 23:00:00,1993.2,1997.3,1988.8,1990.9,10346.289,4425
2026-02-18 00:00:00,1990.9,1996.9,1980.4,1980.8,11628.8156,4852
2026-02-18 01:00:00,1980.8,1982.8,1968.1,1977.3,37300.9638,8445
2026-02-18 02:00:00,1977.2,1992.6,1976.9,1986.9,14170.5825,4967
2026-02-18 03:00:00,1986.9,1999.5,1986.0,1996.5,9378.2735,5092
2026-02-18 04:00:00,1996.6,2001.7,1992.5,1998.4,22353.9783,5403
2026-02-18 05:00:00,1998.4,2001.6,1995.1,1995.7,5223.1758,3812
2026-02-18 06:00:00,1995.7,2007.2,1994.6,2001.3,4882.0414,4217
2026-02-18 07:00:00,2001.3,2022.3,1996.0,2017.2,8247.6761,6429
2026-02-18 08:00:00,2017.3,2038.2,2016.4,2019.8,10864.0759,8138
2026-02-18 09:00:00,2019.8,2021.7,2015.0,2015.7,8388.2628,4248
2026-02-18 10:00:00,2015.6,2017.1,1994.4,1995.9,21616.2844,8626
2026-02-18 11:00:00,1995.9,1997.2,1975.0,1980.4,18920.4815,9094
2026-02-18 12:00:00,1980.5,1988.0,1971.1,1981.8,22899.8242,8971
2026-02-18 13:00:00,1981.8,1991.4,1960.1,1969.9,16019.2951,8089
2026-02-18 14:00:00,1969.7,1975.4,1952.8,1973.7,25717.7212,10864
2026-02-18 15:00:00,1973.7,2009.5,1972.8,1984.4,49802.8647,16033
2026-02-18 16:00:00,1984.4,1984.4,1964.5,1971.2,34159.1574,10369
2026-02-18 17:00:00,1971.0,1986.7,1969.9,1973.2,16977.7651,6512
2026-02-18 18:00:00,1973.3,1976.3,1948.8,1952.0,45468.2716,12816
2026-02-18 19:00:00,1951.7,1960.7,1922.5,1940.0,38368.2516,13994
2026-02-18 20:00:00,1940.2,1951.7,1934.6,1938.2,25235.206,8551
2026-02-18 21:00:00,1938.2,1947.5,1934.7,1940.9,8069.7545,5416
2026-02-18 22:00:00,1940.9,1949.0,1938.7,1946.8,11869.7803,4510
2026-02-18 23:00:00,1947.2,1955.6,1943.5,1954.9,10884.7227,4270
2026-02-19 00:00:00,1954.9,1959.9,1949.6,1955.5,8448.93,5977
2026-02-19 01:00:00,1955.4,1973.7,1955.3,1966.0,4832.3122,5797
2026-02-19 02:00:00,1966.1,1972.1,1962.1,1966.9,10842.0818,7208
2026-02-19 03:00:00,1967.0,1972.3,1961.9,1971.5,10016.5344,5034
2026-02-19 04:00:00,1971.6,1977.9,1968.6,1968.7,7839.0356,4546
2026-02-19 05:00:00,1968.7,1971.7,1963.1,1969.3,6816.9689,4081
2026-02-19 06:00:00,1969.3,1984.1,1969.2,1982.4,11341.4511,5597
2026-02-19 07:00:00,1982.4,1986.6,1978.2,1981.2,9789.3584,5127
2026-02-19 08:00:00,1981.1,1981.8,1965.7,1969.3,16343.1909,5841
2026-02-19 09:00:00,1969.3,1979.8,1960.8,1962.8,26236.1337,6964
2026-02-19 10:00:00,1962.9,1967.8,1956.9,1959.0,14554.0994,6689
2026-02-19 11:00:00,1959.0,1963.7,1948.2,1948.4,20674.697,6604
2026-02-19 12:00:00,1948.5,1954.9,1944.3,1946.6,20202.5783,7390
2026-02-19 13:00:00,1946.7,1947.2,1911.3,1920.8,31482.6062,14765
2026-02-19 14:00:00,1920.8,1947.0,1912.7,1936.0,38371.549,14791
2026-02-19 15:00:00,1936.1,1947.0,1913.0,1925.0,37137.1415,14092
2026-02-19 16:00:00,1925.1,1929.2,1905.9,1921.0,16954.5598,11281
2026-02-19 17:00:00,1921.0,1943.0,1910.1,1919.8,16902.1152,10533
2026-02-19 18:00:00,1919.9,1943.5,1915.8,1939.0,15215.6949,9709
2026-02-19 19:00:00,1939.0,1946.7,1927.0,1940.4,15408.1703,7424
2026-02-19 20:00:00,1940.4,1952.4,1934.0,1948.7,12107.404,5020
2026-02-19 21:00:00,1948.8,1951.4,1945.1,1947.9,23607.0504,5947
2026-02-19 22:00:00,1948.0,1948.0,1936.3,1943.3,9111.1263,3952
2026-02-19 23:00:00,1943.1,1950.6,1941.4,1948.3,4809.0858,3886
2026-02-20 00:00:00,1948.3,1963.3,1946.6,1957.2,16220.6538,5929
2026-02-20 01:00:00,1957.0,1960.8,1949.3,1952.7,7681.0548,3536
2026-02-20 02:00:00,1952.7,1955.9,1947.4,1948.8,3181.8619,2555
2026-02-20 03:00:00,1948.8,1960.0,1948.8,1954.2,7326.7145,3096
2026-02-20 04:00:00,1954.2,1955.4,1930.5,1938.4,17173.2053,6806
2026-02-20 05:00:00,1938.6,1964.2,1935.2,1954.6,16552.2494,5790
2026-02-20 06:00:00,1954.6,1959.8,1948.5,1957.8,19920.6497,4606
2026-02-20 07:00:00,1957.8,1967.5,1956.5,1960.2,7086.9975,4306
2026-02-20 08:00:00,1960.2,1964.8,1956.4,1959.2,3582.7663,3871
2026-02-20 09:00:00,1959.3,1971.6,1959.0,1967.3,16483.9103,5373
2026-02-20 10:00:00,1967.3,1972.7,1955.6,1956.1,30322.4585,6410
2026-02-20 11:00:00,1956.2,1956.3,1939.8,1942.6,19478.5157,6197
2026-02-20 12:00:00,1942.7,1950.4,1941.4,1948.6,5748.5041,3860
2026-02-20 13:00:00,1948.6,1948.7,1922.3,1933.4,44888.6199,11857
2026-02-20 14:00:00,1933.2,1953.0,1932.2,1941.6,24457.0697,8851
2026-02-20 15:00:00,1942.2,1980.0,1934.4,1962.5,109965.4092,24329
2026-02-20 16:00:00,1962.8,1971.5,1952.6,1967.5,38243.8641,12267
2026-02-20 17:00:00,1967.6,1969.6,1938.1,1965.5,30501.7793,12112
2026-02-20 18:00:00,1965.8,1979.9,1958.9,1974.5,20005.3163,9781
2026-02-20 19:00:00,1974.5,1977.2,1960.6,1962.5,10407.5657,5771
2026-02-20 20:00:00,1962.5,1970.0,1960.7,1969.6,7385.2083,4672
2026-02-20 21:00:00,1969.8,1973.9,1966.4,1973.0,4107.0714,3536
2026-02-20 22:00:00,1973.0,1973.0,1963.6,1970.7,13268.2919,3997
2026-02-20 23:00:00,1970.4,1972.4,1962.7,1968.1,6350.8951,3180
2026-02-21 00:00:00,1968.1,1968.4,1960.2,1962.3,5415.145,2349
2026-02-21 01:00:00,1962.3,1968.0,1962.0,1965.1,3367.0065,2430
2026-02-21 02:00:00,1965.3,1969.7,1963.8,1964.8,2123.2902,1750
2026-02-21 03:00:00,1964.9,1965.1,1954.8,1958.2,5866.3907,2939
2026-02-21 04:00:00,1958.3,1962.4,1955.6,1961.5,1751.3676,1805
2026-02-21 05:00:00,1961.6,1963.6,1960.4,1962.0,1453.7228,1649
2026-02-21 06:00:00,1961.9,1965.3,1960.3,1960.6,1631.6435,1721
2026-02-21 07:00:00,1960.6,1964.0,1959.3,1961.9,2800.8319,1836
2026-02-21 08:00:00,1961.8,1969.9,1961.3,1968.1,1980.1865,3258
2026-02-21 09:00:00,1968.1,1976.6,1966.5,1969.5,4980.6079,5830
2026-02-21 10:00:00,1969.5,1974.3,1969.4,1973.3,4729.0241,2476
2026-02-21 11:00:00,1973.4,1988.0,1973.1,1976.4,13910.7389,6206
2026-02-21 12:00:00,1976.4,1977.2,1967.4,1974.9,16143.7851,5094
2026-02-21 13:00:00,1974.9,1980.0,1971.8,1980.0,6597.1206,3281
2026-02-21 14:00:00,1980.0,1995.0,1977.9,1986.6,20189.8879,8588
2026-02-21 15:00:00,1986.6,1991.9,1983.0,1987.5,3375.9736,3527
2026-02-21 16:00:00,1987.4,1988.5,1974.9,1985.2,7142.2189,5023
2026-02-21 17:00:00,1985.2,1991.1,1983.5,1987.8,2389.2921,2332
2026-02-21 18:00:00,1987.8,1994.5,1986.9,1991.2,9083.6904,3675
2026-02-21 19:00:00,1991.1,1993.1,1987.2,1987.5,1752.246,2017
2026-02-21 20:00:00,1987.4,1989.5,1973.1,1974.5,5243.9792,3516
2026-02-21 21:00:00,1973.4,1981.5,1968.5,1981.3,10585.886,4128
2026-02-21 22:00:00,1981.2,1981.6,1971.1,1973.5,10520.3624,3561
2026-02-21 23:00:00,1973.3,1977.0,1970.3,1972.6,3882.257,2819
2026-02-22 00:00:00,1972.4,1974.4,1967.1,1971.9,7264.2822,3262
2026-02-22 01:00:00,1971.9,1978.9,1971.5,1976.4,12382.8798,3226
2026-02-22 02:00:00,1976.5,1982.3,1971.4,1971.4,1883.1992,2211
2026-02-22 03:00:00,1971.4,1975.1,1966.7,1973.8,3871.339,2921
2026-02-22 04:00:00,1973.8,1975.4,1969.9,1972.7,2253.7375,2195
2026-02-22 05:00:00,1972.9,1974.3,1970.3,1974.2,5161.726,3348
2026-02-22 06:00:00,1974.3,1978.8,1973.8,1975.5,7557.242,3367
2026-02-22 07:00:00,1975.5,1977.9,1973.8,1975.2,3537.7877,2181
2026-02-22 08:00:00,1975.3,1976.1,1969.6,1972.7,1445.8171,2281
2026-02-22 09:00:00,1972.7,1975.5,1970.9,1974.8,6015.1587,2757
2026-02-22 10:00:00,1974.9,1979.1,1974.2,1976.8,4076.5293,2593
2026-02-22 11:00:00,1976.9,1982.6,1976.8,1979.9,3339.3897,3496
2026-02-22 12:00:00,1980.0,1980.6,1960.8,1965.6,14627.9199,5771
2026-02-22 13:00:00,1965.8,1968.1,1944.6,1950.1,28450.7266,7994
2026-02-22 14:00:00,1950.1,1953.5,1943.0,1949.6,8609.6741,5770
2026-02-22 15:00:00,1949.7,1957.9,1945.2,1953.0,11884.3696,5024
2026-02-22 16:00:00,1953.0,1954.6,1946.8,1951.6,3101.7395,2675
2026-02-22 17:00:00,1951.7,1952.7,1934.5,1939.3,14948.6899,5397
2026-02-22 18:00:00,1939.4,1943.3,1937.9,1942.1,5416.6607,2785
2026-02-22 19:00:00,1942.1,1944.7,1939.5,1942.8,4587.9509,2694
2026-02-22 20:00:00,1942.8,1944.7,1939.1,1940.0,5705.7312,2849
2026-02-22 21:00:00,1940.0,1951.3,1940.0,1949.3,2516.3375,2513
2026-02-22 22:00:00,1949.4,1959.8,1946.0,1957.6,8884.437,4033
2026-02-22 23:00:00,1957.6,1959.7,1947.5,1957.0,3730.2707,3638
2026-02-23 00:00:00,1957.1,1957.6,1926.7,1928.1,13364.3798,6324
2026-02-23 01:00:00,1928.1,1928.1,1845.5,1855.6,163275.1611,34774
2026-02-23 02:00:00,1855.6,1867.0,1850.1,1861.6,30025.1624,9095
2026-02-23 03:00:00,1861.7,1869.6,1854.6,1861.6,18551.9486,7173
2026-02-23 04:00:00,1861.6,1863.4,1852.9,1858.4,5812.5253,5907
2026-02-23 05:00:00,1858.5,1869.2,1858.4,1864.6,33129.9355,8294
2026-02-23 06:00:00,1864.5,1881.9,1863.0,1878.3,16031.2602,7923
2026-02-23 07:00:00,1878.2,1887.7,1875.9,1884.3,25965.9268,9072
2026-02-23 08:00:00,1884.3,1888.7,1876.1,1879.5,9611.7111,6342
2026-02-23 09:00:00,1879.6,1917.9,1879.6,1917.2,26584.2292,9873
2026-02-23 10:00:00,1916.9,1927.0,1911.6,1912.9,15277.6227,8466
2026-02-23 11:00:00,1913.0,1919.6,1910.4,1914.5,9025.0128,6500
2026-02-23 12:00:00,1914.4,1926.0,1905.2,1919.3,14035.0623,8097
2026-02-23 13:00:00,1919.4,1934.6,1918.0,1921.0,11395.7991,6533
2026-02-23 14:00:00,1921.0,1924.5,1893.8,1906.2,55639.3486,14731
2026-02-23 15:00:00,1906.0,1913.4,1892.0,1895.2,31132.4392,10322
2026-02-23 16:00:00,1894.9,1899.2,1880.6,1884.2,17436.6313,10305
2026-02-23 17:00:00,1884.4,1887.6,1836.6,1863.1,41919.0172,17547
2026-02-23 18:00:00,1863.5,1873.1,1854.3,1856.9,18245.4814,10098
2026-02-23 19:00:00,1857.0,1863.6,1847.2,1856.4,16600.3629,8704
2026-02-23 20:00:00,1856.4,1861.6,1846.3,1860.3,13758.0672,7275
2026-02-23 21:00:00,1860.0,1868.7,1857.7,1862.6,15658.4458,6765
2026-02-23 22:00:00,1862.6,1868.8,1859.1,1859.4,7810.5511,4430
2026-02-23 23:00:00,1859.4,1866.3,1850.3,1855.6,6337.3104,3705
2026-02-24 00:00:00,1855.6,1868.8,1854.9,1867.3,4888.5591,3436
2026-02-24 01:00:00,1867.2,1867.5,1811.6,1839.6,62543.4495,18473
2026-02-24 02:00:00,1839.7,1853.3,1836.0,1842.9,26702.8069,7189
2026-02-24 03:00:00,1842.7,1842.7,1822.5,1830.5,16039.8738,8270
2026-02-24 04:00:00,1831.1,1832.9,1813.4,1830.0,14617.0647,8026
2026-02-24 05:00:00,1830.0,1839.3,1813.1,1825.5,14494.7834,7666
2026-02-24 06:00:00,1825.5,1830.5,1817.4,1820.0,7691.1624,5001
2026-02-24 07:00:00,1820.0,1830.8,1814.3,1824.6,9371.1968,5250
2026-02-24 08:00:00,1824.7,1835.5,1817.8,1831.2,15182.7037,5096
2026-02-24 09:00:00,1830.9,1833.8,1814.4,1826.1,17552.2277,6024
2026-02-24 10:00:00,1826.3,1828.6,1819.6,1825.0,7170.5796,4312
2026-02-24 11:00:00,1825.0,1826.5,1817.3,1826.2,10066.3725,4495
2026-02-24 12:00:00,1826.0,1829.2,1820.5,1823.0,12747.9356,5083
2026-02-24 13:00:00,1822.9,1826.5,1797.2,1814.8,27963.2399,10687
2026-02-24 14:00:00,1814.8,1847.6,1803.4,1833.8,42674.7745,15507
2026-02-24 15:00:00,1833.8,1849.4,1827.6,1846.6,44331.9528,16444
2026-02-24 16:00:00,1846.5,1862.8,1837.7,1857.9,27020.5197,12791
2026-02-24 17:00:00,1858.2,1864.4,1848.7,1854.8,28264.9681,8993
2026-02-24 18:00:00,1854.7,1859.2,1844.4,1854.1,8352.8044,4801
2026-02-24 19:00:00,1854.1,1861.6,1846.1,1851.4,8639.7714,5291
2026-02-24 20:00:00,1851.6,1861.2,1848.4,1857.4,11268.5307,4634
2026-02-24 21:00:00,1857.4,1857.5,1844.4,1853.4,16578.248,5611
2026-02-24 22:00:00,1853.4,1863.1,1852.5,1859.5,11854.5569,4803
2026-02-24 23:00:00,1859.6,1859.6,1850.5,1850.8,12519.9123,5184
2026-02-25 00:00:00,1851.0,1855.6,1845.7,1850.9,10703.5559,4307
2026-02-25 01:00:00,1850.7,1922.5,1849.5,1917.8,89873.8296,20639
2026-02-25 02:00:00,1917.5,1944.0,1917.3,1920.0,38663.2806,10304
2026-02-25 03:00:00,1920.0,1921.7,1902.8,1905.4,32430.928,9385
2026-02-25 04:00:00,1905.3,1914.0,1894.4,1905.2,21941.4701,7435
2026-02-25 05:00:00,1905.2,1907.3,1877.0,1887.0,34249.0989,10120
2026-02-25 06:00:00,1887.0,1895.1,1884.0,1884.2,11324.4894,4919
2026-02-25 07:00:00,1884.2,1894.3,1881.6,1892.5,13373.6009,4559
2026-02-25 08:00:00,1892.5,1913.2,1889.3,1909.5,23393.7451,7661
2026-02-25 09:00:00,1909.6,1916.6,1906.9,1914.6,12458.0901,6525
2026-02-25 10:00:00,1914.5,1922.5,1909.6,1912.0,14409.5944,5832
2026-02-25 11:00:00,1912.0,1927.3,1907.3,1925.3,8602.5942,5586
2026-02-25 12:00:00,1925.3,1955.4,1921.7,1952.8,21932.6769,10860
2026-02-25 13:00:00,1952.7,1976.4,1951.7,1963.7,30166.8478,11864
2026-02-25 14:00:00,1963.7,1999.0,1962.1,1997.0,58703.3263,15474
2026-02-25 15:00:00,1996.8,2026.8,1986.0,2012.8,59307.3272,20492
2026-02-25 16:00:00,2012.8,2048.1,2012.3,2045.3,57048.7852,18493
2026-02-25 17:00:00,2045.3,2083.3,2042.9,2073.0,94890.0702,23190
2026-02-25 18:00:00,2073.0,2080.0,2056.0,2073.3,45639.3333,15784
2026-02-25 19:00:00,2073.2,2074.4,2059.9,2070.1,18005.6852,8095
2026-02-25 20:00:00,2070.1,2082.7,2057.6,2075.4,38470.4084,14238
2026-02-25 21:00:00,2075.2,2144.0,2065.6,2099.3,114095.7516,26109
2026-02-25 22:00:00,2099.5,2115.5,2072.9,2082.5,44253.9075,14550
2026-02-25 23:00:00,2082.4,2086.3,2033.9,2056.9,30711.404,14382
2026-02-26 00:00:00,2057.0,2075.4,2047.5,2062.0,17234.9818,10982
2026-02-26 01:00:00,2061.9,2065.9,2048.9,2057.6,13806.301,8012
2026-02-26 02:00:00,2057.7,2058.4,2038.4,2052.3,34866.7326,9009
2026-02-26 03:00:00,2052.4,2058.6,2046.7,2053.7,3871.4395,3812
2026-02-26 04:00:00,2053.7,2081.8,2051.0,2074.1,27007.4408,9425
2026-02-26 05:00:00,2074.1,2074.5,2055.9,2065.4,30804.1519,8879
2026-02-26 06:00:00,2065.3,2075.3,2058.7,2061.8,17832.6701,5218
2026-02-26 07:00:00,2061.7,2067.8,2051.0,2052.6,19358.0702,5732
2026-02-26 08:00:00,2052.6,2057.5,2044.2,2053.6,16349.3536,6627
2026-02-26 09:00:00,2053.6,2076.1,2051.7,2074.0,11344.0212,6117
2026-02-26 10:00:00,2074.0,2081.9,2060.8,2064.3,15954.8876,6377
2026-02-26 11:00:00,2064.3,2066.4,2052.8,2056.3,5292.4262,4337
2026-02-26 12:00:00,2056.6,2070.1,2054.7,2068.6,5592.9582,4462
2026-02-26 13:00:00,2068.6,2072.5,2060.1,2064.1,14659.5746,6478
2026-02-26 14:00:00,2064.2,2076.0,2032.8,2050.7,58108.5045,17783
2026-02-26 15:00:00,2050.3,2051.6,2010.6,2032.0,46889.9671,20946
2026-02-26 16:00:00,2032.2,2036.7,1978.1,1981.8,38284.7082,16343
2026-02-26 17:00:00,1982.1,1997.5,1981.2,1987.6,43759.1432,12348
2026-02-26 18:00:00,1987.5,2008.6,1974.9,2003.4,40617.5953,13784
2026-02-26 19:00:00,2003.3,2033.0,2003.0,2029.2,21362.242,10840
2026-02-26 20:00:00,2029.3,2041.3,2021.6,2023.4,14675.4141,9485
2026-02-26 21:00:00,2023.4,2034.0,2018.1,2029.5,10303.3863,7976
2026-02-26 22:00:00,2029.6,2036.6,2026.4,2032.1,8702.3722,4869
2026-02-26 23:00:00,2032.2,2032.7,2023.1,2026.7,7569.196,4737
2026-02-27 00:00:00,2026.9,2030.1,2008.0,2013.9,17762.9409,6445
2026-02-27 01:00:00,2013.8,2021.6,2000.3,2020.6,14040.5697,6675
2026-02-27 02:00:00,2020.7,2033.5,2018.6,2025.4,9190.9536,5567
2026-02-27 03:00:00,2025.2,2048.5,2018.7,2045.0,23332.8807,6724
2026-02-27 04:00:00,2045.0,2062.5,2040.0,2041.6,23279.7205,9773
2026-02-27 05:00:00,2041.5,2048.6,2037.8,2040.6,15258.343,4489
2026-02-27 06:00:00,2040.6,2041.7,2027.7,2035.0,12583.6417,4529
2026-02-27 07:00:00,2035.0,2040.3,2021.1,2031.9,8418.521,5407
2026-02-27 08:00:00,2031.7,2044.6,2027.4,2032.6,12375.722,6040
2026-02-27 09:00:00,2032.9,2041.0,2008.0,2009.3,14556.383,7628
2026-02-27 10:00:00,2009.2,2012.7,1978.0,1979.9,29809.8475,11987
2026-02-27 11:00:00,1979.9,1983.0,1952.7,1961.4,24873.2401,10575
2026-02-27 12:00:00,1961.2,1968.0,1948.8,1959.2,21532.0775,8885
2026-02-27 13:00:00,1958.7,1966.6,1938.8,1962.4,31150.0417,11550
2026-02-27 14:00:00,1962.4,1963.5,1939.0,1942.4,35445.9504,11507
2026-02-27 15:00:00,1942.1,1958.0,1939.8,1947.9,24133.8542,9462
2026-02-27 16:00:00,1947.4,1947.7,1923.5,1926.3,36762.3735,12303
2026-02-27 17:00:00,1926.0,1933.5,1906.2,1931.1,35074.4518,12699
2026-02-27 18:00:00,1931.1,1931.8,1914.6,1916.8,12781.0789,7531
2026-02-27 19:00:00,1916.8,1922.3,1911.4,1920.1,14152.8989,6480
2026-02-27 20:00:00,1920.0,1925.7,1919.1,1922.3,6267.1173,5050
2026-02-27 21:00:00,1922.3,1932.5,1916.2,1920.1,17022.696,5588
2026-02-27 22:00:00,1920.2,1925.6,1885.3,1919.9,43293.2882,11574
2026-02-27 23:00:00,1919.9,1931.7,1918.7,1928.6,12105.2252,5123
2026-02-28 00:00:00,1928.6,1935.9,1923.2,1931.5,14645.3029,4653
2026-02-28 01:00:00,1931.5,1934.9,1919.6,1923.4,15486.3864,4283
2026-02-28 02:00:00,1923.4,1931.4,1921.2,1929.7,8844.669,2793
2026-02-28 03:00:00,1929.8,1930.3,1919.5,1923.5,8172.6375,2999
2026-02-28 04:00:00,1923.4,1929.9,1914.0,1924.1,14128.6673,4144
2026-02-28 05:00:00,1924.2,1927.0,1913.9,1919.3,4968.1866,2598
2026-02-28 06:00:00,1919.0,1919.6,1835.2,1842.1,83277.9348,22138
2026-02-28 07:00:00,1842.0,1882.9,1835.0,1865.8,35700.4517,12842
2026-02-28 08:00:00,1865.6,1867.5,1847.7,1851.4,32254.3173,10666
2026-02-28 09:00:00,1851.3,1861.7,1843.7,1853.9,11234.8086,6529
2026-02-28 10:00:00,1853.9,1866.1,1848.3,1864.1,13400.8636,5803
2026-02-28 11:00:00,1864.1,1879.8,1860.6,1862.1,15733.3743,6488
2026-02-28 12:00:00,1862.2,1873.0,1861.7,1867.3,8340.1877,4434
2026-02-28 13:00:00,1867.4,1909.5,1863.9,1904.3,41065.3857,13536
2026-02-28 14:00:00,1904.3,1915.2,1882.9,1886.9,49842.6524,14193
2026-02-28 15:00:00,1887.0,1903.4,1873.0,1898.0,28711.6555,8874
2026-02-28 16:00:00,1897.7,1908.8,1890.7,1903.3,15129.448,7354
2026-02-28 17:00:00,1903.4,1909.8,1886.6,1906.1,10841.3067,7197
2026-02-28 18:00:00,1906.0,1946.5,1900.3,1935.1,49570.4545,13517
2026-02-28 19:00:00,1934.9,1953.8,1920.0,1946.1,35754.4826,13926
2026-02-28 20:00:00,1946.1,1970.6,1938.0,1964.9,30161.8181,14677
2026-02-28 21:00:00,1964.9,1967.0,1944.6,1956.8,24084.1971,10903
2026-02-28 22:00:00,1957.0,1984.5,1955.0,1964.5,36727.5695,14133
2026-02-28 23:00:00,1964.6,1968.8,1956.1,1963.8,8697.9121,7157
2026-03-01 00:00:00,1963.6,1968.0,1953.7,1961.8,14145.2145,8281
2026-03-01 01:00:00,1961.7,2021.8,1943.4,2012.0,42473.2189,17868
2026-03-01 02:00:00,2011.7,2054.1,2007.7,2032.4,64469.6638,21340
2026-03-01 03:00:00,2032.1,2038.8,2017.2,2022.7,12731.7498,9833
2026-03-01 04:00:00,2022.6,2029.0,1998.7,2015.3,16610.2931,10067
2026-03-01 05:00:00,2015.2,2022.1,2009.0,2010.4,7528.7957,6719
2026-03-01 06:00:00,2010.3,2011.7,1988.9,1998.0,14136.3795,8921
2026-03-01 07:00:00,1998.1,2008.1,1992.7,2006.5,15178.0953,6438
2026-03-01 08:00:00,2006.4,2009.2,1981.1,1986.1,19142.3946,9509
2026-03-01 09:00:00,1985.9,1994.9,1975.5,1979.9,27725.5821,8717
2026-03-01 10:00:00,1979.9,1992.0,1971.9,1983.9,13665.4526,6214
2026-03-01 11:00:00,1983.8,1988.6,1981.3,1982.2,6905.0761,3887
2026-03-01 12:00:00,1982.1,1987.0,1975.7,1977.2,16402.1999,5653
2026-03-01 13:00:00,1977.2,2023.1,1968.5,2005.5,30715.8325,12480
2026-03-01 14:00:00,2005.5,2026.3,1992.9,2000.8,29265.6738,13687
2026-03-01 15:00:00,2000.8,2015.0,1991.3,1992.2,19672.0129,9247
2026-03-01 16:00:00,1992.2,2008.2,1960.5,1973.3,38717.6677,15668
2026-03-01 17:00:00,1973.3,1974.8,1952.5,1960.2,16285.8467,11106
2026-03-01 18:00:00,1960.4,1996.0,1960.3,1974.7,16991.2536,9222
2026-03-01 19:00:00,1974.7,1975.2,1946.9,1952.7,25059.6128,9374
2026-03-01 20:00:00,1952.6,1954.0,1906.2,1913.4,30939.9867,15054
2026-03-01 21:00:00,1913.4,1930.9,1911.7,1928.1,10688.2439,6705
2026-03-01 22:00:00,1927.8,1968.0,1913.4,1923.8,34934.6257,12868
2026-03-01 23:00:00,1923.7,1946.6,1917.9,1938.4,22766.4998,9844
2026-03-02 00:00:00,1938.4,1966.3,1936.9,1960.2,28124.4318,12508
2026-03-02 01:00:00,1960.2,1988.6,1959.2,1963.0,24835.4991,12409
2026-03-02 02:00:00,1963.0,1965.7,1938.8,1954.6,9889.9444,7705
2026-03-02 03:00:00,1954.7,1979.1,1947.6,1971.5,14419.7982,9211
2026-03-02 04:00:00,1971.6,1979.3,1968.0,1972.3,6702.3975,5299
2026-03-02 05:00:00,1972.2,1981.7,1962.6,1970.3,6032.4854,4744
2026-03-02 06:00:00,1970.4,1970.7,1936.1,1942.6,28679.4088,8406
2026-03-02 07:00:00,1942.5,1943.4,1924.7,1940.1,19825.864,10050
2026-03-02 08:00:00,1940.1,1950.0,1920.0,1947.8,21103.0026,11675
2026-03-02 09:00:00,1947.7,1965.9,1946.0,1947.0,26325.6566,11620
2026-03-02 10:00:00,1946.8,1955.0,1943.8,1951.5,10503.7436,6789
2026-03-02 11:00:00,1951.3,1953.8,1934.6,1946.6,7660.165,7522
2026-03-02 12:00:00,1946.7,1947.9,1929.9,1937.5,30819.2604,7812
2026-03-02 13:00:00,1937.3,1943.1,1921.8,1926.8,12621.0115,7422
2026-03-02 14:00:00,1926.9,1983.8,1920.5,1978.6,75332.2437,21094
2026-03-02 15:00:00,1978.6,2064.6,1973.8,2046.4,97896.5631,30110
2026-03-02 16:00:00,2046.5,2088.5,2043.0,2063.3,64135.6794,22951
2026-03-02 17:00:00,2063.4,2065.0,2024.8,2040.0,36403.9041,15027
2026-03-02 18:00:00,2039.9,2040.0,2023.4,2028.7,21227.9959,10195
2026-03-02 19:00:00,2028.7,2048.2,2016.8,2042.9,34956.9159,11123
2026-03-02 20:00:00,2042.4,2056.0,2023.7,2034.6,50141.0183,12346
2026-03-02 21:00:00,2034.5,2047.3,2028.3,2042.3,20012.8048,6845
2026-03-02 22:00:00,2042.4,2057.8,2041.1,2053.0,11161.4088,6210
2026-03-02 23:00:00,2053.0,2054.7,2023.7,2026.5,20369.0466,7131
2026-03-03 00:00:00,2026.5,2038.5,2018.3,2034.3,18150.7068,7365
2026-03-03 01:00:00,2034.6,2040.6,2019.0,2019.0,18950.9108,7020
2026-03-03 02:00:00,2019.0,2021.5,1997.8,2012.7,23473.6345,10729
2026-03-03 03:00:00,2012.8,2014.5,2004.6,2007.6,6511.3508,4757
2026-03-03 04:00:00,2007.8,2012.6,1997.8,1999.2,7762.2724,4894
2026-03-03 05:00:00,1998.8,2018.2,1987.5,1992.9,28281.6175,9678
2026-03-03 06:00:00,1992.9,2001.2,1988.1,1999.0,9135.2852,5596
2026-03-03 07:00:00,1999.0,2003.0,1992.8,1995.8,13752.1468,5233
2026-03-03 08:00:00,1995.7,1999.7,1947.0,1952.0,64912.3063,14352
2026-03-03 09:00:00,1952.4,1968.0,1938.1,1950.6,53774.0175,12995
2026-03-03 10:00:00,1950.4,1963.6,1944.6,1956.9,18433.8474,7082
2026-03-03 11:00:00,1956.9,1965.9,1951.1,1960.4,5665.5919,5320
2026-03-03 12:00:00,1960.4,1989.8,1960.1,1966.6,18135.9991,10462
2026-03-03 13:00:00,1966.7,1967.9,1942.5,1951.4,56851.3048,12616
2026-03-03 14:00:00,1951.0,1976.5,1928.0,1941.8,101554.0433,22051
2026-03-03 15:00:00,1941.9,1971.3,1930.7,1967.9,74153.5284,17121
2026-03-03 16:00:00,1967.9,2013.7,1957.6,1982.3,58490.4396,23399
2026-03-03 17:00:00,1982.7,1984.6,1957.7,1979.4,20663.2805,13162
2026-03-03 18:00:00,1979.4,1998.8,1969.0,1987.2,12529.3338,9699
2026-03-03 19:00:00,1987.2,1993.3,1976.0,1984.9,23021.3752,9169
2026-03-03 20:00:00,1985.2,1988.3,1968.8,1976.9,9443.4625,7309
2026-03-03 21:00:00,1976.9,1977.1,1958.4,1967.4,12293.4074,6495
2026-03-03 22:00:00,1967.6,1986.7,1967.3,1982.6,14670.3793,6587
2026-03-03 23:00:00,1982.3,2000.3,1980.3,1981.8,15020.3581,6789
2026-03-04 00:00:00,1981.7,1985.6,1960.7,1975.8,17105.3696,7140
2026-03-04 01:00:00,1975.6,1997.3,1969.0,1980.2,12629.6219,7221
2026-03-04 02:00:00,1980.6,1981.7,1968.1,1978.1,4247.8924,4609
2026-03-04 03:00:00,1978.1,1978.8,1943.6,1959.9,17327.2854,9589
2026-03-04 04:00:00,1959.7,1963.2,1949.4,1958.9,19453.9547,7274
2026-03-04 05:00:00,1959.1,1976.0,1955.0,1970.3,29436.5503,7376
2026-03-04 06:00:00,1970.4,1985.4,1962.5,1979.3,7672.3136,5788
2026-03-04 07:00:00,1979.3,2009.0,1974.0,2005.6,18069.9484,8649
2026-03-04 08:00:00,2006.0,2065.7,1999.9,2063.0,50742.5003,15017
2026-03-04 09:00:00,2062.9,2089.0,2054.6,2074.3,50273.5766,18409
2026-03-04 10:00:00,2074.3,2093.1,2066.7,2071.6,32659.5416,11431
2026-03-04 11:00:00,2071.7,2078.2,2046.3,2054.4,16582.505,8594
2026-03-04 12:00:00,2054.2,2058.0,2036.2,2053.5,22862.8378,9227
2026-03-04 13:00:00,2053.5,2067.4,2052.1,2064.0,13023.3716,7592
2026-03-04 14:00:00,2063.8,2108.8,2062.3,2079.3,71096.1192,21355
2026-03-04 15:00:00,2079.4,2156.6,2079.2,2149.7,64698.6786,25397
2026-03-04 16:00:00,2149.7,2164.1,2129.1,2141.6,34441.7799,16858
2026-03-04 17:00:00,2141.5,2155.0,2130.2,2145.1,31114.7374,14260
2026-03-04 18:00:00,2145.0,2163.6,2137.1,2162.5,28113.7864,11610
2026-03-04 19:00:00,2162.4,2198.7,2160.0,2176.8,46125.5003,17529
2026-03-04 20:00:00,2176.9,2179.2,2149.8,2150.2,39235.4439,12446
2026-03-04 21:00:00,2150.1,2154.9,2141.3,2149.1,15685.0704,9257
2026-03-04 22:00:00,2149.0,2163.1,2126.8,2131.2,17586.441,8239
2026-03-04 23:00:00,2131.0,2135.7,2115.8,2126.6,15236.8926,8421
2026-03-05 00:00:00,2126.3,2134.4,2120.6,2127.5,8757.2034,7599
2026-03-05 01:00:00,2127.3,2140.2,2106.8,2112.6,22558.679,10104
2026-03-05 02:00:00,2112.6,2133.3,2111.8,2121.5,13403.3967,7690
2026-03-05 03:00:00,2121.2,2125.3,2107.1,2119.1,4720.2513,4951
2026-03-05 04:00:00,2119.1,2143.7,2118.0,2136.5,14014.5927,9289
2026-03-05 05:00:00,2136.5,2138.5,2112.5,2118.6,16177.5958,6779
2026-03-05 06:00:00,2118.7,2129.8,2109.5,2127.2,7644.4463,6219
2026-03-05 07:00:00,2127.5,2131.9,2095.4,2104.1,10563.5342,6595
2026-03-05 08:00:00,2104.2,2117.3,2093.1,2116.5,8469.2022,7533
2026-03-05 09:00:00,2116.9,2136.9,2115.7,2124.5,11816.8917,7914
2026-03-05 10:00:00,2124.6,2162.7,2119.5,2155.1,13166.0183,10006
2026-03-05 11:00:00,2155.2,2158.4,2133.0,2136.9,19664.7312,9358
2026-03-05 12:00:00,2137.0,2141.7,2122.5,2137.1,24508.6481,9321
2026-03-05 13:00:00,2137.2,2138.4,2108.4,2116.6,26845.9296,15379
2026-03-05 14:00:00,2116.5,2129.1,2096.0,2117.6,42490.3907,18049
2026-03-05 15:00:00,2117.7,2120.4,2066.3,2085.5,47407.5276,23197
2026-03-05 16:00:00,2085.4,2086.0,2055.4,2078.9,30370.3601,14224
2026-03-05 17:00:00,2078.9,2092.7,2054.0,2058.8,37455.0561,13128
2026-03-05 18:00:00,2058.6,2077.6,2056.6,2075.7,28969.9436,9630
2026-03-05 19:00:00,2075.9,2092.0,2071.9,2073.9,33778.4451,8308
2026-03-05 20:00:00,2073.9,2097.6,2070.0,2092.8,14157.855,8058
2026-03-05 21:00:00,2092.3,2098.8,2075.0,2079.8,16763.1797,7054
2026-03-05 22:00:00,2079.9,2084.4,2076.9,2079.4,6234.724,3703
2026-03-05 23:00:00,2079.4,2083.7,2068.2,2072.0,9449.6504,4647
2026-03-06 00:00:00,2072.1,2079.7,2067.2,2073.9,9690.1958,4672
2026-03-06 01:00:00,2074.1,2090.0,2061.5,2087.0,22414.135,8979
2026-03-06 02:00:00,2087.0,2092.3,2079.6,2083.0,7518.5219,5062
2026-03-06 03:00:00,2082.9,2087.8,2074.3,2083.1,7803.4002,4474
2026-03-06 04:00:00,2083.1,2085.3,2058.5,2069.9,11321.3396,6210
2026-03-06 05:00:00,2069.9,2073.4,2058.4,2068.0,6535.274,4817
2026-03-06 06:00:00,2067.8,2079.6,2062.7,2073.6,7047.9676,4609
2026-03-06 07:00:00,2073.6,2086.6,2067.9,2082.2,15679.1208,6856
2026-03-06 08:00:00,2082.2,2082.2,2073.6,2075.0,7222.909,4758
2026-03-06 09:00:00,2075.0,2076.2,2045.2,2058.9,25652.6153,10572
2026-03-06 10:00:00,2058.9,2068.4,2057.6,2062.0,20496.4131,7871
2026-03-06 11:00:00,2062.0,2066.0,2049.0,2050.0,13039.1015,5978
2026-03-06 12:00:00,2049.9,2054.3,2037.0,2047.6,15832.8645,11205
2026-03-06 13:00:00,2047.6,2060.6,2019.1,2019.1,37344.6858,15008
2026-03-06 14:00:00,2019.1,2023.1,1971.0,1980.6,80226.675,25703
2026-03-06 15:00:00,1980.3,1996.3,1965.0,1976.7,53853.5318,15663
2026-03-06 16:00:00,1976.4,1983.8,1965.6,1970.3,25830.1459,10268
2026-03-06 17:00:00,1970.3,1980.7,1955.3,1965.9,50012.4369,13151
2026-03-06 18:00:00,1965.8,1982.5,1965.4,1973.4,12230.127,8031
2026-03-06 19:00:00,1973.5,1991.6,1973.4,1982.9,14034.6895,7570
2026-03-06 20:00:00,1982.9,1987.9,1968.3,1977.8,30366.427,9054
2026-03-06 21:00:00,1977.6,1984.0,1970.6,1982.9,14992.8428,5251
2026-03-06 22:00:00,1983.0,1988.6,1980.5,1986.2,12752.0375,4892
2026-03-06 23:00:00,1986.4,1986.9,1975.9,1977.7,9527.0798,4000
2026-03-07 00:00:00,1977.6,1982.0,1975.9,1980.3,3560.7965,2852
2026-03-07 01:00:00,1980.3,1982.5,1975.2,1979.7,2415.31,3499
2026-03-07 02:00:00,1979.7,1983.7,1971.4,1982.5,7086.4087,3741
2026-03-07 03:00:00,1982.6,1995.0,1978.7,1979.1,17990.1499,5455
2026-03-07 04:00:00,1979.1,1979.1,1963.8,1974.3,6856.0104,3984
2026-03-07 05:00:00,1974.3,1978.6,1971.9,1977.6,2887.6914,2546
2026-03-07 06:00:00,1977.6,1977.6,1968.1,1970.7,3231.4729,2914
2026-03-07 07:00:00,1970.7,1983.0,1965.7,1982.0,7458.5794,4411
2026-03-07 08:00:00,1982.0,1986.8,1974.4,1976.6,12215.2177,4575
2026-03-07 09:00:00,1976.5,1988.7,1974.1,1985.5,15068.0889,4454
2026-03-07 10:00:00,1985.4,1987.6,1982.3,1983.3,2669.7221,2180
2026-03-07 11:00:00,1983.2,1993.7,1982.0,1987.9,14288.5579,5461
2026-03-07 12:00:00,1987.8,1990.0,1978.7,1981.3,12181.0209,3553
2026-03-07 13:00:00,1981.3,1982.8,1976.3,1980.7,3523.5352,2524
2026-03-07 14:00:00,1980.6,1989.4,1968.9,1986.0,19379.5419,6547
2026-03-07 15:00:00,1985.9,1986.3,1974.8,1980.1,17708.1003,5370
2026-03-07 16:00:00,1980.0,1980.0,1974.0,1976.4,5796.1925,3849
2026-03-07 17:00:00,1976.3,1983.1,1975.5,1976.9,10550.4942,3542
2026-03-07 18:00:00,1976.8,1976.9,1965.2,1970.1,21883.2253,6203
2026-03-07 19:00:00,1970.1,1970.1,1946.2,1953.8,21729.1849,9379
2026-03-07 20:00:00,1953.8,1967.3,1953.7,1965.2,11634.0124,5172
2026-03-07 21:00:00,1965.2,1970.5,1962.4,1969.2,13138.5358,4596
2026-03-07 22:00:00,1969.3,1969.9,1957.5,1965.1,9168.2309,4095
2026-03-07 23:00:00,1965.6,1972.7,1964.2,1968.0,9865.7337,3463
2026-03-08 00:00:00,1968.0,1976.2,1965.3,1967.8,7869.3597,3694
2026-03-08 01:00:00,1967.8,1970.7,1962.1,1967.8,3233.3444,3150
2026-03-08 02:00:00,1967.8,1968.9,1933.7,1940.9,22451.0263,8513
2026-03-08 03:00:00,1941.0,1950.6,1940.2,1946.0,10294.0174,4351
2026-03-08 04:00:00,1946.0,1951.9,1928.5,1936.8,18775.674,6424
2026-03-08 05:00:00,1936.8,1951.1,1936.6,1947.4,5491.1418,4658
2026-03-08 06:00:00,1947.4,1950.6,1941.9,1946.6,3238.059,3161
2026-03-08 07:00:00,1946.4,1958.7,1945.8,1954.0,5456.4722,4005
2026-03-08 08:00:00,1953.9,1959.4,1947.7,1958.5,2727.2162,3770
2026-03-08 09:00:00,1958.5,1969.1,1955.6,1962.6,15239.1325,4816
2026-03-08 10:00:00,1962.6,1979.0,1962.3,1973.7,21748.7101,6398
2026-03-08 11:00:00,1973.6,1973.6,1944.0,1950.0,19991.823,7347
2026-03-08 12:00:00,1950.0,1953.5,1924.9,1944.9,34252.1916,10142
2026-03-08 13:00:00,1945.0,1946.5,1923.2,1943.2,33539.5175,9172
2026-03-08 14:00:00,1943.3,1949.2,1936.4,1944.2,10099.2646,4940
2026-03-08 15:00:00,1944.3,1946.5,1936.2,1941.9,6402.5796,4608
2026-03-08 16:00:00,1941.9,1943.7,1933.2,1935.5,11094.64,5204
2026-03-08 17:00:00,1935.5,1945.3,1932.0,1933.9,15223.0368,5636
2026-03-08 18:00:00,1934.1,1935.2,1926.6,1928.8,14536.8636,5825
2026-03-08 19:00:00,1928.7,1968.0,1926.7,1963.3,29077.9718,10633
2026-03-08 20:00:00,1963.3,1969.8,1952.2,1957.1,29249.7904,8771
2026-03-08 21:00:00,1957.3,1960.5,1943.1,1952.0,13914.116,5787
2026-03-08 22:00:00,1951.9,1951.9,1910.0,1941.7,70094.8858,19500
2026-03-08 23:00:00,1941.9,1953.5,1934.1,1935.9,18843.5368,8497
2026-03-09 00:00:00,1935.9,1966.3,1928.3,1949.7,37301.4468,12008
2026-03-09 01:00:00,1949.7,1961.7,1941.9,1944.6,33422.1632,9374
2026-03-09 02:00:00,1944.6,1962.0,1937.0,1958.9,30825.7732,9301
2026-03-09 03:00:00,1958.8,2003.3,1958.3,1976.4,41504.3576,13792
2026-03-09 04:00:00,1976.4,1988.5,1972.6,1975.9,19006.3911,6284
2026-03-09 05:00:00,1976.0,2013.8,1975.0,2009.9,39156.1313,11582
2026-03-09 06:00:00,2009.9,2011.7,1982.4,1983.8,20904.6187,8150
2026-03-09 07:00:00,1983.9,1984.9,1962.4,1982.7,9992.6352,6353
2026-03-09 08:00:00,1982.7,2000.8,1978.3,1995.7,33673.8961,9172
2026-03-09 09:00:00,1995.7,2020.7,1986.2,2003.6,36583.2168,12350
2026-03-09 10:00:00,2003.7,2005.5,1991.6,1994.5,17592.5783,6469
2026-03-09 11:00:00,1994.6,1998.9,1980.5,1991.2,20273.9859,6642
2026-03-09 12:00:00,1991.3,2012.8,1991.3,2001.5,11856.0149,6300
2026-03-09 13:00:00,2001.5,2028.6,2000.6,2017.9,25177.6236,12564
2026-03-09 14:00:00,2018.0,2032.4,2007.4,2021.4,45320.8305,13435
2026-03-09 15:00:00,2021.4,2028.0,2013.9,2021.9,11805.764,8072
2026-03-09 16:00:00,2022.0,2039.7,2018.0,2026.4,20607.3105,9141
2026-03-09 17:00:00,2026.7,2031.2,2004.7,2015.7,21491.1826,8771
2026-03-09 18:00:00,2015.8,2022.0,2005.6,2011.0,11649.1359,5832
2026-03-09 19:00:00,2011.1,2053.0,2009.1,2033.3,28303.9429,12668
2026-03-09 20:00:00,2033.1,2036.2,2018.1,2025.0,13002.4059,6606
2026-03-09 21:00:00,2024.6,2034.4,2021.2,2027.3,19390.6676,6684
2026-03-09 22:00:00,2027.3,2030.0,1997.1,2001.8,14405.7721,7208
2026-03-09 23:00:00,2001.8,2006.5,1988.9,1992.4,19378.3123,7407
2026-03-10 00:00:00,1992.3,2021.5,1990.6,2014.6,25947.9805,8504
2026-03-10 01:00:00,2014.6,2023.8,2005.9,2018.5,14596.1913,6419
2026-03-10 02:00:00,2018.3,2053.3,2013.5,2041.5,27055.6076,10330
2026-03-10 03:00:00,2041.5,2046.9,2022.0,2026.1,19268.1774,6935
2026-03-10 04:00:00,2026.1,2046.1,2025.5,2044.7,8275.1621,4813
2026-03-10 05:00:00,2044.9,2053.4,2039.2,2043.3,12622.3712,6357
2026-03-10 06:00:00,2043.5,2048.5,2035.8,2043.0,10439.5901,6161
2026-03-10 07:00:00,2042.8,2058.7,2039.8,2050.0,20014.5524,8959
2026-03-10 08:00:00,2050.4,2069.8,2050.4,2056.0,15297.4459,11125
2026-03-10 09:00:00,2056.1,2073.0,2054.7,2067.3,19589.9941,7225
2026-03-10 10:00:00,2067.4,2068.3,2054.6,2062.1,12749.1002,5581
2026-03-10 11:00:00,2062.1,2066.9,2055.6,2060.8,11350.5151,5025
2026-03-10 12:00:00,2061.0,2061.4,2046.6,2048.9,10146.2923,5917
2026-03-10 13:00:00,2048.9,2059.3,2023.5,2032.6,27272.7125,12706
2026-03-10 14:00:00,2032.7,2079.2,2007.6,2074.9,44076.7316,20521
2026-03-10 15:00:00,2074.8,2084.6,2059.3,2078.6,21444.2427,15953
2026-03-10 16:00:00,2078.6,2087.7,2068.6,2080.0,14857.3868,9518
2026-03-10 17:00:00,2079.8,2084.5,2057.5,2070.8,17040.2393,10091
2026-03-10 18:00:00,2070.8,2072.3,2035.0,2038.6,62868.6301,17324
2026-03-10 19:00:00,2038.5,2043.3,2026.1,2036.0,22530.3255,11211
2026-03-10 20:00:00,2036.0,2046.2,2034.4,2041.3,13529.9117,6871
2026-03-10 21:00:00,2041.3,2046.6,2018.7,2028.2,9474.1331,6966
2026-03-10 22:00:00,2028.1,2031.5,2020.0,2026.3,10954.9819,6671
2026-03-10 23:00:00,2026.3,2036.2,2026.2,2035.6,6913.726,4428
2026-03-11 00:00:00,2035.5,2041.2,2028.0,2036.8,16151.3053,7331
2026-03-11 01:00:00,2036.9,2039.8,2027.6,2034.9,7110.9687,4858
2026-03-11 02:00:00,2035.0,2037.6,2018.1,2025.6,12717.9452,5694
2026-03-11 03:00:00,2025.7,2028.2,2016.7,2020.0,5763.5216,4130
2026-03-11 04:00:00,2020.0,2039.9,2017.3,2037.9,17202.9755,6914
2026-03-11 05:00:00,2037.9,2040.0,2010.9,2013.4,9386.1141,5207
2026-03-11 06:00:00,2013.5,2024.7,2012.9,2023.3,8679.2935,4788
2026-03-11 07:00:00,2023.3,2024.5,2006.5,2011.4,11881.5984,5295
2026-03-11 08:00:00,2011.5,2024.3,2008.4,2022.8,22596.1293,9200
2026-03-11 09:00:00,2022.8,2026.0,2013.2,2016.9,16729.9018,6869
2026-03-11 10:00:00,2016.8,2030.2,2016.2,2027.6,10481.4795,5083
2026-03-11 11:00:00,2027.6,2032.8,2015.5,2017.0,8203.7269,4696
2026-03-11 12:00:00,2016.7,2033.9,2011.8,2022.0,18243.9867,7686
2026-03-11 13:00:00,2021.9,2081.4,2020.9,2049.8,66749.684,20328
2026-03-11 14:00:00,2049.8,2075.6,2042.5,2061.9,42777.1239,13172
2026-03-11 15:00:00,2062.2,2064.3,2029.3,2048.8,34421.0255,12793
2026-03-11 16:00:00,2048.7,2071.1,2046.0,2065.6,20437.9972,9753
2026-03-11 17:00:00,2065.6,2084.9,2057.3,2067.3,21002.4364,11640
2026-03-11 18:00:00,2067.0,2078.7,2063.1,2075.4,12449.9525,6620
2026-03-11 19:00:00,2075.6,2076.6,2067.6,2074.9,4284.3123,3886
2026-03-11 20:00:00,2074.9,2075.2,2065.0,2067.3,6102.7832,3384
2026-03-11 21:00:00,2067.5,2074.0,2062.4,2072.0,9252.2632,4157
2026-03-11 22:00:00,2072.0,2083.1,2057.8,2060.5,19858.1734,6256
2026-03-11 23:00:00,2060.6,2063.9,2045.4,2051.1,21792.7939,5989
2026-03-12 00:00:00,2051.0,2056.7,2047.5,2054.4,8119.2632,3851
2026-03-12 01:00:00,2054.5,2055.2,2042.1,2045.0,20949.2298,6462
2026-03-12 02:00:00,2045.1,2046.5,2021.0,2023.4,21999.8183,7840
2026-03-12 03:00:00,2023.4,2033.1,2016.6,2021.8,19055.4778,6255
2026-03-12 04:00:00,2021.8,2028.6,2020.3,2021.9,7747.0869,3831
2026-03-12 05:00:00,2021.9,2026.7,2018.4,2025.8,7617.5716,3784
2026-03-12 06:00:00,2025.3,2030.7,2023.4,2029.2,5383.3269,3237
2026-03-12 07:00:00,2029.4,2040.3,2025.1,2039.6,11427.945,4689
2026-03-12 08:00:00,2039.6,2051.5,2037.6,2046.7,10750.3058,6008
2026-03-12 09:00:00,2046.7,2064.6,2037.8,2054.4,10967.9149,6151
2026-03-12 10:00:00,2054.5,2074.5,2052.0,2069.2,19263.2433,7489
2026-03-12 11:00:00,2069.1,2076.0,2057.4,2061.9,15636.6212,7841
2026-03-12 12:00:00,2062.0,2070.0,2056.6,2064.1,23201.9922,10058
2026-03-12 13:00:00,2064.1,2078.5,2050.2,2064.0,41248.4172,16212
2026-03-12 14:00:00,2064.3,2095.9,2036.6,2044.1,75570.9732,23542
2026-03-12 15:00:00,2044.0,2080.7,2038.3,2071.0,28336.5176,14135
2026-03-12 16:00:00,2071.0,2077.0,2055.2,2068.4,29404.8448,11955
2026-03-12 17:00:00,2068.2,2073.6,2054.2,2057.0,11001.0375,7733
2026-03-12 18:00:00,2057.0,2059.8,2045.1,2047.5,13454.3286,7787
2026-03-12 19:00:00,2047.5,2072.6,2043.6,2069.3,51919.3677,16015
2026-03-12 20:00:00,2069.2,2072.6,2059.2,2061.2,17368.6475,5565
2026-03-12 21:00:00,2061.3,2068.1,2056.4,2062.1,4609.6852,4355
2026-03-12 22:00:00,2062.0,2066.5,2054.7,2064.3,7337.5702,4728
2026-03-12 23:00:00,2064.2,2092.4,2063.9,2072.5,35097.1756,10579
2026-03-13 00:00:00,2072.5,2147.4,2069.5,2118.5,57780.0763,23241
2026-03-13 01:00:00,2118.2,2129.6,2110.6,2123.6,21303.1114,10075
2026-03-13 02:00:00,2124.0,2126.5,2101.7,2104.8,17299.9839,7889
2026-03-13 03:00:00,2104.9,2122.9,2101.3,2118.0,4901.629,5646
2026-03-13 04:00:00,2118.1,2119.1,2109.0,2111.1,7668.9544,4708
2026-03-13 05:00:00,2110.9,2114.4,2102.4,2109.5,6886.5489,5141
2026-03-13 06:00:00,2109.6,2111.9,2089.0,2094.9,13048.0639,6276
2026-03-13 07:00:00,2095.0,2103.5,2091.8,2098.2,11875.0144,7002
2026-03-13 08:00:00,2098.2,2115.0,2090.5,2099.0,27888.4562,9927
2026-03-13 09:00:00,2099.0,2116.0,2094.9,2112.6,18620.2914,7367
2026-03-13 10:00:00,2112.8,2131.4,2111.9,2125.8,14858.5195,9613
2026-03-13 11:00:00,2125.8,2129.0,2117.1,2120.2,12000.5945,6502
2026-03-13 12:00:00,2120.2,2151.6,2119.6,2145.5,13420.3144,10268
2026-03-13 13:00:00,2145.5,2197.0,2141.2,2184.7,64818.7857,22684
2026-03-13 14:00:00,2184.8,2206.2,2144.7,2149.1,74124.1855,26363
2026-03-13 15:00:00,2149.1,2164.4,2124.2,2127.0,48126.7714,20533
2026-03-13 16:00:00,2127.2,2141.9,2110.7,2133.0,37836.2788,15335
2026-03-13 17:00:00,2132.9,2140.1,2090.2,2101.8,27256.0016,14981
2026-03-13 18:00:00,2101.8,2107.3,2090.8,2099.7,17278.6603,9469
2026-03-13 19:00:00,2099.6,2104.7,2095.4,2101.3,6200.4124,6293
2026-03-13 20:00:00,2101.3,2112.9,2100.1,2110.6,13124.3044,4986
2026-03-13 21:00:00,2110.6,2115.7,2100.5,2101.9,9634.2993,5319
2026-03-13 22:00:00,2101.8,2103.7,2077.3,2087.9,17235.7495,9308
2026-03-13 23:00:00,2088.0,2093.0,2084.4,2091.6,7660.5687,4685
2026-03-14 00:00:00,2091.4,2094.1,2081.9,2084.4,6624.9358,5452
2026-03-14 01:00:00,2084.2,2093.8,2080.5,2091.6,7210.1429,4681
2026-03-14 02:00:00,2091.7,2095.3,2088.7,2091.3,10198.8315,4314
2026-03-14 03:00:00,2091.3,2102.0,2091.3,2100.3,7043.0121,4801
2026-03-14 04:00:00,2100.3,2104.8,2086.6,2089.4,6766.5112,4530
2026-03-14 05:00:00,2089.3,2093.5,2085.0,2091.4,7274.2985,3827
2026-03-14 06:00:00,2091.2,2091.2,2067.8,2077.3,9314.7869,5386
2026-03-14 07:00:00,2077.2,2079.2,2075.1,2076.5,6777.7593,3405
2026-03-14 08:00:00,2076.4,2079.8,2072.0,2073.6,3335.3939,3200
2026-03-14 09:00:00,2073.6,2076.6,2063.0,2066.3,7549.739,4209
2026-03-14 10:00:00,2066.3,2067.8,2060.7,2065.3,6143.6403,4221
2026-03-14 11:00:00,2065.3,2075.7,2064.9,2072.9,10401.4036,4231
2026-03-14 12:00:00,2072.7,2076.8,2069.2,2074.4,7805.4259,3494
2026-03-14 13:00:00,2074.1,2079.5,2071.9,2077.9,3967.2071,2752
2026-03-14 14:00:00,2077.8,2079.2,2068.5,2070.1,8848.3805,3379
2026-03-14 15:00:00,2070.0,2076.8,2068.9,2073.6,7301.0806,3402
2026-03-14 16:00:00,2073.5,2078.2,2068.0,2076.7,8653.2161,3451
2026-03-14 17:00:00,2076.7,2077.0,2072.6,2074.1,1833.0124,2239
2026-03-14 18:00:00,2074.1,2077.0,2071.6,2075.9,1823.3101,2179
2026-03-14 19:00:00,2075.9,2078.2,2074.0,2076.3,2164.5495,2256
2026-03-14 20:00:00,2076.3,2086.4,2075.0,2085.1,13100.2387,4568
2026-03-14 21:00:00,2085.2,2087.7,2080.7,2085.6,7986.3482,3642
2026-03-14 22:00:00,2085.8,2087.4,2081.8,2083.6,2174.3371,2288
2026-03-14 23:00:00,2083.4,2098.1,2083.1,2095.4,5677.7297,4025
2026-03-15 00:00:00,2095.5,2095.8,2085.4,2087.0,10706.8997,4886
2026-03-15 01:00:00,2086.9,2090.0,2082.2,2087.4,4518.366,4256
2026-03-15 02:00:00,2087.5,2108.0,2087.5,2101.3,14048.4339,8602
2026-03-15 03:00:00,2101.3,2104.3,2092.9,2095.4,3875.0471,4910
2026-03-15 04:00:00,2095.4,2103.4,2095.3,2103.2,4326.6004,4194
2026-03-15 05:00:00,2103.3,2114.7,2101.4,2106.9,11163.5049,5278
2026-03-15 06:00:00,2106.9,2110.3,2102.2,2106.9,4963.155,2602
2026-03-15 07:00:00,2107.0,2112.6,2102.6,2105.0,3172.8678,2883
2026-03-15 08:00:00,2105.1,2112.4,2105.0,2111.9,3576.5696,3246
2026-03-15 09:00:00,2111.9,2122.5,2111.8,2116.8,13832.1709,6036
2026-03-15 10:00:00,2116.7,2120.7,2113.4,2118.2,3881.9607,2928
2026-03-15 11:00:00,2118.1,2120.6,2114.0,2119.0,5549.9521,2893
2026-03-15 12:00:00,2119.0,2119.3,2107.3,2108.7,3211.4876,2475
2026-03-15 13:00:00,2108.8,2111.5,2085.2,2096.7,37720.9151,9084
2026-03-15 14:00:00,2096.4,2097.8,2085.2,2095.7,21189.9456,4113
2026-03-15 15:00:00,2095.8,2096.1,2089.5,2092.8,7151.2988,2998
2026-03-15 16:00:00,2092.8,2098.3,2087.8,2090.3,17290.3283,4723
2026-03-15 17:00:00,2090.4,2117.5,2090.2,2109.8,11586.3957,5369
2026-03-15 18:00:00,2110.0,2112.2,2093.5,2098.0,14672.6012,5453
2026-03-15 19:00:00,2097.9,2113.4,2096.0,2112.4,16623.5154,5608
2026-03-15 20:00:00,2112.4,2138.2,2108.5,2128.2,21744.2057,8248
2026-03-15 21:00:00,2128.3,2143.5,2122.4,2137.9,18332.6656,7982
2026-03-15 22:00:00,2138.2,2192.4,2124.9,2183.1,58283.0755,18490
2026-03-15 23:00:00,2183.4,2202.6,2165.1,2177.3,53908.7773,15277
2026-03-16 00:00:00,2177.4,2185.7,2163.8,2170.3,20530.2937,8440
2026-03-16 01:00:00,2170.4,2189.1,2164.0,2184.9,21670.0086,8252
2026-03-16 02:00:00,2185.0,2188.1,2169.1,2179.4,12264.3205,5995
2026-03-16 03:00:00,2179.3,2251.2,2176.2,2234.8,60955.7833,19974
2026-03-16 04:00:00,2234.9,2277.3,2234.9,2262.3,43765.9923,16709
2026-03-16 05:00:00,2262.2,2287.1,2256.8,2279.3,26252.4936,10650
2026-03-16 06:00:00,2279.3,2280.3,2260.1,2260.3,18369.1978,7058
2026-03-16 07:00:00,2260.3,2267.9,2244.9,2247.8,16718.5462,7240
2026-03-16 08:00:00,2248.1,2257.6,2234.4,2242.4,22641.5569,10040
2026-03-16 09:00:00,2242.7,2264.5,2239.5,2259.4,9533.4916,6218
2026-03-16 10:00:00,2259.3,2277.6,2255.2,2276.7,14724.928,7655
2026-03-16 11:00:00,2276.8,2278.8,2264.6,2268.9,10111.4722,7071
2026-03-16 12:00:00,2268.9,2301.4,2268.8,2277.9,58717.893,18417
2026-03-16 13:00:00,2277.9,2307.5,2271.0,2287.4,39801.612,17862
2026-03-16 14:00:00,2287.1,2303.5,2254.1,2286.4,52103.8356,20625
2026-03-16 15:00:00,2286.3,2296.7,2268.3,2271.5,22910.4454,14262
2026-03-16 16:00:00,2272.0,2298.7,2268.8,2295.7,16575.8379,11861
2026-03-16 17:00:00,2295.8,2320.0,2292.2,2313.1,46944.4562,14511
2026-03-16 18:00:00,2313.2,2343.9,2312.7,2320.2,61062.2434,19960
2026-03-16 19:00:00,2320.5,2347.2,2317.4,2329.6,34658.4528,12693
2026-03-16 20:00:00,2329.6,2346.5,2322.1,2344.3,20806.5527,8568
2026-03-16 21:00:00,2344.4,2375.1,2342.6,2359.1,90087.1103,24177
2026-03-16 22:00:00,2359.1,2383.7,2353.3,2355.9,62446.3673,17800
2026-03-16 23:00:00,2356.1,2359.8,2327.7,2350.9,39276.8124,14312
2026-03-17 00:00:00,2351.0,2374.5,2339.1,2356.0,77559.0335,22995
2026-03-17 01:00:00,2355.9,2372.4,2344.5,2359.6,37241.1536,15196
2026-03-17 02:00:00,2359.5,2360.0,2343.2,2349.7,30512.9066,10853
2026-03-17 03:00:00,2349.8,2354.0,2306.8,2318.7,26768.5885,13974
2026-03-17 04:00:00,2318.7,2328.6,2295.5,2310.1,25126.2573,12026
2026-03-17 05:00:00,2310.2,2316.5,2296.5,2306.0,16571.9544,8849
2026-03-17 06:00:00,2306.0,2322.0,2297.2,2313.9,17209.3977,8770
2026-03-17 07:00:00,2313.8,2336.8,2313.8,2326.7,18656.3211,7558
2026-03-17 08:00:00,2326.7,2333.9,2316.0,2319.7,14582.3642,10845
2026-03-17 09:00:00,2319.7,2327.9,2306.4,2314.4,13013.2634,11413
2026-03-17 10:00:00,2314.4,2315.8,2303.8,2311.7,8426.663,8311
2026-03-17 11:00:00,2311.6,2331.8,2310.5,2325.9,12374.6879,7440
2026-03-17 12:00:00,2325.9,2334.0,2311.4,2315.0,29976.3894,9783
2026-03-17 13:00:00,2314.9,2345.0,2312.2,2327.4,29232.3654,13530
2026-03-17 14:00:00,2327.6,2348.2,2317.8,2342.4,44449.8785,15162
2026-03-17 15:00:00,2342.7,2356.5,2302.7,2314.9,55377.0869,18176
2026-03-17 16:00:00,2314.9,2335.2,2311.3,2325.6,12698.1237,8736
2026-03-17 17:00:00,2325.6,2341.6,2319.8,2338.7,9297.687,6369
2026-03-17 18:00:00,2338.8,2341.5,2327.0,2331.8,10194.4698,6461
2026-03-17 19:00:00,2331.8,2338.5,2316.2,2319.3,9101.4247,6514
2026-03-17 20:00:00,2319.2,2328.9,2316.6,2327.3,15884.7442,5777
2026-03-17 21:00:00,2327.2,2344.2,2327.2,2337.4,14254.3919,6403
2026-03-17 22:00:00,2337.5,2340.9,2317.3,2329.0,8142.5331,5610
2026-03-17 23:00:00,2328.9,2332.0,2315.5,2316.1,6340.7458,5159
2026-03-18 00:00:00,2316.1,2324.9,2306.3,2323.4,28263.4704,7897
2026-03-18 01:00:00,2323.4,2334.7,2322.1,2323.6,6088.3246,5643
2026-03-18 02:00:00,2323.6,2339.7,2323.5,2330.4,7668.4364,4851
2026-03-18 03:00:00,2330.4,2348.3,2327.4,2339.8,7866.3742,5743
2026-03-18 04:00:00,2339.7,2340.9,2325.3,2325.9,8042.669,4126
2026-03-18 05:00:00,2325.9,2329.5,2313.1,2317.4,7627.795,5152
2026-03-18 06:00:00,2317.4,2330.1,2317.2,2321.3,4875.6369,4034
2026-03-18 07:00:00,2321.4,2322.0,2311.1,2316.5,7621.6011,4316
2026-03-18 08:00:00,2316.6,2324.3,2316.1,2321.3,5044.1044,3732
2026-03-18 09:00:00,2321.3,2332.3,2320.6,2328.3,15259.4814,5661
2026-03-18 10:00:00,2328.4,2330.7,2307.8,2311.4,17049.0236,7252
2026-03-18 11:00:00,2311.5,2317.4,2261.8,2268.2,73522.5968,19543
2026-03-18 12:00:00,2268.1,2269.2,2234.9,2236.8,94662.0127,19860
2026-03-18 13:00:00,2236.8,2243.7,2222.1,2234.6,32388.3427,14638
2026-03-18 14:00:00,2234.6,2236.1,2186.4,2188.8,120074.6181,24929
2026-03-18 15:00:00,2188.8,2195.0,2168.4,2186.8,90048.9495,21119
2026-03-18 16:00:00,2186.8,2190.1,2166.6,2180.6,27154.8942,12875
2026-03-18 17:00:00,2180.6,2211.1,2176.3,2203.8,28601.4734,14160
2026-03-18 18:00:00,2203.9,2219.0,2175.0,2180.5,48773.1037,16938
2026-03-18 19:00:00,2180.4,2196.2,2178.3,2185.1,21436.2491,10250
2026-03-18 20:00:00,2185.1,2192.0,2151.6,2186.9,46170.9958,13562
2026-03-18 21:00:00,2186.9,2206.0,2185.0,2201.6,13599.1275,7613
2026-03-18 22:00:00,2201.5,2202.4,2186.4,2193.3,15556.5332,6954
2026-03-18 23:00:00,2193.4,2205.6,2188.0,2202.4,32671.5302,8190
2026-03-19 00:00:00,2202.5,2206.9,2189.9,2191.9,30994.9758,8378
2026-03-19 01:00:00,2192.2,2201.2,2186.3,2195.8,13191.2558,6284
2026-03-19 02:00:00,2195.8,2204.1,2187.7,2195.2,9381.8316,5150
2026-03-19 03:00:00,2195.5,2232.7,2195.3,2211.0,29756.0136,11376
2026-03-19 04:00:00,2210.9,2211.5,2189.6,2192.3,14152.019,6765
2026-03-19 05:00:00,2192.3,2197.3,2185.3,2187.9,9798.1234,4860
2026-03-19 06:00:00,2187.9,2194.3,2176.2,2179.3,16238.0974,7444
2026-03-19 07:00:00,2179.1,2180.8,2142.0,2165.0,32041.5049,15622
2026-03-19 08:00:00,2165.1,2169.7,2156.8,2159.1,12835.4794,8592
2026-03-19 09:00:00,2159.2,2189.5,2159.2,2188.0,39059.7936,11224
2026-03-19 10:00:00,2188.1,2190.3,2171.2,2171.4,10670.5235,5945
2026-03-19 11:00:00,2171.4,2176.5,2164.2,2165.3,18985.2069,7634
2026-03-19 12:00:00,2165.4,2165.8,2128.5,2130.8,51471.4044,16301
2026-03-19 13:00:00,2130.9,2142.2,2110.1,2136.4,74275.8396,22847
2026-03-19 14:00:00,2136.5,2145.3,2101.0,2120.8,46001.7773,17404
2026-03-19 15:00:00,2120.7,2135.2,2096.6,2117.7,60754.8791,17651
2026-03-19 16:00:00,2117.8,2120.9,2105.6,2114.5,20029.7102,11155
2026-03-19 17:00:00,2114.5,2130.6,2103.6,2126.1,35454.4136,12090
2026-03-19 18:00:00,2126.2,2128.4,2113.1,2124.0,15075.2408,7677
2026-03-19 19:00:00,2124.1,2156.9,2124.0,2140.7,75204.8554,22153
2026-03-19 20:00:00,2140.6,2152.0,2138.5,2145.7,27039.9675,9412
2026-03-19 21:00:00,2145.7,2154.8,2144.5,2149.3,10266.3002,8009
2026-03-19 22:00:00,2149.3,2151.6,2131.9,2139.3,10493.5702,7866
2026-03-19 23:00:00,2139.4,2146.9,2130.4,2136.9,19085.096,7962
2026-03-20 00:00:00,2136.9,2147.9,2133.9,2144.6,11469.827,6716
2026-03-20 01:00:00,2144.7,2160.1,2144.1,2150.2,10960.5353,6861
2026-03-20 02:00:00,2150.3,2150.9,2131.8,2143.9,21648.6424,7666
2026-03-20 03:00:00,2143.9,2156.4,2142.9,2150.4,11418.6762,5901
2026-03-20 04:00:00,2150.4,2159.3,2138.9,2147.8,18607.8962,7425
2026-03-20 05:00:00,2147.7,2150.6,2137.1,2139.4,11371.0788,5379
2026-03-20 06:00:00,2139.3,2140.8,2132.0,2135.8,18491.9261,5734
2026-03-20 07:00:00,2135.7,2152.8,2120.6,2150.3,31922.2674,9327
2026-03-20 08:00:00,2150.2,2176.8,2145.9,2163.4,23096.7223,10653
2026-03-20 09:00:00,2163.3,2163.4,2133.9,2140.4,29761.8533,9012
2026-03-20 10:00:00,2140.2,2150.9,2130.4,2147.5,19809.894,8189
2026-03-20 11:00:00,2147.4,2158.6,2133.9,2140.4,24353.8514,9161
2026-03-20 12:00:00,2140.5,2152.0,2134.1,2139.8,26922.401,9073
2026-03-20 13:00:00,2139.9,2150.9,2121.6,2126.3,32081.6513,13632
2026-03-20 14:00:00,2126.2,2146.9,2117.6,2128.2,46257.6186,20343
2026-03-20 15:00:00,2128.2,2136.9,2119.2,2133.2,11605.7037,9071
2026-03-20 16:00:00,2133.1,2143.1,2129.2,2136.1,14943.6077,8167
2026-03-20 17:00:00,2136.3,2140.2,2118.8,2135.5,12071.4106,9499
2026-03-20 18:00:00,2135.5,2136.4,2116.1,2122.1,20764.3938,11560
2026-03-20 19:00:00,2122.1,2133.6,2116.2,2131.3,14766.7255,10072
2026-03-20 20:00:00,2131.7,2135.8,2122.9,2132.0,19143.4376,7217
2026-03-20 21:00:00,2132.0,2155.7,2129.5,2146.6,21088.283,7987
2026-03-20 22:00:00,2146.7,2166.0,2146.6,2153.5,8444.4939,5675
2026-03-20 23:00:00,2153.6,2154.3,2142.0,2145.4,6831.4488,4323
2026-03-21 00:00:00,2145.2,2155.2,2143.0,2152.2,4397.2869,4086
2026-03-21 01:00:00,2152.1,2159.1,2146.4,2146.5,18056.4682,4289
2026-03-21 02:00:00,2146.5,2155.5,2145.0,2154.1,4756.5081,2926
2026-03-21 03:00:00,2154.0,2155.0,2150.0,2152.3,1505.2733,1804
2026-03-21 04:00:00,2152.2,2157.4,2149.5,2150.8,6039.3603,2731
2026-03-21 05:00:00,2150.8,2156.6,2150.8,2152.1,2096.7655,2240
2026-03-21 06:00:00,2152.0,2155.2,2151.2,2154.4,3546.6711,2310
2026-03-21 07:00:00,2154.5,2160.0,2153.5,2154.4,2770.2841,2530
2026-03-21 08:00:00,2154.5,2156.0,2148.4,2152.7,5831.688,3198
2026-03-21 09:00:00,2152.7,2157.5,2152.4,2157.2,8362.644,3553
2026-03-21 10:00:00,2157.1,2157.6,2151.7,2153.3,4885.0829,3403
2026-03-21 11:00:00,2152.9,2156.3,2151.6,2156.1,1019.6267,1880
2026-03-21 12:00:00,2156.1,2159.3,2155.7,2156.6,2363.2757,2284
2026-03-21 13:00:00,2156.6,2158.5,2153.4,2154.7,3329.4969,2894
2026-03-21 14:00:00,2154.7,2167.6,2149.3,2150.9,20052.1057,7067
2026-03-21 15:00:00,2150.8,2156.7,2145.4,2154.1,12768.9932,4347
2026-03-21 16:00:00,2154.2,2154.4,2143.3,2145.4,3036.7423,2653
2026-03-21 17:00:00,2145.4,2149.3,2141.6,2147.4,8528.1864,3014
2026-03-21 18:00:00,2147.2,2154.6,2146.7,2150.3,7379.1449,2760
2026-03-21 19:00:00,2150.3,2152.0,2148.2,2151.2,1949.6031,1572
2026-03-21 20:00:00,2151.1,2155.7,2149.3,2154.6,11959.297,3008
2026-03-21 21:00:00,2154.6,2156.0,2151.2,2152.5,2242.5325,2017
2026-03-21 22:00:00,2152.5,2152.5,2148.0,2148.8,3542.2943,1807
2026-03-21 23:00:00,2148.7,2148.7,2069.3,2083.1,77069.3696,18940
2026-03-22 00:00:00,2083.1,2094.1,2048.5,2086.2,131054.685,23478
2026-03-22 01:00:00,2086.2,2093.0,2081.3,2090.2,15621.6839,7056
2026-03-22 02:00:00,2090.2,2108.2,2086.9,2101.0,14965.2379,7602
2026-03-22 03:00:00,2101.1,2125.6,2097.2,2112.5,21060.6904,7455
2026-03-22 04:00:00,2112.8,2121.7,2102.4,2118.2,43206.479,8008
2026-03-22 05:00:00,2118.3,2118.9,2111.3,2111.6,11055.7022,4264
2026-03-22 06:00:00,2111.7,2112.2,2106.3,2107.4,9248.1929,3870
2026-03-22 07:00:00,2107.3,2111.0,2092.0,2092.4,15999.5771,5868
2026-03-22 08:00:00,2092.5,2094.3,2073.3,2085.4,23334.3338,10801
2026-03-22 09:00:00,2085.4,2094.3,2078.3,2084.2,17846.3711,6433
2026-03-22 10:00:00,2084.2,2085.5,2075.6,2080.3,9729.5677,4024
2026-03-22 11:00:00,2080.3,2082.5,2065.8,2068.7,10163.0757,5691
2026-03-22 12:00:00,2068.5,2086.9,2067.1,2081.5,17832.9882,6268
2026-03-22 13:00:00,2081.7,2091.6,2071.5,2077.5,19703.8338,6208
2026-03-22 14:00:00,2077.7,2084.3,2071.0,2076.9,27838.5536,6517
2026-03-22 15:00:00,2077.0,2083.1,2075.0,2081.6,7676.5976,3526
2026-03-22 16:00:00,2081.6,2083.5,2076.7,2081.2,4169.1283,2780
2026-03-22 17:00:00,2081.2,2083.5,2076.5,2078.4,5464.5819,2539
2026-03-22 18:00:00,2078.2,2079.3,2055.7,2071.1,13781.9109,6472
2026-03-22 19:00:00,2070.8,2071.6,2052.9,2061.8,44309.9493,9008
2026-03-22 20:00:00,2061.9,2071.1,2055.2,2057.4,21892.3418,7454
2026-03-22 21:00:00,2057.4,2059.3,2024.5,2044.5,74737.3578,18569
2026-03-22 22:00:00,2044.4,2064.3,2030.8,2061.5,62301.111,16442
2026-03-22 23:00:00,2061.6,2072.6,2049.7,2052.5,22389.7903,8043
2026-03-23 00:00:00,2052.5,2061.7,2034.0,2042.2,20305.3785,10471
2026-03-23 01:00:00,2042.1,2061.0,2037.7,2046.5,11331.2886,7685
2026-03-23 02:00:00,2046.7,2068.7,2045.2,2062.6,10880.0808,7212
2026-03-23 03:00:00,2062.2,2070.8,2050.6,2051.1,14898.2822,6599
2026-03-23 04:00:00,2051.2,2064.8,2049.4,2064.3,6560.1524,4923
2026-03-23 05:00:00,2064.4,2071.0,2059.4,2068.3,9008.3321,5315
2026-03-23 06:00:00,2068.3,2068.3,2027.4,2036.0,24394.6368,10027
2026-03-23 07:00:00,2036.2,2049.5,2022.0,2043.4,20065.3934,9989
2026-03-23 08:00:00,2043.4,2057.7,2043.4,2046.8,9371.7053,7902
2026-03-23 09:00:00,2046.9,2047.9,2028.0,2042.5,15246.2684,6913
2026-03-23 10:00:00,2042.5,2052.8,2039.2,2047.9,11646.8887,6513
2026-03-23 11:00:00,2047.9,2197.8,2047.9,2133.1,197781.4292,49649
2026-03-23 12:00:00,2133.2,2147.1,2106.8,2143.0,66172.868,21690
2026-03-23 13:00:00,2143.1,2187.1,2139.0,2184.5,52632.7657,19495
2026-03-23 14:00:00,2184.6,2191.2,2168.3,2180.2,40197.8687,15178
2026-03-23 15:00:00,2180.5,2186.6,2123.8,2127.3,54246.7183,16882
2026-03-23 16:00:00,2127.2,2141.8,2116.7,2134.4,36502.518,13723
2026-03-23 17:00:00,2134.8,2157.5,2123.7,2151.9,35089.64,11588
2026-03-23 18:00:00,2151.8,2170.1,2144.5,2168.4,24108.049,9361
2026-03-23 19:00:00,2168.1,2176.9,2150.8,2153.4,13256.7706,7431
2026-03-23 20:00:00,2153.3,2165.7,2149.6,2160.4,4964.7352,4794
2026-03-23 21:00:00,2160.5,2162.7,2153.3,2156.9,7863.5083,4710
2026-03-23 22:00:00,2157.1,2159.0,2143.2,2151.9,11665.709,5215
2026-03-23 23:00:00,2151.6,2153.9,2140.1,2151.0,16482.1561,6211
2026-03-24 00:00:00,2150.9,2155.0,2130.2,2141.9,20481.3095,8856
2026-03-24 01:00:00,2141.9,2148.7,2123.1,2136.3,24313.475,8477
2026-03-24 02:00:00,2136.4,2144.5,2131.5,2134.8,8384.3623,6166
2026-03-24 03:00:00,2134.7,2142.0,2129.5,2140.6,7748.1272,4695
2026-03-24 04:00:00,2140.6,2151.4,2130.4,2134.7,8134.528,5539
2026-03-24 05:00:00,2135.0,2137.4,2127.6,2132.8,10653.3635,5319
2026-03-24 06:00:00,2132.7,2145.6,2131.0,2144.6,10663.8555,5177
2026-03-24 07:00:00,2144.6,2169.6,2143.2,2164.6,19082.4026,9069
2026-03-24 08:00:00,2164.6,2166.5,2151.4,2154.3,19881.4233,6953
2026-03-24 09:00:00,2154.1,2166.3,2145.9,2164.0,12053.0111,4917
2026-03-24 10:00:00,2164.0,2164.0,2154.1,2160.2,6222.9749,3779
2026-03-24 11:00:00,2160.2,2174.6,2150.9,2164.9,15430.0704,7881
2026-03-24 12:00:00,2164.9,2169.4,2158.0,2161.3,12183.8332,6895
2026-03-24 13:00:00,2161.4,2164.7,2129.1,2137.1,45590.1951,13823
2026-03-24 14:00:00,2137.4,2147.3,2119.8,2133.3,36349.3805,15027
2026-03-24 15:00:00,2133.4,2146.6,2130.6,2134.4,22526.7192,9218
2026-03-24 16:00:00,2134.3,2139.5,2120.0,2126.3,22712.7033,8263
2026-03-24 17:00:00,2126.3,2127.8,2102.2,2107.8,24186.4759,11500
2026-03-24 18:00:00,2108.1,2126.9,2104.6,2118.1,22941.1477,8129
2026-03-24 19:00:00,2118.0,2126.7,2113.6,2116.0,26624.7837,6853
2026-03-24 20:00:00,2115.7,2154.4,2114.5,2147.6,34268.5486,11581
2026-03-24 21:00:00,2147.8,2151.3,2139.4,2148.0,14316.7385,6149
2026-03-24 22:00:00,2148.0,2155.0,2139.9,2144.6,9061.8296,5324
2026-03-24 23:00:00,2144.6,2163.2,2142.8,2155.4,11836.6021,6250
2026-03-25 00:00:00,2155.5,2168.3,2146.5,2160.9,12178.4133,6609
2026-03-25 01:00:00,2160.9,2166.0,2156.0,2156.0,4412.9376,4568
2026-03-25 02:00:00,2155.8,2160.6,2152.5,2154.5,6980.6573,3781
2026-03-25 03:00:00,2154.9,2159.5,2146.5,2157.5,10599.1618,4419
2026-03-25 04:00:00,2157.6,2166.8,2155.7,2165.6,16391.4786,7217
2026-03-25 05:00:00,2165.4,2179.0,2163.5,2168.2,6992.3113,5480
2026-03-25 06:00:00,2168.2,2172.2,2162.6,2163.0,18327.2178,5351
2026-03-25 07:00:00,2163.0,2176.6,2159.1,2163.6,21217.9218,5982
2026-03-25 08:00:00,2163.6,2190.0,2163.5,2175.7,59523.0848,14332
2026-03-25 09:00:00,2175.7,2188.4,2174.2,2185.7,41222.3068,11598
2026-03-25 10:00:00,2185.7,2188.3,2180.3,2184.8,22007.8917,7347
2026-03-25 11:00:00,2184.7,2198.6,2180.2,2185.7,24819.238,11968
2026-03-25 12:00:00,2185.5,2193.0,2164.3,2183.0,44194.4769,15795
2026-03-25 13:00:00,2183.0,2197.3,2179.2,2183.8,29092.8473,13324
2026-03-25 14:00:00,2183.9,2187.0,2172.5,2173.4,20486.444,13702
2026-03-25 15:00:00,2173.3,2176.3,2146.9,2161.8,24527.2678,13435
2026-03-25 16:00:00,2161.8,2185.4,2155.5,2173.3,40840.5589,11278
2026-03-25 17:00:00,2173.1,2175.4,2160.0,2163.0,19033.5481,9638
2026-03-25 18:00:00,2163.0,2172.4,2157.3,2161.4,11476.7321,5912
2026-03-25 19:00:00,2161.4,2175.3,2158.5,2171.7,7432.0015,5722
2026-03-25 20:00:00,2171.9,2172.1,2158.6,2165.8,6869.6795,5253
2026-03-25 21:00:00,2165.8,2168.9,2161.2,2163.0,1959.6062,4118
2026-03-25 22:00:00,2163.0,2182.2,2160.7,2173.3,15417.5865,7219
2026-03-25 23:00:00,2173.3,2176.3,2163.8,2168.1,7807.6535,4961
2026-03-26 00:00:00,2168.2,2171.4,2161.6,2165.6,9313.684,5413
2026-03-26 01:00:00,2165.5,2168.5,2159.4,2164.1,4222.718,4006
2026-03-26 02:00:00,2163.8,2164.8,2142.7,2148.9,18763.438,8210
2026-03-26 03:00:00,2148.8,2154.6,2143.2,2152.1,6500.7895,5474
2026-03-26 04:00:00,2152.2,2153.5,2146.7,2148.5,3334.2993,4300
2026-03-26 05:00:00,2148.4,2149.7,2111.7,2118.4,39012.1313,14386
2026-03-26 06:00:00,2118.3,2123.7,2110.2,2120.8,11783.6971,7257
2026-03-26 07:00:00,2120.8,2123.7,2112.1,2122.5,9207.9866,5698
2026-03-26 08:00:00,2122.5,2125.5,2113.4,2118.4,25796.5153,8432
2026-03-26 09:00:00,2118.5,2120.8,2073.1,2081.6,39861.4513,12464
2026-03-26 10:00:00,2081.6,2082.4,2071.8,2077.1,10985.6207,7136
2026-03-26 11:00:00,2077.2,2080.0,2062.5,2066.8,21707.237,10540
2026-03-26 12:00:00,2067.0,2074.3,2063.5,2072.5,34591.4776,9830
2026-03-26 13:00:00,2072.5,2091.8,2068.1,2079.8,26374.891,10752
2026-03-26 14:00:00,2079.7,2084.2,2065.4,2075.1,22900.6532,10659
2026-03-26 15:00:00,2074.9,2075.4,2052.0,2069.4,19777.1294,12401
2026-03-26 16:00:00,2069.3,2069.9,2059.0,2059.9,10953.3484,7470
2026-03-26 17:00:00,2059.9,2069.7,2045.7,2047.9,21634.1753,8250
2026-03-26 18:00:00,2047.9,2054.6,2032.3,2046.0,47182.9969,12828
2026-03-26 19:00:00,2046.1,2053.2,2038.2,2048.9,53402.787,12151
2026-03-26 20:00:00,2048.2,2079.5,2045.5,2063.7,53292.6303,13328
2026-03-26 21:00:00,2063.7,2075.2,2059.1,2067.1,7125.8118,6966
2026-03-26 22:00:00,2067.3,2071.8,2054.2,2064.7,9762.8371,7885
2026-03-26 23:00:00,2064.8,2068.8,2055.5,2059.4,5916.9769,5102
2026-03-27 00:00:00,2059.4,2066.6,2055.6,2064.1,11009.3509,6516
2026-03-27 01:00:00,2064.1,2073.7,2062.1,2073.1,6287.4704,4851
2026-03-27 02:00:00,2073.3,2075.8,2066.1,2067.2,3855.9237,4071
2026-03-27 03:00:00,2067.1,2068.2,2058.4,2060.3,5791.6687,4316
2026-03-27 04:00:00,2060.3,2060.8,2041.6,2052.2,12799.1055,6131
2026-03-27 05:00:00,2052.1,2065.4,2051.0,2060.0,3423.3957,4270
2026-03-27 06:00:00,2060.0,2066.7,2057.4,2061.5,3435.9955,4130
2026-03-27 07:00:00,2061.4,2070.5,2059.1,2064.8,6871.1198,6340
2026-03-27 08:00:00,2064.9,2068.0,2033.4,2046.8,29041.4198,12617
2026-03-27 09:00:00,2046.9,2050.7,2035.6,2040.0,7399.5886,6797
2026-03-27 10:00:00,2040.0,2043.3,1984.5,1990.1,42829.2099,16786
2026-03-27 11:00:00,1990.1,1997.0,1981.3,1990.3,28239.6674,11692
2026-03-27 12:00:00,1990.4,1992.3,1980.5,1987.8,20275.994,10741
2026-03-27 13:00:00,1988.0,1995.6,1964.4,1977.1,45860.1299,13898
2026-03-27 14:00:00,1977.2,1988.6,1970.5,1988.6,30559.1274,12711
2026-03-27 15:00:00,1988.6,2009.3,1982.2,1990.0,29828.027,14669
2026-03-27 16:00:00,1990.0,1991.4,1979.4,1985.8,12327.515,8996
2026-03-27 17:00:00,1985.9,1996.2,1973.7,1976.3,10515.9957,8319
2026-03-27 18:00:00,1976.3,1985.1,1973.2,1983.4,16421.5757,8271
2026-03-27 19:00:00,1983.2,1996.6,1977.9,1990.7,20385.129,6454
2026-03-27 20:00:00,1990.5,1994.8,1980.0,1984.5,12529.4794,5640
2026-03-27 21:00:00,1984.8,1989.9,1983.3,1984.5,3714.7815,3285
2026-03-27 22:00:00,1984.6,1985.9,1980.4,1984.6,3737.3823,3107
2026-03-27 23:00:00,1984.5,1992.9,1979.4,1991.8,7788.2901,4004
2026-03-28 00:00:00,1991.7,1994.2,1988.5,1991.4,5726.8295,3673
2026-03-28 01:00:00,1991.4,1991.7,1984.1,1989.3,8376.1362,3888
2026-03-28 02:00:00,1989.4,1992.6,1981.8,1986.0,2906.1773,3056
2026-03-28 03:00:00,1986.1,1990.0,1985.8,1987.7,6561.295,2694
2026-03-28 04:00:00,1987.8,1991.3,1986.0,1989.3,2470.002,2233
2026-03-28 05:00:00,1989.4,1994.1,1987.0,1993.6,14923.8617,3965
2026-03-28 06:00:00,1993.7,2006.0,1992.7,2000.3,28380.3128,7880
2026-03-28 07:00:00,2000.3,2007.6,2000.0,2006.3,9079.7433,5522
2026-03-28 08:00:00,2006.3,2007.9,1997.3,1998.2,8779.2134,5615
2026-03-28 09:00:00,1998.3,1999.3,1994.8,1998.8,15405.4387,6005
2026-03-28 10:00:00,1998.9,2004.4,1992.2,1995.8,10678.2809,4762
2026-03-28 11:00:00,1995.9,1999.9,1995.0,1997.0,3509.2692,2407
2026-03-28 12:00:00,1996.8,2003.8,1991.7,1998.8,9103.8104,4562
2026-03-28 13:00:00,1998.8,2041.1,1998.7,2025.7,46671.8418,12046
2026-03-28 14:00:00,2025.6,2028.4,2015.9,2020.3,14972.8044,7604
2026-03-28 15:00:00,2020.2,2037.7,2017.9,2026.1,19057.233,7862
2026-03-28 16:00:00,2026.4,2029.7,2021.0,2024.0,8004.1967,5158
2026-03-28 17:00:00,2024.1,2026.5,2016.1,2020.2,9619.7421,4807
2026-03-28 18:00:00,2020.1,2024.0,2019.8,2021.2,3709.9604,3019
2026-03-28 19:00:00,2021.2,2022.2,2016.7,2020.0,1935.05,2194
2026-03-28 20:00:00,2019.9,2026.2,2019.9,2024.1,2196.9369,2758
2026-03-28 21:00:00,2024.2,2025.2,2006.2,2009.0,13981.8004,4903
2026-03-28 22:00:00,2009.0,2012.5,2004.8,2011.4,11709.6767,4220
2026-03-28 23:00:00,2011.4,2011.4,1989.2,1993.9,16260.0189,7085
2026-03-29 00:00:00,1993.8,1998.8,1990.6,1998.6,10669.7904,5101
2026-03-29 01:00:00,1998.3,2006.1,1997.1,2004.7,15915.8712,5786
2026-03-29 02:00:00,2004.7,2009.9,2002.0,2008.7,2736.2534,4018
2026-03-29 03:00:00,2008.7,2018.6,2006.5,2010.6,6949.6834,4304
2026-03-29 04:00:00,2010.6,2012.0,2003.8,2005.0,10887.3262,3523
2026-03-29 05:00:00,2004.9,2006.6,1996.8,2004.5,4001.2161,3467
2026-03-29 06:00:00,2004.5,2007.6,1999.2,2004.3,1551.3919,2552
2026-03-29 07:00:00,2004.0,2008.8,1999.3,2005.4,5844.4972,3158
2026-03-29 08:00:00,2005.4,2006.8,2001.9,2003.5,3494.6644,2759
2026-03-29 09:00:00,2003.5,2004.6,1995.6,1998.3,1900.2121,2485
2026-03-29 10:00:00,1998.3,1998.3,1991.0,1995.2,5893.2351,3269
2026-03-29 11:00:00,1995.2,2007.3,1994.7,2002.9,4883.875,3472
2026-03-29 12:00:00,2003.0,2004.2,1997.3,2001.0,2171.7038,2432
2026-03-29 13:00:00,2001.0,2001.2,1982.9,1986.3,15245.5035,6402
2026-03-29 14:00:00,1986.4,2002.0,1983.9,1993.4,5827.7193,4742
2026-03-29 15:00:00,1993.4,1998.0,1986.1,1992.0,12836.926,4749
2026-03-29 16:00:00,1992.1,2003.7,1991.3,1997.1,9058.0713,4231
2026-03-29 17:00:00,1997.1,1999.1,1987.0,1994.5,7439.1928,4061
2026-03-29 18:00:00,1994.5,2000.5,1990.7,1996.5,7657.6662,4055
2026-03-29 19:00:00,1996.4,1999.2,1993.3,1995.0,2729.6717,3148
2026-03-29 20:00:00,1994.9,2008.6,1994.9,2001.8,23403.669,5819
2026-03-29 21:00:00,2001.7,2006.5,2000.6,2005.5,4126.5368,3700
2026-03-29 22:00:00,2005.6,2005.6,1935.2,1972.4,69122.6957,19900
2026-03-29 23:00:00,1972.5,1994.7,1972.4,1983.3,33338.5342,11971
2026-03-30 00:00:00,1983.4,2022.9,1979.4,1996.3,51085.9872,15394
2026-03-30 01:00:00,1996.3,2015.3,1996.2,2009.4,11301.5362,8646
2026-03-30 02:00:00,2009.5,2042.8,2007.0,2029.1,11948.926,10640
2026-03-30 03:00:00,2029.1,2041.2,2026.9,2035.0,11716.5383,7665
2026-03-30 04:00:00,2035.0,2051.3,2035.0,2048.0,14356.7593,8323
2026-03-30 05:00:00,2047.8,2057.9,2045.8,2046.9,15095.1207,8015
2026-03-30 06:00:00,2046.9,2051.8,2040.9,2041.5,10397.7937,5089
2026-03-30 07:00:00,2041.6,2065.0,2040.7,2058.7,9607.5616,7045
2026-03-30 08:00:00,2058.7,2073.7,2057.4,2061.5,22648.0766,9577
2026-03-30 09:00:00,2061.4,2061.9,2053.0,2054.3,9747.002,4873
2026-03-30 10:00:00,2054.3,2057.0,2048.4,2057.0,8928.1243,6654
2026-03-30 11:00:00,2057.0,2078.9,2056.9,2070.2,25551.2998,9889
2026-03-30 12:00:00,2070.4,2077.9,2068.0,2073.2,6888.8011,6566
2026-03-30 13:00:00,2073.3,2086.0,2057.1,2059.7,25980.0062,10780
2026-03-30 14:00:00,2059.6,2075.0,2043.6,2070.9,24550.7968,12048
2026-03-30 15:00:00,2070.9,2078.8,2061.2,2073.6,21631.5979,9193
2026-03-30 16:00:00,2073.8,2074.3,2058.0,2065.1,9208.4833,6067
2026-03-30 17:00:00,2065.1,2071.2,2032.0,2040.7,34282.4753,10847
2026-03-30 18:00:00,2040.8,2043.3,2026.9,2031.7,27890.5169,8322
2026-03-30 19:00:00,2031.6,2031.6,2011.9,2023.0,47571.995,12896
2026-03-30 20:00:00,2023.0,2026.8,2019.7,2022.2,17221.2617,6204
2026-03-30 21:00:00,2022.2,2047.8,2020.1,2034.7,15495.7176,7589
2026-03-30 22:00:00,2034.8,2043.4,2029.0,2032.1,3850.8849,4225
2026-03-30 23:00:00,2032.2,2032.2,2012.7,2025.5,11625.5198,5735
2026-03-31 00:00:00,2025.5,2039.9,2015.0,2035.7,20314.2118,8093
2026-03-31 01:00:00,2035.9,2090.1,2031.4,2072.3,34536.6088,13789
2026-03-31 02:00:00,2072.4,2081.7,2066.4,2072.2,13681.3145,7457
2026-03-31 03:00:00,2072.2,2075.9,2061.0,2066.0,7972.1232,5635
2026-03-31 04:00:00,2066.0,2071.7,2056.2,2059.9,17301.7345,6821
2026-03-31 05:00:00,2059.8,2067.8,2054.2,2063.1,16243.2866,6314
2026-03-31 06:00:00,2063.1,2064.0,2054.2,2061.5,6572.5707,5806
2026-03-31 07:00:00,2061.6,2062.1,2041.0,2055.0,66213.126,29819
2026-03-31 08:00:00,2055.1,2058.3,2035.2,2039.1,23048.2106,9388
2026-03-31 09:00:00,2039.1,2043.3,2010.7,2016.7,57979.9024,13018
2026-03-31 10:00:00,2016.9,2029.0,2015.9,2025.3,11666.4525,5668
2026-03-31 11:00:00,2025.3,2043.6,2022.1,2040.1,35259.5851,10354
2026-03-31 12:00:00,2040.4,2057.0,2034.8,2047.1,26647.3267,9436
2026-03-31 13:00:00,2046.8,2079.2,2046.8,2073.8,28301.0076,13036
2026-03-31 14:00:00,2073.9,2090.9,2036.3,2044.9,72655.7848,21389
2026-03-31 15:00:00,2045.1,2077.4,2044.3,2053.8,34046.0329,13482
2026-03-31 16:00:00,2053.7,2108.8,2053.2,2090.3,71335.9573,20305
2026-03-31 17:00:00,2090.3,2122.4,2087.9,2092.1,64805.8928,21443
2026-03-31 18:00:00,2092.2,2113.9,2092.2,2098.6,26572.9465,10834
2026-03-31 19:00:00,2098.7,2102.9,2090.7,2095.9,27836.3719,8605
2026-03-31 20:00:00,2095.9,2109.0,2094.9,2106.5,22086.8661,7101
2026-03-31 21:00:00,2106.5,2107.2,2092.8,2101.6,16972.6154,6659
2026-03-31 22:00:00,2101.5,2103.0,2088.0,2095.3,30082.4984,7754
2026-03-31 23:00:00,2095.4,2107.4,2091.8,2104.0,46910.4785,7807
2026-04-01 00:00:00,2103.9,2116.0,2095.8,2113.9,23407.4219,9285
2026-04-01 01:00:00,2113.8,2115.0,2089.9,2091.8,20552.9625,7764
2026-04-01 02:00:00,2092.0,2095.2,2082.0,2087.2,17774.8466,7525
2026-04-01 03:00:00,2087.3,2105.7,2087.3,2102.1,13151.8015,7084
2026-04-01 04:00:00,2101.9,2115.0,2099.2,2110.4,29727.4664,11001
2026-04-01 05:00:00,2110.4,2135.7,2105.5,2121.5,28555.917,11924
2026-04-01 06:00:00,2121.9,2155.9,2121.6,2150.5,44267.482,19025
2026-04-01 07:00:00,2150.9,2156.1,2129.0,2129.9,58262.9066,13759
2026-04-01 08:00:00,2130.0,2142.0,2123.9,2136.0,42113.7216,12058
2026-04-01 09:00:00,2136.0,2139.6,2127.1,2135.7,17418.939,7925
2026-04-01 10:00:00,2135.7,2136.9,2125.5,2131.6,9280.2326,6008
2026-04-01 11:00:00,2131.5,2138.7,2129.6,2134.5,5920.3909,5269
2026-04-01 12:00:00,2134.5,2146.4,2121.0,2129.8,25305.4398,10141
2026-04-01 13:00:00,2129.8,2133.9,2107.8,2118.1,47439.3837,15864
2026-04-01 14:00:00,2118.2,2129.6,2112.9,2125.8,14807.6938,9827
2026-04-01 15:00:00,2125.7,2136.8,2121.3,2134.1,12418.0265,7419
2026-04-01 16:00:00,2134.0,2150.0,2123.9,2145.0,37303.0539,11491
2026-04-01 17:00:00,2144.9,2166.9,2132.4,2135.9,55768.375,14196
2026-04-01 18:00:00,2135.8,2136.6,2122.7,2127.7,27906.2336,11269
2026-04-01 19:00:00,2127.6,2143.4,2126.4,2139.4,38868.292,9896
2026-04-01 20:00:00,2139.5,2146.1,2129.0,2142.1,24472.405,9298
2026-04-01 21:00:00,2142.1,2163.2,2141.4,2155.3,26898.3954,9866
2026-04-01 22:00:00,2155.1,2156.7,2136.5,2138.9,40971.2446,10216
2026-04-01 23:00:00,2138.9,2144.4,2133.8,2138.5,8787.9914,4729
2026-04-02 00:00:00,2138.4,2157.8,2134.7,2154.7,23671.752,7821
2026-04-02 01:00:00,2154.6,2154.7,2088.4,2098.5,137252.7793,29465
2026-04-02 02:00:00,2098.4,2098.4,2063.9,2072.6,50765.2529,13749
2026-04-02 03:00:00,2072.6,2075.3,2045.6,2054.8,18182.4158,9065
2026-04-02 04:00:00,2054.7,2057.0,2040.2,2043.3,26926.1677,8204
2026-04-02 05:00:00,2043.2,2050.1,2038.0,2049.4,24121.6965,7589
2026-04-02 06:00:00,2049.2,2052.9,2044.4,2049.1,9452.338,5316
2026-04-02 07:00:00,2049.1,2055.5,2043.1,2054.9,13318.3735,9523
2026-04-02 08:00:00,2054.8,2054.9,2045.0,2045.2,8074.4697,21162
2026-04-02 09:00:00,2045.1,2047.0,2038.9,2042.9,5682.4582,24793
2026-04-02 10:00:00,2042.9,2044.1,2032.0,2037.7,15251.7653,12583
2026-04-02 11:00:00,2037.8,2039.3,2025.0,2032.2,9839.5198,7491
2026-04-02 12:00:00,2032.2,2032.5,2023.4,2025.8,15275.1999,13127
2026-04-02 13:00:00,2026.1,2040.0,2016.0,2038.1,41909.6263,22249
2026-04-02 14:00:00,2038.0,2071.1,2031.9,2062.9,46406.2396,29846
2026-04-02 15:00:00,2062.9,2066.5,2047.5,2058.5,35764.1315,18131
2026-04-02 16:00:00,2058.6,2073.3,2051.2,2062.2,17109.0808,12696
2026-04-02 17:00:00,2062.1,2071.2,2043.7,2045.9,21383.7489,12482
2026-04-02 18:00:00,2046.0,2061.4,2042.5,2057.5,18061.8256,8272
2026-04-02 19:00:00,2057.6,2065.4,2053.7,2064.1,20518.6625,6934
2026-04-02 20:00:00,2064.1,2073.4,2060.0,2067.2,11516.1763,6634
2026-04-02 21:00:00,2067.3,2069.6,2054.9,2062.1,16076.4663,5685
2026-04-02 22:00:00,2062.1,2063.8,2052.2,2058.9,2675.8082,3290
2026-04-02 23:00:00,2058.9,2060.5,2052.7,2055.9,11363.4129,3249
2026-04-03 00:00:00,2056.0,2058.5,2049.0,2051.7,5948.6667,3337
2026-04-03 01:00:00,2051.7,2061.6,2044.0,2049.0,8748.9035,4745
2026-04-03 02:00:00,2049.0,2058.6,2040.0,2051.5,6220.1438,4900
2026-04-03 03:00:00,2051.4,2056.1,2049.1,2053.3,11253.9795,3356
2026-04-03 04:00:00,2053.2,2056.6,2048.3,2053.2,2612.9887,2985
2026-04-03 05:00:00,2053.6,2064.2,2046.7,2056.2,14828.6101,5468
2026-04-03 06:00:00,2056.3,2065.6,2054.2,2062.7,5114.9575,4125
2026-04-03 07:00:00,2062.8,2074.3,2061.0,2064.6,5471.9919,4590
2026-04-03 08:00:00,2064.7,2070.9,2057.5,2059.7,10067.5541,4684
2026-04-03 09:00:00,2059.7,2063.0,2056.0,2060.4,2466.3692,2587
2026-04-03 10:00:00,2060.3,2060.3,2052.1,2058.7,11948.7289,3780
2026-04-03 11:00:00,2058.8,2063.8,2056.6,2062.0,5696.4504,2797
2026-04-03 12:00:00,2062.0,2080.0,2043.5,2048.6,16927.9303,9055
2026-04-03 13:00:00,2048.9,2049.9,2040.7,2047.0,15241.1921,7818
2026-04-03 14:00:00,2047.0,2056.0,2044.2,2053.4,11160.285,5617
2026-04-03 15:00:00,2053.3,2056.7,2048.3,2050.1,3144.5751,3476
2026-04-03 16:00:00,2050.2,2055.6,2048.8,2053.9,6003.3373,3490
2026-04-03 17:00:00,2053.9,2054.3,2042.5,2049.3,12294.9311,4969
2026-04-03 18:00:00,2049.3,2052.9,2047.0,2048.1,13952.2817,3679
2026-04-03 19:00:00,2048.6,2053.5,2044.7,2051.9,5171.4312,2687
2026-04-03 20:00:00,2051.9,2053.9,2050.9,2051.8,3459.4698,2340
2026-04-03 21:00:00,2051.8,2059.6,2051.8,2057.7,7412.4403,3187
2026-04-03 22:00:00,2057.4,2058.4,2048.6,2051.0,3316.5317,2412
2026-04-03 23:00:00,2050.9,2053.1,2048.0,2052.8,2339.9932,2058
2026-04-04 00:00:00,2052.7,2052.9,2050.4,2051.3,1109.9529,1641
2026-04-04 01:00:00,2051.2,2052.9,2048.7,2050.4,1142.7652,1653
2026-04-04 02:00:00,2050.4,2052.6,2046.9,2049.0,1467.0161,1686
2026-04-04 03:00:00,2049.1,2051.3,2048.9,2049.0,680.1774,1227
2026-04-04 04:00:00,2049.2,2050.6,2047.5,2050.2,1896.3296,1692
2026-04-04 05:00:00,2050.3,2053.9,2049.7,2052.8,570.0204,1748
2026-04-04 06:00:00,2052.8,2057.1,2052.0,2055.6,3314.5344,2156
2026-04-04 07:00:00,2055.5,2056.1,2051.1,2052.7,1886.3589,1805
2026-04-04 08:00:00,2052.8,2054.4,2048.5,2049.6,2674.1021,2169
2026-04-04 09:00:00,2049.6,2051.0,2048.3,2049.4,879.1297,1526
2026-04-04 10:00:00,2049.5,2054.1,2047.0,2053.5,7747.6603,3060
2026-04-04 11:00:00,2053.5,2054.3,2050.1,2050.9,5045.3933,2121
2026-04-04 12:00:00,2051.0,2052.5,2047.0,2049.0,7786.1562,2894
2026-04-04 13:00:00,2049.0,2053.8,2048.8,2052.5,5196.8935,2514
2026-04-04 14:00:00,2052.5,2053.8,2043.7,2052.1,4782.4476,3213
2026-04-04 15:00:00,2052.1,2060.0,2051.3,2055.4,5496.013,4806
2026-04-04 16:00:00,2055.3,2061.4,2052.4,2054.9,3204.4667,3231
2026-04-04 17:00:00,2054.9,2057.7,2052.1,2056.0,6096.3472,2723
2026-04-04 18:00:00,2056.0,2057.8,2054.0,2054.3,3979.9123,2760
2026-04-04 19:00:00,2054.4,2083.6,2054.3,2063.7,29612.1082,9167
2026-04-04 20:00:00,2063.8,2064.0,2059.0,2061.9,6063.0958,3113
2026-04-04 21:00:00,2062.0,2070.7,2061.9,2068.0,4916.4443,3442
2026-04-04 22:00:00,2068.1,2071.2,2067.4,2068.1,3287.7257,3402
2026-04-04 23:00:00,2068.2,2068.2,2061.7,2064.5,4241.6802,2875
2026-04-05 00:00:00,2064.5,2064.7,2059.6,2061.2,3307.4818,2499
2026-04-05 01:00:00,2061.3,2061.4,2056.2,2056.5,2026.2852,2451
2026-04-05 02:00:00,2056.5,2058.9,2053.2,2058.7,2205.9671,2610
2026-04-05 03:00:00,2058.7,2059.4,2054.2,2055.4,4341.7869,1992
2026-04-05 04:00:00,2055.5,2057.2,2053.1,2054.1,1490.3917,1686
2026-04-05 05:00:00,2054.2,2055.5,2046.0,2047.5,7883.1246,3156
2026-04-05 06:00:00,2047.4,2047.8,2026.3,2037.4,21713.8122,8524
2026-04-05 07:00:00,2037.6,2041.6,2033.4,2036.3,4261.1011,3328
2026-04-05 08:00:00,2036.2,2038.8,2034.7,2038.5,2287.0675,2654
2026-04-05 09:00:00,2038.5,2045.0,2037.9,2043.4,4947.7411,3570
2026-04-05 10:00:00,2043.4,2051.7,2041.7,2043.8,4017.6421,3296
2026-04-05 11:00:00,2043.8,2044.9,2039.5,2041.5,2252.5357,2430
2026-04-05 12:00:00,2041.4,2041.4,2021.0,2027.1,14978.3781,7556
2026-04-05 13:00:00,2027.1,2036.4,2024.7,2035.9,5193.9299,5372
2026-04-05 14:00:00,2035.7,2042.0,2034.3,2037.3,3455.0541,4385
2026-04-05 15:00:00,2037.4,2068.6,2033.4,2052.7,27877.9046,12319
2026-04-05 16:00:00,2053.0,2058.3,2050.0,2050.9,5919.2966,4443
2026-04-05 17:00:00,2050.9,2061.2,2048.0,2061.2,9029.3312,4696
2026-04-05 18:00:00,2061.1,2065.5,2056.6,2061.6,13649.5756,4533
2026-04-05 19:00:00,2061.7,2068.7,2057.2,2060.9,4434.2579,3735
2026-04-05 20:00:00,2061.0,2073.8,2060.9,2067.9,5578.6799,4358
2026-04-05 21:00:00,2067.9,2068.2,2056.1,2059.1,3177.235,4339
2026-04-05 22:00:00,2059.1,2087.6,2048.9,2084.6,32208.1394,14542
2026-04-05 23:00:00,2084.7,2122.2,2081.6,2108.7,51148.2676,20504
2026-04-06 00:00:00,2109.0,2134.7,2109.0,2121.0,27301.4721,15965
2026-04-06 01:00:00,2121.1,2123.5,2111.7,2113.9,7259.4266,7084
2026-04-06 02:00:00,2113.9,2144.8,2113.5,2132.8,19192.4643,12102
2026-04-06 03:00:00,2132.7,2136.3,2125.3,2128.1,19383.2297,8346
2026-04-06 04:00:00,2128.1,2133.4,2123.9,2130.1,7694.4499,6071
2026-04-06 05:00:00,2130.0,2133.8,2127.6,2130.7,7279.8792,4828
2026-04-06 06:00:00,2130.6,2138.0,2119.1,2126.5,10669.3892,7746
2026-04-06 07:00:00,2126.4,2139.9,2121.9,2134.2,24948.9206,8245
2026-04-06 08:00:00,2134.2,2146.8,2132.5,2138.0,15004.6116,8847
2026-04-06 09:00:00,2137.9,2172.7,2137.6,2149.8,32701.5429,16999
2026-04-06 10:00:00,2150.0,2156.4,2148.8,2152.6,7346.9732,6799
2026-04-06 11:00:00,2152.5,2152.6,2146.0,2150.2,8121.5748,5665
2026-04-06 12:00:00,2150.2,2153.5,2140.7,2142.0,13496.6519,6724
2026-04-06 13:00:00,2141.9,2148.5,2137.2,2145.3,23824.4188,12809
2026-04-06 14:00:00,2145.2,2163.6,2136.8,2155.3,29692.1859,20084
2026-04-06 15:00:00,2155.4,2168.1,2154.5,2163.4,13975.6146,12797
2026-04-06 16:00:00,2163.5,2167.5,2139.3,2139.5,29789.3861,13504
2026-04-06 17:00:00,2139.4,2139.8,2122.7,2134.0,46006.0,16872
2026-04-06 18:00:00,2134.0,2147.4,2130.5,2143.7,17702.0335,9411
2026-04-06 19:00:00,2143.8,2144.7,2135.0,2143.0,15087.6017,6714
2026-04-06 20:00:00,2143.3,2153.5,2138.9,2147.8,5171.0587,5407
2026-04-06 21:00:00,2147.7,2147.7,2136.9,2138.4,8146.1918,5733
2026-04-06 22:00:00,2138.3,2140.0,2104.0,2104.0,27348.8707,11150
2026-04-06 23:00:00,2104.1,2109.4,2087.3,2106.4,43375.9042,16711
2026-04-07 00:00:00,2106.2,2118.9,2103.6,2111.5,32373.121,11094
2026-04-07 01:00:00,2111.5,2118.9,2096.4,2098.2,11339.5677,9018
2026-04-07 02:00:00,2098.2,2110.7,2091.7,2105.9,26184.7592,8269
2026-04-07 03:00:00,2105.7,2108.9,2102.8,2107.3,10921.2431,4442
2026-04-07 04:00:00,2107.2,2118.5,2102.5,2112.9,4578.4661,5372
2026-04-07 05:00:00,2113.2,2113.5,2103.0,2104.8,4338.3647,3883
2026-04-07 06:00:00,2104.5,2105.3,2095.9,2103.0,5491.7349,5463
2026-04-07 07:00:00,2103.1,2105.0,2098.0,2102.9,5489.033,4651
2026-04-07 08:00:00,2102.9,2116.3,2102.3,2113.8,16341.3237,9129
2026-04-07 09:00:00,2113.9,2132.2,2113.3,2127.4,22554.3562,8996
2026-04-07 10:00:00,2127.5,2130.5,2085.2,2088.1,41693.836,15303
2026-04-07 11:00:00,2088.2,2092.9,2081.2,2088.4,18547.1958,8923
2026-04-07 12:00:00,2088.4,2091.1,2073.0,2085.9,44740.7105,14622
2026-04-07 13:00:00,2085.8,2092.3,2073.9,2075.3,32666.2777,12772
2026-04-07 14:00:00,2075.0,2079.6,2060.0,2068.5,23946.5103,16747
2026-04-07 15:00:00,2068.6,2082.3,2064.1,2079.4,16771.1835,8701
2026-04-07 16:00:00,2079.2,2089.7,2076.6,2083.1,14868.795,7653
2026-04-07 17:00:00,2083.1,2112.6,2079.0,2098.4,33997.3152,11234
2026-04-07 18:00:00,2098.5,2100.6,2081.3,2085.4,22895.168,8026
2026-04-07 19:00:00,2085.4,2115.9,2083.2,2113.4,46588.8585,15279
2026-04-07 20:00:00,2113.2,2124.8,2110.0,2114.7,48159.8035,11015
2026-04-07 21:00:00,2114.8,2152.7,2114.8,2144.2,68987.3368,18536
2026-04-07 22:00:00,2144.4,2218.5,2144.4,2218.0,145850.9391,38032
2026-04-07 23:00:00,2218.5,2274.1,2215.2,2239.7,120829.2447,39501
2026-04-08 00:00:00,2239.6,2249.7,2228.0,2235.4,49705.4465,15760
2026-04-08 01:00:00,2235.8,2242.4,2230.0,2233.4,26994.5518,9936
2026-04-08 02:00:00,2233.5,2246.5,2229.8,2236.4,20783.6879,9274
2026-04-08 03:00:00,2236.4,2238.5,2231.8,2233.9,6177.4371,6334
2026-04-08 04:00:00,2233.9,2251.8,2233.9,2242.3,30380.6315,12249
2026-04-08 05:00:00,2241.9,2244.5,2238.2,2239.8,8441.5219,6652
2026-04-08 06:00:00,2239.8,2253.0,2234.8,2245.1,10242.6319,7686
2026-04-08 07:00:00,2245.3,2259.9,2243.8,2253.0,12572.6441,7531
2026-04-08 08:00:00,2253.0,2258.5,2249.5,2255.8,10941.683,7736
2026-04-08 09:00:00,2255.8,2262.3,2245.6,2249.0,21766.5562,7107
2026-04-08 10:00:00,2249.1,2253.3,2242.2,2242.2,9923.7233,5544
2026-04-08 11:00:00,2242.2,2254.6,2236.9,2246.5,15828.0437,7728
2026-04-08 12:00:00,2246.8,2258.6,2243.0,2255.2,14433.8748,8546
2026-04-08 13:00:00,2255.3,2269.7,2231.0,2236.0,56491.049,21606
2026-04-08 14:00:00,2235.8,2239.9,2186.2,2194.5,66135.8824,25625
2026-04-08 15:00:00,2194.5,2217.4,2193.0,2215.2,31508.4305,12378
2026-04-08 16:00:00,2215.2,2223.6,2210.7,2220.3,32687.1913,9996
2026-04-08 17:00:00,2220.3,2238.5,2212.1,2231.1,32919.5503,11688
2026-04-08 18:00:00,2231.1,2232.0,2198.7,2200.3,25764.809,12776
2026-04-08 19:00:00,2200.4,2211.1,2196.5,2210.7,15005.6863,9429
2026-04-08 20:00:00,2210.4,2215.7,2204.6,2209.0,15358.9591,6285
2026-04-08 21:00:00,2208.9,2221.6,2206.9,2213.8,14352.4781,6495
2026-04-08 22:00:00,2213.7,2213.9,2186.5,2188.9,15090.7973,8784
2026-04-08 23:00:00,2188.8,2192.9,2179.2,2189.1,25649.2347,9015
2026-04-09 00:00:00,2189.0,2192.8,2178.1,2182.5,7936.084,6755
2026-04-09 01:00:00,2182.5,2184.1,2161.0,2177.6,22566.2202,10634
2026-04-09 02:00:00,2177.5,2184.1,2173.2,2180.6,10248.1876,5092
2026-04-09 03:00:00,2180.7,2183.2,2175.2,2181.4,2067.7754,3369
2026-04-09 04:00:00,2181.3,2181.7,2175.7,2176.9,2967.4359,3483
2026-04-09 05:00:00,2176.8,2188.0,2174.3,2181.2,9019.7553,4615
2026-04-09 06:00:00,2181.1,2185.3,2174.6,2180.7,4656.847,3614
2026-04-09 07:00:00,2180.6,2184.9,2179.0,2180.0,9622.9636,4427
2026-04-09 08:00:00,2180.0,2189.7,2175.5,2185.2,8532.3238,6087
2026-04-09 09:00:00,2185.1,2200.0,2178.6,2193.3,23943.9914,6195
2026-04-09 10:00:00,2193.3,2194.7,2187.2,2189.5,11217.4622,5785
2026-04-09 11:00:00,2189.5,2191.7,2176.9,2178.8,29504.8498,11987
2026-04-09 12:00:00,2178.8,2185.7,2173.4,2182.1,8726.798,6689
2026-04-09 13:00:00,2182.1,2184.8,2157.8,2164.2,40333.9344,14051
2026-04-09 14:00:00,2164.1,2180.8,2156.7,2176.7,25451.4797,11435
2026-04-09 15:00:00,2176.7,2224.0,2168.8,2217.1,64158.2356,23762
2026-04-09 16:00:00,2217.0,2227.9,2192.7,2207.1,30289.5289,14109
2026-04-09 17:00:00,2207.1,2224.7,2205.6,2221.7,33489.9021,14209
2026-04-09 18:00:00,2221.9,2223.2,2200.0,2206.0,24223.4527,9891
2026-04-09 19:00:00,2206.0,2223.7,2203.6,2216.3,50323.6661,16666
2026-04-09 20:00:00,2216.2,2221.5,2210.4,2212.6,10401.6045,5614
2026-04-09 21:00:00,2212.5,2225.3,2207.1,2210.0,12420.8643,7270
2026-04-09 22:00:00,2210.3,2245.8,2196.2,2196.9,40610.099,13184
2026-04-09 23:00:00,2196.8,2200.0,2182.7,2189.1,23713.1574,9921
2026-04-10 00:00:00,2189.1,2196.2,2181.4,2194.1,14038.5812,7079
2026-04-10 01:00:00,2194.1,2203.3,2177.0,2193.8,17930.5213,8409
2026-04-10 02:00:00,2193.8,2197.4,2185.8,2188.0,3258.5726,3794
2026-04-10 03:00:00,2187.9,2191.3,2181.7,2185.0,4027.3111,3577
2026-04-10 04:00:00,2185.3,2198.8,2185.1,2195.1,3658.0309,3806
2026-04-10 05:00:00,2195.0,2202.4,2191.8,2196.0,7308.5452,4401
2026-04-10 06:00:00,2196.0,2197.8,2183.1,2185.1,7729.6297,4414
2026-04-10 07:00:00,2185.2,2187.5,2175.4,2178.7,5387.9289,4213
2026-04-10 08:00:00,2178.8,2189.2,2176.4,2184.9,10055.5027,5171
2026-04-10 09:00:00,2184.9,2196.7,2184.8,2195.5,7326.6475,6191
2026-04-10 10:00:00,2195.4,2197.8,2190.1,2196.2,9583.8331,4104
2026-04-10 11:00:00,2196.2,2223.4,2196.1,2215.0,19788.3102,9505
2026-04-10 12:00:00,2215.0,2228.1,2207.3,2218.0,31051.2069,11637
2026-04-10 13:00:00,2217.9,2224.7,2207.8,2222.1,21441.3573,10811
2026-04-10 14:00:00,2222.0,2252.6,2220.3,2241.4,42886.5067,21484
2026-04-10 15:00:00,2241.3,2256.0,2219.6,2222.4,28235.5515,13361
2026-04-10 16:00:00,2222.7,2245.9,2220.5,2244.1,31073.4899,12509
2026-04-10 17:00:00,2244.2,2248.7,2238.4,2247.4,11003.4463,6565
2026-04-10 18:00:00,2247.2,2250.0,2238.2,2248.7,15585.1368,7359
2026-04-10 19:00:00,2248.7,2254.7,2241.9,2252.2,21398.7906,7977
2026-04-10 20:00:00,2252.4,2256.0,2242.1,2254.4,13192.2339,7422
2026-04-10 21:00:00,2254.5,2254.9,2242.1,2253.8,16599.2807,6650
2026-04-10 22:00:00,2253.8,2254.2,2235.0,2241.4,7574.833,5275
2026-04-10 23:00:00,2241.4,2244.6,2238.2,2244.1,2606.8204,2578
2026-04-11 00:00:00,2244.1,2244.2,2234.8,2237.8,2582.4627,3066
2026-04-11 01:00:00,2237.8,2245.5,2234.1,2243.1,2607.9359,3549
2026-04-11 02:00:00,2243.5,2250.0,2241.3,2247.1,2212.5973,3113
2026-04-11 03:00:00,2247.1,2249.9,2234.9,2236.0,3392.0926,3184
2026-04-11 04:00:00,2236.0,2242.0,2235.0,2239.9,4542.8866,2799
2026-04-11 05:00:00,2239.9,2240.0,2227.9,2232.0,1915.4125,3121
2026-04-11 06:00:00,2232.0,2235.6,2229.0,2234.8,7576.6296,3591
2026-04-11 07:00:00,2234.8,2235.6,2230.2,2231.8,2428.8007,2609
2026-04-11 08:00:00,2232.0,2234.4,2231.4,2232.1,1677.2812,2426
2026-04-11 09:00:00,2232.1,2248.2,2231.5,2242.4,7917.5985,6023
2026-04-11 10:00:00,2242.5,2243.9,2236.8,2239.2,9605.4508,5036
2026-04-11 11:00:00,2239.3,2245.8,2237.2,2244.9,7708.8281,4185
2026-04-11 12:00:00,2245.0,2246.1,2240.5,2244.4,3145.3007,3484
2026-04-11 13:00:00,2244.5,2244.5,2232.0,2238.9,13590.753,6704
2026-04-11 14:00:00,2238.7,2242.9,2237.7,2241.3,9156.2611,3726
2026-04-11 15:00:00,2241.3,2254.5,2240.7,2248.7,9755.6297,5613
2026-04-11 16:00:00,2248.7,2272.1,2245.5,2257.9,18939.9602,9278
2026-04-11 17:00:00,2257.9,2264.1,2252.6,2258.7,8208.7092,5416
2026-04-11 18:00:00,2258.7,2310.2,2256.3,2304.3,56993.5414,22511
2026-04-11 19:00:00,2304.4,2329.1,2304.4,2315.2,30759.3471,15548
2026-04-11 20:00:00,2315.2,2316.2,2287.6,2297.6,13809.4914,9734
2026-04-11 21:00:00,2298.0,2303.5,2292.0,2298.7,3220.6232,4667
2026-04-11 22:00:00,2298.4,2307.4,2289.0,2296.3,6897.1926,5774
2026-04-11 23:00:00,2296.3,2296.3,2275.8,2284.0,7520.2218,5913
2026-04-12 00:00:00,2284.1,2287.4,2276.7,2285.1,9112.6745,4955
2026-04-12 01:00:00,2285.1,2287.9,2207.9,2217.8,76392.5571,28990
2026-04-12 02:00:00,2217.8,2232.5,2206.0,2222.6,24871.4245,14090
2026-04-12 03:00:00,2222.6,2225.6,2211.8,2212.7,6897.5955,7164
2026-04-12 04:00:00,2212.7,2215.2,2208.9,2211.2,12632.4197,7510
2026-04-12 05:00:00,2211.3,2218.4,2207.7,2216.1,11026.3959,7067
2026-04-12 06:00:00,2216.1,2219.7,2213.8,2214.7,8235.8143,5138
2026-04-12 07:00:00,2214.5,2219.3,2211.7,2217.9,10715.2954,4998
2026-04-12 08:00:00,2217.8,2217.9,2211.4,2213.1,5126.9828,4729
2026-04-12 09:00:00,2213.1,2215.1,2210.5,2213.3,5194.7995,4482
2026-04-12 10:00:00,2213.4,2215.9,2193.1,2200.2,13875.2237,7450
2026-04-12 11:00:00,2200.3,2206.3,2195.8,2203.6,10260.3252,5398
2026-04-12 12:00:00,2203.4,2206.5,2188.0,2193.5,8611.4025,7257
2026-04-12 13:00:00,2193.4,2197.6,2184.3,2185.7,8959.5288,8092
2026-04-12 14:00:00,2185.7,2192.4,2177.1,2179.6,15814.1807,9440
2026-04-12 15:00:00,2179.6,2187.0,2174.7,2185.3,7307.6347,7072
2026-04-12 16:00:00,2185.3,2189.4,2182.3,2186.3,8920.1048,5477
2026-04-12 17:00:00,2186.3,2203.8,2186.3,2201.3,16766.3731,7985
2026-04-12 18:00:00,2201.4,2205.8,2198.6,2199.5,13438.5096,5476
2026-04-12 19:00:00,2199.4,2204.2,2196.1,2196.8,6796.0776,3708
2026-04-12 20:00:00,2196.8,2216.8,2192.2,2212.2,18745.7549,7656
2026-04-12 21:00:00,2212.2,2216.4,2203.9,2210.5,6817.5999,5511
2026-04-12 22:00:00,2210.4,2210.4,2183.0,2199.1,21243.8695,13007
2026-04-12 23:00:00,2199.1,2199.2,2185.2,2190.3,6590.2854,5660
2026-04-13 00:00:00,2190.5,2206.9,2186.3,2204.1,16104.0186,7801
2026-04-13 01:00:00,2204.1,2207.5,2199.8,2202.7,5179.5856,4194
2026-04-13 02:00:00,2202.7,2204.6,2191.6,2193.1,4566.9864,4320
2026-04-13 03:00:00,2193.1,2194.7,2189.5,2193.1,4188.6492,3437
2026-04-13 04:00:00,2193.2,2198.3,2186.5,2189.2,2789.6787,3526
2026-04-13 05:00:00,2189.2,2190.4,2181.5,2190.4,9510.6864,4239
2026-04-13 06:00:00,2190.4,2200.7,2189.6,2197.2,9106.1346,4519
2026-04-13 07:00:00,2197.4,2198.9,2182.0,2185.5,8783.1096,5019
2026-04-13 08:00:00,2185.5,2188.7,2178.7,2184.0,11014.018,5699
2026-04-13 09:00:00,2184.1,2193.9,2184.1,2186.8,5128.643,3435
2026-04-13 10:00:00,2186.8,2187.5,2177.5,2181.9,8593.1276,4357
2026-04-13 11:00:00,2182.0,2190.4,2181.4,2186.3,8198.8411,3854
2026-04-13 12:00:00,2186.3,2198.1,2174.1,2191.5,15072.4255,7507
2026-04-13 13:00:00,2191.5,2214.6,2180.6,2214.2,41657.221,18618
2026-04-13 14:00:00,2214.2,2234.0,2202.3,2233.4,47956.2535,17850
2026-04-13 15:00:00,2233.0,2235.0,2198.2,2208.1,29464.9449,11799
2026-04-13 16:00:00,2208.1,2233.1,2199.3,2225.0,21838.1949,13391
2026-04-13 17:00:00,2224.8,2241.7,2221.6,2224.0,17350.4454,10139
2026-04-13 18:00:00,2223.9,2233.1,2217.4,2231.1,11545.6134,7724
2026-04-13 19:00:00,2231.2,2267.4,2226.9,2261.4,68364.9242,20040
2026-04-13 20:00:00,2261.3,2261.7,2246.8,2251.3,19592.2357,9439
2026-04-13 21:00:00,2251.2,2264.4,2248.5,2259.0,8024.9412,6294
2026-04-13 22:00:00,2259.0,2362.9,2258.8,2351.4,102827.5964,39559
2026-04-13 23:00:00,2351.6,2391.7,2340.2,2368.2,53202.6544,24525
2026-04-14 00:00:00,2368.2,2373.3,2358.3,2360.5,25883.0061,10263
2026-04-14 01:00:00,2360.1,2372.4,2353.7,2367.6,15050.9138,8336
2026-04-14 02:00:00,2367.5,2376.4,2365.5,2366.6,8024.1017,6187
2026-04-14 03:00:00,2366.5,2369.2,2361.1,2364.2,3994.4507,5328
2026-04-14 04:00:00,2364.3,2367.0,2361.0,2362.8,4520.0796,5137
2026-04-14 05:00:00,2362.8,2368.2,2353.7,2353.8,12038.3503,5799
2026-04-14 06:00:00,2353.9,2374.8,2353.8,2372.4,6018.1459,5556
2026-04-14 07:00:00,2372.3,2388.1,2369.7,2376.7,13500.2943,9299
2026-04-14 08:00:00,2376.7,2394.5,2373.3,2386.4,21788.9208,10352
2026-04-14 09:00:00,2386.4,2393.0,2381.9,2385.5,19405.4244,8967
2026-04-14 10:00:00,2385.5,2386.3,2371.5,2373.8,8823.6168,5849
2026-04-14 11:00:00,2373.4,2376.0,2366.1,2373.1,9553.5773,6013
2026-04-14 12:00:00,2373.1,2376.8,2367.2,2372.5,9432.5,6179
2026-04-14 13:00:00,2372.6,2394.0,2371.1,2389.0,101149.4366,22714
2026-04-14 14:00:00,2389.0,2413.8,2351.0,2351.1,105608.1181,36147
2026-04-14 15:00:00,2351.1,2369.6,2329.4,2362.9,62571.3951,24166
2026-04-14 16:00:00,2362.9,2369.1,2327.0,2331.9,31089.2461,14443
2026-04-14 17:00:00,2332.0,2343.2,2322.0,2336.4,31429.0888,13812
2026-04-14 18:00:00,2336.6,2342.5,2307.6,2311.9,26202.9016,13003
2026-04-14 19:00:00,2311.9,2321.0,2301.3,2311.4,20493.9295,12001
2026-04-14 20:00:00,2311.3,2320.9,2306.7,2313.3,16499.3639,7912
2026-04-14 21:00:00,2313.2,2324.5,2313.2,2322.4,14805.8981,7627
2026-04-14 22:00:00,2322.2,2330.4,2310.6,2313.4,12870.4826,7935
2026-04-14 23:00:00,2313.5,2324.9,2312.6,2320.9,9307.7974,4926
2026-04-15 00:00:00,2320.7,2341.2,2320.3,2332.5,9418.5108,7624
2026-04-15 01:00:00,2332.6,2340.4,2330.0,2334.3,8365.2815,5968
2026-04-15 02:00:00,2334.4,2336.6,2316.1,2323.4,11172.0332,5880
2026-04-15 03:00:00,2323.6,2328.0,2319.3,2327.2,3646.5744,3906
2026-04-15 04:00:00,2327.3,2333.0,2326.7,2331.9,14775.0087,6245
2026-04-15 05:00:00,2331.9,2336.3,2313.0,2317.9,14187.3436,6598
2026-04-15 06:00:00,2317.9,2319.0,2314.0,2315.5,7080.2812,4612
2026-04-15 07:00:00,2315.6,2322.0,2308.0,2314.9,11047.5144,7401
2026-04-15 08:00:00,2315.1,2331.2,2312.7,2326.2,11180.0535,5368
2026-04-15 09:00:00,2326.2,2327.8,2317.0,2318.8,7761.2274,4145
2026-04-15 10:00:00,2318.9,2326.5,2311.2,2315.3,16923.0436,6334
2026-04-15 11:00:00,2315.3,2336.6,2315.3,2335.9,10256.4556,6428
2026-04-15 12:00:00,2336.0,2338.0,2328.5,2331.5,10461.7391,5856
2026-04-15 13:00:00,2331.5,2333.0,2316.6,2325.6,12631.1836,9088
2026-04-15 14:00:00,2325.6,2343.7,2320.7,2336.1,27458.1342,12732
2026-04-15 15:00:00,2336.3,2347.9,2318.5,2330.3,24803.1871,11935
2026-04-15 16:00:00,2330.4,2348.8,2328.1,2340.0,40206.1753,14300
2026-04-15 17:00:00,2340.0,2356.8,2338.4,2346.9,32943.5878,11064
2026-04-15 18:00:00,2346.9,2358.0,2344.9,2357.1,22860.4985,8954
2026-04-15 19:00:00,2357.2,2383.0,2355.7,2372.6,28552.6902,14715
2026-04-15 20:00:00,2372.8,2374.0,2351.7,2361.1,30011.1204,10711
2026-04-15 21:00:00,2361.1,2362.1,2346.9,2359.8,17027.5077,7168
2026-04-15 22:00:00,2359.5,2378.8,2358.6,2361.7,25475.3866,11257
2026-04-15 23:00:00,2361.6,2361.8,2348.0,2358.3,13312.9458,6531
2026-04-16 00:00:00,2358.2,2362.2,2348.5,2359.1,8928.5424,5978
2026-04-16 01:00:00,2359.0,2359.0,2344.3,2350.5,8703.7941,4582
2026-04-16 02:00:00,2350.5,2367.7,2348.5,2355.5,5966.6262,4966
2026-04-16 03:00:00,2355.4,2363.7,2354.6,2356.1,2282.6809,2774
2026-04-16 04:00:00,2356.1,2361.9,2346.7,2352.3,5662.818,4837
2026-04-16 05:00:00,2352.3,2359.1,2348.1,2354.9,2457.8442,2910
2026-04-16 06:00:00,2355.0,2358.9,2348.6,2354.3,3777.7027,3383
2026-04-16 07:00:00,2354.2,2355.0,2334.2,2340.2,11690.135,6051
2026-04-16 08:00:00,2340.3,2344.0,2333.4,2337.3,5493.3242,5447
2026-04-16 09:00:00,2337.3,2346.8,2336.1,2336.2,8911.4902,3916
2026-04-16 10:00:00,2336.2,2338.4,2326.8,2330.5,14639.5026,6506
2026-04-16 11:00:00,2330.6,2334.3,2328.0,2333.9,25027.3706,8357
2026-04-16 12:00:00,2333.8,2346.8,2333.8,2338.7,9675.1331,5832
2026-04-16 13:00:00,2338.8,2349.6,2288.7,2306.6,60622.1454,20271
2026-04-16 14:00:00,2306.3,2314.6,2283.4,2308.4,43426.3121,16767
2026-04-16 15:00:00,2308.4,2348.0,2307.1,2337.8,38679.7931,16756
2026-04-16 16:00:00,2337.7,2347.3,2308.1,2315.0,18855.12,11972
2026-04-16 17:00:00,2315.1,2328.0,2308.2,2324.5,13242.385,8763
2026-04-16 18:00:00,2324.2,2345.4,2318.7,2342.0,27777.3651,11022
2026-04-16 19:00:00,2342.1,2360.6,2333.6,2358.8,42239.2605,13738
2026-04-16 20:00:00,2358.8,2363.4,2340.1,2349.0,19643.0487,8641
2026-04-16 21:00:00,2348.9,2355.2,2334.7,2339.9,9454.6386,6120
2026-04-16 22:00:00,2339.9,2349.0,2337.9,2341.3,14096.8286,5378
2026-04-16 23:00:00,2341.3,2353.6,2340.4,2347.4,7074.6266,3890
2026-04-17 00:00:00,2347.4,2349.7,2340.1,2343.2,4456.5747,4087
2026-04-17 01:00:00,2343.1,2347.7,2326.3,2333.7,8436.7505,6218
2026-04-17 02:00:00,2333.8,2337.4,2323.4,2330.4,5231.8218,3569
2026-04-17 03:00:00,2330.4,2330.6,2322.5,2324.2,3121.3908,3279
2026-04-17 04:00:00,2324.3,2332.4,2322.7,2327.6,3899.9987,3204
2026-04-17 05:00:00,2327.7,2328.2,2316.8,2318.0,5644.9949,4695
2026-04-17 06:00:00,2317.9,2330.9,2316.7,2329.8,4799.0737,3253
2026-04-17 07:00:00,2329.8,2340.7,2328.9,2332.7,11561.5243,5548
2026-04-17 08:00:00,2332.7,2357.6,2331.7,2353.1,9664.708,8649
2026-04-17 09:00:00,2353.4,2375.0,2346.9,2357.5,15719.792,11266
2026-04-17 10:00:00,2357.6,2359.8,2334.7,2342.5,14382.539,9158
2026-04-17 11:00:00,2342.4,2355.6,2342.0,2353.2,8421.781,5564
2026-04-17 12:00:00,2353.5,2380.0,2348.2,2370.5,14618.9354,12529
2026-04-17 13:00:00,2370.8,2439.2,2365.7,2434.8,94631.3129,44704
2026-04-17 14:00:00,2435.2,2455.7,2424.7,2444.9,61591.0421,25915
2026-04-17 15:00:00,2444.9,2447.8,2431.6,2440.1,51208.4219,15209
2026-04-17 16:00:00,2440.4,2462.5,2439.1,2449.2,40031.2043,13446
2026-04-17 17:00:00,2449.2,2450.2,2421.1,2438.8,31598.0283,14454
2026-04-17 18:00:00,2438.9,2441.0,2413.6,2418.4,21425.0359,11312
2026-04-17 19:00:00,2418.6,2431.2,2415.8,2426.1,17699.1375,7612
2026-04-17 20:00:00,2426.1,2433.3,2415.1,2425.4,10103.5947,6131
2026-04-17 21:00:00,2425.3,2431.7,2417.5,2427.8,3505.3585,4583
2026-04-17 22:00:00,2427.8,2440.1,2421.0,2431.2,8044.0183,5848
2026-04-17 23:00:00,2431.3,2431.3,2413.6,2417.1,8489.5133,5750
2026-04-18 00:00:00,2417.1,2421.9,2408.1,2419.0,9686.7438,5565
2026-04-18 01:00:00,2419.1,2426.0,2415.3,2419.4,2531.4794,3055
2026-04-18 02:00:00,2419.5,2423.1,2415.4,2417.7,2401.2748,2497
2026-04-18 03:00:00,2417.8,2417.9,2398.8,2403.4,5986.2382,4945
2026-04-18 04:00:00,2403.5,2408.7,2398.4,2406.0,3922.9546,4240
2026-04-18 05:00:00,2405.9,2411.9,2404.3,2407.5,2326.7669,2295
2026-04-18 06:00:00,2407.5,2410.2,2403.9,2408.2,2467.6933,2116
2026-04-18 07:00:00,2408.2,2409.4,2400.4,2402.4,4314.6462,2453
2026-04-18 08:00:00,2402.3,2403.5,2367.0,2379.4,23898.5839,12774
2026-04-18 09:00:00,2379.3,2379.3,2368.2,2374.4,8289.1828,5250
2026-04-18 10:00:00,2374.5,2374.5,2352.8,2357.9,10848.0911,7130
2026-04-18 11:00:00,2357.9,2359.3,2342.7,2351.6,14074.7806,7886
2026-04-18 12:00:00,2351.5,2360.4,2350.4,2356.4,10518.7938,5021
2026-04-18 13:00:00,2356.5,2358.5,2344.0,2353.8,9347.4067,4823
2026-04-18 14:00:00,2353.9,2363.8,2348.1,2363.8,10574.4405,5262
2026-04-18 15:00:00,2363.7,2367.6,2357.0,2361.8,7990.6474,3691
2026-04-18 16:00:00,2361.8,2373.2,2353.9,2359.3,11021.1273,5776
2026-04-18 17:00:00,2359.0,2363.2,2352.2,2360.1,7648.285,3552
2026-04-18 18:00:00,2360.2,2362.3,2337.2,2345.4,18787.1838,7911
2026-04-18 19:00:00,2345.6,2353.9,2344.8,2346.9,5230.3961,3526
2026-04-18 20:00:00,2347.0,2353.5,2343.1,2350.7,7762.1453,3307
2026-04-18 21:00:00,2350.7,2353.7,2346.0,2353.6,5297.4761,2958
2026-04-18 22:00:00,2353.7,2357.7,2346.8,2355.2,4648.895,3534
2026-04-18 23:00:00,2355.2,2357.6,2348.9,2348.9,5607.7158,2690
2026-04-19 00:00:00,2348.9,2353.9,2342.9,2347.5,5403.8879,3928
2026-04-19 01:00:00,2347.5,2351.9,2340.0,2346.4,4185.7414,3476
2026-04-19 02:00:00,2346.4,2347.8,2332.0,2337.1,6806.3019,5082
2026-04-19 03:00:00,2337.1,2342.3,2330.7,2338.4,8792.7995,4077
2026-04-19 04:00:00,2338.4,2344.5,2320.8,2331.5,7024.8707,5024
2026-04-19 05:00:00,2331.5,2337.0,2327.3,2331.1,4922.7846,3305
2026-04-19 06:00:00,2331.1,2331.6,2320.1,2325.5,6443.0009,4633
2026-04-19 07:00:00,2325.5,2325.8,2296.8,2314.2,29311.5055,11778
2026-04-19 08:00:00,2314.2,2319.6,2310.0,2316.9,14367.2202,5831
2026-04-19 09:00:00,2317.0,2317.8,2304.4,2308.5,10750.52,5179
2026-04-19 10:00:00,2308.5,2318.6,2305.2,2316.5,10651.0646,5306
2026-04-19 11:00:00,2316.6,2329.6,2315.9,2327.7,18273.9201,7179
2026-04-19 12:00:00,2327.7,2335.3,2323.1,2329.6,15312.7336,6720
2026-04-19 13:00:00,2329.6,2348.4,2329.0,2336.9,13608.3264,7457
2026-04-19 14:00:00,2336.9,2341.9,2325.4,2336.5,10087.3561,5757
2026-04-19 15:00:00,2336.4,2340.4,2314.3,2329.1,22293.125,7625
2026-04-19 16:00:00,2329.2,2329.4,2302.3,2309.9,42160.7205,12669
2026-04-19 17:00:00,2310.1,2316.1,2292.5,2294.8,54222.9597,14678
2026-04-19 18:00:00,2294.7,2299.9,2286.7,2294.4,19298.394,10483
2026-04-19 19:00:00,2294.5,2303.6,2292.8,2298.7,28327.8274,7852
2026-04-19 20:00:00,2298.7,2298.8,2272.1,2278.8,22431.9053,10755
2026-04-19 21:00:00,2278.9,2288.9,2273.2,2274.6,14829.5389,7855
2026-04-19 22:00:00,2274.4,2274.6,2251.0,2268.2,51613.469,20268
2026-04-19 23:00:00,2268.7,2268.8,2255.9,2261.3,35655.0592,10940
2026-04-20 00:00:00,2261.3,2281.7,2259.0,2278.6,17533.8496,10175
2026-04-20 01:00:00,2278.6,2293.4,2276.8,2285.0,24139.5625,9217
2026-04-20 02:00:00,2285.0,2285.8,2271.0,2276.4,9257.056,5549
2026-04-20 03:00:00,2276.5,2287.3,2274.7,2285.5,7233.4268,4733
2026-04-20 04:00:00,2285.4,2285.5,2277.6,2282.3,3846.035,4038
2026-04-20 05:00:00,2282.3,2282.3,2262.4,2269.1,18305.0952,6345
2026-04-20 06:00:00,2269.6,2288.1,2267.2,2284.8,13101.1047,7457
2026-04-20 07:00:00,2285.1,2332.0,2281.7,2296.8,44765.8059,20072
2026-04-20 08:00:00,2296.8,2307.0,2288.5,2292.8,10426.1816,8749
2026-04-20 09:00:00,2292.8,2312.7,2292.1,2307.8,6104.0953,6286
2026-04-20 10:00:00,2308.1,2318.9,2302.0,2302.1,11604.3694,7318
2026-04-20 11:00:00,2302.1,2311.3,2298.6,2307.3,8425.8441,6308
2026-04-20 12:00:00,2307.3,2322.0,2303.4,2318.3,15916.0613,8979
2026-04-20 13:00:00,2318.0,2325.0,2300.9,2309.6,41786.5109,15008
2026-04-20 14:00:00,2309.5,2320.0,2282.0,2289.5,44530.5661,19013
2026-04-20 15:00:00,2289.5,2317.5,2277.7,2312.4,42287.2198,16186
2026-04-20 16:00:00,2312.7,2313.3,2297.1,2298.7,13088.3118,7374
2026-04-20 17:00:00,2298.7,2321.3,2296.2,2315.5,36007.3674,10404
2026-04-20 18:00:00,2315.8,2343.0,2315.8,2332.6,28718.7372,14143
2026-04-20 19:00:00,2332.6,2334.6,2325.7,2330.5,8677.021,5860
2026-04-20 20:00:00,2330.6,2338.1,2324.2,2336.1,11628.2717,6730
2026-04-20 21:00:00,2336.1,2345.9,2313.5,2320.2,18166.1426,9971
2026-04-20 22:00:00,2320.2,2326.6,2315.2,2317.7,5824.5791,4285
2026-04-20 23:00:00,2317.6,2317.6,2306.1,2312.1,9276.0766,5883
2026-04-21 00:00:00,2312.1,2323.0,2309.9,2320.7,23362.9217,7388
2026-04-21 01:00:00,2320.6,2324.8,2311.0,2313.4,15520.3469,4766
2026-04-21 02:00:00,2313.4,2314.0,2304.9,2306.8,11299.4658,4258
2026-04-21 03:00:00,2306.9,2311.8,2298.0,2310.5,11463.0921,4957
2026-04-21 04:00:00,2310.4,2314.0,2303.2,2313.3,6837.5972,4157
2026-04-21 05:00:00,2313.4,2319.7,2311.3,2312.9,15067.3687,6705
2026-04-21 06:00:00,2312.8,2325.7,2306.6,2316.0,5122.7963,5050
2026-04-21 07:00:00,2316.1,2323.3,2310.3,2317.0,8940.8935,4485
2026-04-21 08:00:00,2317.0,2337.1,2312.6,2322.1,10380.2939,6278
2026-04-21 09:00:00,2322.2,2326.5,2316.8,2323.9,10576.5327,4632
2026-04-21 10:00:00,2324.2,2335.8,2323.6,2329.8,8441.168,4763
2026-04-21 11:00:00,2329.8,2330.2,2315.0,2318.8,12695.867,7097
2026-04-21 12:00:00,2319.1,2322.5,2292.3,2307.3,32601.3811,14143
2026-04-21 13:00:00,2307.1,2316.6,2300.1,2311.6,31167.0206,11401
2026-04-21 14:00:00,2311.8,2328.0,2294.7,2298.4,30645.9534,15524
2026-04-21 15:00:00,2298.4,2309.6,2290.0,2309.0,37418.9779,14484
2026-04-21 16:00:00,2308.9,2323.4,2305.2,2306.0,26090.924,9310
2026-04-21 17:00:00,2306.0,2317.9,2283.8,2304.7,48049.5798,16924
2026-04-21 18:00:00,2304.8,2312.3,2299.6,2311.4,16141.1842,8203
2026-04-21 19:00:00,2311.5,2330.0,2285.9,2296.5,51777.7722,16297
2026-04-21 20:00:00,2297.0,2324.5,2295.3,2315.7,63938.6061,15808
2026-04-21 21:00:00,2315.5,2316.9,2308.8,2311.2,5708.6493,3365
2026-04-21 22:00:00,2311.2,2315.6,2301.1,2310.2,8959.4017,4446
2026-04-21 23:00:00,2310.2,2328.6,2309.6,2326.3,16937.5064,6889
2026-04-22 00:00:00,2326.4,2329.0,2321.3,2324.3,6850.6599,5265
2026-04-22 01:00:00,2324.3,2327.8,2312.6,2321.3,8713.1962,4168
2026-04-22 02:00:00,2321.5,2373.6,2319.1,2369.1,46629.2689,19213
2026-04-22 03:00:00,2369.5,2378.1,2357.2,2363.1,38750.793,12238
2026-04-22 04:00:00,2363.1,2368.4,2357.6,2362.4,10139.8626,6783
2026-04-22 05:00:00,2362.5,2412.1,2360.9,2395.7,35320.4171,19473
2026-04-22 06:00:00,2395.5,2395.6,2388.3,2392.1,12461.1261,6085
2026-04-22 07:00:00,2392.1,2396.6,2383.6,2388.6,10228.0838,6284
2026-04-22 08:00:00,2388.6,2392.5,2381.6,2387.0,4160.3256,4980
2026-04-22 09:00:00,2386.9,2393.1,2383.9,2386.4,4022.6384,3547
2026-04-22 10:00:00,2386.5,2392.6,2384.0,2389.2,2917.125,2970
2026-04-22 11:00:00,2389.1,2399.7,2385.2,2397.2,11778.0934,5764
2026-04-22 12:00:00,2397.3,2405.7,2394.5,2403.8,27132.7399,9468
2026-04-22 13:00:00,2403.7,2421.7,2400.2,2416.1,25964.7292,14657
2026-04-22 14:00:00,2416.2,2422.2,2390.4,2402.1,39614.9446,15791
2026-04-22 15:00:00,2402.1,2412.5,2390.9,2401.9,28582.1978,11390
2026-04-22 16:00:00,2402.0,2412.4,2383.3,2384.6,17007.0349,9327
2026-04-22 17:00:00,2384.5,2401.5,2384.5,2398.0,35218.6857,8668
2026-04-22 18:00:00,2398.1,2403.3,2394.0,2395.3,18795.2249,6263
2026-04-22 19:00:00,2395.4,2406.0,2388.3,2396.5,9646.7368,6945
2026-04-22 20:00:00,2396.6,2401.1,2390.0,2390.2,9730.1269,5337
2026-04-22 21:00:00,2390.3,2404.8,2390.2,2401.4,6032.4144,3294
2026-04-22 22:00:00,2401.3,2404.0,2393.0,2399.2,5640.8341,3327
2026-04-22 23:00:00,2398.8,2399.3,2372.6,2372.7,19517.3043,8159
2026-04-23 00:00:00,2372.7,2380.1,2343.3,2370.9,41212.527,18738
2026-04-23 01:00:00,2371.0,2371.3,2359.4,2365.7,12230.6894,6630
2026-04-23 02:00:00,2365.7,2365.9,2343.0,2350.6,23826.6423,9905
2026-04-23 03:00:00,2350.5,2351.9,2330.8,2339.9,17512.6764,8260
2026-04-23 04:00:00,2339.8,2347.4,2335.8,2346.5,5687.9311,3588
2026-04-23 05:00:00,2346.4,2351.3,2339.4,2347.1,8027.6839,4702
2026-04-23 06:00:00,2347.3,2357.3,2347.3,2353.1,7287.467,4337
2026-04-23 07:00:00,2353.3,2355.6,2340.0,2342.9,13365.0376,5370
2026-04-23 08:00:00,2342.9,2343.6,2334.1,2338.8,7525.796,5970
2026-04-23 09:00:00,2338.8,2338.8,2313.2,2315.4,31571.9778,12956
2026-04-23 10:00:00,2315.3,2317.8,2303.9,2312.8,18174.8387,10753
2026-04-23 11:00:00,2312.8,2330.7,2312.8,2328.0,25585.3809,9655
2026-04-23 12:00:00,2328.1,2333.9,2320.7,2327.6,8501.9751,6129
2026-04-23 13:00:00,2327.7,2331.3,2314.3,2318.6,24309.8299,8181
2026-04-23 14:00:00,2318.4,2333.5,2315.1,2333.0,21769.1256,8761
2026-04-23 15:00:00,2333.0,2341.5,2323.0,2331.9,12083.4988,7553
2026-04-23 16:00:00,2332.0,2334.2,2322.1,2324.7,5769.7212,5619
2026-04-23 17:00:00,2324.8,2328.0,2283.9,2309.2,58467.1312,24758
2026-04-23 18:00:00,2309.2,2317.9,2304.1,2304.5,19050.1018,11174
2026-04-23 19:00:00,2304.4,2317.8,2298.2,2311.8,42698.0867,9604
2026-04-23 20:00:00,2311.7,2328.2,2311.6,2324.4,20740.1156,8380
2026-04-23 21:00:00,2324.3,2327.8,2319.6,2321.6,14178.2202,4639
2026-04-23 22:00:00,2321.4,2337.9,2320.2,2330.6,36149.112,8094
2026-04-23 23:00:00,2330.5,2331.6,2323.0,2328.9,5792.9073,2800
2026-04-24 00:00:00,2328.9,2336.8,2325.5,2331.3,6602.6917,3496
2026-04-24 01:00:00,2331.5,2332.9,2317.5,2331.5,15474.8061,4307
2026-04-24 02:00:00,2331.6,2333.8,2312.6,2318.4,19113.1252,3969
2026-04-24 03:00:00,2318.3,2320.2,2299.8,2307.4,10369.2335,5363
2026-04-24 04:00:00,2307.3,2310.2,2299.1,2305.1,7296.8167,3380
2026-04-24 05:00:00,2305.0,2315.4,2298.8,2313.7,10884.4509,3584
2026-04-24 06:00:00,2313.8,2315.6,2307.5,2307.8,1859.6131,2010
2026-04-24 07:00:00,2307.8,2315.2,2307.6,2310.2,7860.8202,2827
2026-04-24 08:00:00,2310.2,2322.1,2306.4,2314.0,14976.4119,6111
2026-04-24 09:00:00,2313.9,2314.6,2301.5,2308.5,12039.5919,4378
2026-04-24 10:00:00,2308.5,2318.2,2304.6,2314.6,4849.6787,3699
2026-04-24 11:00:00,2314.6,2331.1,2314.6,2326.9,19465.1466,9541
2026-04-24 12:00:00,2326.9,2330.5,2317.2,2324.1,12145.9132,6292
2026-04-24 13:00:00,2324.0,2329.4,2309.3,2315.7,28867.0224,8297
2026-04-24 14:00:00,2315.5,2317.2,2302.9,2312.3,28034.6523,9120
2026-04-24 15:00:00,2312.4,2328.7,2301.0,2322.7,14401.2111,8566
2026-04-24 16:00:00,2322.8,2323.3,2309.0,2315.8,11364.0109,5870
2026-04-24 17:00:00,2315.6,2320.4,2307.2,2318.5,9604.9324,5471
2026-04-24 18:00:00,2318.5,2320.0,2308.7,2318.8,8991.8111,4256
2026-04-24 19:00:00,2319.0,2323.7,2318.0,2320.4,4687.1316,2984
2026-04-24 20:00:00,2320.4,2327.5,2314.3,2325.5,9233.7491,4208
2026-04-24 21:00:00,2325.5,2326.4,2311.3,2314.0,4557.3766,4123
2026-04-24 22:00:00,2314.2,2315.0,2306.0,2310.9,7054.5823,3453
2026-04-24 23:00:00,2311.1,2314.9,2311.1,2313.8,1602.042,1621
2026-04-25 00:00:00,2313.8,2314.7,2310.2,2314.4,2882.8593,1852
2026-04-25 01:00:00,2314.7,2320.0,2314.3,2316.8,2254.5698,1924
2026-04-25 02:00:00,2316.8,2318.2,2313.5,2316.0,3682.6059,1859
2026-04-25 03:00:00,2316.1,2319.2,2314.4,2317.4,2497.4717,1680
2026-04-25 04:00:00,2317.5,2317.9,2315.0,2315.8,1966.3396,1370
2026-04-25 05:00:00,2315.8,2315.8,2312.2,2315.0,699.0163,1123
2026-04-25 06:00:00,2315.0,2316.5,2313.6,2315.4,1538.5287,1387
2026-04-25 07:00:00,2315.4,2317.6,2313.3,2315.6,2950.7532,1453
2026-04-25 08:00:00,2315.5,2320.3,2314.9,2318.3,6760.3834,2641
2026-04-25 09:00:00,2318.4,2322.3,2316.1,2318.2,3049.3947,2588
2026-04-25 10:00:00,2318.2,2321.7,2317.8,2319.4,3125.1242,2225
2026-04-25 11:00:00,2319.4,2319.4,2310.1,2312.6,4556.6041,2596
2026-04-25 12:00:00,2312.7,2316.0,2310.6,2312.4,2691.4322,1859
2026-04-25 13:00:00,2312.4,2316.7,2312.3,2315.5,796.0712,1172
2026-04-25 14:00:00,2315.4,2317.9,2313.2,2315.1,19141.6496,2751
2026-04-25 15:00:00,2315.1,2317.1,2303.0,2306.9,7114.6104,3782
2026-04-25 16:00:00,2306.8,2309.5,2300.0,2308.7,8150.8383,4484
2026-04-25 17:00:00,2308.6,2312.4,2306.2,2308.1,2734.6293,2613
2026-04-25 18:00:00,2308.2,2312.9,2307.4,2310.5,4872.825,1894
2026-04-25 19:00:00,2310.5,2311.4,2306.2,2308.7,2025.2698,1818
2026-04-25 20:00:00,2308.8,2312.2,2308.0,2312.1,1815.7166,1500
2026-04-25 21:00:00,2312.2,2316.2,2311.9,2314.7,7465.4853,2431
2026-04-25 22:00:00,2314.6,2319.6,2314.1,2316.5,3333.7845,2044
2026-04-25 23:00:00,2316.5,2318.6,2315.9,2318.1,1345.1989,1163
2026-04-26 00:00:00,2318.1,2318.3,2311.1,2314.1,1723.369,2009
2026-04-26 01:00:00,2314.1,2316.7,2312.1,2312.8,925.4325,1442
2026-04-26 02:00:00,2312.5,2317.2,2312.1,2313.8,1042.9803,1178
2026-04-26 03:00:00,2313.6,2315.2,2304.9,2308.7,4346.3186,2007
2026-04-26 04:00:00,2308.7,2318.0,2308.0,2316.4,2667.0244,2207
2026-04-26 05:00:00,2316.3,2334.2,2316.1,2326.6,14967.6294,6270
2026-04-26 06:00:00,2326.5,2332.1,2326.4,2328.8,2720.6953,2415
2026-04-26 07:00:00,2328.7,2331.0,2327.4,2330.2,1825.9751,1909
2026-04-26 08:00:00,2330.2,2336.2,2329.4,2331.3,6735.63,3337
2026-04-26 09:00:00,2331.2,2334.4,2328.5,2333.1,1528.9673,1916
2026-04-26 10:00:00,2333.1,2335.0,2330.5,2331.6,1290.4388,1611
2026-04-26 11:00:00,2331.5,2336.3,2331.4,2335.0,3301.4269,2415
2026-04-26 12:00:00,2335.0,2335.2,2323.8,2327.8,4760.8073,3249
2026-04-26 13:00:00,2327.8,2334.8,2326.7,2333.7,6699.0718,4290
2026-04-26 14:00:00,2333.7,2351.5,2332.2,2345.0,14730.4363,7688
2026-04-26 15:00:00,2344.9,2347.5,2342.8,2346.8,6204.6524,3782
2026-04-26 16:00:00,2346.8,2348.2,2341.5,2341.6,3526.6445,3432
2026-04-26 17:00:00,2341.5,2348.7,2338.8,2348.3,2509.9401,2939
2026-04-26 18:00:00,2348.2,2367.8,2346.3,2360.5,27283.4138,9368
2026-04-26 19:00:00,2360.5,2374.8,2358.2,2366.1,22337.2248,7590
2026-04-26 20:00:00,2366.1,2371.9,2361.4,2361.8,9962.8748,5033
2026-04-26 21:00:00,2361.6,2369.1,2346.7,2363.1,15463.8746,8443
2026-04-26 22:00:00,2363.2,2378.7,2352.4,2360.7,17416.9258,9406
2026-04-26 23:00:00,2360.6,2377.4,2356.0,2368.4,12603.9187,6730
2026-04-27 00:00:00,2368.5,2389.7,2358.4,2388.0,14502.3877,10522
2026-04-27 01:00:00,2388.0,2403.4,2376.6,2393.7,22824.6458,12340
2026-04-27 02:00:00,2393.7,2395.9,2386.3,2391.5,10610.6481,4922
2026-04-27 03:00:00,2391.3,2399.0,2389.6,2393.7,5604.625,4406
2026-04-27 04:00:00,2393.6,2394.9,2379.7,2381.9,3788.8277,3567
2026-04-27 05:00:00,2382.1,2382.3,2317.8,2322.0,70683.2261,21177
2026-04-27 06:00:00,2322.1,2327.8,2312.0,2320.1,16269.5152,7112
2026-04-27 07:00:00,2320.2,2322.4,2314.0,2315.0,10150.8186,4753
2026-04-27 08:00:00,2314.8,2318.7,2307.8,2318.7,15980.4346,5869
2026-04-27 09:00:00,2318.7,2324.2,2314.7,2321.2,6087.064,4024
2026-04-27 10:00:00,2321.2,2322.6,2317.5,2319.0,6014.6108,2936
2026-04-27 11:00:00,2319.1,2321.6,2315.7,2319.4,7335.7,2982
2026-04-27 12:00:00,2319.3,2319.6,2311.5,2312.8,13682.5503,3863
2026-04-27 13:00:00,2312.9,2319.0,2302.7,2311.4,16770.7778,7904
2026-04-27 14:00:00,2311.4,2328.4,2307.8,2313.6,17073.3825,8517
2026-04-27 15:00:00,2313.7,2314.1,2262.2,2273.4,59602.4228,22955
2026-04-27 16:00:00,2273.4,2279.2,2269.1,2276.2,8173.3053,6856
2026-04-27 17:00:00,2276.3,2291.8,2276.3,2286.2,16814.4196,7362
2026-04-27 18:00:00,2286.1,2290.4,2283.5,2287.6,4661.2612,5005
2026-04-27 19:00:00,2287.6,2290.0,2273.5,2287.8,5471.3943,5360
2026-04-27 20:00:00,2287.8,2295.0,2287.8,2290.2,4539.8537,3399
2026-04-27 21:00:00,2290.2,2290.9,2285.5,2286.0,2676.8244,2519
2026-04-27 22:00:00,2286.1,2294.5,2283.5,2293.2,4450.9536,4165
2026-04-27 23:00:00,2293.1,2307.6,2290.0,2302.3,7440.6154,4857
2026-04-28 00:00:00,2302.4,2309.4,2298.2,2305.6,9087.8039,6077
2026-04-28 01:00:00,2305.7,2307.3,2296.5,2297.3,5138.1484,5388
2026-04-28 02:00:00,2297.3,2299.6,2279.7,2288.1,10814.5866,7921
2026-04-28 03:00:00,2288.1,2290.0,2281.3,2289.5,1975.5326,3128
2026-04-28 04:00:00,2289.5,2293.1,2282.0,2287.4,7405.4434,3976
2026-04-28 05:00:00,2287.5,2295.5,2285.1,2287.0,4427.3352,3504
2026-04-28 06:00:00,2287.0,2289.3,2268.1,2276.3,9700.7408,5785
2026-04-28 07:00:00,2276.3,2286.9,2269.0,2286.3,9057.3627,5135
2026-04-28 08:00:00,2286.4,2290.0,2282.2,2285.6,4266.0494,4737
2026-04-28 09:00:00,2285.6,2287.4,2275.1,2281.0,4450.1062,3782
2026-04-28 10:00:00,2280.9,2286.1,2279.3,2283.0,3217.4414,2970
2026-04-28 11:00:00,2283.0,2284.0,2269.0,2273.9,7200.3997,5614
2026-04-28 12:00:00,2273.9,2279.5,2270.3,2276.9,8706.7064,4837
2026-04-28 13:00:00,2276.8,2284.8,2255.3,2275.4,43193.8234,15042
2026-04-28 14:00:00,2275.4,2275.5,2260.3,2272.4,28380.1039,11959
2026-04-28 15:00:00,2272.4,2279.5,2268.5,2278.7,14639.311,7624
2026-04-28 16:00:00,2278.6,2287.4,2273.4,2284.8,11017.161,7860
2026-04-28 17:00:00,2284.8,2292.4,2277.9,2289.7,12711.8379,6926
2026-04-28 18:00:00,2289.6,2297.2,2286.8,2296.2,10139.935,5301
2026-04-28 19:00:00,2296.1,2304.5,2289.2,2300.9,7867.9348,5986
2026-04-28 20:00:00,2300.8,2304.9,2294.6,2294.6,7097.9341,4071
2026-04-28 21:00:00,2294.7,2296.2,2285.0,2289.5,16455.9852,4832
2026-04-28 22:00:00,2289.4,2293.7,2284.3,2285.3,2541.7262,2455
2026-04-28 23:00:00,2285.2,2289.5,2283.0,2288.8,3964.8114,2435
2026-04-29 00:00:00,2288.9,2293.2,2284.7,2291.7,3035.5676,2953
2026-04-29 01:00:00,2291.7,2296.6,2278.4,2291.8,8986.01,5677
2026-04-29 02:00:00,2291.8,2294.9,2283.8,2288.2,2738.4688,2526
2026-04-29 03:00:00,2288.2,2316.4,2286.8,2311.1,25343.411,9756
2026-04-29 04:00:00,2311.2,2341.4,2308.9,2325.8,26390.4815,11867
2026-04-29 05:00:00,2325.9,2331.2,2322.1,2327.8,8008.7202,4889
2026-04-29 06:00:00,2327.8,2335.3,2319.9,2323.7,17410.2242,5814
2026-04-29 07:00:00,2323.7,2329.4,2320.7,2323.0,3563.2508,3525
2026-04-29 08:00:00,2322.9,2328.1,2320.2,2324.4,5418.7946,4593
2026-04-29 09:00:00,2324.5,2345.4,2322.0,2338.8,11797.2351,7504
2026-04-29 10:00:00,2338.9,2345.5,2329.4,2332.6,10128.7603,6628
2026-04-29 11:00:00,2332.5,2334.4,2327.8,2330.5,5276.5807,4236
2026-04-29 12:00:00,2330.6,2330.7,2305.7,2315.2,37412.2553,12397
2026-04-29 13:00:00,2315.2,2316.9,2289.2,2301.8,24962.2434,12421
2026-04-29 14:00:00,2301.8,2307.1,2293.0,2298.6,13394.2286,7084
2026-04-29 15:00:00,2298.5,2300.0,2262.1,2270.8,37647.1177,15806
2026-04-29 16:00:00,2271.0,2278.1,2262.3,2265.9,15349.8129,8523
2026-04-29 17:00:00,2266.0,2282.2,2265.3,2282.2,14869.6072,7409
2026-04-29 18:00:00,2282.3,2284.9,2218.0,2238.8,112022.1264,33381
2026-04-29 19:00:00,2238.7,2241.4,2224.1,2232.3,22418.1435,10140
2026-04-29 20:00:00,2232.4,2247.9,2229.4,2239.5,45481.0945,12248
2026-04-29 21:00:00,2239.5,2262.4,2237.5,2251.9,27894.7275,9058
2026-04-29 22:00:00,2252.0,2257.9,2249.0,2256.5,6345.6992,4754
2026-04-29 23:00:00,2256.6,2259.5,2249.3,2251.5,3204.673,4814
2026-04-30 00:00:00,2251.5,2274.0,2248.9,2271.6,14477.6448,7773
2026-04-30 01:00:00,2271.4,2278.2,2266.0,2267.9,32768.245,8616
2026-04-30 02:00:00,2267.9,2271.9,2234.3,2244.1,20277.4818,10616
2026-04-30 03:00:00,2244.0,2255.3,2242.5,2252.0,8596.0672,4677
2026-04-30 04:00:00,2251.9,2252.8,2235.4,2238.0,7209.3827,4859
2026-04-30 05:00:00,2237.9,2247.0,2230.4,2241.7,4278.9436,4288
2026-04-30 06:00:00,2241.6,2251.2,2240.8,2247.1,3742.8985,3858
2026-04-30 07:00:00,2246.9,2261.4,2243.0,2259.3,33572.6076,9063
2026-04-30 08:00:00,2259.4,2261.3,2254.4,2255.3,15877.3763,7483
2026-04-30 09:00:00,2255.4,2271.0,2254.8,2260.8,21142.8074,8531
2026-04-30 10:00:00,2260.8,2264.4,2255.5,2260.5,8104.799,5471
2026-04-30 11:00:00,2260.5,2272.4,2250.0,2256.7,36896.9445,10715
2026-04-30 12:00:00,2256.8,2270.1,2256.3,2264.2,27506.7518,6347
2026-04-30 13:00:00,2264.3,2271.3,2253.2,2263.0,24755.715,8528
2026-04-30 14:00:00,2262.7,2269.5,2244.4,2261.4,58215.2349,13839
2026-04-30 15:00:00,2261.4,2274.5,2256.5,2264.9,8074.2691,6118
2026-04-30 16:00:00,2264.9,2266.2,2254.6,2256.0,10091.1869,4684
2026-04-30 17:00:00,2256.1,2259.6,2250.4,2257.4,12751.305,4948
2026-04-30 18:00:00,2257.3,2264.5,2253.6,2258.9,11604.7683,4696
2026-04-30 19:00:00,2259.0,2266.2,2256.9,2261.4,18442.7612,5951
2026-04-30 20:00:00,2261.2,2266.2,2259.5,2263.5,2655.2102,2798
2026-04-30 21:00:00,2263.4,2263.7,2253.4,2255.4,15772.6391,5139
2026-04-30 22:00:00,2255.3,2260.4,2251.3,2253.6,5680.6564,3402
2026-04-30 23:00:00,2253.5,2257.9,2252.8,2256.4,11565.5752,4319
2026-05-01 00:00:00,2256.5,2265.3,2256.4,2259.0,4985.4289,4022
2026-05-01 01:00:00,2259.1,2269.9,2259.1,2266.8,11145.418,4426
2026-05-01 02:00:00,2266.8,2268.9,2265.0,2266.1,7000.1064,2442
2026-05-01 03:00:00,2266.1,2294.0,2265.2,2281.7,19310.674,8776
2026-05-01 04:00:00,2281.7,2285.0,2276.7,2279.3,3720.7418,2512
2026-05-01 05:00:00,2279.3,2286.0,2277.9,2282.4,2856.0317,2069
2026-05-01 06:00:00,2282.5,2285.6,2271.4,2276.8,7911.357,4535
2026-05-01 07:00:00,2276.8,2280.2,2272.4,2278.8,7500.7396,3108
2026-05-01 08:00:00,2278.7,2287.7,2276.8,2285.8,13450.5854,5836
2026-05-01 09:00:00,2285.7,2285.8,2278.9,2281.0,3739.5605,3295
2026-05-01 10:00:00,2281.1,2284.5,2275.9,2281.5,10277.6507,3844
2026-05-01 11:00:00,2281.4,2292.6,2280.6,2285.3,13555.8504,4903
2026-05-01 12:00:00,2285.2,2310.9,2282.9,2300.3,33608.2224,14422
2026-05-01 13:00:00,2300.2,2322.9,2300.2,2317.3,33903.9656,13069
2026-05-01 14:00:00,2317.2,2324.2,2300.5,2307.1,30896.6574,12424
2026-05-01 15:00:00,2307.2,2316.2,2297.9,2306.9,18676.1938,8844
2026-05-01 16:00:00,2306.8,2313.4,2297.2,2301.0,24651.7673,10159
2026-05-01 17:00:00,2301.0,2312.6,2297.8,2311.0,5391.4729,5651
2026-05-01 18:00:00,2311.0,2311.5,2302.6,2303.6,4347.5593,3535
2026-05-01 19:00:00,2303.6,2307.0,2301.2,2303.9,5164.2102,3671
2026-05-01 20:00:00,2303.9,2304.9,2278.0,2283.9,29719.5223,9571
2026-05-01 21:00:00,2283.9,2292.8,2282.6,2291.4,15443.6818,6918
2026-05-01 22:00:00,2291.4,2298.4,2289.8,2292.0,5616.7637,4205
2026-05-01 23:00:00,2292.0,2295.3,2288.0,2294.7,5941.8426,2863
2026-05-02 00:00:00,2294.7,2298.4,2291.9,2296.6,2057.4343,2398
2026-05-02 01:00:00,2296.5,2299.3,2295.0,2297.5,3506.0539,2503
2026-05-02 02:00:00,2297.5,2306.6,2294.5,2302.6,3695.4455,2991
2026-05-02 03:00:00,2302.5,2307.3,2300.3,2303.4,4024.1259,3492
2026-05-02 04:00:00,2303.4,2304.0,2298.4,2300.2,2017.9069,2011
2026-05-02 05:00:00,2300.1,2300.3,2296.0,2298.5,2616.3733,1488
2026-05-02 06:00:00,2298.5,2306.0,2296.0,2304.5,13148.753,2952
2026-05-02 07:00:00,2304.5,2305.3,2300.2,2300.2,4764.883,2727
2026-05-02 08:00:00,2300.2,2303.8,2298.4,2302.4,2872.409,2057
2026-05-02 09:00:00,2302.5,2306.9,2302.4,2304.3,2997.5072,1697
2026-05-02 10:00:00,2304.3,2305.0,2301.5,2302.5,4306.4076,2178
2026-05-02 11:00:00,2302.5,2303.9,2299.3,2301.2,5130.3542,2201
2026-05-02 12:00:00,2301.1,2304.7,2300.2,2302.5,3722.2186,1702
2026-05-02 13:00:00,2302.5,2310.8,2302.5,2306.9,4462.3483,2528
2026-05-02 14:00:00,2307.0,2307.5,2304.1,2305.4,3895.2981,1963
2026-05-02 15:00:00,2305.5,2309.2,2304.3,2307.9,4475.0586,1787
2026-05-02 16:00:00,2308.0,2312.4,2306.8,2308.3,5082.3035,2973
2026-05-02 17:00:00,2308.4,2309.0,2304.7,2304.9,2599.1728,1756
2026-05-02 18:00:00,2305.0,2310.5,2303.2,2309.4,6010.9011,2600
2026-05-02 19:00:00,2309.4,2312.7,2308.3,2310.5,10615.7726,2580
2026-05-02 20:00:00,2310.5,2311.2,2309.2,2311.1,3278.1704,2138
2026-05-02 21:00:00,2311.1,2341.9,2310.3,2324.9,28879.2287,8973
2026-05-02 22:00:00,2325.0,2327.3,2317.1,2326.4,10230.1477,4659
2026-05-02 23:00:00,2326.2,2326.2,2313.8,2316.0,5319.3921,3588
2026-05-03 00:00:00,2316.1,2316.6,2308.6,2313.1,4564.3309,3779
2026-05-03 01:00:00,2313.2,2313.4,2302.3,2303.2,5399.7214,4005
2026-05-03 02:00:00,2303.0,2305.8,2298.0,2302.5,7078.7554,3096
2026-05-03 03:00:00,2302.5,2303.0,2298.8,2301.1,1823.3014,1558
2026-05-03 04:00:00,2301.0,2303.5,2296.8,2300.4,4087.1001,1896
2026-05-03 05:00:00,2300.5,2304.0,2300.4,2303.0,2049.3803,1572
2026-05-03 06:00:00,2303.1,2305.5,2298.9,2303.7,2483.1408,5483
2026-05-03 07:00:00,2303.7,2313.0,2303.4,2308.1,5107.0958,3682
2026-05-03 08:00:00,2308.1,2311.5,2306.5,2307.4,1847.7678,2324
2026-05-03 09:00:00,2307.4,2320.5,2306.6,2315.5,13402.6709,4415
2026-05-03 10:00:00,2315.6,2315.6,2310.4,2310.6,5173.4397,2381
2026-05-03 11:00:00,2310.7,2326.8,2309.5,2318.6,22769.4762,6773
2026-05-03 12:00:00,2318.5,2335.4,2318.5,2324.4,28223.8467,6525
2026-05-03 13:00:00,2324.4,2327.5,2319.8,2321.2,4976.9075,3501
2026-05-03 14:00:00,2321.1,2328.4,2320.4,2327.2,4714.335,3329
2026-05-03 15:00:00,2327.3,2332.4,2324.0,2327.4,4108.367,3499
2026-05-03 16:00:00,2327.5,2333.7,2321.3,2327.5,3989.2569,4188
2026-05-03 17:00:00,2327.6,2334.5,2323.3,2330.7,5075.7047,4307
2026-05-03 18:00:00,2330.7,2332.0,2327.2,2329.8,6477.0988,4332
2026-05-03 19:00:00,2329.8,2336.7,2327.4,2334.7,5521.0097,3568
2026-05-03 20:00:00,2334.7,2344.0,2327.3,2328.5,12936.6427,7884
2026-05-03 21:00:00,2328.4,2333.3,2313.8,2322.8,12323.1995,7029
2026-05-03 22:00:00,2322.8,2355.5,2322.8,2342.7,28502.7116,14814
2026-05-03 23:00:00,2342.7,2346.5,2319.1,2321.7,20251.2648,8359
2026-05-04 00:00:00,2321.8,2321.8,2308.4,2318.1,8579.2646,7108
2026-05-04 01:00:00,2318.2,2353.0,2312.3,2349.9,17204.6045,11012
2026-05-04 02:00:00,2349.9,2385.8,2344.5,2373.1,55703.2727,24649
2026-05-04 03:00:00,2373.2,2390.0,2370.6,2383.9,18992.2212,11764
2026-05-04 04:00:00,2383.9,2397.9,2383.2,2389.2,17106.6804,10138
2026-05-04 05:00:00,2389.2,2390.2,2374.2,2375.2,12305.7851,6615
2026-05-04 06:00:00,2375.2,2377.0,2353.2,2367.3,14795.3053,7119
2026-05-04 07:00:00,2367.3,2372.0,2361.7,2361.9,8636.3294,4298
2026-05-04 08:00:00,2361.8,2364.1,2356.8,2359.2,8190.1345,5368
2026-05-04 09:00:00,2359.2,2370.4,2356.8,2367.7,11419.3022,5547
2026-05-04 10:00:00,2367.7,2368.7,2313.3,2337.3,65192.8668,26172
2026-05-04 11:00:00,2337.2,2342.5,2331.8,2336.4,7106.3572,5411
2026-05-04 12:00:00,2336.4,2342.5,2332.1,2334.6,6544.63,5211
2026-05-04 13:00:00,2334.6,2343.8,2324.7,2335.3,15306.8024,9567
2026-05-04 14:00:00,2335.5,2380.7,2326.6,2370.2,42890.9951,17259
2026-05-04 15:00:00,2370.3,2373.0,2335.3,2349.0,43313.6153,18811
2026-05-04 16:00:00,2349.0,2363.9,2335.7,2354.3,29099.6458,13133
2026-05-04 17:00:00,2354.1,2378.3,2352.8,2368.9,18149.989,10170
2026-05-04 18:00:00,2369.0,2373.9,2355.8,2360.2,15889.4638,8856
2026-05-04 19:00:00,2360.3,2363.1,2352.9,2355.4,7783.5325,5937
2026-05-04 20:00:00,2355.4,2358.0,2346.2,2348.7,5281.4144,4828
2026-05-04 21:00:00,2348.8,2363.1,2348.7,2359.6,4526.0193,4006
2026-05-04 22:00:00,2359.6,2364.3,2352.6,2353.4,4153.1026,4252
2026-05-04 23:00:00,2353.4,2353.4,2343.2,2346.0,7021.6089,4466
2026-05-05 00:00:00,2345.9,2358.1,2343.9,2357.7,4901.343,4447
2026-05-05 01:00:00,2357.6,2363.4,2354.0,2361.0,5326.2113,5264
2026-05-05 02:00:00,2361.0,2377.2,2358.5,2366.6,14721.9512,8460
2026-05-05 03:00:00,2366.6,2388.3,2363.5,2381.5,19851.2585,7909
2026-05-05 04:00:00,2381.5,2384.8,2373.9,2379.8,18119.4474,5419
2026-05-05 05:00:00,2379.7,2389.2,2376.5,2379.0,7017.5171,5560
2026-05-05 06:00:00,2379.0,2380.3,2366.3,2377.8,9599.5202,5402
2026-05-05 07:00:00,2377.7,2387.5,2374.8,2379.7,8612.0178,5947
2026-05-05 08:00:00,2379.5,2383.4,2371.7,2375.4,9450.5855,4813
2026-05-05 09:00:00,2375.4,2375.6,2366.0,2368.6,4039.9744,3891
2026-05-05 10:00:00,2368.6,2378.3,2366.2,2377.4,8336.8142,4039
2026-05-05 11:00:00,2377.3,2382.0,2372.1,2378.6,6075.6743,5719
2026-05-05 12:00:00,2378.6,2389.2,2375.2,2388.1,25339.3202,6669
2026-05-05 13:00:00,2388.0,2398.4,2382.6,2387.7,28136.2937,14767
2026-05-05 14:00:00,2387.4,2391.5,2367.5,2377.5,52440.3609,18097
2026-05-05 15:00:00,2377.3,2387.2,2374.2,2380.2,22974.4637,8702
2026-05-05 16:00:00,2380.2,2382.5,2359.6,2364.8,33500.9229,10413
2026-05-05 17:00:00,2364.9,2368.9,2358.3,2361.9,10515.521,5942
2026-05-05 18:00:00,2362.1,2373.8,2362.1,2371.1,9254.8358,4937
2026-05-05 19:00:00,2371.2,2375.2,2368.4,2370.7,5228.6558,4073
2026-05-05 20:00:00,2370.8,2386.0,2370.5,2381.6,19160.9996,7336
2026-05-05 21:00:00,2381.7,2387.5,2367.4,2374.2,23088.4952,7429
2026-05-05 22:00:00,2374.2,2380.7,2352.9,2366.2,28602.7328,10974
2026-05-05 23:00:00,2366.1,2368.6,2353.1,2359.3,16869.4043,7362
2026-05-06 00:00:00,2359.3,2366.1,2353.2,2363.4,30475.2471,8234
2026-05-06 01:00:00,2363.3,2374.3,2361.4,2371.8,14178.3789,5746
2026-05-06 02:00:00,2372.0,2372.1,2358.3,2368.0,7006.0867,5599
2026-05-06 03:00:00,2368.0,2379.9,2366.6,2375.6,7642.8619,4904
2026-05-06 04:00:00,2375.5,2378.3,2360.2,2365.0,7117.9887,5812
2026-05-06 05:00:00,2364.9,2365.8,2353.3,2364.0,11082.1045,7310
2026-05-06 06:00:00,2363.9,2370.9,2359.7,2370.1,24272.5347,7713
2026-05-06 07:00:00,2370.1,2374.2,2367.7,2370.8,6119.0508,4623
2026-05-06 08:00:00,2370.8,2395.7,2368.6,2393.5,22514.9465,10890
2026-05-06 09:00:00,2393.5,2417.8,2381.6,2412.4,93919.2182,21367
2026-05-06 10:00:00,2412.4,2414.8,2404.2,2410.0,37662.2926,12938
2026-05-06 11:00:00,2410.1,2423.8,2407.5,2409.7,40687.626,14498
2026-05-06 12:00:00,2409.8,2413.7,2398.3,2404.7,42517.3154,12313
2026-05-06 13:00:00,2404.7,2404.7,2363.9,2368.1,68117.1586,26768
2026-05-06 14:00:00,2368.2,2372.3,2337.9,2358.6,52104.903,21104
2026-05-06 15:00:00,2358.7,2365.3,2353.4,2358.1,14280.3258,10777
2026-05-06 16:00:00,2358.2,2366.5,2349.4,2357.0,12923.6829,9592
2026-05-06 17:00:00,2357.0,2359.9,2346.6,2348.7,16073.36,7644
2026-05-06 18:00:00,2348.7,2351.4,2336.3,2343.9,12169.4176,8056
2026-05-06 19:00:00,2344.0,2349.0,2341.2,2348.0,9357.578,5276
2026-05-06 20:00:00,2348.0,2356.0,2344.1,2349.8,15700.9216,5884
2026-05-06 21:00:00,2349.8,2356.3,2344.9,2353.2,6722.2161,3839
2026-05-06 22:00:00,2353.4,2354.1,2344.0,2346.6,12681.9739,4081
2026-05-06 23:00:00,2346.6,2350.6,2337.0,2350.2,9490.7255,4536
2026-05-07 00:00:00,2350.2,2351.7,2327.8,2328.2,28014.586,8106
2026-05-07 01:00:00,2328.2,2333.8,2313.0,2326.0,27891.9604,12005
2026-05-07 02:00:00,2326.0,2326.4,2312.8,2321.2,14379.8912,6410
2026-05-07 03:00:00,2321.3,2324.9,2314.5,2321.1,5921.3086,3721
2026-05-07 04:00:00,2321.1,2326.6,2316.6,2326.6,10869.5926,4493
2026-05-07 05:00:00,2326.5,2332.8,2326.4,2330.0,3813.2884,3953
2026-05-07 06:00:00,2330.2,2337.0,2318.8,2336.3,8880.52,4799
2026-05-07 07:00:00,2335.9,2345.9,2335.6,2343.4,16578.0721,6108
2026-05-07 08:00:00,2343.5,2345.7,2331.0,2332.7,9100.7317,6696
2026-05-07 09:00:00,2332.9,2336.2,2325.8,2327.7,16341.7192,9059
2026-05-07 10:00:00,2327.8,2330.4,2316.0,2326.1,19587.5808,8553
2026-05-07 11:00:00,2325.9,2330.5,2324.0,2328.9,4777.8726,4667
2026-05-07 12:00:00,2329.0,2335.7,2327.9,2332.0,10532.6556,5775
2026-05-07 13:00:00,2331.9,2331.9,2303.2,2313.3,18938.8728,11659
2026-05-07 14:00:00,2313.2,2317.5,2287.2,2298.2,42672.2173,15844
2026-05-07 15:00:00,2298.1,2303.7,2285.0,2293.6,27481.6842,11185
2026-05-07 16:00:00,2293.9,2297.7,2285.0,2291.3,10614.6769,6645
2026-05-07 17:00:00,2291.2,2301.0,2279.3,2299.4,17975.5194,9166
2026-05-07 18:00:00,2299.4,2303.8,2291.1,2295.7,16332.0677,7174
2026-05-07 19:00:00,2295.6,2296.5,2288.1,2295.6,11163.7466,5927
2026-05-07 20:00:00,2295.6,2302.3,2287.9,2288.7,12490.1459,5475
2026-05-07 21:00:00,2288.7,2294.0,2281.0,2288.0,12087.423,5540
2026-05-07 22:00:00,2288.0,2289.8,2280.6,2286.8,11168.6034,6098
2026-05-07 23:00:00,2286.7,2293.2,2285.9,2290.6,2815.2366,2610
2026-05-08 00:00:00,2290.7,2293.9,2283.4,2286.1,4225.0559,3209
2026-05-08 01:00:00,2286.1,2288.8,2279.3,2284.3,10397.4517,3788
2026-05-08 02:00:00,2284.2,2284.8,2266.7,2278.4,15040.4424,7438
2026-05-08 03:00:00,2278.3,2280.9,2263.4,2278.0,33149.3344,6246
2026-05-08 04:00:00,2278.0,2283.9,2275.8,2280.8,2314.2019,2458
2026-05-08 05:00:00,2280.8,2283.3,2275.4,2275.4,2277.2851,2306
2026-05-08 06:00:00,2275.4,2277.7,2268.0,2274.4,5777.8514,4173
2026-05-08 07:00:00,2274.4,2281.3,2266.0,2280.3,7975.6465,4446
2026-05-08 08:00:00,2280.3,2288.5,2279.0,2282.7,3882.0317,5146
2026-05-08 09:00:00,2282.6,2291.0,2279.2,2283.4,5779.3145,3917
2026-05-08 10:00:00,2283.4,2290.0,2280.1,2286.7,4530.1247,3314
2026-05-08 11:00:00,2286.6,2296.6,2286.6,2294.5,7405.6292,4090
2026-05-08 12:00:00,2294.4,2300.0,2281.9,2283.7,14420.6098,5598
2026-05-08 13:00:00,2283.7,2286.0,2268.4,2275.2,12640.6737,7696
2026-05-08 14:00:00,2275.0,2292.4,2272.3,2284.9,22259.4048,8625
2026-05-08 15:00:00,2284.9,2293.8,2274.1,2292.5,26571.675,8009
2026-05-08 16:00:00,2292.4,2293.9,2285.4,2289.2,12677.881,5821
2026-05-08 17:00:00,2289.3,2314.8,2288.7,2304.1,40742.5226,11622
2026-05-08 18:00:00,2304.1,2321.1,2304.1,2312.8,23753.6606,7873
2026-05-08 19:00:00,2312.7,2320.1,2311.5,2314.9,25754.5149,5635
2026-05-08 20:00:00,2315.0,2315.9,2304.7,2306.1,12400.1278,4089
2026-05-08 21:00:00,2306.2,2314.3,2303.7,2314.0,5887.1306,3493
2026-05-08 22:00:00,2314.0,2318.4,2310.0,2310.6,7510.7457,3233
2026-05-08 23:00:00,2310.5,2310.5,2302.4,2306.8,23383.8193,4149
2026-05-09 00:00:00,2306.8,2311.6,2304.0,2307.8,13456.2427,3374
2026-05-09 01:00:00,2307.8,2318.0,2307.7,2314.0,14532.9955,3899
2026-05-09 02:00:00,2314.1,2320.1,2313.6,2316.6,3744.0579,2501
2026-05-09 03:00:00,2316.6,2319.7,2312.3,2315.1,5058.6461,2916
2026-05-09 04:00:00,2314.9,2325.3,2311.0,2311.9,9451.7622,3909
2026-05-09 05:00:00,2311.9,2317.5,2310.5,2314.0,6037.1351,2585
2026-05-09 06:00:00,2314.1,2318.4,2311.9,2313.3,4128.8946,2232
2026-05-09 07:00:00,2313.3,2317.8,2310.4,2314.2,4712.7271,2284
2026-05-09 08:00:00,2314.1,2319.6,2313.3,2316.4,8486.8114,3342
2026-05-09 09:00:00,2316.3,2316.7,2310.6,2312.3,2164.735,2210
2026-05-09 10:00:00,2312.3,2314.0,2309.2,2311.9,3470.9055,2378
2026-05-09 11:00:00,2311.8,2314.8,2311.8,2314.1,1510.4797,2134
2026-05-09 12:00:00,2314.1,2317.7,2312.6,2315.8,3460.9612,2389
2026-05-09 13:00:00,2315.9,2315.9,2311.1,2313.6,1761.5395,2469
2026-05-09 14:00:00,2313.7,2314.0,2304.3,2307.3,12953.498,5751
2026-05-09 15:00:00,2307.3,2316.3,2298.8,2316.3,11927.6118,7413
2026-05-09 16:00:00,2316.3,2323.7,2314.1,2318.7,17313.5167,8148
2026-05-09 17:00:00,2318.6,2332.6,2318.6,2328.8,21350.161,8118
2026-05-09 18:00:00,2328.8,2337.5,2328.0,2329.4,7391.6158,4320
2026-05-09 19:00:00,2329.4,2332.2,2326.0,2331.1,3139.2534,2828
2026-05-09 20:00:00,2331.1,2332.0,2326.5,2328.5,2610.6991,2182
2026-05-09 21:00:00,2328.5,2331.0,2327.9,2330.2,2053.1476,2157
2026-05-09 22:00:00,2330.2,2332.8,2326.6,2329.1,4979.4433,2623
2026-05-09 23:00:00,2329.1,2331.3,2324.0,2326.0,3444.6005,2268
2026-05-10 00:00:00,2326.0,2329.5,2321.3,2323.3,19006.7292,5179
2026-05-10 01:00:00,2323.3,2324.1,2317.7,2323.3,5906.0187,3329
2026-05-10 02:00:00,2323.4,2327.7,2320.0,2327.0,4492.4993,2958
2026-05-10 03:00:00,2327.0,2332.5,2323.3,2327.1,5461.1073,4006
2026-05-10 04:00:00,2327.2,2330.2,2325.7,2328.0,6866.612,3339
2026-05-10 05:00:00,2327.9,2329.4,2325.6,2326.7,2456.5753,2365
2026-05-10 06:00:00,2326.7,2329.8,2326.2,2328.7,3932.498,2271
2026-05-10 07:00:00,2328.7,2331.3,2327.0,2327.1,3363.5983,2027
2026-05-10 08:00:00,2327.0,2331.0,2325.8,2329.5,3785.9041,2693
2026-05-10 09:00:00,2329.5,2332.9,2326.5,2327.8,2418.6774,2015
2026-05-10 10:00:00,2327.7,2328.4,2322.9,2325.2,6258.5677,2504
2026-05-10 11:00:00,2325.1,2327.3,2318.3,2322.5,2413.6227,2412
2026-05-10 12:00:00,2322.4,2324.8,2320.6,2323.7,2190.5324,1590
2026-05-10 13:00:00,2323.7,2331.5,2322.8,2329.5,3550.9781,2390
2026-05-10 14:00:00,2329.5,2334.9,2326.9,2330.5,2652.0924,2847
2026-05-10 15:00:00,2330.6,2351.0,2330.5,2347.5,15701.9102,8096
2026-05-10 16:00:00,2347.6,2350.6,2339.8,2349.7,17811.9385,7335
2026-05-10 17:00:00,2349.7,2367.7,2344.9,2363.2,22503.6471,10532
2026-05-10 18:00:00,2363.3,2366.0,2355.4,2357.5,23059.3144,7916
2026-05-10 19:00:00,2357.6,2366.3,2350.6,2365.1,15982.217,6394
2026-05-10 20:00:00,2365.2,2369.3,2310.6,2328.2,59202.3755,18578
2026-05-10 21:00:00,2328.3,2336.4,2323.6,2330.3,13341.1385,8934
2026-05-10 22:00:00,2330.3,2377.3,2327.2,2373.5,34130.3124,16262
2026-05-10 23:00:00,2373.7,2382.3,2367.8,2370.6,26098.1653,9115
2026-05-11 00:00:00,2370.7,2374.3,2344.4,2352.3,27293.0218,11306
2026-05-11 01:00:00,2352.3,2364.9,2344.9,2358.3,16792.6144,7029
2026-05-11 02:00:00,2358.4,2360.2,2342.7,2344.8,6564.207,6147
2026-05-11 03:00:00,2344.9,2344.9,2319.2,2329.8,20572.9807,9939
2026-05-11 04:00:00,2329.9,2335.4,2326.0,2332.5,7133.7045,4219
2026-05-11 05:00:00,2332.2,2339.9,2331.4,2334.6,1959.6481,2777
2026-05-11 06:00:00,2334.6,2341.0,2329.6,2333.0,3647.0278,3401
2026-05-11 07:00:00,2333.1,2333.1,2327.5,2330.0,3398.737,3217
2026-05-11 08:00:00,2330.0,2334.4,2326.0,2330.2,7011.077,4010
2026-05-11 09:00:00,2330.3,2338.2,2329.8,2335.7,2949.79,2811
2026-05-11 10:00:00,2335.6,2339.1,2329.1,2329.1,5050.4158,3539
2026-05-11 11:00:00,2329.1,2335.3,2326.8,2335.3,4412.2169,2482
2026-05-11 12:00:00,2335.3,2338.2,2328.0,2328.7,5260.3044,3725
2026-05-11 13:00:00,2328.7,2332.3,2313.6,2321.4,17207.7871,8332
2026-05-11 14:00:00,2321.3,2328.0,2302.1,2315.6,34812.8511,14972
2026-05-11 15:00:00,2315.6,2335.1,2311.9,2332.7,24838.9665,9760
2026-05-11 16:00:00,2332.6,2340.1,2326.2,2328.7,18569.2748,7907
2026-05-11 17:00:00,2328.6,2342.5,2322.5,2336.1,18064.1464,7504
2026-05-11 18:00:00,2336.1,2343.5,2334.3,2334.5,8836.0015,4846
2026-05-11 19:00:00,2334.6,2343.5,2331.2,2339.5,6030.7605,3721
2026-05-11 20:00:00,2339.5,2345.3,2335.7,2337.4,14234.2044,5118
2026-05-11 21:00:00,2337.4,2341.7,2335.9,2340.0,5358.4958,3344
2026-05-11 22:00:00,2340.0,2345.1,2336.0,2340.6,7824.456,3335
2026-05-11 23:00:00,2340.6,2341.7,2334.4,2339.0,4635.9122,2526
2026-05-12 00:00:00,2339.0,2340.0,2331.2,2332.6,5583.2373,3339
2026-05-12 01:00:00,2332.5,2334.7,2293.6,2310.6,29776.6727,11681
2026-05-12 02:00:00,2310.5,2316.2,2306.2,2315.0,9941.13,5323
2026-05-12 03:00:00,2315.0,2316.3,2306.3,2308.3,9699.7457,4323
2026-05-12 04:00:00,2308.4,2313.4,2304.8,2310.1,6011.5906,3601
2026-05-12 05:00:00,2310.1,2313.4,2308.9,2309.9,5264.5343,3027
2026-05-12 06:00:00,2309.8,2313.2,2302.0,2303.1,5417.8013,4173
2026-05-12 07:00:00,2302.9,2303.8,2290.8,2294.5,14003.266,7464
2026-05-12 08:00:00,2294.5,2295.1,2279.5,2287.5,18303.0521,9939
2026-05-12 09:00:00,2287.4,2294.0,2280.4,2292.0,16651.9844,5860
2026-05-12 10:00:00,2292.1,2292.9,2281.5,2285.2,8758.1505,4603
2026-05-12 11:00:00,2285.3,2286.2,2278.0,2285.8,7325.7982,5388
2026-05-12 12:00:00,2285.9,2293.3,2280.0,2288.1,10327.4927,7229
2026-05-12 13:00:00,2288.2,2291.5,2267.5,2270.4,17489.4867,12031
2026-05-12 14:00:00,2270.3,2280.5,2261.3,2267.8,19646.2596,14010
2026-05-12 15:00:00,2267.7,2273.1,2255.4,2260.6,38479.1609,13870
2026-05-12 16:00:00,2260.5,2270.0,2255.2,2262.7,13412.01,9181
2026-05-12 17:00:00,2262.8,2276.9,2262.8,2275.4,7919.3261,6484
2026-05-12 18:00:00,2275.4,2283.9,2274.0,2278.4,14027.5914,7159
2026-05-12 19:00:00,2278.3,2286.5,2278.2,2283.7,6202.9301,6580
2026-05-12 20:00:00,2283.7,2286.5,2280.1,2283.9,5123.0549,5257
2026-05-12 21:00:00,2283.9,2286.6,2282.4,2284.6,5490.6789,5114
2026-05-12 22:00:00,2284.7,2290.2,2281.4,2281.4,4168.4524,5707
2026-05-12 23:00:00,2281.5,2283.1,2272.8,2273.7,4422.9595,3881
2026-05-13 00:00:00,2273.7,2285.7,2272.4,2280.5,3118.0282,4353
2026-05-13 01:00:00,2280.6,2295.0,2280.0,2289.0,12945.4286,7474
2026-05-13 02:00:00,2289.1,2300.5,2286.3,2293.4,23341.9997,6860
2026-05-13 03:00:00,2293.4,2303.5,2291.6,2301.2,23620.2197,9211
2026-05-13 04:00:00,2301.3,2308.1,2298.2,2306.5,4772.1762,4426
2026-05-13 05:00:00,2306.5,2307.3,2295.3,2297.4,4656.5487,3613
2026-05-13 06:00:00,2297.4,2304.7,2297.0,2301.1,2636.7815,3284
2026-05-13 07:00:00,2301.2,2302.2,2296.4,2300.6,1946.3701,2897
2026-05-13 08:00:00,2300.6,2316.3,2300.5,2316.3,14421.2786,6932
2026-05-13 09:00:00,2316.3,2323.2,2314.1,2320.7,6500.3574,5162
2026-05-13 10:00:00,2320.7,2321.3,2305.6,2308.2,10896.1843,4693
2026-05-13 11:00:00,2308.2,2308.4,2298.1,2301.3,6468.6119,4296
2026-05-13 12:00:00,2301.3,2306.8,2270.0,2283.6,22263.033,12676
2026-05-13 13:00:00,2283.6,2288.1,2257.8,2262.0,27192.626,12911
2026-05-13 14:00:00,2262.0,2270.0,2250.4,2266.7,22365.4748,11165
2026-05-13 15:00:00,2266.7,2269.3,2233.6,2235.8,47457.4311,15157
2026-05-13 16:00:00,2235.8,2253.2,2234.7,2250.5,23284.6032,11369
2026-05-13 17:00:00,2250.6,2261.4,2250.6,2258.1,24737.6993,7575
2026-05-13 18:00:00,2258.0,2267.9,2258.0,2259.2,14392.96,6527
2026-05-13 19:00:00,2259.2,2260.1,2249.7,2256.1,7991.2817,5053
2026-05-13 20:00:00,2256.1,2263.8,2256.0,2263.1,2815.9774,3703
2026-05-13 21:00:00,2263.3,2263.4,2252.9,2255.0,8117.4152,4120
2026-05-13 22:00:00,2255.0,2259.8,2250.1,2258.8,5550.5991,3907
2026-05-13 23:00:00,2258.7,2261.3,2254.1,2258.0,2176.09,2936
2026-05-14 00:00:00,2258.0,2269.0,2257.6,2265.9,5570.7627,4467
2026-05-14 01:00:00,2265.7,2268.8,2259.2,2264.3,4538.5814,3550
2026-05-14 02:00:00,2264.2,2265.8,2246.5,2250.8,8380.4517,5089
2026-05-14 03:00:00,2250.7,2254.1,2237.7,2241.3,7729.1422,6780
2026-05-14 04:00:00,2241.3,2257.6,2238.5,2255.9,8240.3557,4943
2026-05-14 05:00:00,2255.9,2273.0,2255.0,2267.5,5285.5159,4619
2026-05-14 06:00:00,2267.6,2274.5,2265.9,2266.9,6731.4892,4948
2026-05-14 07:00:00,2266.9,2269.9,2263.2,2264.3,3373.2812,3062
2026-05-14 08:00:00,2264.3,2270.0,2261.1,2265.5,4892.5875,3767
2026-05-14 09:00:00,2265.5,2266.9,2251.6,2256.9,5907.1331,4666
2026-05-14 10:00:00,2256.9,2264.7,2254.8,2261.1,13025.6112,5413
2026-05-14 11:00:00,2261.1,2263.1,2251.3,2252.9,28059.5389,8866
2026-05-14 12:00:00,2252.8,2262.6,2247.1,2260.6,11918.3752,5596
2026-05-14 13:00:00,2260.6,2264.8,2248.1,2248.8,15521.3413,7948
2026-05-14 14:00:00,2248.9,2287.8,2245.1,2286.1,26172.2679,12876
2026-05-14 15:00:00,2286.2,2298.5,2279.5,2297.5,30602.4874,12348
2026-05-14 16:00:00,2297.5,2317.5,2292.5,2315.5,36006.6116,15574
2026-05-14 17:00:00,2315.5,2318.7,2295.4,2307.3,20878.941,10873
2026-05-14 18:00:00,2307.3,2316.0,2301.8,2308.9,12990.1799,7389
2026-05-14 19:00:00,2308.8,2311.2,2296.4,2297.2,9555.7922,7694
2026-05-14 20:00:00,2297.3,2300.3,2287.3,2297.1,15379.3617,8383
2026-05-14 21:00:00,2297.1,2299.2,2288.8,2296.2,5484.5048,4263
2026-05-14 22:00:00,2296.3,2300.0,2294.1,2297.0,4345.8787,3116
2026-05-14 23:00:00,2296.9,2296.9,2279.8,2282.1,8100.1601,4648
2026-05-15 00:00:00,2282.2,2299.3,2280.9,2290.6,6469.9113,6284
2026-05-15 01:00:00,2290.6,2293.8,2273.8,2274.6,12677.4701,7962
2026-05-15 02:00:00,2274.7,2278.4,2259.3,2275.6,46726.3774,14185
2026-05-15 03:00:00,2275.8,2278.5,2266.9,2272.4,14456.4859,5593
2026-05-15 04:00:00,2272.4,2272.7,2261.4,2262.0,6361.3158,5157
2026-05-15 05:00:00,2262.0,2266.0,2236.2,2244.1,23536.8674,12164
2026-05-15 06:00:00,2244.1,2256.0,2242.5,2254.3,8378.5145,5001
2026-05-15 07:00:00,2254.4,2270.4,2252.7,2264.3,12391.1352,4827
2026-05-15 08:00:00,2264.3,2264.6,2249.2,2256.4,6363.875,4966
2026-05-15 09:00:00,2256.5,2259.0,2249.7,2253.3,6121.6862,3982
2026-05-15 10:00:00,2253.4,2263.5,2251.3,2261.5,6266.4652,4632
2026-05-15 11:00:00,2261.6,2263.0,2256.5,2256.6,7258.8282,3152
2026-05-15 12:00:00,2256.6,2259.3,2249.7,2253.1,14878.0433,4925
2026-05-15 13:00:00,2253.0,2253.0,2209.3,2212.3,67574.0693,22236
2026-05-15 14:00:00,2212.3,2223.4,2204.0,2212.6,81233.836,21807
2026-05-15 15:00:00,2212.7,2222.7,2209.0,2221.9,30827.9749,8850
2026-05-15 16:00:00,2222.0,2230.0,2217.1,2223.4,31401.7569,9073
2026-05-15 17:00:00,2223.4,2232.0,2223.1,2228.2,22689.8387,8078
2026-05-15 18:00:00,2228.4,2231.6,2224.0,2227.0,5319.1112,4461
2026-05-15 19:00:00,2226.9,2227.3,2221.2,2222.3,5049.1724,3707
2026-05-15 20:00:00,2222.2,2225.3,2215.7,2219.0,20647.9552,4528
2026-05-15 21:00:00,2219.0,2223.9,2213.3,2215.6,4447.6001,2788
2026-05-15 22:00:00,2215.7,2223.3,2215.7,2223.1,3351.2955,2076
2026-05-15 23:00:00,2223.0,2225.2,2221.5,2223.3,3114.6983,1542
2026-05-16 00:00:00,2223.3,2230.5,2222.7,2225.7,1749.1531,2120
2026-05-16 01:00:00,2225.8,2229.9,2222.1,2228.6,20758.9727,3361
2026-05-16 02:00:00,2228.7,2230.3,2226.0,2228.9,1929.5461,2186
2026-05-16 03:00:00,2228.8,2229.4,2226.0,2226.9,1393.8784,1764
2026-05-16 04:00:00,2226.9,2227.7,2217.4,2224.6,12779.4723,3181
2026-05-16 05:00:00,2224.6,2225.8,2221.4,2224.2,1557.4972,1606
2026-05-16 06:00:00,2224.2,2225.8,2208.1,2214.0,17197.2125,5341
2026-05-16 07:00:00,2214.0,2214.4,2180.9,2193.7,48498.6994,15101
2026-05-16 08:00:00,2193.6,2195.7,2190.9,2192.2,3442.8165,4688
2026-05-16 09:00:00,2192.2,2192.7,2161.2,2172.4,26512.2739,11497
2026-05-16 10:00:00,2172.4,2173.9,2161.4,2172.8,22653.1744,7735
2026-05-16 11:00:00,2172.9,2180.0,2172.9,2175.6,10524.9881,4381
2026-05-16 12:00:00,2175.6,2178.5,2172.8,2175.8,17745.2036,4123
2026-05-16 13:00:00,2175.8,2179.1,2171.8,2176.1,14263.8911,4331
2026-05-16 14:00:00,2176.2,2187.5,2173.0,2179.1,34086.8881,7455
2026-05-16 15:00:00,2179.1,2182.7,2176.2,2179.1,5260.2931,3563
2026-05-16 16:00:00,2179.1,2182.6,2169.1,2173.1,4674.783,3924
2026-05-16 17:00:00,2173.3,2180.0,2173.3,2178.1,5606.7432,2758
2026-05-16 18:00:00,2178.1,2183.5,2175.5,2180.4,3061.7578,2695
2026-05-16 19:00:00,2180.5,2182.2,2178.2,2178.7,2302.4538,1750
2026-05-16 20:00:00,2178.7,2182.1,2178.7,2180.5,3321.1261,2102
2026-05-16 21:00:00,2180.3,2181.3,2180.1,2181.2,6878.513,2674
2026-05-16 22:00:00,2181.1,2181.3,2178.5,2179.3,3084.1941,2400
2026-05-16 23:00:00,2179.3,2181.9,2178.1,2179.4,2879.4092,2057
2026-05-17 00:00:00,2179.3,2184.6,2172.9,2176.2,3106.5991,3258
2026-05-17 01:00:00,2176.1,2182.0,2166.6,2168.0,33923.6192,7156
2026-05-17 02:00:00,2168.1,2175.0,2168.0,2173.0,4637.6958,3148
2026-05-17 03:00:00,2173.0,2182.9,2173.0,2180.5,3268.6463,2672
2026-05-17 04:00:00,2180.4,2188.5,2180.0,2186.3,3568.1502,3141
2026-05-17 05:00:00,2186.2,2193.8,2184.6,2184.8,3729.5758,2825
2026-05-17 06:00:00,2184.7,2186.8,2180.2,2183.7,12531.358,3492
2026-05-17 07:00:00,2183.6,2187.2,2181.2,2185.4,6099.2901,2725
2026-05-17 08:00:00,2185.1,2185.9,2182.0,2184.9,1329.0842,2172
2026-05-17 09:00:00,2184.9,2190.0,2184.7,2189.0,4190.6841,2112
2026-05-17 10:00:00,2188.9,2196.8,2188.9,2192.6,5261.8717,3808
2026-05-17 11:00:00,2192.5,2193.5,2186.5,2190.8,14633.4177,4191
2026-05-17 12:00:00,2190.7,2197.2,2190.1,2193.2,6016.2594,3413
2026-05-17 13:00:00,2193.1,2194.0,2186.0,2190.6,10564.1047,4043
2026-05-17 14:00:00,2190.6,2191.1,2177.2,2185.5,8738.4987,5350
2026-05-17 15:00:00,2185.4,2187.4,2180.1,2185.6,6039.1399,3045
2026-05-17 16:00:00,2185.5,2187.6,2181.1,2181.4,3329.9364,2351
2026-05-17 17:00:00,2181.4,2184.0,2175.3,2183.1,16078.9357,4167
2026-05-17 18:00:00,2183.1,2187.6,2178.3,2187.6,7259.6844,3562
2026-05-17 19:00:00,2187.6,2192.7,2186.4,2191.4,6579.897,3597
2026-05-17 20:00:00,2191.4,2192.7,2185.8,2188.4,8269.2902,3320
2026-05-17 21:00:00,2188.3,2193.8,2186.2,2190.9,2156.1948,2108
2026-05-17 22:00:00,2190.8,2190.8,2173.4,2179.2,44844.0835,10314
2026-05-17 23:00:00,2179.2,2179.2,2089.4,2130.1,105123.809,27264
2026-05-18 00:00:00,2130.2,2130.8,2103.9,2114.5,36516.1388,16326
2026-05-18 01:00:00,2114.4,2120.4,2105.4,2116.4,14180.4237,10299
2026-05-18 02:00:00,2116.4,2122.8,2111.5,2115.5,8859.6986,6421
2026-05-18 03:00:00,2115.6,2122.7,2115.0,2117.5,4741.3908,4302
2026-05-18 04:00:00,2117.5,2124.5,2113.3,2123.7,8848.2788,3709
2026-05-18 05:00:00,2123.7,2124.8,2116.1,2117.2,4945.1404,3591
2026-05-18 06:00:00,2117.3,2120.2,2109.1,2117.8,13596.6606,5345
2026-05-18 07:00:00,2118.0,2122.6,2110.9,2119.5,9697.7036,4243
2026-05-18 08:00:00,2119.5,2122.7,2116.2,2120.3,7369.3757,4837
2026-05-18 09:00:00,2120.3,2120.8,2114.5,2115.7,3955.6732,3502
2026-05-18 10:00:00,2115.7,2116.4,2111.3,2113.3,9679.3029,5339
2026-05-18 11:00:00,2113.3,2138.7,2109.3,2132.5,30442.4763,10075
2026-05-18 12:00:00,2132.5,2156.1,2132.4,2149.9,62822.6626,14311
2026-05-18 13:00:00,2149.9,2150.3,2119.1,2129.9,52732.4771,15157
2026-05-18 14:00:00,2129.9,2129.9,2097.8,2109.4,34210.9131,16077
2026-05-18 15:00:00,2109.4,2110.4,2092.3,2106.4,42926.0279,17394
2026-05-18 16:00:00,2106.5,2110.6,2090.0,2096.7,21769.9638,11408
2026-05-18 17:00:00,2096.8,2109.7,2094.7,2107.2,8271.2028,6706
2026-05-18 18:00:00,2107.3,2108.3,2077.0,2080.5,34395.9412,13919
2026-05-18 19:00:00,2080.4,2127.8,2078.7,2124.1,86442.6592,23433
2026-05-18 20:00:00,2124.0,2130.2,2114.5,2116.7,19320.8479,10051
2026-05-18 21:00:00,2116.8,2142.1,2114.0,2136.8,55314.5129,13002
2026-05-18 22:00:00,2136.7,2143.1,2129.6,2135.4,26343.2997,8175
2026-05-18 23:00:00,2135.4,2138.5,2127.5,2129.7,11142.2909,4954
2026-05-19 00:00:00,2129.7,2146.3,2128.0,2135.5,8896.7968,6732
2026-05-19 01:00:00,2135.5,2137.8,2122.8,2124.1,24631.3329,7638
2026-05-19 02:00:00,2124.0,2135.1,2118.4,2122.3,11008.5788,6043
2026-05-19 03:00:00,2122.3,2133.6,2121.2,2130.3,5821.6394,3697
2026-05-19 04:00:00,2130.2,2136.0,2127.4,2133.2,7960.6667,3694
2026-05-19 05:00:00,2133.2,2136.9,2122.5,2134.4,5926.6393,3943
2026-05-19 06:00:00,2134.4,2139.3,2131.9,2136.6,5037.3377,2778
2026-05-19 07:00:00,2136.5,2144.0,2134.5,2140.0,5304.4817,3607
2026-05-19 08:00:00,2140.1,2140.4,2130.2,2132.7,4025.4818,3251
2026-05-19 09:00:00,2132.7,2133.5,2110.6,2113.3,16263.7496,6166
2026-05-19 10:00:00,2113.3,2121.0,2105.6,2117.7,16564.4545,6071
2026-05-19 11:00:00,2117.9,2119.6,2108.2,2109.8,10597.2124,3551
2026-05-19 12:00:00,2109.8,2118.6,2108.0,2117.4,5159.7293,3266
2026-05-19 13:00:00,2117.4,2126.6,2106.9,2118.2,32328.0993,9696
2026-05-19 14:00:00,2118.2,2122.7,2093.5,2105.7,42229.9928,15832
2026-05-19 15:00:00,2105.5,2112.2,2103.0,2109.2,9641.3778,5255
2026-05-19 16:00:00,2109.3,2121.6,2106.4,2120.5,10523.0067,5397
2026-05-19 17:00:00,2120.5,2124.6,2112.1,2114.9,6818.0707,4840
2026-05-19 18:00:00,2115.0,2118.9,2109.9,2114.5,8605.5046,3901
2026-05-19 19:00:00,2114.6,2122.6,2109.3,2112.3,9630.5794,4270
2026-05-19 20:00:00,2112.4,2118.2,2111.5,2117.5,1723.83,1751
2026-05-19 21:00:00,2117.5,2119.8,2115.9,2115.9,2960.3281,2670
2026-05-19 22:00:00,2115.9,2115.9,2101.5,2105.4,6938.1976,4279
2026-05-19 23:00:00,2105.5,2117.6,2103.7,2110.8,4502.8755,3008
2026-05-20 00:00:00,2110.9,2114.7,2102.6,2110.2,6585.6344,4710
2026-05-20 01:00:00,2110.5,2117.6,2102.5,2114.5,6575.3649,4869
2026-05-20 02:00:00,2114.3,2116.4,2105.5,2108.1,5262.9973,3749
2026-05-20 03:00:00,2108.2,2115.3,2105.1,2110.5,2962.121,3048
2026-05-20 04:00:00,2110.6,2113.8,2106.3,2112.7,17458.8409,4634
2026-05-20 05:00:00,2112.8,2129.7,2112.8,2124.8,11103.8227,5403
2026-05-20 06:00:00,2124.6,2133.7,2124.6,2133.5,12502.4693,4688
2026-05-20 07:00:00,2133.5,2135.9,2127.9,2128.8,10106.2245,4076
2026-05-20 08:00:00,2128.7,2137.5,2128.0,2130.9,8187.6189,4831
2026-05-20 09:00:00,2131.0,2132.3,2127.0,2128.6,2189.0495,2270
2026-05-20 10:00:00,2128.6,2136.3,2128.6,2130.1,2941.5619,2814
2026-05-20 11:00:00,2130.0,2131.4,2123.7,2127.6,3775.8022,3105
2026-05-20 12:00:00,2127.6,2139.7,2126.4,2133.3,7702.6731,4039
2026-05-20 13:00:00,2133.4,2134.9,2114.7,2120.1,17462.4135,8192
2026-05-20 14:00:00,2120.1,2138.5,2113.6,2135.2,28503.1735,12640
2026-05-20 15:00:00,2134.9,2148.1,2128.3,2136.0,16276.5095,7967
2026-05-20 16:00:00,2136.0,2139.8,2123.3,2134.9,8619.7627,6393
2026-05-20 17:00:00,2134.9,2148.2,2131.7,2139.9,11519.4825,6485
2026-05-20 18:00:00,2139.9,2140.3,2130.5,2131.5,6013.9882,3998
2026-05-20 19:00:00,2131.5,2140.7,2128.3,2138.3,4654.7491,4390
2026-05-20 20:00:00,2138.5,2140.1,2129.0,2135.2,21358.99,6418
2026-05-20 21:00:00,2135.2,2137.7,2129.7,2129.8,10915.7311,3921
2026-05-20 22:00:00,2129.7,2129.7,2117.4,2127.9,10703.7504,5654
2026-05-20 23:00:00,2127.7,2129.8,2122.2,2129.1,3813.4358,2946
2026-05-21 00:00:00,2129.0,2144.9,2127.9,2142.4,13697.9873,6405
2026-05-21 01:00:00,2142.4,2156.7,2138.6,2140.5,62539.7533,10291
2026-05-21 02:00:00,2140.5,2147.6,2139.0,2141.1,4194.7122,3396
2026-05-21 03:00:00,2141.2,2146.8,2140.2,2145.4,2533.7719,2825
2026-05-21 04:00:00,2145.5,2148.5,2142.1,2144.4,2203.9743,2675
2026-05-21 05:00:00,2144.4,2147.7,2132.9,2136.0,9243.0891,4012
2026-05-21 06:00:00,2135.9,2138.2,2127.1,2127.9,6931.5303,3802
2026-05-21 07:00:00,2128.0,2136.1,2123.9,2134.7,13152.2214,4767
2026-05-21 08:00:00,2134.5,2147.6,2134.4,2137.4,20365.2891,6528
2026-05-21 09:00:00,2137.3,2140.2,2127.2,2127.5,5375.3048,3460
2026-05-21 10:00:00,2127.4,2129.2,2108.7,2113.3,23517.1023,9842
2026-05-21 11:00:00,2113.4,2119.0,2111.4,2114.0,11933.0591,4506
2026-05-21 12:00:00,2114.1,2118.8,2111.3,2116.2,13623.8136,4670
2026-05-21 13:00:00,2116.1,2124.1,2104.2,2120.1,26898.6962,9701
2026-05-21 14:00:00,2120.1,2125.0,2110.2,2121.2,17624.657,8444
2026-05-21 15:00:00,2121.3,2137.9,2118.7,2131.9,19268.8534,8642
2026-05-21 16:00:00,2131.9,2136.1,2122.0,2126.9,34101.4057,7756
2026-05-21 17:00:00,2126.9,2153.0,2125.1,2146.2,25290.639,11418
2026-05-21 18:00:00,2146.1,2147.6,2120.3,2125.8,21741.8527,9325
2026-05-21 19:00:00,2125.8,2145.4,2125.6,2142.7,32034.723,8371
2026-05-21 20:00:00,2142.7,2143.0,2136.5,2138.0,3412.6413,2911
2026-05-21 21:00:00,2138.1,2140.4,2133.6,2134.4,6818.4554,2745
2026-05-21 22:00:00,2134.5,2136.4,2130.4,2131.2,6105.9246,3303
2026-05-21 23:00:00,2131.0,2136.3,2126.5,2133.1,6580.0687,3694
2026-05-22 00:00:00,2133.3,2134.4,2128.5,2128.5,4233.9165,3573
2026-05-22 01:00:00,2128.5,2136.3,2124.7,2135.2,4215.1663,4028
2026-05-22 02:00:00,2135.2,2139.5,2133.8,2137.4,3423.1301,3136
2026-05-22 03:00:00,2137.3,2140.7,2134.7,2137.1,1793.6041,1859
2026-05-22 04:00:00,2137.1,2140.9,2132.1,2133.1,2399.3975,1972
2026-05-22 05:00:00,2133.2,2135.2,2127.1,2128.6,3001.2355,2477
2026-05-22 06:00:00,2128.6,2130.0,2123.1,2125.1,4417.3515,3278
2026-05-22 07:00:00,2125.0,2132.3,2121.6,2128.1,7664.0205,4334
2026-05-22 08:00:00,2128.0,2133.0,2118.6,2121.6,19845.7196,6631
2026-05-22 09:00:00,2121.4,2124.7,2118.2,2123.4,9356.4238,4738
2026-05-22 10:00:00,2123.4,2124.7,2120.5,2122.5,2772.7261,2341
2026-05-22 11:00:00,2122.5,2130.6,2119.6,2130.2,12156.5987,3931
2026-05-22 12:00:00,2130.3,2137.5,2128.9,2134.4,10853.1668,4682
2026-05-22 13:00:00,2134.6,2135.3,2123.2,2129.5,11938.0776,6121
2026-05-22 14:00:00,2129.5,2129.5,2111.6,2116.4,15231.122,8994
2026-05-22 15:00:00,2116.4,2125.3,2111.5,2119.1,9626.4791,6284
2026-05-22 16:00:00,2119.0,2123.5,2117.4,2122.1,8764.5018,3765
2026-05-22 17:00:00,2122.2,2129.1,2118.2,2118.7,17461.4925,5738
2026-05-22 18:00:00,2118.7,2121.0,2082.9,2098.9,77198.6384,16233
2026-05-22 19:00:00,2099.0,2102.1,2056.2,2064.7,95075.5329,24755
2026-05-22 20:00:00,2064.6,2078.1,2063.8,2072.3,33321.3543,9866
2026-05-22 21:00:00,2072.1,2078.7,2070.6,2077.3,9770.1788,4840
2026-05-22 22:00:00,2077.3,2078.5,2065.1,2072.1,25298.4824,5983
2026-05-22 23:00:00,2072.0,2076.2,2056.2,2064.8,27544.7823,8777
2026-05-23 00:00:00,2064.9,2069.6,2052.1,2063.4,38298.9872,11912
2026-05-23 01:00:00,2063.5,2069.1,2061.8,2068.1,13991.6235,5087
2026-05-23 02:00:00,2068.2,2069.5,2063.8,2067.7,2866.6687,3069
2026-05-23 03:00:00,2067.6,2071.2,2067.1,2069.9,3017.4932,2635
2026-05-23 04:00:00,2070.0,2070.4,2065.0,2066.4,10683.5602,3136
2026-05-23 05:00:00,2066.5,2067.1,2061.5,2064.0,3944.9206,2216
2026-05-23 06:00:00,2064.0,2064.9,2059.7,2060.7,2882.9718,2295
2026-05-23 07:00:00,2060.9,2062.2,2008.5,2027.6,70714.2693,17563
2026-05-23 08:00:00,2027.5,2031.4,2020.2,2029.3,29542.4766,10957
2026-05-23 09:00:00,2029.3,2029.9,2026.2,2026.4,4578.1214,3916
2026-05-23 10:00:00,2026.4,2032.1,2026.1,2030.4,12854.9657,4379
2026-05-23 11:00:00,2030.3,2034.4,2029.6,2030.4,4266.1935,3208
2026-05-23 12:00:00,2030.4,2030.8,2025.7,2029.8,12134.9398,4265
2026-05-23 13:00:00,2029.8,2044.8,2029.8,2043.7,10220.2276,7065
2026-05-23 14:00:00,2043.6,2064.2,2040.0,2060.4,23629.6689,8558
2026-05-23 15:00:00,2060.4,2067.6,2054.5,2059.0,16737.1077,7531
2026-05-23 16:00:00,2058.9,2063.8,2056.0,2060.5,7372.2418,6017
2026-05-23 17:00:00,2060.4,2064.0,2057.7,2062.7,6431.4319,4251
2026-05-23 18:00:00,2062.7,2081.8,2062.4,2073.1,24236.4962,9127
2026-05-23 19:00:00,2073.0,2079.7,2068.8,2076.3,6939.0079,4918
2026-05-23 20:00:00,2076.3,2145.9,2073.7,2145.4,107401.1686,26014
2026-05-23 21:00:00,2145.4,2149.0,2105.2,2115.7,82783.038,20330
2026-05-23 22:00:00,2115.7,2119.1,2101.6,2116.1,58157.7837,10190
2026-05-23 23:00:00,2116.0,2121.2,2113.7,2116.8,14590.777,5443
2026-05-24 00:00:00,2116.8,2120.4,2112.4,2118.8,6111.3878,4094
2026-05-24 01:00:00,2118.8,2124.4,2117.6,2121.7,9665.5467,4739
2026-05-24 02:00:00,2121.7,2124.5,2117.7,2121.7,3083.8418,2671
2026-05-24 03:00:00,2121.7,2126.2,2116.2,2118.4,6269.9939,2579
2026-05-24 04:00:00,2118.2,2122.9,2118.2,2119.5,2115.912,2025
2026-05-24 05:00:00,2119.4,2120.6,2112.9,2119.1,2997.2738,2296
2026-05-24 06:00:00,2119.1,2129.5,2116.8,2127.4,4490.3902,3070
2026-05-24 07:00:00,2127.4,2129.1,2118.8,2120.3,2851.2365,2561
2026-05-24 08:00:00,2120.4,2122.5,2118.5,2119.9,2248.335,2666
2026-05-24 09:00:00,2119.8,2123.4,2118.5,2122.6,5549.308,2830
2026-05-24 10:00:00,2122.7,2130.0,2118.6,2121.3,7111.23,3724
2026-05-24 11:00:00,2121.3,2126.8,2121.3,2124.7,2017.7678,2296
2026-05-24 12:00:00,2125.2,2125.7,2117.0,2119.2,11207.6742,3441
2026-05-24 13:00:00,2119.3,2120.2,2105.0,2109.3,7961.5349,4878
2026-05-24 14:00:00,2109.3,2111.5,2078.5,2096.9,32861.2425,12609
2026-05-24 15:00:00,2097.1,2099.0,2093.1,2094.6,7719.906,3083
2026-05-24 16:00:00,2094.6,2108.0,2094.0,2102.7,13781.9709,5140
2026-05-24 17:00:00,2102.8,2105.7,2100.5,2102.0,5585.4424,2530
2026-05-24 18:00:00,2102.0,2103.9,2096.8,2098.8,4472.412,2818
2026-05-24 19:00:00,2098.9,2101.5,2095.2,2099.7,2687.6162,2497
2026-05-24 20:00:00,2099.7,2101.0,2090.8,2092.0,7332.776,4172
2026-05-24 21:00:00,2092.0,2097.8,2061.4,2069.5,26670.052,10922
2026-05-24 22:00:00,2069.5,2098.8,2069.5,2091.0,39324.6842,12273
2026-05-24 23:00:00,2091.1,2105.8,2090.5,2098.6,8955.6871,5600
2026-05-25 00:00:00,2098.6,2108.0,2098.6,2103.9,4791.9969,4592
2026-05-25 01:00:00,2104.0,2106.8,2091.8,2092.8,9696.2503,4689
2026-05-25 02:00:00,2092.8,2112.3,2092.8,2096.9,30035.3573,7810
2026-05-25 03:00:00,2097.0,2098.5,2091.0,2094.0,12734.0014,4981
2026-05-25 04:00:00,2094.1,2106.9,2090.9,2104.8,8257.0998,4610
2026-05-25 05:00:00,2104.7,2110.6,2103.0,2106.8,13482.0604,4715
2026-05-25 06:00:00,2106.7,2109.8,2098.0,2108.0,19339.419,7917
2026-05-25 07:00:00,2108.1,2116.6,2105.5,2115.0,8708.2457,4342
2026-05-25 08:00:00,2115.0,2116.8,2110.7,2115.7,2760.4287,2995
2026-05-25 09:00:00,2115.8,2123.2,2115.1,2115.7,4877.1902,3300
2026-05-25 10:00:00,2115.8,2119.9,2113.8,2116.1,5446.2956,2546
2026-05-25 11:00:00,2116.1,2119.2,2113.3,2113.9,3078.241,2172
2026-05-25 12:00:00,2114.0,2118.7,2111.4,2116.4,5715.6303,3358
2026-05-25 13:00:00,2116.4,2118.7,2113.4,2115.5,3289.7357,2295
2026-05-25 14:00:00,2115.4,2129.3,2114.6,2127.7,15101.1972,6022
2026-05-25 15:00:00,2127.6,2136.8,2122.0,2126.1,28061.3428,7061
2026-05-25 16:00:00,2126.2,2141.0,2124.1,2135.6,8109.4396,4075
2026-05-25 17:00:00,2135.7,2139.8,2127.4,2127.9,4198.0079,3431
2026-05-25 18:00:00,2127.8,2133.0,2125.9,2126.1,3961.788,2325
2026-05-25 19:00:00,2126.1,2126.1,2115.1,2120.7,11672.0894,3705
2026-05-25 20:00:00,2120.5,2122.2,2106.5,2107.3,12728.0549,3880
2026-05-25 21:00:00,2107.5,2112.0,2106.8,2109.8,3817.2573,2587
2026-05-25 22:00:00,2109.8,2114.4,2101.4,2102.5,13374.393,3769
2026-05-25 23:00:00,2102.5,2113.5,2101.0,2112.4,21296.4919,3368
2026-05-26 00:00:00,2112.4,2113.2,2084.3,2097.3,47900.5163,8707
2026-05-26 01:00:00,2097.3,2099.7,2087.5,2093.9,25356.633,7261
2026-05-26 02:00:00,2093.9,2095.1,2084.1,2088.1,19951.2429,4022
2026-05-26 03:00:00,2088.3,2093.1,2084.0,2092.5,3796.6946,2880
2026-05-26 04:00:00,2092.6,2095.7,2088.0,2093.0,5764.6822,2391
2026-05-26 05:00:00,2093.0,2102.9,2091.2,2100.1,3647.4421,2237
2026-05-26 06:00:00,2099.8,2104.1,2094.4,2100.8,2687.4161,2164
2026-05-26 07:00:00,2100.9,2101.8,2090.0,2094.7,9328.2124,3320
2026-05-26 08:00:00,2094.8,2099.4,2094.4,2096.3,4711.2588,2406
2026-05-26 09:00:00,2096.4,2098.9,2093.4,2095.9,2683.3143,2217
2026-05-26 10:00:00,2096.0,2137.1,2093.5,2126.8,37863.7619,9485
2026-05-26 11:00:00,2126.8,2129.9,2117.7,2119.9,15974.5304,4808
2026-05-26 12:00:00,2119.9,2126.1,2110.5,2125.6,6284.5421,3877
2026-05-26 13:00:00,2125.6,2131.0,2108.8,2124.2,17350.9001,7010
2026-05-26 14:00:00,2124.4,2140.0,2105.2,2108.4,48955.7411,14214
2026-05-26 15:00:00,2108.3,2111.0,2077.6,2086.4,38022.9093,13782
2026-05-26 16:00:00,2086.4,2088.6,2073.0,2078.4,22329.113,9951
2026-05-26 17:00:00,2078.6,2082.9,2053.6,2070.0,24549.0465,11638
2026-05-26 18:00:00,2070.0,2079.7,2065.5,2067.6,13876.067,6769
2026-05-26 19:00:00,2067.7,2076.1,2064.5,2073.3,8157.8514,4833
2026-05-26 20:00:00,2073.3,2077.7,2072.7,2077.2,13787.8551,4044
2026-05-26 21:00:00,2077.2,2077.8,2068.2,2071.8,5325.4509,3255
2026-05-26 22:00:00,2072.0,2075.4,2064.8,2067.6,6625.3235,3192
2026-05-26 23:00:00,2067.7,2075.8,2067.7,2072.6,2732.7424,2377
2026-05-27 00:00:00,2072.7,2083.1,2072.6,2082.1,4752.2834,3730
2026-05-27 01:00:00,2082.1,2082.6,2070.6,2073.2,10340.2779,4127
2026-05-27 02:00:00,2073.2,2075.0,2068.0,2075.0,4569.7966,4170
2026-05-27 03:00:00,2075.0,2079.0,2068.0,2068.6,6794.0365,4210
2026-05-27 04:00:00,2068.6,2072.0,2055.0,2071.1,17713.3441,7520
2026-05-27 05:00:00,2071.0,2078.0,2070.5,2076.2,6954.9595,4121
2026-05-27 06:00:00,2076.2,2080.4,2074.0,2078.6,7665.0224,3614
2026-05-27 07:00:00,2078.6,2083.3,2074.9,2082.9,7779.9951,4010
2026-05-27 08:00:00,2082.8,2095.8,2082.8,2084.0,11649.8032,6933
2026-05-27 09:00:00,2084.0,2087.0,2077.3,2082.5,6419.6867,4275
2026-05-27 10:00:00,2082.5,2086.8,2078.7,2078.7,10533.805,3685
2026-05-27 11:00:00,2078.7,2084.6,2078.2,2079.7,8490.1685,3849
2026-05-27 12:00:00,2079.9,2096.2,2073.6,2078.0,23530.0207,8754
2026-05-27 13:00:00,2077.9,2080.0,2051.4,2063.8,41248.1528,14178
2026-05-27 14:00:00,2063.9,2071.3,2054.1,2061.9,18336.955,9375
2026-05-27 15:00:00,2061.8,2078.8,2060.6,2070.9,17578.1203,7701
2026-05-27 16:00:00,2071.1,2073.8,2059.5,2069.7,10925.8055,5659
2026-05-27 17:00:00,2069.8,2069.8,2044.2,2051.2,15982.4663,7870
2026-05-27 18:00:00,2051.2,2055.9,2042.6,2055.6,20682.9546,7565
2026-05-27 19:00:00,2055.7,2060.5,2053.7,2056.7,6489.6568,4840
2026-05-27 20:00:00,2056.7,2065.2,2056.4,2062.5,13077.2395,4133
2026-05-27 21:00:00,2062.4,2062.5,2015.2,2020.2,48544.3809,13765
2026-05-27 22:00:00,2020.3,2034.3,2015.7,2024.3,42324.89,11898
2026-05-27 23:00:00,2024.3,2029.3,2017.1,2023.9,23570.2848,8149
2026-05-28 00:00:00,2023.8,2028.4,2019.7,2027.5,11225.8842,5934
2026-05-28 01:00:00,2027.5,2028.4,2011.3,2019.0,15531.5562,8066
2026-05-28 02:00:00,2019.0,2020.9,2014.4,2016.7,10837.3475,5308
2026-05-28 03:00:00,2016.6,2020.0,1970.7,1980.5,76099.5754,21478
2026-05-28 04:00:00,1980.6,1985.3,1966.6,1981.2,30098.6652,12192
2026-05-28 05:00:00,1981.1,1982.6,1974.5,1977.5,17461.1227,6876
2026-05-28 06:00:00,1977.4,1983.5,1971.3,1983.2,13196.3971,6280
2026-05-28 07:00:00,1983.3,1995.8,1981.5,1994.2,13274.6141,6140
2026-05-28 08:00:00,1994.2,1994.6,1983.7,1987.0,7027.9075,5611
2026-05-28 09:00:00,1987.0,1994.4,1983.8,1992.7,4963.6993,3743
2026-05-28 10:00:00,1992.7,1997.1,1988.1,1989.0,7447.7842,4548
2026-05-28 11:00:00,1989.1,1991.7,1985.5,1988.7,5375.492,3811
2026-05-28 12:00:00,1988.7,1993.5,1980.5,1991.2,10895.6382,5234
2026-05-28 13:00:00,1991.3,1994.2,1974.5,1980.6,24006.468,10350
2026-05-28 14:00:00,1980.8,2005.5,1966.7,1992.7,76161.3344,17979
2026-05-28 15:00:00,1992.8,1998.3,1982.7,1989.7,11197.6483,7353
2026-05-28 16:00:00,1989.7,2014.0,1984.2,2012.7,39698.5147,11576
2026-05-28 17:00:00,2012.8,2026.6,2008.9,2018.9,35389.1309,12131
2026-05-28 18:00:00,2018.9,2029.3,2017.5,2024.5,18503.8833,8102
2026-05-28 19:00:00,2024.5,2024.8,2013.3,2013.4,17874.032,6141
2026-05-28 20:00:00,2013.4,2019.7,2005.9,2013.6,25223.2102,5998
2026-05-28 21:00:00,2013.7,2024.1,2012.9,2019.6,6825.4604,3455
2026-05-28 22:00:00,2019.6,2022.4,2004.3,2005.0,10918.7295,4280
2026-05-28 23:00:00,2004.9,2011.5,2004.9,2009.2,2263.5474,2346
2026-05-29 00:00:00,2009.2,2016.9,2009.2,2012.1,19913.7421,5420
2026-05-29 01:00:00,2012.1,2016.0,2005.5,2007.7,5162.2525,3310
2026-05-29 02:00:00,2007.7,2010.1,1997.0,1998.8,8723.8861,4434
2026-05-29 03:00:00,1998.8,2007.2,1998.8,2002.3,3627.1684,2713
2026-05-29 04:00:00,2002.3,2008.1,1997.7,2008.0,9058.5983,3096
2026-05-29 05:00:00,2008.0,2014.9,2007.5,2014.1,10076.3203,3656
2026-05-29 06:00:00,2014.1,2021.1,2011.9,2017.7,12426.2377,3599
2026-05-29 07:00:00,2017.7,2019.4,2003.0,2007.1,10034.1536,4098
2026-05-29 08:00:00,2007.2,2012.9,2004.8,2005.6,5286.6894,2628
2026-05-29 09:00:00,2005.7,2015.7,2005.5,2014.2,5459.4559,2874
2026-05-29 10:00:00,2014.2,2014.4,2009.3,2010.7,2655.1036,3586
2026-05-29 11:00:00,2010.7,2013.8,2001.6,2006.8,10471.5002,3592
2026-05-29 12:00:00,2006.7,2006.8,1993.8,1999.1,11956.3913,5107
2026-05-29 13:00:00,1999.0,2005.9,1986.6,1998.7,21126.1152,7721
2026-05-29 14:00:00,1998.6,2003.6,1976.1,2000.9,33306.8187,13539
2026-05-29 15:00:00,2000.9,2046.7,1998.6,2031.0,148105.1321,28051
2026-05-29 16:00:00,2031.1,2043.0,2021.7,2040.2,45421.8432,11099
2026-05-29 17:00:00,2040.3,2043.9,2025.2,2027.5,42864.4008,9729
2026-05-29 18:00:00,2027.5,2030.9,2005.7,2010.5,29354.0459,9014
2026-05-29 19:00:00,2010.6,2021.3,2003.2,2016.2,22463.1721,6942
2026-05-29 20:00:00,2016.2,2023.2,2014.4,2017.2,3722.7765,3336
2026-05-29 21:00:00,2017.3,2023.2,2007.1,2008.5,8905.7329,4563
2026-05-29 22:00:00,2008.7,2016.6,2006.9,2012.8,6087.4312,3603
2026-05-29 23:00:00,2012.9,2014.8,2006.3,2013.7,3708.126,2992
2026-05-30 00:00:00,2013.7,2015.4,2010.0,2013.9,2439.2103,2384
2026-05-30 01:00:00,2013.9,2021.1,2013.0,2018.8,7216.087,3276
2026-05-30 02:00:00,2018.7,2020.6,2016.4,2020.5,2027.9959,2024
2026-05-30 03:00:00,2020.7,2022.9,2014.3,2016.0,7144.1356,2509
2026-05-30 04:00:00,2016.1,2017.9,2001.1,2010.1,28988.0854,6421
2026-05-30 05:00:00,2010.1,2018.0,2007.2,2015.2,4359.0521,2548
2026-05-30 06:00:00,2015.3,2020.0,2012.0,2016.3,11302.0986,2537
2026-05-30 07:00:00,2016.2,2016.9,2012.8,2015.2,785.2779,1302
2026-05-30 08:00:00,2015.2,2015.2,2012.9,2013.4,2144.3034,1626
2026-05-30 09:00:00,2013.4,2016.2,2013.3,2015.9,3969.1657,1844
2026-05-30 10:00:00,2016.0,2021.5,2015.6,2017.0,6581.537,2300
2026-05-30 11:00:00,2017.0,2018.4,2014.4,2016.6,2315.0849,1360
2026-05-30 12:00:00,2016.5,2019.6,2016.5,2019.3,1000.9706,1311
2026-05-30 13:00:00,2019.3,2021.8,2016.7,2020.0,2924.8294,1773
2026-05-30 14:00:00,2020.3,2030.4,2019.7,2026.3,20164.6767,5007
2026-05-30 15:00:00,2026.4,2032.7,2023.7,2026.1,54422.8661,7112
2026-05-30 16:00:00,2026.2,2027.7,2023.7,2026.5,8422.5347,2833
2026-05-30 17:00:00,2026.5,2028.3,2018.4,2026.3,5595.9584,3439
2026-05-30 18:00:00,2026.4,2029.5,2023.7,2026.8,2024.584,2233
2026-05-30 19:00:00,2026.9,2028.7,2023.9,2027.9,3123.0283,2227
2026-05-30 20:00:00,2028.1,2028.9,2025.1,2026.5,3148.5318,2272
2026-05-30 21:00:00,2026.5,2031.1,2026.5,2027.7,9252.7602,2801
2026-05-30 22:00:00,2027.5,2027.5,2020.0,2022.5,3904.5943,2970
2026-05-30 23:00:00,2022.5,2025.4,2019.3,2021.6,2511.8262,1987
2026-05-31 00:00:00,2021.6,2026.9,2019.9,2026.2,2934.4077,2365
2026-05-31 01:00:00,2026.2,2034.1,2026.2,2028.6,7738.8908,3185
2026-05-31 02:00:00,2028.5,2037.2,2027.3,2033.5,6309.4803,3115
2026-05-31 03:00:00,2033.4,2036.2,2031.6,2033.1,2144.6314,1802
2026-05-31 04:00:00,2033.1,2034.5,2030.8,2033.5,3161.1312,2447
2026-05-31 05:00:00,2033.3,2033.5,2029.0,2029.8,2405.1462,2304
2026-05-31 06:00:00,2029.7,2030.7,2028.1,2029.5,2035.8115,2153
2026-05-31 07:00:00,2029.4,2029.4,2022.3,2023.6,5136.8434,2307
2026-05-31 08:00:00,2023.5,2028.4,2022.1,2026.8,7014.2725,2410
2026-05-31 09:00:00,2026.8,2027.8,2017.6,2020.2,7361.4568,2918
2026-05-31 10:00:00,2020.3,2020.8,2014.5,2020.2,5167.2441,3306
2026-05-31 11:00:00,2020.1,2023.5,2020.1,2022.3,2730.337,2081
2026-05-31 12:00:00,2022.3,2024.0,2018.6,2021.5,1521.1553,1981
2026-05-31 13:00:00,2021.4,2025.7,2019.0,2019.5,1834.5082,2076
2026-05-31 14:00:00,2019.4,2020.7,2005.1,2007.4,33584.1519,8852
2026-05-31 15:00:00,2007.4,2014.7,2006.8,2010.0,21190.9047,4656
2026-05-31 16:00:00,2009.9,2011.6,1997.9,2001.6,15438.9421,5227
2026-05-31 17:00:00,2001.6,2007.3,1996.3,2005.2,4711.0476,3535
2026-05-31 18:00:00,2005.3,2005.7,1998.5,2000.2,3306.5467,2747
2026-05-31 19:00:00,2000.2,2002.2,1993.4,1999.2,8325.9709,4352
2026-05-31 20:00:00,1999.1,2007.8,1999.1,2006.7,3801.4424,3124
2026-05-31 21:00:00,2006.8,2014.2,2004.8,2012.0,8693.2908,4092
2026-05-31 22:00:00,2011.9,2014.0,2004.6,2012.4,12445.3406,3532
2026-05-31 23:00:00,2012.6,2023.1,2000.0,2006.7,31392.0624,7300
2026-06-01 00:00:00,2006.8,2021.5,2006.0,2015.3,31334.9837,6284
2026-06-01 01:00:00,2015.4,2016.4,1993.7,1994.1,20552.6806,6575
2026-06-01 02:00:00,1994.0,2017.1,1991.3,2011.2,14470.1529,6221
2026-06-01 03:00:00,2011.1,2017.3,2008.3,2008.6,6224.6793,4130
2026-06-01 04:00:00,2008.7,2011.3,1993.2,1999.4,16106.2381,6256
2026-06-01 05:00:00,1999.3,2001.0,1991.1,1993.9,9737.7443,4431
2026-06-01 06:00:00,1993.9,1995.0,1979.1,1987.4,18700.9053,8977
2026-06-01 07:00:00,1987.4,1990.2,1971.0,1975.8,19827.3356,7971
2026-06-01 08:00:00,1975.8,1984.8,1971.2,1983.3,11837.373,6954
2026-06-01 09:00:00,1983.4,1989.6,1983.2,1987.1,8365.9504,5629
2026-06-01 10:00:00,1987.0,1988.5,1980.3,1983.7,6080.3235,4947
2026-06-01 11:00:00,1983.8,1986.4,1976.7,1980.8,4298.2834,4268
2026-06-01 12:00:00,1980.8,1993.8,1967.7,1989.1,27662.1397,12266
2026-06-01 13:00:00,1989.2,1989.6,1954.8,1970.0,79253.4595,22097
2026-06-01 14:00:00,1969.9,1976.6,1964.3,1967.8,23881.0337,12566
2026-06-01 15:00:00,1967.8,1980.0,1959.7,1967.8,20161.7068,12180
2026-06-01 16:00:00,1967.9,1978.3,1957.9,1977.7,14138.9427,9298
2026-06-01 17:00:00,1977.7,1996.3,1977.3,1990.4,20007.6615,10403
2026-06-01 18:00:00,1990.5,1995.3,1982.9,1992.3,21136.8204,6432
2026-06-01 19:00:00,1992.3,2008.8,1991.7,2004.2,17167.7738,6949
2026-06-01 20:00:00,2004.2,2008.5,2000.9,2005.6,14559.2679,5658
2026-06-01 21:00:00,2005.7,2009.0,1992.3,1994.4,14621.4767,7373
2026-06-01 22:00:00,1994.3,2006.4,1984.4,2004.8,16479.3209,8417
2026-06-01 23:00:00,2004.8,2008.8,1998.2,2006.9,20154.9798,6964
2026-06-02 00:00:00,2007.0,2007.0,1995.4,1996.3,10402.7312,4794
2026-06-02 01:00:00,1996.3,1998.8,1978.3,1979.4,21155.8583,6994
2026-06-02 02:00:00,1979.4,1996.7,1961.9,1996.7,43362.9558,13427
2026-06-02 03:00:00,1996.7,2005.0,1994.9,2003.9,24216.5916,6805
2026-06-02 04:00:00,2003.9,2006.6,1995.8,1996.6,16527.0498,5448
2026-06-02 05:00:00,1996.6,2001.3,1984.1,1984.3,17726.945,7767
2026-06-02 06:00:00,1984.3,1989.0,1977.6,1981.6,16166.6613,7476
2026-06-02 07:00:00,1982.0,1989.7,1973.5,1981.4,26823.8201,8713
2026-06-02 08:00:00,1981.3,1988.9,1976.6,1979.0,20414.3586,8126
2026-06-02 09:00:00,1979.0,1979.5,1966.4,1974.7,18042.046,9201
2026-06-02 10:00:00,1974.8,1983.8,1971.2,1983.3,10312.5684,6311
2026-06-02 11:00:00,1983.2,1983.7,1975.3,1978.2,9443.0383,4475
2026-06-02 12:00:00,1978.2,1982.3,1971.9,1975.8,7353.4674,5641
2026-06-02 13:00:00,1975.7,1981.8,1971.2,1974.1,42942.2131,10782
2026-06-02 14:00:00,1974.1,1974.9,1924.5,1941.2,117972.3663,33094
2026-06-02 15:00:00,1941.0,1941.4,1889.0,1914.4,99062.4883,34338
2026-06-02 16:00:00,1914.4,1943.3,1908.9,1919.9,75633.4001,19433
2026-06-02 17:00:00,1919.9,1930.7,1918.4,1923.5,22333.3527,9800
2026-06-02 18:00:00,1923.5,1927.1,1903.0,1912.2,27250.9651,12174
2026-06-02 19:00:00,1912.2,1916.9,1882.3,1911.4,34992.116,17526
2026-06-02 20:00:00,1911.6,1917.8,1894.6,1906.1,22254.6461,10770
2026-06-02 21:00:00,1906.2,1910.9,1896.4,1899.7,11392.7754,6113
2026-06-02 22:00:00,1899.8,1909.2,1861.8,1867.7,35533.439,15833
2026-06-02 23:00:00,1867.7,1872.6,1838.0,1859.0,49739.711,20180
2026-06-03 00:00:00,1859.2,1873.4,1853.7,1866.4,12156.3226,8234
2026-06-03 01:00:00,1866.6,1869.0,1849.0,1863.8,10309.8867,7165
2026-06-03 02:00:00,1863.7,1863.9,1850.6,1853.4,8387.1092,5171
2026-06-03 03:00:00,1853.4,1855.9,1816.5,1826.8,91535.3371,22393
2026-06-03 04:00:00,1826.8,1851.4,1826.8,1850.3,34413.8303,12563
2026-06-03 05:00:00,1850.4,1875.4,1849.3,1873.2,30441.5727,13873
2026-06-03 06:00:00,1873.1,1883.9,1870.0,1871.2,16982.8409,9011
2026-06-03 07:00:00,1871.4,1879.8,1867.6,1878.0,12463.8169,6807
2026-06-03 08:00:00,1877.9,1883.1,1872.8,1879.8,8200.4434,7367
2026-06-03 09:00:00,1879.8,1885.4,1869.1,1875.5,23465.4016,9160
2026-06-03 10:00:00,1875.5,1892.0,1874.2,1883.9,22149.5966,8028
2026-06-03 11:00:00,1884.0,1887.2,1875.4,1877.3,20683.9792,7427
2026-06-03 12:00:00,1877.3,1879.0,1867.1,1875.5,22529.2113,10335
2026-06-03 13:00:00,1875.5,1878.6,1860.4,1866.4,42323.8259,15945
2026-06-03 14:00:00,1866.4,1867.4,1851.9,1857.8,27736.4377,13019
2026-06-03 15:00:00,1857.8,1858.8,1835.3,1835.9,25642.9201,11664
2026-06-03 16:00:00,1836.2,1843.1,1810.0,1831.6,53329.8656,20854
2026-06-03 17:00:00,1831.6,1838.4,1817.4,1827.3,19291.3943,12828
2026-06-03 18:00:00,1827.4,1833.7,1820.6,1831.6,16062.0059,9099
2026-06-03 19:00:00,1831.7,1833.0,1794.1,1802.6,41636.2397,16649
2026-06-03 20:00:00,1802.5,1812.1,1770.0,1780.5,63883.889,23133
2026-06-03 21:00:00,1780.4,1850.0,1776.5,1850.0,96652.1266,31545
2026-06-03 22:00:00,1849.9,1850.8,1823.0,1828.4,51988.7905,19898
2026-06-03 23:00:00,1828.4,1830.3,1812.0,1812.3,39599.5551,13468
2026-06-04 00:00:00,1812.3,1819.9,1781.7,1792.9,61741.6185,24026
2026-06-04 01:00:00,1793.0,1800.7,1754.0,1758.9,89431.9254,29616
2026-06-04 02:00:00,1759.0,1777.9,1716.7,1766.0,124765.593,38513
2026-06-04 03:00:00,1766.1,1811.7,1766.0,1808.6,45076.5888,19055
2026-06-04 04:00:00,1808.7,1817.8,1801.9,1804.8,18199.3721,11303
2026-06-04 05:00:00,1804.7,1804.7,1779.9,1783.3,23078.5045,15261
2026-06-04 06:00:00,1783.2,1801.2,1780.9,1789.0,18658.1543,12056
2026-06-04 07:00:00,1789.1,1789.9,1772.5,1776.6,22307.957,12833
2026-06-04 08:00:00,1776.6,1782.5,1763.0,1772.7,25154.667,15152
2026-06-04 09:00:00,1772.7,1773.1,1743.8,1765.8,34855.0674,19321
2026-06-04 10:00:00,1765.8,1766.1,1729.4,1736.3,35454.5231,17511
2026-06-04 11:00:00,1736.2,1754.0,1731.9,1750.6,24225.1034,13461
2026-06-04 12:00:00,1750.6,1782.1,1743.5,1777.3,34281.8883,18956
2026-06-04 13:00:00,1777.4,1789.7,1755.0,1784.7,39247.1417,21225
2026-06-04 14:00:00,1784.9,1793.6,1765.7,1773.7,30630.997,17812
2026-06-04 15:00:00,1773.6,1790.7,1770.0,1776.3,22419.4137,14908
2026-06-04 16:00:00,1776.3,1780.2,1765.5,1771.5,17481.0503,11238
2026-06-04 17:00:00,1771.5,1775.2,1753.5,1767.2,32028.6688,12866
2026-06-04 18:00:00,1767.3,1782.7,1759.2,1775.7,19877.4582,9929
2026-06-04 19:00:00,1775.6,1786.3,1770.2,1776.1,20395.0608,8674
2026-06-04 20:00:00,1776.0,1776.6,1763.7,1774.2,24342.415,8723
2026-06-04 21:00:00,1774.2,1782.5,1756.8,1760.4,27132.3733,10193
2026-06-04 22:00:00,1760.4,1769.7,1752.0,1768.3,25610.5572,14326
2026-06-04 23:00:00,1768.1,1776.1,1756.7,1770.3,11328.7892,7299
2026-06-05 00:00:00,1770.1,1773.9,1757.7,1758.8,13085.9236,8456
2026-06-05 01:00:00,1758.8,1763.2,1746.0,1752.4,17941.6951,10958
2026-06-05 02:00:00,1752.5,1753.9,1726.8,1729.5,31003.6045,12548
2026-06-05 03:00:00,1729.6,1738.7,1721.6,1728.5,31240.6764,11865
2026-06-05 04:00:00,1728.7,1745.6,1717.6,1744.0,42872.4492,13780
2026-06-05 05:00:00,1743.9,1746.8,1680.0,1683.2,64062.3416,22211
2026-06-05 06:00:00,1683.4,1687.9,1623.2,1655.6,122951.7142,38173
2026-06-05 07:00:00,1655.5,1678.8,1632.1,1678.3,56662.806,23810
2026-06-05 08:00:00,1678.2,1678.3,1658.4,1663.0,39446.1976,15368
2026-06-05 09:00:00,1663.0,1689.2,1662.1,1681.7,37519.0233,14386
2026-06-05 10:00:00,1681.7,1684.4,1671.4,1675.9,11891.3136,8680
2026-06-05 11:00:00,1675.9,1680.7,1661.4,1662.3,29621.681,11261
2026-06-05 12:00:00,1662.1,1670.5,1645.0,1656.1,45280.4714,17770
2026-06-05 13:00:00,1656.2,1676.9,1612.8,1614.2,85797.9996,27681
2026-06-05 14:00:00,1614.1,1623.2,1589.4,1599.9,125935.1385,41144
2026-06-05 15:00:00,1599.8,1603.2,1571.0,1582.4,75078.7665,30088
2026-06-05 16:00:00,1582.3,1611.8,1546.2,1607.5,192662.9922,45853
2026-06-05 17:00:00,1607.6,1612.1,1587.2,1593.3,50463.6156,19634
2026-06-05 18:00:00,1593.3,1597.9,1546.0,1552.2,94123.5389,30416
2026-06-05 19:00:00,1552.1,1579.0,1539.4,1573.3,102901.0216,25214
2026-06-05 20:00:00,1573.3,1607.4,1556.2,1603.5,62265.3699,19896
2026-06-05 21:00:00,1603.5,1618.4,1602.1,1609.2,47883.2227,13795
2026-06-05 22:00:00,1609.3,1609.7,1590.0,1596.6,25357.121,13569
2026-06-05 23:00:00,1596.6,1603.6,1560.0,1582.4,56413.1035,15518
2026-06-06 00:00:00,1582.3,1600.7,1581.9,1592.2,17214.8963,10694
2026-06-06 01:00:00,1592.3,1596.0,1577.3,1582.3,9288.8063,7869
2026-06-06 02:00:00,1582.2,1584.8,1565.5,1575.4,13794.8461,8494
2026-06-06 03:00:00,1575.3,1575.4,1554.6,1562.2,16397.6096,9214
2026-06-06 04:00:00,1562.2,1568.9,1509.4,1521.3,70065.9024,25376
2026-06-06 05:00:00,1521.3,1567.8,1504.4,1566.1,57691.7101,19902
2026-06-06 06:00:00,1566.2,1581.1,1555.5,1559.3,33212.6709,12832
2026-06-06 07:00:00,1559.3,1579.3,1555.4,1574.3,18398.4573,8635
2026-06-06 08:00:00,1574.4,1592.4,1569.5,1581.7,18916.5359,10399
2026-06-06 09:00:00,1581.9,1588.0,1565.3,1569.9,19349.6451,8044
2026-06-06 10:00:00,1569.9,1569.9,1534.9,1547.7,32791.0587,13665
2026-06-06 11:00:00,1547.8,1565.8,1546.4,1557.8,14851.5807,8420
2026-06-06 12:00:00,1557.9,1574.2,1550.1,1570.2,27728.3813,10389
2026-06-06 13:00:00,1570.4,1572.2,1553.5,1556.2,24023.6744,7906
2026-06-06 14:00:00,1556.4,1566.1,1555.3,1557.1,15834.9901,7262
2026-06-06 15:00:00,1557.2,1565.0,1544.1,1559.7,14529.1351,9153
2026-06-06 16:00:00,1559.7,1565.1,1553.1,1562.9,12065.6452,8140
2026-06-06 17:00:00,1563.0,1565.6,1546.4,1552.4,9449.0863,6926
2026-06-06 18:00:00,1552.5,1565.2,1548.8,1555.8,14234.1551,7371
2026-06-06 19:00:00,1555.9,1562.9,1552.6,1553.7,10748.9754,5146
2026-06-06 20:00:00,1553.9,1559.0,1550.1,1556.5,7441.6178,5607
2026-06-06 21:00:00,1556.6,1564.5,1556.5,1557.4,14445.3577,5323
2026-06-06 22:00:00,1557.5,1561.0,1550.6,1557.4,15503.1306,6547
2026-06-06 23:00:00,1557.6,1569.1,1555.9,1568.8,12477.9557,5495
2026-06-07 00:00:00,1568.9,1571.5,1563.3,1564.2,5412.6965,6018
2026-06-07 01:00:00,1564.3,1596.3,1563.5,1589.4,39555.2133,14156
2026-06-07 02:00:00,1589.4,1593.5,1581.7,1592.0,16865.9621,6905
2026-06-07 03:00:00,1592.0,1599.9,1588.9,1594.2,13612.2273,6165
2026-06-07 04:00:00,1594.0,1598.4,1584.0,1596.4,21714.7053,6620
2026-06-07 05:00:00,1596.3,1608.4,1592.6,1603.3,15932.1228,8251
2026-06-07 06:00:00,1603.3,1622.0,1597.7,1611.2,24932.6975,10380
2026-06-07 07:00:00,1611.1,1616.0,1606.4,1614.4,9936.8626,5763
2026-06-07 08:00:00,1614.4,1642.2,1607.8,1640.7,25817.2543,10735
2026-06-07 09:00:00,1640.6,1647.7,1628.3,1632.6,21738.2562,9391
2026-06-07 10:00:00,1632.6,1634.8,1624.1,1625.0,11766.3979,5932
2026-06-07 11:00:00,1625.0,1633.3,1621.8,1629.4,10726.5323,5269
2026-06-07 12:00:00,1629.5,1630.5,1606.3,1619.5,32770.0411,10597
2026-06-07 13:00:00,1619.1,1622.1,1612.6,1616.8,6807.1564,4889
2026-06-07 14:00:00,1616.7,1639.1,1616.1,1627.6,27936.6879,10789
2026-06-07 15:00:00,1627.4,1635.3,1620.0,1629.3,19026.3662,7432
2026-06-07 16:00:00,1629.3,1632.7,1622.5,1627.8,13378.6592,6642
2026-06-07 17:00:00,1627.7,1636.9,1627.0,1630.4,21259.2284,7120
2026-06-07 18:00:00,1630.3,1635.7,1627.6,1628.8,12217.6425,5000
2026-06-07 19:00:00,1629.2,1629.5,1602.5,1612.2,39392.0168,14491
2026-06-07 20:00:00,1612.0,1630.5,1608.4,1627.1,16318.1913,8341
2026-06-07 21:00:00,1627.1,1633.8,1623.0,1633.3,7926.1151,5168
2026-06-07 22:00:00,1633.6,1720.2,1628.0,1671.8,110004.3791,32720
2026-06-07 23:00:00,1671.9,1690.3,1670.0,1689.4,25498.5116,8695
2026-06-08 00:00:00,1689.6,1711.3,1682.6,1696.8,60402.4445,12805
2026-06-08 01:00:00,1696.7,1699.3,1670.3,1686.5,22093.2455,9468
2026-06-08 02:00:00,1686.4,1688.5,1677.4,1683.2,19281.9276,5670
2026-06-08 03:00:00,1683.3,1692.0,1675.8,1678.8,14077.3101,5233
2026-06-08 04:00:00,1678.8,1680.1,1655.1,1656.5,19374.3741,8122
2026-06-08 05:00:00,1656.2,1658.9,1643.7,1652.7,18040.7941,8336
2026-06-08 06:00:00,1652.6,1668.8,1651.8,1665.5,18285.0914,5953
2026-06-08 07:00:00,1665.6,1677.5,1661.0,1672.9,25455.9734,7251
2026-06-08 08:00:00,1672.8,1672.8,1658.3,1660.3,10116.1247,5312
2026-06-08 09:00:00,1660.4,1671.1,1656.5,1670.2,16691.3292,7799
2026-06-08 10:00:00,1670.2,1675.3,1662.9,1671.3,10101.1293,5445
2026-06-08 11:00:00,1671.4,1696.4,1667.0,1683.1,45251.8497,13705
2026-06-08 12:00:00,1683.0,1698.0,1666.9,1693.9,25703.5298,12878
2026-06-08 13:00:00,1693.9,1695.9,1677.8,1680.8,28951.2902,12346
2026-06-08 14:00:00,1680.8,1693.4,1676.0,1690.4,14451.9826,10653
2026-06-08 15:00:00,1690.5,1705.2,1687.7,1690.6,43820.7651,13435
2026-06-08 16:00:00,1690.6,1703.0,1681.5,1681.5,27372.9949,8601
2026-06-08 17:00:00,1681.5,1686.5,1675.0,1685.6,60397.7758,11490
2026-06-08 18:00:00,1685.7,1692.2,1677.7,1683.7,47637.6519,8665
2026-06-08 19:00:00,1683.6,1689.1,1680.3,1683.5,34471.7664,9906
2026-06-08 20:00:00,1683.4,1688.7,1677.7,1688.7,17577.4603,8579
2026-06-08 21:00:00,1688.7,1713.8,1688.7,1702.6,34049.6024,10798
2026-06-08 22:00:00,1702.6,1703.2,1687.0,1702.2,28578.369,8230
2026-06-08 23:00:00,1702.3,1713.7,1685.6,1688.8,50609.3217,10645
2026-06-09 00:00:00,1688.6,1696.6,1659.3,1662.7,112359.5806,18786
2026-06-09 01:00:00,1662.5,1673.4,1658.2,1668.2,63332.0018,9783
2026-06-09 02:00:00,1668.2,1671.0,1654.0,1667.2,28542.2635,7158
2026-06-09 03:00:00,1667.2,1670.7,1663.1,1668.7,7848.8028,4328
2026-06-09 04:00:00,1668.7,1695.9,1663.8,1685.8,28070.5852,9222
2026-06-09 05:00:00,1685.7,1694.5,1680.8,1687.5,9254.0804,5630
2026-06-09 06:00:00,1687.5,1694.7,1683.3,1685.3,5987.8955,4246
2026-06-09 07:00:00,1685.4,1690.9,1674.1,1679.2,10360.8394,5251
2026-06-09 08:00:00,1679.2,1679.9,1667.7,1674.3,12124.5941,6176
2026-06-09 09:00:00,1674.3,1679.5,1664.3,1669.8,5819.021,4107
2026-06-09 10:00:00,1669.7,1675.5,1666.5,1674.1,11462.1325,4693
2026-06-09 11:00:00,1674.1,1674.6,1665.5,1671.0,6916.7182,4909
2026-06-09 12:00:00,1671.0,1683.1,1670.5,1676.0,25314.9035,7628
2026-06-09 13:00:00,1676.1,1679.7,1663.3,1666.2,49584.8705,11448
2026-06-09 14:00:00,1666.1,1670.2,1633.3,1645.1,89791.4665,22758
2026-06-09 15:00:00,1645.3,1653.0,1633.5,1635.8,86138.5224,19233
2026-06-09 16:00:00,1635.7,1638.8,1609.8,1631.1,111279.0339,26468
2026-06-09 17:00:00,1631.2,1648.5,1631.2,1641.9,78765.9223,15736
2026-06-09 18:00:00,1641.9,1654.4,1638.8,1651.3,25715.5309,9508
2026-06-09 19:00:00,1651.4,1657.4,1646.9,1656.5,20578.6274,6947
2026-06-09 20:00:00,1656.5,1662.3,1654.4,1659.8,10239.4413,5399
2026-06-09 21:00:00,1659.8,1660.9,1646.4,1649.1,13324.668,6459
2026-06-09 22:00:00,1649.2,1654.3,1638.4,1638.8,12560.3602,5854
2026-06-09 23:00:00,1638.9,1641.6,1629.9,1638.5,21066.8811,7645
2026-06-10 00:00:00,1638.7,1646.0,1628.2,1644.8,21634.296,8961
2026-06-10 01:00:00,1644.8,1645.9,1632.4,1638.0,16047.099,8319
2026-06-10 02:00:00,1637.9,1641.3,1620.4,1623.1,31842.2524,8624
2026-06-10 03:00:00,1623.0,1636.1,1622.6,1630.0,35814.156,7137
2026-06-10 04:00:00,1630.0,1632.1,1621.4,1625.2,15294.6618,5843
2026-06-10 05:00:00,1625.2,1629.0,1615.0,1626.9,24117.415,9238
2026-06-10 06:00:00,1627.1,1633.4,1621.7,1631.0,12985.0421,6592
2026-06-10 07:00:00,1631.0,1642.8,1629.7,1639.2,6302.9524,5464
2026-06-10 08:00:00,1639.1,1639.9,1617.3,1620.4,13217.8799,7382
2026-06-10 09:00:00,1620.5,1625.2,1605.3,1622.7,23240.4359,9379
2026-06-10 10:00:00,1622.8,1629.2,1617.0,1627.3,5867.0199,5310
2026-06-10 11:00:00,1627.4,1629.4,1611.0,1619.0,16089.0513,9476
2026-06-10 12:00:00,1619.1,1645.4,1614.7,1634.7,103451.3773,17794
2026-06-10 13:00:00,1634.6,1667.4,1631.3,1650.9,115739.4984,20312
2026-06-10 14:00:00,1650.9,1654.9,1636.3,1645.8,28559.5893,11730
2026-06-10 15:00:00,1645.8,1664.0,1634.8,1656.9,64674.19,15936
2026-06-10 16:00:00,1657.0,1657.6,1631.3,1641.2,28881.5774,12002
2026-06-10 17:00:00,1641.1,1646.6,1621.6,1631.4,26398.4627,12131
2026-06-10 18:00:00,1631.4,1635.5,1622.3,1630.0,36364.4842,9253
2026-06-10 19:00:00,1630.0,1632.7,1622.2,1629.3,20091.8104,7915
2026-06-10 20:00:00,1629.3,1636.2,1622.6,1630.1,72562.1226,10030
2026-06-10 21:00:00,1630.0,1630.0,1603.9,1610.3,65787.3829,13001
2026-06-10 22:00:00,1610.3,1621.9,1603.4,1615.5,31749.1658,9316
2026-06-10 23:00:00,1615.5,1624.2,1608.0,1620.9,13783.4712,5886
2026-06-11 00:00:00,1621.0,1633.9,1620.9,1627.9,18374.8786,6834
2026-06-11 01:00:00,1627.8,1647.0,1627.8,1642.0,18598.0396,7514
2026-06-11 02:00:00,1642.0,1644.7,1629.7,1640.1,22167.3876,7536
2026-06-11 03:00:00,1640.1,1660.0,1635.3,1653.1,53255.0901,9212
2026-06-11 04:00:00,1653.1,1658.7,1649.1,1656.0,38880.8667,5991
2026-06-11 05:00:00,1655.8,1655.9,1646.4,1647.1,15510.7729,4890
2026-06-11 06:00:00,1646.9,1662.1,1645.4,1654.0,28194.1881,6454
2026-06-11 07:00:00,1653.9,1657.8,1650.7,1653.8,9458.7574,3222
2026-06-11 08:00:00,1653.7,1663.1,1653.7,1659.2,19394.3177,4470
2026-06-11 09:00:00,1659.1,1661.1,1656.1,1658.2,9520.7357,3798
2026-06-11 10:00:00,1658.0,1660.5,1653.7,1658.2,13331.0798,4251
2026-06-11 11:00:00,1658.1,1673.3,1655.9,1665.9,25983.0798,7432
2026-06-11 12:00:00,1665.8,1665.9,1641.8,1651.1,37070.5532,11179
2026-06-11 13:00:00,1651.0,1658.5,1643.9,1652.5,19455.8987,7736
2026-06-11 14:00:00,1652.5,1654.7,1638.3,1642.4,26489.7485,9653
2026-06-11 15:00:00,1642.5,1649.7,1635.7,1644.6,17292.6135,6961
2026-06-11 16:00:00,1644.6,1648.7,1637.6,1638.8,14151.6512,5335
2026-06-11 17:00:00,1638.8,1693.7,1632.0,1688.0,129936.0517,23597
2026-06-11 18:00:00,1688.0,1691.1,1676.3,1683.1,28862.1743,10656
2026-06-11 19:00:00,1683.2,1691.6,1674.6,1681.0,63139.4077,11440
2026-06-11 20:00:00,1680.9,1682.0,1666.4,1671.4,27263.6801,6396
2026-06-11 21:00:00,1671.4,1682.6,1671.2,1676.3,37287.6055,5951
2026-06-11 22:00:00,1676.3,1682.4,1674.3,1675.2,5491.9893,3601
2026-06-11 23:00:00,1675.3,1678.2,1669.5,1672.7,6043.6959,3412
2026-06-12 00:00:00,1672.7,1676.7,1668.9,1672.0,5536.2634,3566
2026-06-12 01:00:00,1671.9,1672.0,1660.2,1666.2,9930.9203,4285
2026-06-12 02:00:00,1666.2,1677.3,1666.1,1674.6,3467.0227,3378
2026-06-12 03:00:00,1674.8,1675.9,1667.9,1672.3,2494.3512,2820
2026-06-12 04:00:00,1672.4,1680.9,1668.5,1676.7,5850.7373,3311
2026-06-12 05:00:00,1676.7,1677.0,1661.4,1663.2,4831.5439,3859
2026-06-12 06:00:00,1663.3,1665.8,1651.2,1656.5,14846.3821,5398
2026-06-12 07:00:00,1656.5,1663.6,1655.3,1661.0,6125.3406,3286
2026-06-12 08:00:00,1661.1,1677.0,1661.1,1672.5,15944.2763,6988
2026-06-12 09:00:00,1672.5,1684.7,1670.4,1679.3,25742.697,6718
2026-06-12 10:00:00,1679.4,1682.5,1671.0,1674.2,6113.0056,3993
2026-06-12 11:00:00,1674.2,1677.7,1671.3,1673.0,5036.6634,3079
2026-06-12 12:00:00,1673.0,1673.0,1662.0,1665.9,13924.352,5221
2026-06-12 13:00:00,1665.9,1668.5,1652.7,1656.6,21601.6537,7865
2026-06-12 14:00:00,1656.8,1685.4,1655.9,1685.2,60821.0624,14478
2026-06-12 15:00:00,1685.2,1690.8,1657.4,1658.8,106902.5373,17908
2026-06-12 16:00:00,1658.8,1674.8,1656.5,1671.7,133102.2075,15799
2026-06-12 17:00:00,1671.7,1676.7,1666.4,1667.8,10503.989,5678
2026-06-12 18:00:00,1667.9,1672.7,1662.7,1666.2,36023.6903,7861
2026-06-12 19:00:00,1666.1,1671.3,1664.0,1665.3,10667.8166,4193
2026-06-12 20:00:00,1665.3,1667.1,1661.0,1664.4,3308.0699,3073
2026-06-12 21:00:00,1664.3,1667.2,1662.5,1663.5,3579.9962,3040
2026-06-12 22:00:00,1663.5,1666.7,1660.7,1661.9,4578.3223,2669
2026-06-12 23:00:00,1661.7,1665.9,1658.6,1665.7,6019.9087,3405
2026-06-13 00:00:00,1665.6,1668.4,1664.6,1666.7,1853.8854,2323
2026-06-13 01:00:00,1666.9,1675.3,1665.9,1673.1,7683.0846,3041
2026-06-13 02:00:00,1673.6,1673.8,1664.8,1667.6,2358.683,2339
2026-06-13 03:00:00,1667.5,1668.9,1662.6,1664.7,14935.2471,2453
2026-06-13 04:00:00,1664.7,1667.3,1662.8,1663.6,1134.2186,1567
2026-06-13 05:00:00,1663.7,1664.8,1661.6,1664.5,2405.504,1786
2026-06-13 06:00:00,1664.5,1669.6,1663.2,1669.4,2247.4037,1889
2026-06-13 07:00:00,1669.4,1677.2,1667.7,1675.7,8862.7059,3694
2026-06-13 08:00:00,1675.7,1678.9,1672.9,1673.7,3410.9998,3417
2026-06-13 09:00:00,1673.7,1675.5,1672.2,1673.3,1657.4531,1990
2026-06-13 10:00:00,1673.2,1675.5,1672.2,1673.4,1966.64,1912
2026-06-13 11:00:00,1673.4,1677.9,1672.7,1677.9,3208.6349,2499
2026-06-13 12:00:00,1677.9,1683.0,1676.4,1680.0,2624.6538,2620
2026-06-13 13:00:00,1680.1,1680.8,1676.0,1677.5,6247.6108,3845
2026-06-13 14:00:00,1677.3,1680.8,1677.0,1679.3,1861.8833,2710
2026-06-13 15:00:00,1679.3,1685.8,1678.0,1681.7,33461.2307,6006
2026-06-13 16:00:00,1681.7,1681.7,1670.3,1676.2,17583.5734,7186
2026-06-13 17:00:00,1676.2,1677.7,1672.7,1673.8,7397.1334,3854
2026-06-13 18:00:00,1673.8,1681.8,1673.6,1677.6,6165.6448,2854
2026-06-13 19:00:00,1677.5,1679.4,1675.1,1677.9,2465.886,2369
2026-06-13 20:00:00,1677.8,1677.8,1674.3,1675.6,5946.7377,2471
2026-06-13 21:00:00,1675.5,1696.4,1673.9,1685.8,20334.6453,5603
2026-06-13 22:00:00,1685.7,1685.9,1680.9,1681.1,9262.757,2989
2026-06-13 23:00:00,1681.0,1683.5,1677.3,1680.3,10252.0312,3023
2026-06-14 00:00:00,1680.4,1682.8,1678.0,1681.4,2221.285,2340
2026-06-14 01:00:00,1681.4,1689.6,1679.7,1683.3,4119.2486,2975
2026-06-14 02:00:00,1683.3,1685.1,1680.9,1681.8,1582.3924,2005
2026-06-14 03:00:00,1681.8,1682.7,1679.2,1681.1,988.029,1764
2026-06-14 04:00:00,1681.1,1682.0,1675.7,1677.3,6889.2481,2296
2026-06-14 05:00:00,1677.3,1678.4,1673.7,1677.7,3985.0585,2012
2026-06-14 06:00:00,1677.3,1682.6,1673.4,1675.8,196715.475,15300
2026-06-14 07:00:00,1675.9,1676.6,1673.0,1675.2,8394.0034,2059
2026-06-14 08:00:00,1675.2,1677.9,1673.9,1674.9,5206.2079,2338
2026-06-14 09:00:00,1674.9,1678.5,1668.4,1677.9,33882.9033,5209
2026-06-14 10:00:00,1677.9,1678.0,1672.5,1672.6,5946.7998,2154
2026-06-14 11:00:00,1672.6,1676.4,1671.8,1673.4,2705.1323,1613
2026-06-14 12:00:00,1673.4,1674.1,1664.9,1666.4,11639.4192,2991
2026-06-14 13:00:00,1666.4,1668.5,1664.0,1665.7,4857.6609,2546
2026-06-14 14:00:00,1665.7,1670.5,1654.6,1659.3,37610.9848,7059
2026-06-14 15:00:00,1659.3,1663.7,1659.2,1662.3,19653.6287,4328
2026-06-14 16:00:00,1662.2,1667.9,1659.3,1661.0,7977.7955,2816
2026-06-14 17:00:00,1661.0,1666.0,1660.5,1661.7,2880.9918,2064
2026-06-14 18:00:00,1661.8,1662.9,1658.7,1661.5,2706.9912,1854
2026-06-14 19:00:00,1661.5,1667.4,1660.7,1665.0,6785.4738,1887
2026-06-14 20:00:00,1665.0,1673.0,1662.3,1670.0,2642.5562,2273
2026-06-14 21:00:00,1669.9,1732.4,1669.5,1717.9,140106.6591,24949
2026-06-14 22:00:00,1718.1,1728.3,1711.6,1721.9,21904.5404,10099
2026-06-14 23:00:00,1721.9,1725.7,1716.1,1725.3,15675.5829,6628
2026-06-15 00:00:00,1725.2,1731.5,1719.4,1720.3,7333.1623,5099
2026-06-15 01:00:00,1720.3,1720.9,1708.8,1715.2,13599.7139,4948
2026-06-15 02:00:00,1715.2,1726.6,1713.7,1716.8,33055.8084,5782
2026-06-15 03:00:00,1716.7,1723.9,1715.3,1720.5,18826.7543,4465
2026-06-15 04:00:00,1720.5,1720.5,1715.6,1716.9,6633.3789,3496
2026-06-15 05:00:00,1717.0,1722.3,1715.6,1719.9,7651.7349,3314
2026-06-15 06:00:00,1720.0,1723.1,1718.1,1720.1,10118.3822,3414
2026-06-15 07:00:00,1720.1,1723.5,1716.0,1716.1,12797.2792,3338
2026-06-15 08:00:00,1716.2,1721.7,1715.1,1720.1,5674.327,2772
2026-06-15 09:00:00,1720.1,1726.3,1712.0,1718.1,9090.2953,3234
2026-06-15 10:00:00,1718.1,1747.9,1717.8,1737.3,25269.7497,6968
2026-06-15 11:00:00,1737.4,1767.0,1733.9,1764.2,44456.8939,12445
2026-06-15 12:00:00,1764.4,1777.3,1760.0,1777.3,35367.0573,9590
2026-06-15 13:00:00,1777.2,1827.4,1774.3,1813.6,80540.9726,21749
2026-06-15 14:00:00,1813.5,1817.7,1804.1,1813.9,24978.7583,8729
2026-06-15 15:00:00,1813.9,1849.5,1813.3,1845.2,62959.5325,14089
2026-06-15 16:00:00,1845.5,1846.8,1837.5,1842.6,61643.4518,11662
2026-06-15 17:00:00,1842.7,1842.7,1822.8,1828.3,37503.8912,8974
2026-06-15 18:00:00,1828.4,1834.6,1825.3,1827.4,7271.7529,4645
2026-06-15 19:00:00,1827.5,1833.8,1810.8,1820.3,25734.4742,8330
2026-06-15 20:00:00,1820.2,1825.8,1814.6,1816.2,16304.038,5669
2026-06-15 21:00:00,1816.3,1821.0,1809.0,1810.7,14260.4539,4903
2026-06-15 22:00:00,1810.8,1812.9,1786.2,1789.0,26197.7038,9442
2026-06-15 23:00:00,1789.0,1796.3,1782.4,1795.5,17864.3038,6226
2026-06-16 00:00:00,1795.5,1801.2,1788.2,1788.7,19880.0039,6034
2026-06-16 01:00:00,1788.8,1796.8,1788.3,1791.7,17991.5916,4936
2026-06-16 02:00:00,1791.8,1793.5,1766.2,1769.2,32375.8676,8569
2026-06-16 03:00:00,1769.2,1779.9,1764.1,1778.3,29348.7728,6764
2026-06-16 04:00:00,1778.4,1782.5,1757.8,1760.0,41068.943,8403
2026-06-16 05:00:00,1759.8,1765.2,1759.8,1761.5,13131.7,5235
2026-06-16 06:00:00,1761.4,1773.5,1761.3,1771.1,12680.1562,4746
2026-06-16 07:00:00,1771.0,1775.9,1768.7,1773.6,6342.6401,4110
2026-06-16 08:00:00,1773.6,1807.4,1772.7,1802.4,38750.8561,9846
2026-06-16 09:00:00,1802.6,1805.5,1786.6,1789.1,20112.5279,7918
2026-06-16 10:00:00,1789.1,1799.9,1787.9,1793.2,50472.1887,7764
2026-06-16 11:00:00,1793.3,1799.9,1790.9,1799.1,20766.9631,6377
2026-06-16 12:00:00,1799.1,1839.4,1796.3,1814.6,69755.6457,16453
2026-06-16 13:00:00,1814.6,1816.9,1791.1,1797.5,60248.2705,14250
2026-06-16 14:00:00,1797.5,1805.5,1762.4,1779.7,48838.9407,15282
2026-06-16 15:00:00,1779.7,1787.7,1774.1,1782.2,34599.7773,9438
2026-06-16 16:00:00,1782.2,1784.7,1772.0,1777.2,13870.8036,5356
2026-06-16 17:00:00,1777.4,1799.4,1777.2,1794.9,38518.6182,8250
2026-06-16 18:00:00,1795.0,1808.6,1792.6,1799.1,64022.6457,9377
2026-06-16 19:00:00,1799.2,1800.6,1789.6,1794.8,27649.2543,5974
2026-06-16 20:00:00,1794.8,1798.2,1788.5,1797.4,47078.0629,8419
2026-06-16 21:00:00,1797.4,1800.0,1790.2,1796.0,11496.4022,4224
2026-06-16 22:00:00,1796.0,1798.9,1790.8,1796.2,6367.4452,4415
2026-06-16 23:00:00,1796.2,1798.7,1791.0,1792.8,7510.0797,3813
2026-06-17 00:00:00,1792.8,1798.5,1791.6,1793.8,5699.7844,3900
2026-06-17 01:00:00,1793.8,1798.9,1779.3,1797.4,20986.346,6953
2026-06-17 02:00:00,1797.4,1810.0,1788.8,1795.7,13119.2371,5928
2026-06-17 03:00:00,1795.7,1797.0,1787.7,1793.4,5711.7684,3488
2026-06-17 04:00:00,1793.5,1801.3,1792.0,1793.8,13086.7317,3829
2026-06-17 05:00:00,1793.8,1798.9,1789.3,1793.9,7964.0283,3684
2026-06-17 06:00:00,1793.9,1796.8,1786.5,1790.3,14010.4029,4434
2026-06-17 07:00:00,1790.2,1792.2,1778.5,1784.8,21206.0488,5746
2026-06-17 08:00:00,1784.9,1785.9,1759.7,1764.6,41441.6725,10418
2026-06-17 09:00:00,1764.6,1777.4,1764.4,1772.4,17579.6627,5725
2026-06-17 10:00:00,1772.4,1775.2,1766.5,1767.5,6916.1419,4206
2026-06-17 11:00:00,1767.6,1770.1,1757.8,1763.8,33998.0743,7961
2026-06-17 12:00:00,1763.8,1765.7,1742.4,1759.1,52855.5022,11573
2026-06-17 13:00:00,1759.1,1771.1,1754.3,1761.0,14492.0732,8616
2026-06-17 14:00:00,1761.1,1764.8,1740.9,1754.0,32429.3004,10768
2026-06-17 15:00:00,1754.0,1776.4,1750.4,1772.8,12443.6087,9355
2026-06-17 16:00:00,1772.8,1792.0,1768.7,1771.3,39101.5327,12407
2026-06-17 17:00:00,1771.3,1795.1,1767.1,1787.9,8940.8256,6521
2026-06-17 18:00:00,1788.0,1788.1,1745.6,1769.6,56158.9994,20385
2026-06-17 19:00:00,1769.4,1774.6,1728.4,1734.3,66510.6884,17880
2026-06-17 20:00:00,1733.9,1747.1,1732.5,1746.4,24027.0542,7124
2026-06-17 21:00:00,1746.5,1747.2,1735.5,1738.0,10010.3098,4736
2026-06-17 22:00:00,1738.0,1745.9,1724.9,1739.7,18602.8325,6853
2026-06-17 23:00:00,1739.7,1750.9,1739.5,1749.7,10043.2991,4123
2026-06-18 00:00:00,1749.9,1758.7,1749.6,1752.8,13892.3965,5875
2026-06-18 01:00:00,1752.8,1762.5,1752.3,1754.4,18446.2102,6099
2026-06-18 02:00:00,1754.5,1758.5,1750.0,1755.2,2088.0894,3158
2026-06-18 03:00:00,1755.3,1755.5,1740.3,1743.3,14204.4771,5566
2026-06-18 04:00:00,1743.4,1745.0,1729.0,1730.0,16011.1485,8411
2026-06-18 05:00:00,1730.0,1732.2,1721.7,1730.2,16955.9139,8285
2026-06-18 06:00:00,1730.1,1735.9,1724.8,1735.1,9800.2287,4682
2026-06-18 07:00:00,1735.1,1752.8,1732.0,1749.0,26680.9948,7607
2026-06-18 08:00:00,1749.1,1752.9,1745.7,1747.3,17426.1222,7385
2026-06-18 09:00:00,1747.4,1751.4,1742.2,1745.7,4794.2033,3848
2026-06-18 10:00:00,1745.7,1751.9,1738.8,1746.4,23777.0017,5936
2026-06-18 11:00:00,1746.5,1749.2,1738.7,1742.7,10186.2628,4804
2026-06-18 12:00:00,1742.7,1752.3,1741.2,1749.6,6867.7251,4305
2026-06-18 13:00:00,1749.7,1751.5,1729.1,1736.1,25035.51,10382
2026-06-18 14:00:00,1736.2,1744.4,1729.1,1739.5,15480.994,9894
2026-06-18 15:00:00,1739.5,1739.6,1679.5,1681.8,110869.5193,25869
2026-06-18 16:00:00,1681.6,1692.5,1680.0,1686.1,88465.6562,14140
2026-06-18 17:00:00,1686.2,1686.9,1671.2,1678.9,60939.7032,11262
2026-06-18 18:00:00,1678.9,1689.0,1676.4,1685.0,43344.4879,8365
2026-06-18 19:00:00,1684.9,1707.2,1682.6,1705.0,33952.6938,9116
2026-06-18 20:00:00,1705.2,1716.6,1705.2,1710.1,9520.2052,6796
2026-06-18 21:00:00,1710.1,1711.4,1701.8,1708.2,6170.2656,5453
2026-06-18 22:00:00,1708.2,1708.2,1699.7,1706.5,7328.1469,4523
2026-06-18 23:00:00,1706.5,1712.7,1702.9,1711.1,29612.3037,7567
2026-06-19 00:00:00,1711.1,1716.3,1708.8,1713.7,8707.243,4849
2026-06-19 01:00:00,1713.6,1719.7,1706.0,1713.3,48702.6612,6131
2026-06-19 02:00:00,1713.2,1714.9,1700.5,1706.2,94451.0105,9476
2026-06-19 03:00:00,1706.2,1707.4,1682.0,1697.2,69837.1721,9936
2026-06-19 04:00:00,1697.2,1702.6,1686.0,1689.1,8625.822,4799
2026-06-19 05:00:00,1689.2,1697.3,1689.0,1697.0,6054.6305,3266
2026-06-19 06:00:00,1697.0,1702.8,1695.7,1700.0,3165.8869,2614
2026-06-19 07:00:00,1699.8,1700.4,1689.6,1695.1,4792.1735,3206
2026-06-19 08:00:00,1695.2,1698.7,1693.8,1697.1,2476.2081,2908
2026-06-19 09:00:00,1697.2,1699.3,1688.5,1688.7,10615.7467,3573
2026-06-19 10:00:00,1688.8,1694.1,1686.9,1692.2,4964.895,3087
2026-06-19 11:00:00,1692.3,1693.8,1688.4,1691.2,3861.4906,2352
2026-06-19 12:00:00,1691.4,1695.5,1678.4,1694.8,14791.1759,5988
2026-06-19 13:00:00,1695.0,1710.7,1687.3,1703.2,62854.5124,10722
2026-06-19 14:00:00,1703.1,1710.2,1696.4,1706.6,22398.8614,5499
2026-06-19 15:00:00,1706.7,1711.8,1698.0,1707.2,8494.0425,6269
2026-06-19 16:00:00,1707.3,1711.3,1694.4,1696.3,8544.6415,4524
2026-06-19 17:00:00,1696.5,1706.1,1693.7,1704.8,5181.5904,3803
2026-06-19 18:00:00,1704.8,1705.2,1698.3,1702.3,2571.8396,2631
2026-06-19 19:00:00,1702.4,1704.2,1698.0,1700.8,1670.3406,2276
2026-06-19 20:00:00,1700.9,1709.7,1698.9,1708.7,12543.8369,3416
2026-06-19 21:00:00,1708.8,1708.8,1701.3,1701.8,6024.2241,3087
2026-06-19 22:00:00,1701.8,1710.1,1700.6,1707.7,2404.22,2551
2026-06-19 23:00:00,1707.7,1714.9,1705.1,1711.2,3351.6183,2626
2026-06-20 00:00:00,1711.3,1718.0,1708.5,1709.0,13118.6455,4563
2026-06-20 01:00:00,1708.9,1713.4,1706.5,1709.5,9501.2206,2706
2026-06-20 02:00:00,1709.5,1709.6,1703.7,1704.7,9396.9375,2575
2026-06-20 03:00:00,1704.7,1708.8,1704.6,1707.9,1374.6313,1771
2026-06-20 04:00:00,1707.9,1715.0,1706.4,1713.2,3842.5832,2653
2026-06-20 05:00:00,1713.2,1732.8,1712.3,1725.9,18848.9431,6622
2026-06-20 06:00:00,1725.9,1729.5,1724.0,1727.4,3185.7905,3053
2026-06-20 07:00:00,1727.4,1729.5,1723.1,1725.5,3776.8391,2591
2026-06-20 08:00:00,1725.5,1726.5,1721.1,1722.5,3385.211,2512
2026-06-20 09:00:00,1722.5,1729.8,1722.5,1728.5,7747.555,2741
2026-06-20 10:00:00,1728.5,1729.4,1725.4,1727.4,3023.729,1679
2026-06-20 11:00:00,1727.5,1731.1,1725.9,1727.1,2295.1586,1473
2026-06-20 12:00:00,1727.1,1730.5,1723.6,1726.7,20751.8753,2903
2026-06-20 13:00:00,1726.6,1726.6,1712.7,1717.3,18955.0975,4670
2026-06-20 14:00:00,1717.4,1745.5,1708.0,1733.1,21337.8294,8955
2026-06-20 15:00:00,1733.2,1750.0,1729.3,1739.6,46985.6872,9862
2026-06-20 16:00:00,1739.6,1740.0,1730.3,1732.8,21493.4053,6965
2026-06-20 17:00:00,1732.9,1732.9,1720.7,1726.2,9822.6764,5202
2026-06-20 18:00:00,1726.2,1731.1,1725.2,1726.3,2738.4636,2487
2026-06-20 19:00:00,1726.1,1729.1,1724.6,1728.4,3642.4487,2387
2026-06-20 20:00:00,1728.5,1730.4,1725.8,1730.2,2061.2361,2347
2026-06-20 21:00:00,1730.2,1737.6,1730.1,1735.2,14430.6238,3198
2026-06-20 22:00:00,1735.0,1745.9,1732.8,1742.8,8650.6181,4292
2026-06-20 23:00:00,1742.8,1743.0,1739.8,1740.5,2480.4414,1894
2026-06-21 00:00:00,1740.4,1740.5,1735.3,1736.5,12742.6406,2484
2026-06-21 01:00:00,1736.5,1739.1,1734.0,1736.5,2238.9639,1949
2026-06-21 02:00:00,1736.3,1737.5,1735.2,1735.2,3210.9589,1841
2026-06-21 03:00:00,1735.3,1740.3,1733.2,1737.0,6622.197,3891
2026-06-21 04:00:00,1737.1,1740.6,1730.9,1731.9,13997.8664,4417
2026-06-21 05:00:00,1732.0,1735.6,1729.1,1732.4,6292.5303,3727
2026-06-21 06:00:00,1732.4,1737.9,1732.0,1735.1,5337.3492,3559
2026-06-21 07:00:00,1735.0,1735.1,1730.8,1731.3,10641.169,3883
2026-06-21 08:00:00,1731.3,1732.2,1723.4,1728.4,7580.2766,4622
2026-06-21 09:00:00,1728.4,1733.7,1725.2,1731.9,6308.1431,3058
2026-06-21 10:00:00,1732.0,1736.3,1730.2,1730.6,7292.1347,3178
2026-06-21 11:00:00,1730.6,1733.8,1717.6,1724.7,9800.4643,5118
2026-06-21 12:00:00,1724.6,1725.8,1715.5,1725.0,33378.4694,7022
2026-06-21 13:00:00,1725.0,1727.0,1721.0,1723.8,9152.0203,4132
2026-06-21 14:00:00,1723.8,1727.6,1720.9,1727.5,7537.5036,3214
2026-06-21 15:00:00,1727.4,1731.2,1726.4,1729.6,15805.1133,3970
2026-06-21 16:00:00,1729.6,1729.6,1720.7,1727.2,8243.9708,3741
2026-06-21 17:00:00,1727.2,1730.0,1724.9,1726.5,7481.9157,3057
2026-06-21 18:00:00,1726.4,1736.7,1720.9,1734.1,10450.0248,5980
2026-06-21 19:00:00,1734.2,1738.3,1732.7,1733.2,3767.0828,2758
2026-06-21 20:00:00,1733.3,1734.2,1716.2,1720.2,14037.876,5136
2026-06-21 21:00:00,1720.2,1723.5,1701.6,1717.7,50742.7406,9818
2026-06-21 22:00:00,1717.4,1720.5,1707.7,1717.0,29855.534,6199
2026-06-21 23:00:00,1717.1,1717.1,1703.9,1706.1,23861.9473,5979
2026-06-22 00:00:00,1706.2,1731.1,1706.1,1726.3,17752.4969,7510
2026-06-22 01:00:00,1726.3,1758.6,1724.0,1743.1,53609.3594,12885
2026-06-22 02:00:00,1743.1,1744.4,1736.7,1736.8,18036.0924,4531
2026-06-22 03:00:00,1736.8,1740.0,1726.0,1729.5,4425.4764,4360
2026-06-22 04:00:00,1729.5,1735.2,1727.2,1734.7,3007.6129,2945
2026-06-22 05:00:00,1734.7,1739.9,1733.4,1736.2,25125.6311,3889
2026-06-22 06:00:00,1736.3,1739.7,1732.7,1734.8,3379.3686,2710
2026-06-22 07:00:00,1734.8,1751.0,1734.2,1745.9,5462.778,3692
2026-06-22 08:00:00,1746.0,1751.5,1743.1,1747.3,4838.0527,3644
2026-06-22 09:00:00,1747.3,1749.8,1743.7,1745.8,3063.3917,2404
2026-06-22 10:00:00,1745.6,1750.8,1744.8,1748.7,5050.8916,2389
2026-06-22 11:00:00,1748.8,1774.1,1746.9,1767.0,20142.9393,8258
2026-06-22 12:00:00,1767.2,1771.1,1759.5,1762.9,38964.2474,7145
2026-06-22 13:00:00,1762.9,1778.6,1761.4,1776.4,44280.2842,10197
2026-06-22 14:00:00,1776.6,1776.7,1749.9,1753.8,67527.8279,11850
2026-06-22 15:00:00,1753.7,1757.1,1741.2,1743.7,59784.6378,9641
2026-06-22 16:00:00,1743.7,1744.9,1733.0,1739.1,136072.6412,15061
2026-06-22 17:00:00,1739.2,1742.2,1730.4,1740.6,60272.0202,8480
2026-06-22 18:00:00,1740.7,1746.8,1728.9,1732.6,120324.8906,11944
2026-06-22 19:00:00,1732.7,1736.3,1728.2,1734.7,101534.7631,9692
2026-06-22 20:00:00,1734.7,1739.4,1729.6,1733.5,70139.2955,6912
2026-06-22 21:00:00,1733.5,1736.6,1726.4,1732.1,26236.5078,4651
2026-06-22 22:00:00,1732.1,1735.0,1716.5,1723.5,18555.1548,6604
2026-06-22 23:00:00,1723.5,1730.8,1720.9,1727.9,26196.704,4650
2026-06-23 00:00:00,1727.9,1731.1,1719.8,1730.8,19758.6891,4450
2026-06-23 01:00:00,1730.7,1735.8,1720.9,1730.2,10065.3787,4382
2026-06-23 02:00:00,1730.2,1734.5,1725.8,1732.2,11275.1828,3554
2026-06-23 03:00:00,1732.0,1732.4,1725.5,1728.9,6482.2985,3007
2026-06-23 04:00:00,1728.8,1730.4,1716.9,1718.2,57207.3593,7170
2026-06-23 05:00:00,1718.3,1720.5,1709.3,1712.5,35563.148,6730
2026-06-23 06:00:00,1712.6,1713.0,1680.7,1691.3,55794.4017,14166
2026-06-23 07:00:00,1691.3,1695.4,1679.9,1680.0,35440.1134,6434
2026-06-23 08:00:00,1680.0,1683.3,1634.1,1647.1,100052.0953,21113
2026-06-23 09:00:00,1647.2,1653.0,1646.8,1649.9,10477.2949,4956
2026-06-23 10:00:00,1649.8,1657.6,1648.2,1651.6,6365.6525,4208
2026-06-23 11:00:00,1651.6,1662.5,1651.6,1659.6,26674.9658,5920
2026-06-23 12:00:00,1659.5,1661.3,1652.9,1653.4,13738.1043,5399
2026-06-23 13:00:00,1653.5,1663.0,1644.2,1661.4,33837.4336,10302
2026-06-23 14:00:00,1661.7,1671.9,1657.5,1661.2,51590.6562,9842
2026-06-23 15:00:00,1661.3,1662.5,1650.6,1658.9,51673.334,9451
2026-06-23 16:00:00,1658.9,1673.6,1656.8,1658.6,20214.6198,6515
2026-06-23 17:00:00,1658.5,1664.0,1653.8,1656.0,6019.8825,3494
2026-06-23 18:00:00,1656.2,1659.7,1649.3,1654.5,43000.2101,5777
2026-06-23 19:00:00,1654.6,1662.9,1654.5,1662.0,4302.9402,2890
2026-06-23 20:00:00,1662.0,1666.5,1660.9,1663.1,2779.8372,2344
2026-06-23 21:00:00,1663.2,1667.5,1662.8,1666.0,4011.6546,2388
2026-06-23 22:00:00,1666.0,1672.1,1662.2,1663.8,4312.7993,3781
2026-06-23 23:00:00,1663.7,1668.7,1659.4,1666.4,4687.7848,2669
2026-06-24 00:00:00,1666.4,1673.5,1665.8,1670.4,5988.7373,3177
2026-06-24 01:00:00,1670.5,1679.7,1665.4,1671.9,12602.1849,4888
2026-06-24 02:00:00,1671.9,1672.9,1662.5,1663.0,21590.1157,5409
2026-06-24 03:00:00,1663.1,1669.2,1657.2,1665.9,18699.8324,5948
2026-06-24 04:00:00,1666.2,1670.1,1657.8,1668.5,20530.3343,6835
2026-06-24 05:00:00,1668.5,1678.8,1667.3,1673.6,12615.854,6608
2026-06-24 06:00:00,1673.7,1676.2,1669.8,1674.2,5591.0598,3632
2026-06-24 07:00:00,1674.2,1677.8,1668.5,1671.8,33403.5679,4604
2026-06-24 08:00:00,1671.9,1673.9,1668.3,1672.7,3445.8867,2883
2026-06-24 09:00:00,1672.6,1672.6,1664.6,1666.4,3443.198,2776
2026-06-24 10:00:00,1666.4,1667.3,1662.4,1663.1,34301.5775,5395
2026-06-24 11:00:00,1663.1,1691.1,1655.3,1678.0,25872.532,8339
2026-06-24 12:00:00,1678.0,1680.2,1669.8,1670.8,10034.7693,4752
2026-06-24 13:00:00,1670.9,1671.2,1640.3,1644.6,48461.5817,16394
2026-06-24 14:00:00,1644.6,1656.0,1637.4,1646.4,36136.9836,12280
2026-06-24 15:00:00,1646.6,1650.5,1616.0,1617.7,50860.355,13064
2026-06-24 16:00:00,1617.4,1635.0,1584.3,1589.1,129053.4389,22337
2026-06-24 17:00:00,1589.0,1596.3,1551.3,1558.9,72854.2376,22217
2026-06-24 18:00:00,1559.3,1583.9,1555.6,1571.0,51849.3504,13227
2026-06-24 19:00:00,1571.0,1584.3,1565.9,1583.9,16764.9817,7159
2026-06-24 20:00:00,1583.9,1621.5,1579.0,1612.7,64024.5136,16020
2026-06-24 21:00:00,1612.7,1620.9,1605.3,1620.5,10675.1842,6671
2026-06-24 22:00:00,1620.4,1628.0,1612.7,1614.6,9194.3391,5895
2026-06-24 23:00:00,1614.6,1622.1,1613.0,1621.2,8752.6315,4981
2026-06-25 00:00:00,1621.1,1625.5,1615.9,1618.1,6458.4152,5067
2026-06-25 01:00:00,1618.0,1623.1,1613.9,1620.0,18291.9822,5255
2026-06-25 02:00:00,1620.0,1620.7,1614.3,1620.2,7646.7484,3534
2026-06-25 03:00:00,1620.0,1623.3,1615.6,1618.7,10918.1888,3770
2026-06-25 04:00:00,1618.7,1635.0,1616.3,1634.1,25901.5766,5703
2026-06-25 05:00:00,1634.0,1651.0,1632.6,1644.9,20569.2633,7912
2026-06-25 06:00:00,1644.9,1659.0,1643.6,1653.1,14824.1429,5332
2026-06-25 07:00:00,1653.1,1658.8,1650.5,1656.5,5238.1246,4954
2026-06-25 08:00:00,1656.4,1657.9,1650.1,1651.8,5216.9637,4269
2026-06-25 09:00:00,1651.8,1654.2,1646.3,1648.0,5555.3406,4422
2026-06-25 10:00:00,1648.0,1648.8,1632.7,1635.6,14288.8348,5259
2026-06-25 11:00:00,1635.7,1637.8,1627.1,1631.9,17546.9857,5943
2026-06-25 12:00:00,1632.0,1648.1,1623.8,1634.8,21873.2878,8281
2026-06-25 13:00:00,1634.8,1639.0,1531.3,1536.7,101841.5136,26948
2026-06-25 14:00:00,1536.8,1595.0,1536.8,1567.6,135500.4887,33873
2026-06-25 15:00:00,1567.6,1572.0,1543.3,1569.3,45445.0465,15259
2026-06-25 16:00:00,1569.3,1586.7,1557.4,1561.0,62777.6737,13892
2026-06-25 17:00:00,1560.9,1574.3,1556.5,1573.8,18632.7154,9418
2026-06-25 18:00:00,1573.8,1576.6,1560.0,1566.1,19540.8539,8656
2026-06-25 19:00:00,1566.3,1566.8,1554.0,1557.8,30346.7684,8432
2026-06-25 20:00:00,1558.0,1569.8,1555.5,1559.5,30125.032,8707
2026-06-25 21:00:00,1559.5,1581.8,1559.1,1580.1,18222.8612,7407
2026-06-25 22:00:00,1579.9,1582.4,1565.4,1569.1,12261.4463,7188
2026-06-25 23:00:00,1569.1,1578.5,1563.3,1566.6,34581.9112,8016
2026-06-26 00:00:00,1566.5,1570.6,1562.6,1563.9,6062.353,5589
2026-06-26 01:00:00,1563.8,1567.3,1554.3,1559.1,8852.625,6015
2026-06-26 02:00:00,1559.0,1559.9,1518.9,1523.3,92823.4975,23674
2026-06-26 03:00:00,1523.2,1562.6,1511.0,1556.9,154552.0503,25047
2026-06-26 04:00:00,1556.7,1559.4,1546.5,1548.5,22984.1217,10190
2026-06-26 05:00:00,1548.5,1558.0,1547.4,1554.8,13827.2231,7425
2026-06-26 06:00:00,1554.9,1572.7,1542.6,1570.1,22537.21,10504
2026-06-26 07:00:00,1570.1,1584.9,1569.7,1580.0,16726.274,8161
2026-06-26 08:00:00,1580.0,1581.0,1562.7,1565.6,20120.0356,8598
2026-06-26 09:00:00,1565.7,1566.0,1548.6,1552.2,17177.499,7563
2026-06-26 10:00:00,1552.2,1554.8,1544.2,1547.3,8595.2172,5724
2026-06-26 11:00:00,1547.3,1554.3,1540.4,1544.2,11364.2586,7937
2026-06-26 12:00:00,1544.1,1559.3,1526.6,1535.1,62931.7119,15833
2026-06-26 13:00:00,1535.1,1570.0,1520.3,1568.1,80989.5889,23688
2026-06-26 14:00:00,1568.2,1574.5,1552.3,1559.0,50638.1814,14981
2026-06-26 15:00:00,1559.0,1587.4,1558.5,1579.3,26253.8934,13827
2026-06-26 16:00:00,1579.4,1592.8,1571.7,1576.8,28185.0826,11692
2026-06-26 17:00:00,1576.9,1587.7,1575.6,1580.9,11607.9652,7291
2026-06-26 18:00:00,1580.9,1584.6,1569.8,1572.4,9688.815,6773
2026-06-26 19:00:00,1572.4,1583.1,1569.5,1573.2,11077.6673,6107
2026-06-26 20:00:00,1573.3,1581.8,1567.1,1569.9,7472.9492,5496
2026-06-26 21:00:00,1569.9,1578.1,1567.4,1574.3,3840.8765,3300
2026-06-26 22:00:00,1574.3,1578.4,1568.5,1577.0,3157.7616,3234
2026-06-26 23:00:00,1577.1,1579.8,1573.3,1577.6,2714.547,2766
2026-06-27 00:00:00,1577.7,1580.9,1570.6,1575.7,3608.9312,3733
2026-06-27 01:00:00,1575.8,1576.8,1573.2,1575.0,2517.4669,2179
2026-06-27 02:00:00,1575.0,1586.0,1573.9,1582.3,8751.0867,3692
2026-06-27 03:00:00,1582.3,1584.0,1577.6,1579.7,2655.5995,2670
2026-06-27 04:00:00,1579.7,1584.2,1578.1,1578.5,1701.5392,2276
2026-06-27 05:00:00,1578.6,1580.2,1575.7,1577.8,2820.9421,2529
2026-06-27 06:00:00,1577.8,1583.7,1574.3,1581.8,8434.3349,3594
2026-06-27 07:00:00,1581.8,1585.5,1580.0,1584.8,3359.1188,3027
2026-06-27 08:00:00,1584.8,1584.8,1580.9,1583.3,2689.0293,3805
2026-06-27 09:00:00,1583.3,1583.8,1578.6,1581.8,3336.8661,4339
2026-06-27 10:00:00,1581.8,1583.9,1581.1,1583.2,1303.7084,3087
2026-06-27 11:00:00,1583.2,1584.3,1578.2,1583.1,3711.7186,3823
2026-06-27 12:00:00,1583.1,1585.2,1580.5,1584.8,4468.0526,3568
2026-06-27 13:00:00,1584.9,1592.0,1584.0,1591.4,9564.8186,5288
2026-06-27 14:00:00,1591.5,1597.4,1588.7,1593.6,10723.3787,5692
2026-06-27 15:00:00,1593.5,1609.9,1592.8,1604.8,19281.464,8099
2026-06-27 16:00:00,1604.8,1606.9,1600.7,1605.7,4046.2064,4177
2026-06-27 17:00:00,1605.7,1606.0,1588.0,1590.5,11192.2311,5734
2026-06-27 18:00:00,1590.5,1593.9,1588.2,1593.0,4184.9475,3023
2026-06-27 19:00:00,1593.1,1594.5,1572.2,1577.5,19797.2704,7114
2026-06-27 20:00:00,1577.4,1582.1,1577.3,1580.5,3236.3334,2478
2026-06-27 21:00:00,1580.6,1584.2,1573.3,1574.6,7626.3602,3876
2026-06-27 22:00:00,1574.6,1578.8,1562.1,1578.2,14727.2056,5664
2026-06-27 23:00:00,1578.2,1580.7,1569.9,1572.9,4961.8442,4103
2026-06-28 00:00:00,1572.9,1577.1,1572.0,1573.7,4628.6934,2827
2026-06-28 01:00:00,1573.6,1576.0,1569.2,1574.3,5650.4554,2972
2026-06-28 02:00:00,1574.2,1579.0,1568.3,1571.3,5403.5203,4080
2026-06-28 03:00:00,1571.4,1575.1,1571.4,1574.1,1194.5064,1978
2026-06-28 04:00:00,1574.1,1576.2,1569.6,1573.1,1992.0219,2239
2026-06-28 05:00:00,1573.2,1573.4,1563.4,1568.4,6184.1659,4535
2026-06-28 06:00:00,1568.4,1569.6,1561.8,1567.0,4780.1814,3555
2026-06-28 07:00:00,1567.1,1575.8,1567.0,1574.8,3332.1345,2881
2026-06-28 08:00:00,1574.9,1584.0,1572.7,1580.5,9018.0192,4144
2026-06-28 09:00:00,1580.6,1584.9,1577.4,1578.2,3347.4723,2684
2026-06-28 10:00:00,1578.2,1580.6,1571.6,1576.3,2347.8654,2529
2026-06-28 11:00:00,1576.3,1582.8,1575.0,1582.0,2414.0976,2759
2026-06-28 12:00:00,1582.0,1587.2,1577.4,1582.6,5031.5162,3344
2026-06-28 13:00:00,1582.6,1582.7,1574.2,1578.7,1821.2802,3154
2026-06-28 14:00:00,1578.8,1585.1,1577.2,1580.8,3461.7638,3118
2026-06-28 15:00:00,1580.9,1584.2,1576.4,1579.6,4644.4628,4037
2026-06-28 16:00:00,1579.7,1580.9,1565.6,1571.8,11807.1152,5256
2026-06-28 17:00:00,1571.8,1576.3,1562.8,1571.8,11694.3877,5741
2026-06-28 18:00:00,1571.8,1574.5,1568.1,1570.9,3543.1774,3623
2026-06-28 19:00:00,1570.9,1573.1,1555.7,1563.7,14610.4122,5796
2026-06-28 20:00:00,1563.7,1575.5,1563.3,1572.0,9621.524,5549
2026-06-28 21:00:00,1572.1,1572.5,1558.0,1562.3,6915.1555,4586
2026-06-28 22:00:00,1562.4,1580.5,1547.6,1556.3,25163.941,12105
2026-06-28 23:00:00,1556.2,1579.1,1554.6,1570.9,18764.198,7667
2026-06-29 00:00:00,1571.0,1573.7,1551.3,1572.4,19287.0189,9216
2026-06-29 01:00:00,1572.4,1573.0,1559.2,1567.7,5620.4304,4636
2026-06-29 02:00:00,1567.7,1577.8,1549.3,1575.6,11725.7285,6524
2026-06-29 03:00:00,1575.6,1588.0,1575.6,1583.8,9801.7989,6857
2026-06-29 04:00:00,1583.8,1584.1,1573.7,1574.6,4274.4377,3874
2026-06-29 05:00:00,1574.6,1582.3,1561.3,1582.2,4732.7235,4824
2026-06-29 06:00:00,1582.2,1587.9,1578.9,1582.1,5363.5304,4586
2026-06-29 07:00:00,1582.1,1583.7,1577.0,1579.4,7669.494,4962
2026-06-29 08:00:00,1579.4,1581.3,1569.4,1572.4,8219.1193,5320
2026-06-29 09:00:00,1572.4,1579.3,1569.8,1575.3,2347.9961,3801
2026-06-29 10:00:00,1575.4,1586.1,1575.4,1577.8,6477.61,4331
2026-06-29 11:00:00,1577.8,1581.2,1569.8,1574.3,13925.5953,6622
2026-06-29 12:00:00,1574.4,1596.0,1566.0,1575.1,41109.3961,15041
2026-06-29 13:00:00,1575.1,1587.9,1563.8,1571.7,26870.4644,11548
2026-06-29 14:00:00,1571.9,1578.0,1556.8,1571.9,55009.5019,14153
2026-06-29 15:00:00,1572.0,1584.0,1560.8,1579.6,18188.5298,7991
2026-06-29 16:00:00,1579.5,1586.5,1573.0,1584.3,16516.3191,6594
2026-06-29 17:00:00,1584.4,1636.2,1584.3,1627.1,88631.9315,23079
2026-06-29 18:00:00,1627.1,1627.9,1618.0,1620.3,15284.8767,7516
2026-06-29 19:00:00,1620.6,1627.0,1616.0,1624.9,20013.3749,6647
2026-06-29 20:00:00,1624.9,1625.9,1616.7,1616.8,6470.5691,4930
2026-06-29 21:00:00,1617.1,1622.3,1611.7,1619.3,15232.8633,6291
2026-06-29 22:00:00,1619.3,1621.3,1612.2,1612.4,9088.785,3954
2026-06-29 23:00:00,1612.4,1613.2,1607.0,1612.4,14512.7746,4034
2026-06-30 00:00:00,1612.3,1613.4,1592.0,1593.7,19004.2265,8779
2026-06-30 01:00:00,1593.9,1599.1,1588.1,1593.1,13396.0974,6142
2026-06-30 02:00:00,1593.1,1593.3,1585.6,1589.9,6356.4662,5056
2026-06-30 03:00:00,1589.9,1595.2,1585.8,1586.4,2876.811,2605
2026-06-30 04:00:00,1586.4,1590.3,1578.9,1587.3,31772.5526,4898
2026-06-30 05:00:00,1587.3,1591.3,1584.4,1590.9,12098.1392,3096
2026-06-30 06:00:00,1590.8,1593.8,1588.1,1593.2,5477.3237,2582
2026-06-30 07:00:00,1593.0,1595.1,1589.4,1591.5,3337.708,2062
2026-06-30 08:00:00,1591.5,1593.4,1578.5,1583.1,6515.5047,6360
2026-06-30 09:00:00,1583.0,1586.3,1580.6,1584.7,8983.7417,8072
2026-06-30 10:00:00,1584.8,1586.1,1581.6,1583.9,5975.8209,3235
2026-06-30 11:00:00,1583.9,1585.3,1575.3,1577.7,22513.3279,35637
2026-06-30 12:00:00,1577.6,1577.6,1551.4,1551.8,71565.2521,12525
2026-06-30 13:00:00,1551.8,1567.1,1549.9,1566.5,117743.1064,16228
2026-06-30 14:00:00,1566.4,1577.4,1560.8,1562.7,45896.4601,12939
2026-06-30 15:00:00,1562.7,1576.0,1556.7,1564.3,33360.5259,9001
2026-06-30 16:00:00,1564.4,1573.8,1561.1,1571.7,30262.4635,7633
2026-06-30 17:00:00,1571.7,1576.2,1568.2,1570.3,10840.4508,4090
2026-06-30 18:00:00,1570.2,1581.3,1569.1,1578.7,11314.0078,4968
2026-06-30 19:00:00,1578.6,1581.0,1575.3,1579.9,12100.6737,4100
2026-06-30 20:00:00,1580.0,1582.4,1573.2,1575.5,8559.4694,3833
2026-06-30 21:00:00,1575.4,1576.5,1569.2,1570.7,12044.921,3215
2026-06-30 22:00:00,1570.9,1574.1,1566.3,1567.2,6896.614,2803
2026-06-30 23:00:00,1567.1,1572.1,1565.4,1571.4,5291.4826,2551
2026-07-01 00:00:00,1571.4,1575.6,1565.7,1574.2,7797.9375,3814
2026-07-01 01:00:00,1574.2,1585.4,1552.0,1577.3,37798.1875,11542
2026-07-01 02:00:00,1577.2,1588.8,1573.5,1585.6,21001.8241,5860
2026-07-01 03:00:00,1585.6,1598.0,1581.6,1594.1,17013.4961,6070
2026-07-01 04:00:00,1594.2,1602.5,1590.7,1598.6,23787.6504,6450
2026-07-01 05:00:00,1598.7,1600.0,1590.5,1592.0,5932.4092,3749
2026-07-01 06:00:00,1592.0,1592.6,1570.9,1575.3,25609.223,6780
2026-07-01 07:00:00,1575.3,1580.5,1571.8,1577.6,3241.7896,3244
2026-07-01 08:00:00,1577.5,1581.6,1567.9,1581.6,8920.0601,4281
2026-07-01 09:00:00,1581.6,1584.4,1578.1,1580.6,5903.0527,3790
2026-07-01 10:00:00,1580.5,1581.0,1571.5,1572.8,9594.4235,3845
2026-07-01 11:00:00,1572.7,1575.1,1566.5,1569.2,3817.8135,3710
2026-07-01 12:00:00,1569.1,1571.7,1564.7,1569.4,7251.6829,6138
2026-07-01 13:00:00,1569.4,1597.1,1569.4,1596.7,24562.3527,11411
2026-07-01 14:00:00,1596.7,1616.6,1590.6,1600.5,118635.3753,20012
2026-07-01 15:00:00,1600.4,1630.0,1600.4,1619.4,40677.0167,13759
2026-07-01 16:00:00,1619.6,1628.2,1612.0,1613.5,23140.8868,6929
2026-07-01 17:00:00,1613.6,1624.2,1606.8,1622.1,10718.2233,5898
2026-07-01 18:00:00,1622.2,1623.9,1611.4,1615.9,33946.1457,5870
2026-07-01 19:00:00,1616.0,1623.3,1614.0,1617.4,25387.0574,5844
2026-07-01 20:00:00,1617.3,1619.5,1609.6,1616.8,41786.1465,6267
2026-07-01 21:00:00,1616.8,1637.1,1616.8,1631.5,10703.264,6817
2026-07-01 22:00:00,1631.1,1645.0,1619.6,1620.8,20607.8956,7733
2026-07-01 23:00:00,1620.8,1620.9,1607.3,1608.6,11537.2898,5005
2026-07-02 00:00:00,1608.9,1608.9,1596.6,1602.6,17526.4416,6684
2026-07-02 01:00:00,1602.6,1624.3,1601.9,1619.7,10012.2798,5329
2026-07-02 02:00:00,1619.6,1623.7,1614.1,1620.1,3921.9366,3237
2026-07-02 03:00:00,1620.3,1642.0,1617.8,1639.0,35097.9664,7424
2026-07-02 04:00:00,1639.0,1639.7,1630.4,1632.3,5920.3045,4413
2026-07-02 05:00:00,1632.3,1634.3,1624.5,1626.3,5783.456,4177
2026-07-02 06:00:00,1626.3,1629.2,1617.0,1618.8,6209.66,5187
2026-07-02 07:00:00,1618.7,1619.5,1614.0,1615.6,5916.2235,4430
2026-07-02 08:00:00,1615.7,1625.7,1614.8,1624.7,5785.2507,5039
2026-07-02 09:00:00,1624.6,1651.2,1620.0,1643.0,33273.6911,12042
2026-07-02 10:00:00,1643.1,1649.0,1641.1,1645.6,14508.0155,7694
2026-07-02 11:00:00,1645.9,1654.7,1644.2,1650.4,14555.5566,7662
2026-07-02 12:00:00,1650.3,1668.8,1647.4,1662.7,55272.1004,15844
2026-07-02 13:00:00,1662.8,1714.1,1661.0,1710.3,146340.6314,31313
2026-07-02 14:00:00,1710.3,1724.2,1693.7,1701.6,77093.6734,24610
2026-07-02 15:00:00,1701.6,1703.6,1688.9,1697.2,23953.5097,11157
2026-07-02 16:00:00,1697.2,1703.9,1686.8,1699.9,32000.384,10093
2026-07-02 17:00:00,1699.9,1705.8,1694.9,1696.1,25663.3966,8554
2026-07-02 18:00:00,1696.1,1707.7,1695.7,1702.4,10270.2316,4438
2026-07-02 19:00:00,1702.3,1705.7,1695.0,1700.4,11488.096,5190
2026-07-02 20:00:00,1700.4,1707.0,1696.3,1706.1,6707.9551,3594
2026-07-02 21:00:00,1706.2,1706.8,1697.4,1700.5,4540.1599,2489
2026-07-02 22:00:00,1700.5,1701.1,1694.5,1697.2,4852.4822,2234
2026-07-02 23:00:00,1697.1,1701.7,1692.5,1701.3,2190.843,2181
2026-07-03 00:00:00,1701.2,1703.5,1695.2,1697.3,5389.6244,3753
2026-07-03 01:00:00,1697.3,1719.0,1695.8,1712.8,7405.9899,6107
2026-07-03 02:00:00,1712.9,1716.0,1696.1,1704.9,34525.2018,7214
2026-07-03 03:00:00,1704.5,1711.7,1699.5,1706.5,3128.0059,2356
2026-07-03 04:00:00,1706.6,1708.4,1702.4,1703.5,3629.9359,2241
2026-07-03 05:00:00,1703.1,1721.7,1702.1,1715.5,14964.6748,4694
2026-07-03 06:00:00,1715.5,1721.8,1713.0,1716.6,22008.6709,4211
2026-07-03 07:00:00,1716.7,1722.6,1714.5,1718.4,3699.9186,3046
2026-07-03 08:00:00,1718.5,1735.1,1716.4,1719.9,17948.0832,8522
2026-07-03 09:00:00,1719.9,1732.1,1717.4,1727.5,32861.3852,7956
2026-07-03 10:00:00,1727.5,1749.7,1727.4,1743.0,33825.5501,11087
2026-07-03 11:00:00,1743.1,1749.0,1738.5,1743.2,16382.9678,7451
2026-07-03 12:00:00,1743.3,1745.6,1732.2,1736.9,7109.4446,4847
2026-07-03 13:00:00,1737.0,1753.3,1736.7,1748.6,17067.7467,7189
2026-07-03 14:00:00,1748.5,1748.6,1729.2,1737.7,18154.4427,7780
2026-07-03 15:00:00,1737.8,1746.2,1730.4,1731.9,64080.8875,9955
2026-07-03 16:00:00,1731.9,1735.9,1728.5,1734.3,5579.2198,4147
2026-07-03 17:00:00,1734.3,1742.4,1733.2,1738.5,3475.318,3540
2026-07-03 18:00:00,1738.6,1741.2,1737.1,1739.5,5039.9241,2245
2026-07-03 19:00:00,1739.4,1753.7,1737.6,1746.2,21130.4035,5673
2026-07-03 20:00:00,1746.0,1774.3,1744.0,1766.8,38770.8327,11245
2026-07-03 21:00:00,1767.1,1776.3,1757.9,1764.5,14091.3894,6896
2026-07-03 22:00:00,1764.4,1764.8,1756.6,1758.0,4088.3906,3239
2026-07-03 23:00:00,1758.0,1762.6,1755.9,1759.3,7268.1831,3514
2026-07-04 00:00:00,1759.3,1764.7,1757.4,1759.6,7211.1285,4564
2026-07-04 01:00:00,1759.6,1759.6,1746.5,1748.6,14095.6656,4491
2026-07-04 02:00:00,1748.4,1751.4,1744.8,1750.1,10283.331,2766
2026-07-04 03:00:00,1750.0,1757.3,1748.3,1754.7,3333.849,2512
2026-07-04 04:00:00,1754.7,1765.3,1752.9,1762.7,4745.1762,3414
2026-07-04 05:00:00,1762.4,1762.4,1753.8,1756.3,4419.8794,2676
2026-07-04 06:00:00,1756.4,1761.6,1752.2,1755.3,3597.9274,2483
2026-07-04 07:00:00,1755.2,1759.9,1753.1,1758.7,5372.702,2935
2026-07-04 08:00:00,1758.7,1765.8,1757.8,1763.0,9869.2548,4447
2026-07-04 09:00:00,1763.1,1763.7,1755.5,1758.6,5618.8783,2702
2026-07-04 10:00:00,1758.7,1761.4,1758.0,1759.7,4628.1581,2681
2026-07-04 11:00:00,1759.4,1760.8,1757.2,1758.4,1858.7342,1968
2026-07-04 12:00:00,1758.4,1766.7,1758.4,1764.8,5578.0783,2878
2026-07-04 13:00:00,1764.7,1782.3,1762.5,1765.0,36926.7143,7524
2026-07-04 14:00:00,1765.0,1775.2,1764.9,1773.1,10396.0455,4945
2026-07-04 15:00:00,1773.1,1799.2,1773.1,1792.1,39051.5069,15053
2026-07-04 16:00:00,1792.0,1792.8,1784.8,1787.6,11351.0521,6120
2026-07-04 17:00:00,1787.6,1807.4,1780.3,1800.0,30080.1819,10229
2026-07-04 18:00:00,1800.1,1806.2,1792.5,1794.3,28332.0563,8110
2026-07-04 19:00:00,1794.3,1797.9,1789.0,1793.2,9271.8027,4052
2026-07-04 20:00:00,1793.0,1796.2,1784.1,1787.5,4663.7992,3969
2026-07-04 21:00:00,1787.4,1794.7,1786.6,1789.9,3292.2136,3054
2026-07-04 22:00:00,1789.8,1789.8,1782.6,1784.8,3187.3768,3004
2026-07-04 23:00:00,1785.0,1785.9,1772.8,1781.1,16614.0324,6240
2026-07-05 00:00:00,1781.2,1781.3,1770.7,1773.2,6878.2489,4286
2026-07-05 01:00:00,1773.2,1775.2,1761.7,1767.1,6839.5252,4873
2026-07-05 02:00:00,1767.1,1768.2,1757.4,1761.2,7472.6645,4347
2026-07-05 03:00:00,1761.1,1764.2,1758.7,1762.3,7265.2827,3384
2026-07-05 04:00:00,1762.3,1773.3,1761.3,1768.3,5882.2069,3244
2026-07-05 05:00:00,1767.8,1768.3,1761.3,1766.2,2680.8847,2478
2026-07-05 06:00:00,1766.5,1768.3,1762.3,1765.1,2114.7118,2125
2026-07-05 07:00:00,1765.1,1772.8,1762.4,1770.7,2210.8505,2247
2026-07-05 08:00:00,1770.8,1773.6,1767.4,1768.2,2506.9315,2463
2026-07-05 09:00:00,1768.3,1768.4,1749.5,1758.6,13283.6279,4888
2026-07-05 10:00:00,1758.5,1762.8,1755.6,1762.1,7956.4948,3409
2026-07-05 11:00:00,1762.0,1765.4,1759.6,1760.7,3107.7972,2407
2026-07-05 12:00:00,1760.5,1769.9,1756.7,1765.7,3686.3041,3338
2026-07-05 13:00:00,1765.7,1768.3,1762.0,1766.9,1865.4513,2620
2026-07-05 14:00:00,1766.9,1773.4,1765.6,1773.3,2577.2224,2808
2026-07-05 15:00:00,1773.2,1781.1,1771.0,1775.2,8757.8247,5328
2026-07-05 16:00:00,1775.2,1777.9,1770.7,1773.5,2777.1308,2813
2026-07-05 17:00:00,1773.6,1786.2,1773.4,1780.3,10127.8669,4337
2026-07-05 18:00:00,1780.4,1786.7,1778.7,1781.8,3850.6219,2485
2026-07-05 19:00:00,1781.8,1785.0,1778.1,1781.9,3943.3761,2623
2026-07-05 20:00:00,1781.8,1783.9,1776.7,1777.6,3830.9505,2354
2026-07-05 21:00:00,1777.6,1793.5,1770.1,1787.3,14568.7578,6289
2026-07-05 22:00:00,1787.4,1809.0,1784.9,1790.6,30526.8048,11385
2026-07-05 23:00:00,1790.5,1803.6,1783.1,1786.3,22627.7443,7537
2026-07-06 00:00:00,1786.2,1794.8,1775.5,1794.5,20971.0408,7227
2026-07-06 01:00:00,1794.4,1799.3,1785.8,1786.5,12385.1833,5402
2026-07-06 02:00:00,1786.5,1790.7,1780.4,1784.4,5003.7553,3228
2026-07-06 03:00:00,1784.1,1785.4,1772.8,1780.2,9090.1422,4819
2026-07-06 04:00:00,1780.1,1785.2,1777.0,1778.5,5655.9845,3870
2026-07-06 05:00:00,1778.5,1778.9,1765.5,1774.8,14777.4169,6798
2026-07-06 06:00:00,1774.8,1775.5,1769.7,1769.9,4082.9493,3466
2026-07-06 07:00:00,1769.8,1775.6,1767.0,1772.9,5057.6108,3402
2026-07-06 08:00:00,1772.9,1778.6,1763.5,1765.9,6978.3164,4798
2026-07-06 09:00:00,1765.9,1766.3,1756.3,1759.1,7868.6212,5526
2026-07-06 10:00:00,1759.0,1774.3,1758.7,1771.1,5008.7571,4311
2026-07-06 11:00:00,1771.1,1775.6,1760.0,1760.2,6588.699,4714
2026-07-06 12:00:00,1760.1,1761.0,1736.0,1741.7,51700.737,18223
2026-07-06 13:00:00,1741.5,1753.7,1729.6,1745.3,88092.9327,20860
2026-07-06 14:00:00,1745.2,1763.0,1742.2,1751.8,18893.7225,9762
2026-07-06 15:00:00,1751.9,1789.3,1751.9,1788.7,38564.6931,14316
2026-07-06 16:00:00,1788.8,1805.7,1783.1,1793.4,69524.4198,15949
2026-07-06 17:00:00,1793.4,1800.9,1788.1,1789.0,19250.6357,8384
2026-07-06 18:00:00,1789.0,1797.0,1787.5,1793.2,11404.6484,6133
2026-07-06 19:00:00,1793.2,1799.5,1792.0,1793.4,8784.2078,4258
2026-07-06 20:00:00,1793.3,1796.9,1787.4,1793.7,7341.2433,4124
2026-07-06 21:00:00,1793.8,1834.0,1793.2,1815.8,33434.6884,14239
2026-07-06 22:00:00,1815.8,1817.9,1805.5,1807.3,7842.4241,5071
2026-07-06 23:00:00,1807.2,1811.0,1798.5,1800.4,6773.8152,4509
2026-07-07 00:00:00,1800.5,1810.9,1795.6,1804.5,9855.8335,5906
2026-07-07 01:00:00,1804.4,1804.4,1788.8,1793.4,13775.8649,6140
2026-07-07 02:00:00,1793.4,1795.0,1777.3,1778.9,13900.0445,7078
2026-07-07 03:00:00,1778.9,1781.9,1769.2,1771.9,12580.4689,6759
2026-07-07 04:00:00,1772.0,1774.2,1762.8,1767.0,10449.0905,5385
2026-07-07 05:00:00,1766.9,1774.2,1757.8,1771.1,10316.9701,5868
2026-07-07 06:00:00,1771.2,1783.4,1765.3,1779.8,6976.3189,4812
2026-07-07 07:00:00,1779.9,1783.2,1771.5,1771.8,5789.0627,2971
2026-07-07 08:00:00,1771.9,1776.0,1768.8,1771.0,7841.7049,4133
2026-07-07 09:00:00,1771.1,1782.9,1768.9,1778.5,4593.6332,3270
2026-07-07 10:00:00,1778.6,1784.7,1774.7,1776.1,6704.2883,3605
2026-07-07 11:00:00,1775.7,1785.0,1772.2,1780.9,3255.9358,2995
2026-07-07 12:00:00,1780.9,1794.7,1780.7,1782.3,10142.5845,5810
2026-07-07 13:00:00,1782.4,1783.6,1766.2,1769.1,16895.5885,9928
2026-07-07 14:00:00,1769.2,1793.2,1761.5,1789.6,23938.8804,11909
2026-07-07 15:00:00,1789.7,1803.9,1783.5,1798.0,36645.4981,11951
2026-07-07 16:00:00,1798.1,1813.3,1793.5,1802.8,22789.2496,9462
2026-07-07 17:00:00,1802.9,1811.5,1799.1,1811.0,7143.5752,4702
2026-07-07 18:00:00,1811.0,1811.1,1786.3,1786.8,17529.9854,6348
2026-07-07 19:00:00,1786.8,1792.5,1773.9,1790.5,55288.4826,10946
2026-07-07 20:00:00,1790.5,1793.8,1781.5,1784.6,6026.5697,4495
2026-07-07 21:00:00,1784.6,1789.8,1772.3,1774.2,31290.1129,6445
2026-07-07 22:00:00,1774.0,1778.8,1765.9,1775.6,32893.561,6384
2026-07-07 23:00:00,1775.6,1781.1,1768.4,1772.0,16689.7601,4522
2026-07-08 00:00:00,1771.4,1784.8,1770.3,1780.6,14558.0361,5807
2026-07-08 01:00:00,1780.6,1781.2,1750.0,1756.2,47824.2741,10218
2026-07-08 02:00:00,1755.9,1759.6,1741.5,1757.1,25598.1932,10016
2026-07-08 03:00:00,1757.4,1763.3,1748.8,1751.3,10544.2679,5480
2026-07-08 04:00:00,1751.3,1758.4,1749.6,1756.4,25229.4768,6453
2026-07-08 05:00:00,1756.4,1759.7,1750.8,1753.9,5997.8475,3798
2026-07-08 06:00:00,1753.8,1755.0,1746.1,1751.5,17430.0932,6360
2026-07-08 07:00:00,1751.4,1757.3,1744.7,1756.8,21676.3193,6160
2026-07-08 08:00:00,1756.7,1758.7,1725.6,1735.5,41128.286,16806
2026-07-08 09:00:00,1735.4,1740.6,1729.7,1735.6,13889.8583,6071
2026-07-08 10:00:00,1735.5,1742.5,1732.5,1739.1,7176.8548,4290
2026-07-08 11:00:00,1739.1,1750.8,1735.9,1747.8,10479.4552,5991
2026-07-08 12:00:00,1747.8,1751.0,1738.0,1738.5,8862.5971,5528
2026-07-08 13:00:00,1738.5,1744.3,1731.5,1737.7,34102.1089,8912
2026-07-08 14:00:00,1737.5,1740.6,1722.8,1729.3,37705.6309,10595
2026-07-08 15:00:00,1729.5,1730.2,1713.0,1722.9,45806.6996,12620
2026-07-08 16:00:00,1722.9,1738.1,1722.7,1736.3,15909.8253,7324
2026-07-08 17:00:00,1736.4,1746.6,1731.1,1732.9,17283.8335,7564
2026-07-08 18:00:00,1733.0,1741.0,1730.0,1737.6,30846.3891,6460
2026-07-08 19:00:00,1737.6,1741.3,1733.7,1740.8,19582.1741,4712
2026-07-08 20:00:00,1740.9,1741.3,1734.2,1736.2,18275.0304,3843
2026-07-08 21:00:00,1736.5,1740.0,1731.3,1738.3,21406.7952,4987
2026-07-08 22:00:00,1738.2,1743.5,1736.8,1741.4,3959.3546,2573
2026-07-08 23:00:00,1741.5,1744.8,1739.0,1743.6,4531.6032,2935
2026-07-09 00:00:00,1743.6,1744.4,1737.0,1738.1,9411.0201,5168
2026-07-09 01:00:00,1738.2,1755.7,1730.3,1731.6,16839.9,7466
2026-07-09 02:00:00,1731.6,1739.3,1723.3,1727.0,23585.8229,6226
2026-07-09 03:00:00,1727.0,1734.1,1722.0,1730.4,10459.6442,4226
2026-07-09 04:00:00,1730.4,1743.7,1730.3,1742.6,9974.2229,3739
2026-07-09 05:00:00,1742.6,1749.5,1737.6,1749.4,10973.0021,4494
2026-07-09 06:00:00,1749.4,1755.6,1745.8,1755.3,23293.4953,6917
2026-07-09 07:00:00,1755.3,1762.0,1750.4,1753.0,14719.0366,7442
2026-07-09 08:00:00,1753.1,1758.5,1750.8,1754.3,12460.0348,5376
2026-07-09 09:00:00,1754.4,1756.0,1749.1,1755.4,3081.7602,3376
2026-07-09 10:00:00,1755.5,1757.1,1743.5,1745.9,7807.4093,4203
2026-07-09 11:00:00,1746.0,1748.1,1741.0,1743.6,9429.4125,4053
2026-07-09 12:00:00,1743.6,1747.1,1734.9,1741.4,31214.1386,8538
2026-07-09 13:00:00,1741.4,1752.0,1735.8,1746.7,23658.7286,8350
2026-07-09 14:00:00,1747.0,1749.6,1733.0,1742.8,10167.2753,5962
2026-07-09 15:00:00,1743.5,1749.0,1737.1,1738.9,10101.0201,4892
2026-07-09 16:00:00,1738.8,1743.0,1730.6,1738.8,50553.8383,6396
2026-07-09 17:00:00,1738.8,1752.0,1738.1,1747.9,7855.8334,3990
2026-07-09 18:00:00,1748.0,1759.3,1747.1,1750.9,15228.165,6227
2026-07-09 19:00:00,1750.9,1752.7,1746.6,1747.9,16180.7962,3809
2026-07-09 20:00:00,1748.0,1750.0,1744.7,1748.2,5495.1427,2587
2026-07-09 21:00:00,1748.2,1750.6,1744.6,1747.8,22871.5969,3891
2026-07-09 22:00:00,1747.7,1750.5,1746.0,1747.1,1615.4843,1865
2026-07-09 23:00:00,1747.1,1748.9,1741.3,1745.0,5311.2706,2520
2026-07-10 00:00:00,1745.1,1745.7,1737.5,1742.0,6568.4301,3299
2026-07-10 01:00:00,1742.1,1777.1,1737.6,1767.2,41995.5731,9114
2026-07-10 02:00:00,1767.3,1774.8,1764.4,1772.7,27036.4005,7416
2026-07-10 03:00:00,1772.8,1779.4,1769.3,1775.7,6212.4151,4066
2026-07-10 04:00:00,1775.8,1780.1,1771.8,1774.2,11778.9462,4143
2026-07-10 05:00:00,1774.3,1779.3,1772.1,1778.7,12387.2812,3113
2026-07-10 06:00:00,1778.8,1779.7,1769.1,1770.7,3924.7978,3252
2026-07-10 07:00:00,1770.8,1777.3,1768.6,1773.2,2662.5568,2292
2026-07-10 08:00:00,1773.2,1789.2,1772.3,1784.2,23412.0284,6320
2026-07-10 09:00:00,1784.1,1795.0,1781.2,1792.6,9365.7917,5400
2026-07-10 10:00:00,1792.7,1802.5,1789.6,1797.0,13944.6925,6479
2026-07-10 11:00:00,1797.1,1802.2,1793.9,1800.9,22877.6801,5867
2026-07-10 12:00:00,1801.0,1807.0,1792.7,1793.8,32038.0983,6687
2026-07-10 13:00:00,1793.6,1811.5,1793.1,1803.9,33026.8538,11286
2026-07-10 14:00:00,1803.9,1804.5,1776.2,1784.6,37315.9397,12347
2026-07-10 15:00:00,1784.5,1796.4,1783.7,1790.0,24406.857,6696
2026-07-10 16:00:00,1790.0,1798.7,1785.3,1797.0,14192.3922,5390
2026-07-10 17:00:00,1797.0,1798.4,1787.4,1788.0,19550.7196,5022
2026-07-10 18:00:00,1788.0,1792.8,1781.3,1784.6,11020.6553,4012
2026-07-10 19:00:00,1784.5,1796.1,1783.6,1792.0,12390.9887,4877
2026-07-10 20:00:00,1791.9,1796.9,1788.8,1789.9,20579.3937,4510
2026-07-10 21:00:00,1789.9,1796.6,1789.4,1793.8,14266.6589,3480
2026-07-10 22:00:00,1793.7,1796.1,1792.5,1794.7,4594.7009,2406
2026-07-10 23:00:00,1794.6,1797.1,1791.5,1796.5,7642.3118,2636
2026-07-11 00:00:00,1796.4,1796.5,1788.5,1792.6,15079.6545,3537
2026-07-11 01:00:00,1792.5,1798.2,1787.7,1788.9,26679.865,5168
2026-07-11 02:00:00,1788.8,1795.5,1787.0,1795.1,5398.3435,2800
2026-07-11 03:00:00,1795.0,1797.4,1792.9,1796.3,2580.0509,1895
2026-07-11 04:00:00,1796.1,1799.8,1795.2,1796.2,4116.7532,2141
2026-07-11 05:00:00,1796.1,1801.7,1794.7,1799.0,4246.0442,2467
2026-07-11 06:00:00,1798.9,1802.7,1794.3,1798.8,5322.3935,2841
2026-07-11 07:00:00,1798.7,1801.3,1797.8,1799.3,2389.5884,1916
2026-07-11 08:00:00,1799.2,1802.7,1798.9,1800.9,1760.7163,2327
2026-07-11 09:00:00,1800.8,1802.2,1795.1,1795.3,2689.3784,2657
2026-07-11 10:00:00,1795.2,1798.8,1795.1,1798.0,2934.4559,2063
2026-07-11 11:00:00,1797.9,1800.1,1797.0,1799.8,5819.1362,2285
2026-07-11 12:00:00,1799.7,1800.8,1797.9,1799.7,1453.9383,1973
2026-07-11 13:00:00,1799.7,1807.1,1798.7,1802.2,3939.1151,2730
2026-07-11 14:00:00,1802.1,1816.6,1801.9,1810.2,16699.5086,6959
2026-07-11 15:00:00,1810.3,1827.8,1808.4,1814.3,29979.0982,12124
2026-07-11 16:00:00,1814.3,1823.8,1810.6,1822.9,22743.8763,7783
2026-07-11 17:00:00,1823.0,1829.1,1818.3,1824.3,7362.6883,6042
2026-07-11 18:00:00,1824.4,1829.0,1823.6,1826.3,6742.523,5411
2026-07-11 19:00:00,1826.2,1827.0,1819.4,1824.5,5479.9581,4229
2026-07-11 20:00:00,1824.4,1828.8,1824.1,1826.4,6114.1687,3891
2026-07-11 21:00:00,1826.3,1829.1,1822.9,1824.1,5269.1078,4324
2026-07-11 22:00:00,1824.1,1824.1,1809.8,1813.6,9199.5373,5183
2026-07-11 23:00:00,1813.6,1815.5,1786.3,1787.2,32305.2528,11962
2026-07-12 00:00:00,1787.2,1790.4,1778.8,1788.4,20746.9428,8623
2026-07-12 01:00:00,1788.6,1808.0,1787.7,1806.4,10126.8974,5751
2026-07-12 02:00:00,1806.4,1807.0,1802.5,1805.1,7736.9507,3686
2026-07-12 03:00:00,1804.9,1812.6,1802.5,1810.9,5988.7001,3604
2026-07-12 04:00:00,1811.0,1811.9,1803.9,1805.0,4821.6385,3380
2026-07-12 05:00:00,1805.1,1806.6,1801.1,1803.0,3703.7744,2388
2026-07-12 06:00:00,1802.8,1802.8,1789.3,1795.2,10472.9752,4797
2026-07-12 07:00:00,1795.2,1798.7,1794.3,1798.3,2206.8118,2321
2026-07-12 08:00:00,1798.3,1809.1,1798.2,1804.9,12769.0659,4054
2026-07-12 09:00:00,1804.9,1805.4,1796.7,1802.1,2824.6599,2655
2026-07-12 10:00:00,1802.1,1802.3,1798.6,1799.2,5920.9551,2438
2026-07-12 11:00:00,1799.2,1806.2,1796.7,1803.7,2986.2165,3123
2026-07-12 12:00:00,1803.6,1808.9,1802.9,1806.9,7948.7735,5051
2026-07-12 13:00:00,1806.9,1809.4,1805.4,1806.2,7494.7009,4398
2026-07-12 14:00:00,1806.2,1822.0,1804.6,1819.8,11986.2746,6470
2026-07-12 15:00:00,1819.7,1826.6,1816.7,1821.1,13465.2741,7948
2026-07-12 16:00:00,1821.1,1824.2,1817.7,1821.7,8031.0641,5173
2026-07-12 17:00:00,1821.8,1822.3,1815.5,1818.3,5993.3529,4264
2026-07-12 18:00:00,1818.3,1822.2,1814.6,1821.3,11525.1889,5174
2026-07-12 19:00:00,1821.3,1823.0,1818.7,1821.6,1939.4232,3073
2026-07-12 20:00:00,1821.5,1823.8,1818.8,1821.0,5509.8716,3367
2026-07-12 21:00:00,1820.9,1823.4,1811.4,1812.2,12624.3286,5829
2026-07-12 22:00:00,1812.0,1812.0,1797.0,1805.1,34716.4278,10558
2026-07-12 23:00:00,1805.0,1809.0,1801.0,1806.7,6212.955,3107
2026-07-13 00:00:00,1806.6,1845.8,1803.8,1826.5,132607.8192,27084
2026-07-13 01:00:00,1826.4,1829.5,1805.7,1806.5,39741.8453,11594
2026-07-13 02:00:00,1806.6,1814.5,1798.9,1806.7,56268.9476,14726
2026-07-13 03:00:00,1806.6,1806.6,1774.4,1780.3,71349.3398,17363
2026-07-13 04:00:00,1780.3,1784.9,1776.0,1778.3,11530.1263,4519
2026-07-13 05:00:00,1778.5,1786.2,1774.3,1781.3,18147.1934,7058
2026-07-13 06:00:00,1781.4,1783.2,1775.7,1777.4,6920.3552,3518
2026-07-13 07:00:00,1777.4,1791.2,1776.0,1787.2,14835.5207,5593
2026-07-13 08:00:00,1787.2,1793.2,1783.6,1790.1,10998.5383,4617
2026-07-13 09:00:00,1790.1,1790.1,1785.0,1785.3,5586.788,2232
2026-07-13 10:00:00,1785.4,1786.6,1777.0,1779.1,4277.6373,2740
2026-07-13 11:00:00,1779.2,1784.6,1779.2,1780.7,5810.6258,2386
2026-07-13 12:00:00,1780.7,1783.0,1767.8,1772.1,63113.1279,10016
2026-07-13 13:00:00,1772.2,1776.5,1763.6,1771.8,47581.9014,11413
2026-07-13 14:00:00,1771.7,1782.6,1763.5,1782.4,24475.6644,9442
2026-07-13 15:00:00,1782.5,1787.0,1775.8,1777.1,27086.3036,6422
2026-07-13 16:00:00,1776.9,1780.7,1766.9,1771.9,37277.9121,6680
2026-07-13 17:00:00,1771.9,1776.1,1752.9,1753.3,99006.5367,12632
2026-07-13 18:00:00,1753.3,1767.4,1750.5,1764.7,87147.9222,11010
2026-07-13 19:00:00,1765.0,1775.7,1764.7,1775.1,6734.4116,3859
2026-07-13 20:00:00,1774.9,1777.3,1761.3,1767.1,69558.9663,9114
2026-07-13 21:00:00,1767.0,1767.1,1752.2,1761.0,10863.0377,5004
2026-07-13 22:00:00,1761.1,1768.2,1755.6,1757.8,29625.0765,6240
2026-07-13 23:00:00,1757.7,1778.3,1756.0,1776.8,22236.9407,6001
2026-07-14 00:00:00,1776.9,1788.4,1773.7,1785.7,13086.5269,5836
2026-07-14 01:00:00,1786.0,1794.9,1783.6,1784.7,13478.3148,4870
2026-07-14 02:00:00,1784.9,1788.8,1775.1,1782.6,9240.3299,4911
2026-07-14 03:00:00,1782.9,1783.9,1774.5,1783.9,12385.5124,4394
2026-07-14 04:00:00,1783.6,1790.0,1782.4,1785.5,20696.9416,5687
2026-07-14 05:00:00,1785.5,1792.7,1784.5,1787.0,16246.9659,5094
2026-07-14 06:00:00,1786.8,1787.4,1781.8,1783.1,3206.0119,1795
2026-07-14 07:00:00,1783.1,1785.9,1779.3,1781.0,4811.1858,3347
2026-07-14 08:00:00,1780.9,1789.8,1778.9,1786.0,18353.8067,4229
2026-07-14 09:00:00,1786.1,1789.5,1783.3,1786.1,5869.6421,2562
2026-07-14 10:00:00,1786.3,1805.8,1786.2,1800.4,18218.9145,7284
2026-07-14 11:00:00,1800.5,1803.2,1796.1,1798.4,7181.2247,3957
2026-07-14 12:00:00,1798.4,1867.0,1794.6,1861.2,68363.5487,30181
2026-07-14 13:00:00,1861.2,1883.4,1854.9,1871.6,91618.6404,27052
2026-07-14 14:00:00,1871.7,1883.0,1860.1,1881.8,41809.6224,16154
2026-07-14 15:00:00,1881.7,1888.8,1873.0,1875.2,42896.9496,15100
2026-07-14 16:00:00,1875.3,1877.3,1868.7,1873.7,13693.7899,6706
2026-07-14 17:00:00,1873.7,1873.7,1861.5,1871.2,24623.3767,7866
2026-07-14 18:00:00,1871.2,1876.9,1867.8,1874.7,6979.5301,4081
2026-07-14 19:00:00,1874.8,1881.6,1874.5,1876.7,15876.5387,5646
2026-07-14 20:00:00,1876.8,1878.6,1874.1,1875.6,9904.7056,3957
2026-07-14 21:00:00,1875.5,1879.6,1874.9,1876.6,9827.7641,4089
2026-07-14 22:00:00,1876.4,1896.5,1872.1,1882.4,26708.1002,8569
2026-07-14 23:00:00,1882.4,1893.2,1879.1,1891.7,16790.3954,5326
2026-07-15 00:00:00,1891.7,1893.6,1878.4,1882.1,7336.6168,5750
2026-07-15 01:00:00,1882.1,1882.2,1867.5,1870.4,11377.1869,5405
2026-07-15 02:00:00,1870.3,1873.1,1864.1,1864.3,11347.7498,4334
2026-07-15 03:00:00,1864.4,1879.7,1864.3,1876.5,9533.2412,5049
2026-07-15 04:00:00,1876.4,1880.9,1874.1,1876.5,9093.5047,4429
2026-07-15 05:00:00,1876.6,1883.3,1872.2,1882.9,5198.5845,3299
2026-07-15 06:00:00,1883.0,1892.3,1876.0,1876.1,7090.7494,4313
2026-07-15 07:00:00,1876.1,1877.2,1865.0,1870.0,9155.6742,4573
2026-07-15 08:00:00,1870.1,1879.4,1870.0,1879.0,6872.7896,5069
2026-07-15 09:00:00,1879.1,1886.9,1879.0,1879.7,17448.4209,7791
2026-07-15 10:00:00,1879.8,1886.2,1874.8,1878.2,7257.0967,6657
2026-07-15 11:00:00,1878.1,1885.5,1877.5,1884.6,9468.0616,3889
2026-07-15 12:00:00,1884.6,1929.3,1879.1,1927.4,43820.1482,16983
2026-07-15 13:00:00,1927.4,1946.5,1917.4,1926.3,68013.5759,23555
2026-07-15 14:00:00,1926.3,1935.3,1919.6,1933.5,47327.7812,14309
2026-07-15 15:00:00,1933.6,1937.4,1926.7,1932.1,21870.7366,9686
2026-07-15 16:00:00,1932.2,1933.1,1904.1,1919.7,43422.1001,15498
2026-07-15 17:00:00,1919.8,1930.9,1919.6,1928.1,11739.6186,7145
2026-07-15 18:00:00,1928.1,1937.2,1922.8,1924.4,16681.9512,9306
2026-07-15 19:00:00,1924.4,1928.9,1919.2,1923.4,16106.5086,6169
2026-07-15 20:00:00,1923.8,1930.2,1920.0,1923.7,11959.4531,6685
2026-07-15 21:00:00,1923.7,1925.9,1919.6,1922.2,8224.0628,5477
2026-07-15 22:00:00,1922.1,1928.2,1918.5,1923.6,9984.5442,4321
2026-07-15 23:00:00,1923.5,1927.5,1915.3,1918.3,13954.7164,4968
2026-07-16 00:00:00,1918.1,1925.8,1912.0,1915.3,15955.7248,6922
2026-07-16 01:00:00,1915.3,1926.1,1908.7,1922.8,11881.7887,5661
2026-07-16 02:00:00,1922.8,1926.4,1919.2,1925.5,3675.0264,4076
2026-07-16 03:00:00,1925.4,1929.4,1917.4,1918.8,6069.71,4554
2026-07-16 04:00:00,1918.8,1921.2,1914.3,1918.3,4613.213,3835
2026-07-16 05:00:00,1918.4,1927.9,1917.5,1926.1,7751.5211,3856
2026-07-16 06:00:00,1926.0,1929.3,1916.3,1922.9,5364.3796,4460
2026-07-16 07:00:00,1922.9,1923.0,1905.6,1911.1,24282.1449,8081
2026-07-16 08:00:00,1911.0,1913.1,1875.6,1886.6,77066.2756,19015
2026-07-16 09:00:00,1886.7,1890.6,1880.9,1884.5,37953.1838,7086
2026-07-16 10:00:00,1884.6,1891.8,1883.7,1888.4,11738.9747,6383
2026-07-16 11:00:00,1888.4,1888.4,1879.3,1885.2,10292.6592,6743
2026-07-16 12:00:00,1885.2,1885.2,1867.1,1872.4,31231.9371,9158
2026-07-16 13:00:00,1872.5,1890.9,1871.0,1882.5,37906.5436,10772
2026-07-16 14:00:00,1882.8,1893.5,1875.0,1883.8,31492.6563,10628
2026-07-16 15:00:00,1883.9,1895.0,1871.3,1882.2,32588.7132,11295
2026-07-16 16:00:00,1882.3,1883.7,1875.4,1879.6,14603.9033,7874
2026-07-16 17:00:00,1879.7,1880.0,1863.5,1869.3,22786.1552,9495
2026-07-16 18:00:00,1869.3,1880.1,1868.2,1877.0,11541.8055,6740
2026-07-16 19:00:00,1876.8,1878.2,1871.6,1876.6,19322.286,5522
2026-07-16 20:00:00,1876.6,1876.6,1872.1,1872.6,5417.4231,3261
2026-07-16 21:00:00,1872.5,1882.0,1872.4,1879.2,8825.4081,15184
2026-07-16 22:00:00,1879.3,1882.2,1868.9,1869.4,9671.4259,10201
2026-07-16 23:00:00,1869.4,1871.4,1857.4,1865.1,24137.9365,11749
2026-07-17 00:00:00,1865.1,1867.3,1849.3,1866.1,24504.9369,9536
2026-07-17 01:00:00,1866.0,1871.4,1847.6,1851.0,37613.6501,11032
2026-07-17 02:00:00,1851.1,1855.5,1843.6,1848.0,12664.286,7054
2026-07-17 03:00:00,1848.3,1859.7,1847.3,1852.4,11376.8316,5739
2026-07-17 04:00:00,1852.4,1852.9,1844.0,1850.3,7257.1385,4732
2026-07-17 05:00:00,1850.2,1850.3,1821.6,1824.2,40243.1398,11921
2026-07-17 06:00:00,1824.1,1836.7,1820.9,1832.5,10654.9447,5459
2026-07-17 07:00:00,1832.5,1833.5,1826.6,1828.1,13113.0408,6969
2026-07-17 08:00:00,1828.2,1832.3,1821.0,1829.8,23010.6186,8098
2026-07-17 09:00:00,1829.8,1836.3,1829.0,1834.8,11630.721,4845
2026-07-17 10:00:00,1834.9,1840.5,1834.2,1836.8,12357.6355,7942
2026-07-17 11:00:00,1836.8,1842.7,1832.9,1838.7,10455.9251,5965
2026-07-17 12:00:00,1838.7,1839.9,1827.1,1828.0,11548.3771,6537
2026-07-17 13:00:00,1828.0,1828.5,1803.3,1825.2,64213.5944,18397
2026-07-17 14:00:00,1825.2,1834.1,1817.0,1822.0,18423.2846,8696
2026-07-17 15:00:00,1822.0,1831.9,1810.8,1830.8,21412.6129,8049
2026-07-17 16:00:00,1830.8,1840.7,1826.6,1836.1,13356.4475,7110
2026-07-17 17:00:00,1836.1,1856.3,1836.1,1843.8,23056.2862,9517
2026-07-17 18:00:00,1843.8,1849.6,1835.0,1847.2,8549.9893,6491
2026-07-17 19:00:00,1847.1,1847.1,1836.0,1843.6,5783.9644,4435
2026-07-17 20:00:00,1843.8,1846.1,1837.2,1842.8,12358.2278,4447
2026-07-17 21:00:00,1842.8,1846.8,1841.0,1841.4,6709.9641,4720
2026-07-17 22:00:00,1841.5,1843.8,1837.7,1839.9,2600.7356,3111
2026-07-17 23:00:00,1839.9,1844.6,1835.1,1841.6,6138.6414,5825
2026-07-18 00:00:00,1841.6,1844.8,1840.0,1840.7,2927.4066,2252
2026-07-18 01:00:00,1840.8,1843.1,1839.3,1842.5,2269.8614,1747
2026-07-18 02:00:00,1842.6,1846.6,1841.5,1842.1,19168.2978,3735
2026-07-18 03:00:00,1842.0,1846.5,1841.6,1846.0,1176.0991,1319
2026-07-18 04:00:00,1846.1,1846.2,1842.8,1845.1,3151.402,1231
2026-07-18 05:00:00,1845.0,1849.5,1843.4,1846.0,3929.3192,2108
2026-07-18 06:00:00,1846.0,1848.0,1843.2,1845.2,3344.5511,1653
2026-07-18 07:00:00,1845.1,1846.2,1843.3,1844.5,1790.5537,1430
2026-07-18 08:00:00,1844.4,1849.6,1842.5,1847.5,22526.1276,6151
2026-07-18 09:00:00,1847.6,1848.3,1843.0,1845.3,3378.1798,2001
2026-07-18 10:00:00,1845.3,1846.8,1843.8,1845.5,4603.91,1733
2026-07-18 11:00:00,1845.6,1846.4,1844.2,1845.5,1470.8946,1336
2026-07-18 12:00:00,1845.5,1850.7,1840.5,1845.1,7471.5538,3256
2026-07-18 13:00:00,1845.1,1845.1,1837.4,1841.4,7745.1985,3763
2026-07-18 14:00:00,1841.6,1846.5,1840.6,1845.7,3061.4061,2688
2026-07-18 15:00:00,1845.7,1846.3,1842.0,1843.9,2239.5035,2334
2026-07-18 16:00:00,1843.8,1847.1,1841.7,1845.9,1325.8341,1732
2026-07-18 17:00:00,1846.0,1853.4,1843.6,1852.8,6865.312,4050
2026-07-18 18:00:00,1852.7,1867.1,1850.2,1857.2,33856.9608,10570
2026-07-18 19:00:00,1857.1,1861.7,1856.4,1858.7,29097.0881,6878
2026-07-18 20:00:00,1858.6,1863.3,1855.7,1857.5,3392.9245,2388
2026-07-18 21:00:00,1857.4,1863.2,1856.2,1861.4,4285.5992,2443
2026-07-18 22:00:00,1861.3,1865.9,1860.2,1863.9,4174.3742,3261
2026-07-18 23:00:00,1863.9,1864.6,1860.3,1863.0,2184.7984,1983
2026-07-19 00:00:00,1863.0,1863.7,1859.5,1861.7,2680.4116,2279
2026-07-19 01:00:00,1861.6,1861.9,1858.9,1859.3,1848.1921,1986
2026-07-19 02:00:00,1859.3,1877.7,1858.6,1871.8,10569.8981,5430
2026-07-19 03:00:00,1871.8,1873.4,1864.0,1867.7,3112.8566,2858
2026-07-19 04:00:00,1867.7,1870.4,1864.5,1867.8,9779.3868,3480
2026-07-19 05:00:00,1867.9,1870.6,1866.0,1869.0,1701.8049,1653
2026-07-19 06:00:00,1868.9,1871.7,1868.6,1869.7,1602.2981,1818
2026-07-19 07:00:00,1869.5,1872.1,1867.1,1870.2,3664.4546,3097
2026-07-19 08:00:00,1870.1,1875.4,1867.8,1873.8,3033.5128,2323
2026-07-19 09:00:00,1873.8,1874.0,1865.4,1866.4,2986.626,2156
2026-07-19 10:00:00,1866.2,1879.2,1864.3,1872.6,11399.8246,3770
2026-07-19 11:00:00,1872.6,1878.9,1870.4,1871.5,3977.7986,2732
2026-07-19 12:00:00,1871.4,1874.9,1864.6,1870.7,6835.4743,3388
2026-07-19 13:00:00,1870.7,1874.1,1866.4,1872.4,2542.6321,2286
2026-07-19 14:00:00,1872.4,1879.0,1869.0,1875.1,3943.8943,3147
2026-07-19 15:00:00,1875.0,1876.2,1869.6,1871.4,5796.6395,2727
2026-07-19 16:00:00,1871.3,1874.1,1866.1,1867.2,13730.8059,3782
2026-07-19 17:00:00,1867.2,1873.7,1858.1,1867.4,13024.5817,6815
2026-07-19 18:00:00,1867.4,1867.8,1853.5,1860.7,12056.8908,5295
2026-07-19 19:00:00,1860.8,1862.5,1854.5,1862.2,10435.2393,3131
2026-07-19 20:00:00,1862.3,1867.0,1862.0,1867.0,4816.1639,2601
2026-07-19 21:00:00,1867.0,1867.8,1857.5,1861.8,5656.7295,3287
2026-07-19 22:00:00,1861.8,1877.1,1857.1,1870.5,17341.267,6318
2026-07-19 23:00:00,1870.6,1874.7,1864.9,1872.2,6445.7999,3511
2026-07-20 00:00:00,1872.2,1892.0,1862.5,1872.3,29097.7248,10512
2026-07-20 01:00:00,1872.3,1889.8,1865.6,1869.1,21901.5252,7366
2026-07-20 02:00:00,1869.1,1883.0,1867.7,1878.7,13616.7072,5418
2026-07-20 03:00:00,1878.8,1881.9,1870.6,1879.6,13884.5713,3411
2026-07-20 04:00:00,1879.6,1880.0,1868.2,1868.6,8444.7514,3171
2026-07-20 05:00:00,1868.7,1869.6,1851.6,1854.7,38434.261,10649
2026-07-20 06:00:00,1855.2,1859.6,1843.0,1849.1,53441.2786,10827
2026-07-20 07:00:00,1849.1,1865.2,1848.9,1863.9,36624.2,8429
2026-07-20 08:00:00,1863.9,1868.1,1853.8,1860.0,21179.2825,6388
2026-07-20 09:00:00,1860.2,1867.1,1857.5,1863.9,8995.3234,3104
2026-07-20 10:00:00,1863.9,1871.5,1862.5,1868.6,3573.7875,2482
2026-07-20 11:00:00,1868.6,1896.6,1867.9,1893.1,28572.3526,9988
2026-07-20 12:00:00,1893.2,1893.5,1872.1,1873.6,16842.2808,5724
2026-07-20 13:00:00,1873.6,1880.3,1857.0,1862.1,44841.161,11238
2026-07-20 14:00:00,1862.1,1871.8,1853.0,1867.5,25010.1701,11315
2026-07-20 15:00:00,1867.7,1904.4,1867.2,1902.0,33726.05,13214
2026-07-20 16:00:00,1902.1,1906.0,1893.5,1899.0,26929.5632,8377
2026-07-20 17:00:00,1899.0,1909.1,1895.3,1907.5,12808.524,6788
2026-07-20 18:00:00,1907.4,1918.1,1897.2,1899.0,26171.9997,9875
2026-07-20 19:00:00,1899.0,1900.4,1889.4,1897.5,12896.1541,7291
2026-07-20 20:00:00,1897.8,1906.1,1895.4,1904.3,13088.4646,5818
2026-07-20 21:00:00,1904.4,1907.2,1901.6,1902.2,3943.2742,2741
2026-07-20 22:00:00,1902.0,1902.0,1893.8,1895.1,7359.191,3523
2026-07-20 23:00:00,1895.1,1904.4,1894.6,1904.0,2884.5598,2856
2026-07-21 00:00:00,1904.1,1917.4,1900.2,1914.6,12296.2781,6160
2026-07-21 01:00:00,1914.3,1917.9,1906.6,1906.8,7079.293,4372
2026-07-21 02:00:00,1906.9,1923.2,1904.2,1917.2,15895.5569,6103
2026-07-21 03:00:00,1917.2,1928.5,1917.0,1927.1,32983.1842,8295
2026-07-21 04:00:00,1927.1,1931.5,1922.9,1924.6,10782.5046,5440
2026-07-21 05:00:00,1924.6,1935.0,1921.8,1930.6,23410.7406,8368
2026-07-21 06:00:00,1930.7,1939.6,1927.9,1934.6,32968.8109,11204
2026-07-21 07:00:00,1934.5,1939.6,1933.3,1933.9,5956.9783,3752
2026-07-21 08:00:00,1933.8,1952.0,1931.4,1939.4,30457.382,8981
2026-07-21 09:00:00,1939.5,1943.0,1936.4,1941.6,6186.0992,4212
2026-07-21 10:00:00,1941.6,1946.3,1931.5,1933.5,10302.984,4583
2026-07-21 11:00:00,1933.6,1937.0,1926.6,1935.4,6968.2937,4131
2026-07-21 12:00:00,1935.4,1945.0,1932.6,1942.7,9539.2606,5366
2026-07-21 13:00:00,1942.5,1943.2,1927.4,1939.9,12913.0816,7211
2026-07-21 14:00:00,1940.0,1943.6,1927.6,1930.9,24816.4988,8289
2026-07-21 15:00:00,1930.9,1932.2,1922.9,1931.7,43107.7007,8516
2026-07-21 16:00:00,1931.6,1935.3,1920.8,1925.9,31809.2612,8139
2026-07-21 17:00:00,1925.7,1928.2,1915.5,1918.4,23303.1573,7858
2026-07-21 18:00:00,1918.4,1922.8,1914.8,1919.6,13314.8345,5075
2026-07-21 19:00:00,1919.7,1926.1,1918.2,1923.0,26819.4705,5337
2026-07-21 20:00:00,1923.0,1925.8,1921.1,1922.5,4256.9563,2953
2026-07-21 21:00:00,1922.6,1926.5,1919.3,1923.9,5420.5408,3293
2026-07-21 22:00:00,1923.9,1923.9,1917.5,1920.3,8526.043,3411
2026-07-21 23:00:00,1920.2,1931.0,1916.1,1929.5,13631.9762,4159
2026-07-22 00:00:00,1929.5,1943.8,1928.3,1938.4,25547.8408,7185
2026-07-22 01:00:00,1938.5,1940.0,1927.8,1933.2,15048.5553,4526
2026-07-22 02:00:00,1933.2,1935.9,1926.6,1930.1,7153.6622,3379
2026-07-22 03:00:00,1930.1,1936.0,1926.6,1928.5,18356.4928,8189
2026-07-22 04:00:00,1928.5,1939.5,1928.0,1936.7,18966.8801,8287
2026-07-22 05:00:00,1936.7,1936.9,1918.0,1919.0,16247.2226,6114
2026-07-22 06:00:00,1919.1,1920.6,1912.9,1917.1,8276.6513,5773
2026-07-22 07:00:00,1917.1,1918.4,1910.4,1913.8,7729.9147,4331
2026-07-22 08:00:00,1913.8,1924.7,1913.5,1920.9,6133.4777,3788
2026-07-22 09:00:00,1920.8,1925.7,1919.1,1924.1,2977.4889,3751
2026-07-22 10:00:00,1924.0,1933.3,1922.8,1930.5,4683.9444,7049
2026-07-22 11:00:00,1930.4,1931.1,1922.2,1927.0,3489.6939,4381
2026-07-22 12:00:00,1927.0,1927.2,1913.4,1916.6,8771.7244,3741
2026-07-22 13:00:00,1916.7,1941.4,1916.7,1939.7,19142.7289,8081
2026-07-22 14:00:00,1939.6,1955.0,1922.2,1933.0,33137.7993,14104
2026-07-22 15:00:00,1933.0,1951.9,1932.8,1942.1,59743.9312,15724
2026-07-22 16:00:00,1942.1,1955.9,1935.1,1949.2,49973.0249,10457
2026-07-22 17:00:00,1949.3,1949.7,1934.1,1937.8,24452.2687,9064
2026-07-22 18:00:00,1937.9,1939.2,1922.4,1930.1,50616.9689,11699
2026-07-22 19:00:00,1930.0,1931.1,1919.3,1924.3,29204.0131,7746
2026-07-22 20:00:00,1924.1,1929.5,1922.2,1925.8,10205.6815,4102
2026-07-22 21:00:00,1925.7,1938.7,1925.7,1937.8,13078.0531,5127
2026-07-22 22:00:00,1937.8,1938.0,1929.9,1937.5,7910.8285,3537
2026-07-22 23:00:00,1937.4,1937.7,1922.7,1933.4,15504.138,3600
2026-07-23 00:00:00,1933.5,1941.0,1931.6,1931.8,19618.746,4946
2026-07-23 01:00:00,1931.7,1935.8,1925.8,1928.0,36262.0245,8220
2026-07-23 02:00:00,1927.9,1929.3,1921.5,1927.1,9568.1825,3656
2026-07-23 03:00:00,1927.1,1927.3,1917.3,1919.7,16832.819,4677
2026-07-23 04:00:00,1919.7,1925.3,1917.9,1918.8,6304.6696,3110
2026-07-23 05:00:00,1918.8,1927.8,1917.4,1922.0,4512.393,2786
2026-07-23 06:00:00,1922.1,1926.2,1920.5,1924.3,3654.1025,2655
2026-07-23 07:00:00,1924.4,1924.5,1912.0,1914.9,17353.5583,5538
2026-07-23 08:00:00,1914.8,1926.8,1913.8,1926.0,15935.7171,4548
2026-07-23 09:00:00,1925.9,1930.7,1922.8,1923.4,16015.8676,4735
2026-07-23 10:00:00,1923.4,1929.6,1921.4,1927.3,4277.0624,2412
2026-07-23 11:00:00,1927.4,1928.3,1924.1,1925.0,8098.1154,2645
2026-07-23 12:00:00,1925.0,1927.1,1893.3,1903.4,43031.0792,11802
2026-07-23 13:00:00,1903.4,1908.3,1894.6,1898.1,30354.3093,10583
2026-07-23 14:00:00,1898.1,1906.5,1891.3,1895.7,25346.0417,9908
2026-07-23 15:00:00,1895.6,1896.7,1882.0,1894.7,27426.2582,12473
2026-07-23 16:00:00,1894.6,1894.7,1884.2,1887.2,12421.201,6392
2026-07-23 17:00:00,1887.3,1891.6,1875.7,1877.5,16425.2477,6759
2026-07-23 18:00:00,1877.5,1884.3,1874.8,1880.3,25764.2064,7828
2026-07-23 19:00:00,1880.4,1882.8,1868.1,1875.0,42601.8908,8044
2026-07-23 20:00:00,1874.9,1888.3,1874.0,1885.3,28507.3333,8329
2026-07-23 21:00:00,1885.3,1888.1,1879.8,1882.0,16320.5791,4069
2026-07-23 22:00:00,1882.0,1883.1,1873.5,1882.5,23675.1303,4666
2026-07-23 23:00:00,1882.5,1883.7,1874.5,1877.7,10008.9039,2764
2026-07-24 00:00:00,1877.8,1878.3,1859.4,1870.5,32096.1031,8466
2026-07-24 01:00:00,1870.4,1876.9,1869.8,1872.2,12672.8149,4039
2026-07-24 02:00:00,1872.2,1877.8,1864.4,1868.8,9277.5246,3547
2026-07-24 03:00:00,1868.9,1880.6,1867.7,1879.8,10094.8809,5008
2026-07-24 04:00:00,1879.8,1881.4,1874.1,1874.9,3537.6175,2787
2026-07-24 05:00:00,1875.3,1881.2,1872.9,1880.2,4625.6723,2408
2026-07-24 06:00:00,1880.2,1887.7,1878.3,1887.4,7406.0322,3573
2026-07-24 07:00:00,1887.4,1909.3,1887.4,1895.6,24965.2841,8931
2026-07-24 08:00:00,1895.6,1895.6,1885.6,1887.3,13729.7711,4547
2026-07-24 09:00:00,1887.4,1888.2,1878.1,1887.2,5200.5022,5556
2026-07-24 10:00:00,1887.2,1887.8,1879.7,1883.0,8061.5224,5493
2026-07-24 11:00:00,1883.0,1884.1,1876.0,1883.4,15758.4362,7245
2026-07-24 12:00:00,1883.4,1885.3,1871.0,1871.7,17539.8108,5672
2026-07-24 13:00:00,1871.8,1874.3,1847.0,1857.1,71789.9927,17227
2026-07-24 14:00:00,1856.9,1862.5,1847.2,1862.2,69314.211,13417
2026-07-24 15:00:00,1862.2,1868.5,1853.5,1861.4,22652.2872,7930
2026-07-24 16:00:00,1861.3,1865.5,1852.3,1856.6,24403.7996,6587
2026-07-24 17:00:00,1856.7,1866.3,1854.2,1866.1,19962.2735,5392
2026-07-24 18:00:00,1866.1,1866.1,1858.0,1862.1,4336.9931,2568
2026-07-24 19:00:00,1862.1,1863.9,1857.3,1862.9,4437.3473,3073
2026-07-24 20:00:00,1862.9,1864.5,1857.5,1859.9,9650.8717,3291
2026-07-24 21:00:00,1859.9,1860.7,1856.1,1856.5,4057.4638,2817
2026-07-24 22:00:00,1856.6,1860.9,1856.2,1858.7,8965.0194,3410
2026-07-24 23:00:00,1858.8,1861.1,1858.1,1861.0,2792.8168,2046
2026-07-25 00:00:00,1860.7,1863.7,1856.3,1859.3,4137.4891,3531
2026-07-25 01:00:00,1859.3,1862.6,1857.4,1859.3,4557.0876,2723
2026-07-25 02:00:00,1859.3,1860.7,1857.3,1858.3,4404.2636,2252
2026-07-25 03:00:00,1858.3,1859.5,1854.8,1858.3,4298.4131,2287
2026-07-25 04:00:00,1858.0,1861.6,1857.7,1860.2,1557.3925,1428
2026-07-25 05:00:00,1860.3,1861.9,1856.1,1857.8,4103.2445,1781
2026-07-25 06:00:00,1857.8,1859.3,1853.8,1857.8,3476.2114,1948
2026-07-25 07:00:00,1857.7,1857.9,1855.4,1855.5,685.529,1929
2026-07-25 08:00:00,1855.6,1855.6,1850.4,1852.5,8925.3879,3991
2026-07-25 09:00:00,1852.5,1858.3,1851.1,1857.4,2088.7928,2515
2026-07-25 10:00:00,1857.5,1858.4,1856.0,1857.8,2742.3384,2972
2026-07-25 11:00:00,1857.8,1859.4,1857.0,1857.3,2348.1742,6595
2026-07-25 12:00:00,1857.3,1859.7,1856.6,1859.7,1573.7276,5607
2026-07-25 13:00:00,1859.6,1870.9,1859.2,1866.3,11220.4403,8660
2026-07-25 14:00:00,1866.3,1868.7,1864.6,1868.3,5488.5103,2570
2026-07-25 15:00:00,1868.1,1871.2,1866.5,1867.4,14955.6759,4620
2026-07-25 16:00:00,1867.4,1870.2,1864.0,1867.6,4805.3454,3071
2026-07-25 17:00:00,1867.6,1874.4,1867.6,1872.3,12279.6998,5595
2026-07-25 18:00:00,1872.4,1875.8,1871.7,1874.5,10823.8156,3815
2026-07-25 19:00:00,1874.5,1875.8,1873.6,1873.9,5551.8943,2927
2026-07-25 20:00:00,1874.0,1874.2,1869.7,1871.1,8162.7013,2733
2026-07-25 21:00:00,1871.1,1873.8,1866.9,1871.8,1506.2306,1781
2026-07-25 22:00:00,1871.8,1876.0,1871.6,1875.2,2288.8254,1754
2026-07-25 23:00:00,1875.2,1875.6,1872.6,1874.3,1635.3091,1417
2026-07-26 00:00:00,1874.3,1880.5,1873.5,1880.0,5964.0359,4868
2026-07-26 01:00:00,1880.1,1881.0,1877.4,1877.5,1205.5172,2595
2026-07-26 02:00:00,1877.6,1880.5,1876.5,1880.2,925.173,1713
2026-07-26 03:00:00,1880.2,1883.4,1878.2,1881.0,2411.0634,2102
2026-07-26 04:00:00,1881.4,1888.8,1879.6,1885.7,6799.9422,3501
2026-07-26 05:00:00,1885.7,1886.4,1882.0,1882.3,3010.1127,2075
2026-07-26 06:00:00,1882.4,1884.3,1877.6,1884.0,5390.1696,2853
2026-07-26 07:00:00,1884.0,1885.5,1879.8,1880.5,1183.0028,1357
2026-07-26 08:00:00,1880.8,1881.9,1878.6,1880.8,1571.2824,1571
2026-07-26 09:00:00,1880.9,1885.3,1880.8,1883.6,9075.2604,2558
2026-07-26 10:00:00,1883.4,1886.6,1881.9,1885.2,2746.106,1684
2026-07-26 11:00:00,1885.2,1887.5,1884.3,1885.1,7237.6449,2285
2026-07-26 12:00:00,1885.1,1892.8,1885.0,1886.0,8435.9535,4818
2026-07-26 13:00:00,1885.9,1887.9,1881.2,1885.9,8546.914,2820
2026-07-26 14:00:00,1885.9,1899.1,1885.9,1897.8,19169.9635,5808
2026-07-26 15:00:00,1897.9,1916.1,1897.3,1914.0,19426.2555,8267
2026-07-26 16:00:00,1914.0,1927.6,1907.9,1916.1,34021.2927,11875
2026-07-26 17:00:00,1916.1,1917.2,1910.4,1910.7,6543.2145,5366
2026-07-26 18:00:00,1910.6,1915.5,1910.5,1914.0,3640.1133,4578
2026-07-26 19:00:00,1914.0,1915.4,1911.5,1913.6,2512.5447,3349
2026-07-26 20:00:00,1913.6,1914.0,1910.9,1912.8,2440.3697,5053
2026-07-26 21:00:00,1912.7,1929.9,1912.7,1925.3,13779.905,7380
2026-07-26 22:00:00,1925.3,1951.1,1925.3,1949.0,47844.9203,14321
2026-07-26 23:00:00,1949.0,1967.9,1946.1,1954.2,34161.0137,14354
2026-07-27 00:00:00,1954.3,1954.9,1939.3,1941.7,32115.7508,10639
2026-07-27 01:00:00,1941.8,1947.9,1936.0,1947.7,12460.2783,7782
2026-07-27 02:00:00,1947.8,1948.6,1941.0,1942.4,15057.4835,5095
2026-07-27 03:00:00,1942.5,1949.6,1941.9,1948.8,6832.2814,4104
2026-07-27 04:00:00,1948.9,1961.7,1947.7,1952.8,18902.3206,7569
2026-07-27 05:00:00,1952.9,1970.4,1952.3,1965.2,21984.1771,10389
2026-07-27 06:00:00,1965.3,1980.8,1963.6,1967.9,24989.4386,12051
2026-07-27 07:00:00,1967.9,1971.3,1960.8,1963.8,14816.9528,7547
2026-07-27 08:00:00,1963.9,1968.3,1961.6,1964.7,9826.2178,6445
2026-07-27 09:00:00,1964.6,1967.7,1956.5,1964.9,10912.7417,5864
2026-07-27 10:00:00,1964.8,1971.6,1963.2,1966.9,3814.5949,4000
2026-07-27 11:00:00,1966.8,1966.9,1957.8,1959.2,5996.666,4455
2026-07-27 12:00:00,1959.2,1964.1,1942.2,1956.6,29638.039,9622
2026-07-27 13:00:00,1956.7,1976.6,1949.8,1960.2,29152.8233,12921
2026-07-27 14:00:00,1960.2,1965.7,1917.8,1931.5,68751.2743,23360
2026-07-27 15:00:00,1931.5,1937.0,1924.1,1927.2,23081.155,11123
2026-07-27 16:00:00,1927.0,1946.7,1921.8,1939.7,21252.8419,9952
2026-07-27 17:00:00,1939.7,1945.3,1934.2,1942.4,12975.1864,8581
2026-07-27 18:00:00,1942.5,1943.4,1927.7,1938.5,30519.858,8552
2026-07-27 19:00:00,1938.5,1954.7,1937.1,1947.4,19791.3962,8577
2026-07-27 20:00:00,1948.0,1949.8,1942.9,1946.0,4606.9096,5563
2026-07-27 21:00:00,1946.0,1949.4,1940.0,1941.1,5610.5249,5348
2026-07-27 22:00:00,1941.1,1941.1,1890.5,1892.4,73680.8651,19365
2026-07-27 23:00:00,1892.3,1895.0,1881.6,1891.6,40782.7784,12673
2026-07-28 00:00:00,1891.5,1893.5,1876.5,1878.2,23294.3951,10164
2026-07-28 01:00:00,1877.9,1882.0,1865.2,1875.2,31450.8514,10980
2026-07-28 02:00:00,1875.2,1879.6,1871.7,1875.2,7723.0946,4840
2026-07-28 03:00:00,1875.2,1882.4,1872.5,1880.5,6826.934,4255
2026-07-28 04:00:00,1880.6,1881.6,1876.0,1878.3,7582.7932,3629
2026-07-28 05:00:00,1878.4,1888.6,1877.6,1882.0,8876.8222,5081
2026-07-28 06:00:00,1882.1,1887.8,1877.4,1887.8,10193.8982,7871
2026-07-28 07:00:00,1887.8,1888.1,1879.4,1882.9,16618.1785,4625
2026-07-28 08:00:00,1883.0,1884.8,1879.4,1883.3,15285.4196,4800
2026-07-28 09:00:00,1883.4,1884.1,1873.7,1875.6,6150.4453,4408
2026-07-28 10:00:00,1875.5,1879.8,1872.7,1877.7,12259.3208,4885
2026-07-28 11:00:00,1877.8,1881.5,1870.8,1875.7,18162.7525,7125
2026-07-28 12:00:00,1875.8,1892.7,1873.7,1891.6,15038.2591,7261
2026-07-28 13:00:00,1891.7,1895.0,1856.3,1873.2,62789.2724,18844
2026-07-28 14:00:00,1873.1,1892.5,1866.8,1888.0,56107.3795,14484
2026-07-28 15:00:00,1887.9,1923.8,1883.4,1919.2,65878.5808,21588
2026-07-28 16:00:00,1919.2,1927.6,1913.4,1925.0,48955.2746,14264
2026-07-28 17:00:00,1925.0,1925.0,1892.6,1900.6,53272.8179,14779
2026-07-28 18:00:00,1900.6,1913.8,1900.4,1909.9,12447.0267,9151
2026-07-28 19:00:00,1910.0,1921.5,1910.0,1920.9,18565.4338,6286
2026-07-28 20:00:00,1921.1,1923.1,1913.6,1917.5,30019.0491,6627
2026-07-28 21:00:00,1917.5,1928.1,1917.5,1923.2,11228.7954,4994
2026-07-28 22:00:00,1923.3,1926.2,1909.0,1911.0,12387.0741,5543
2026-07-28 23:00:00,1911.0,1922.5,1903.1,1921.4,15748.0489,7177
2026-07-29 00:00:00,1921.3,1928.1,1915.8,1916.4,10387.338,7005
2026-07-29 01:00:00,1916.3,1917.3,1904.0,1904.3,11373.9861,6072
2026-07-29 02:00:00,1904.4,1918.6,1900.0,1909.8,11169.5677,6959
2026-07-29 03:00:00,1910.0,1912.3,1890.0,1891.4,11964.2571,6678
2026-07-29 04:00:00,1891.5,1905.6,1883.3,1904.7,44405.5282,11794
2026-07-29 05:00:00,1904.8,1914.1,1902.8,1911.7,8232.9728,4657
2026-07-29 06:00:00,1911.6,1920.7,1908.0,1919.1,10551.3985,5917
2026-07-29 07:00:00,1919.2,1924.3,1913.4,1922.6,7604.4356,4477
2026-07-29 08:00:00,1922.7,1924.8,1911.0,1914.2,7546.7106,5023
2026-07-29 09:00:00,1914.3,1923.8,1914.2,1921.2,9726.5343,3862
2026-07-29 10:00:00,1921.3,1921.6,1909.3,1910.8,6192.1597,3358
2026-07-29 11:00:00,1910.8,1916.2,1909.6,1914.5,11454.7378,3622
2026-07-29 12:00:00,1914.5,1914.5,1902.0,1904.2,5313.1972,4044
2026-07-29 13:00:00,1904.3,1910.4,1896.2,1908.1,13608.8635,7761
2026-07-29 14:00:00,1908.3,1910.3,1890.6,1894.4,19943.9366,8965
2026-07-29 15:00:00,1894.4,1897.6,1886.0,1891.1,18330.3477,6648
2026-07-29 16:00:00,1891.0,1898.0,1887.0,1894.8,9326.5638,7225
2026-07-29 17:00:00,1894.8,1916.8,1893.9,1915.8,38840.3876,12055
2026-07-29 18:00:00,1915.8,1936.4,1892.6,1919.4,118750.1449,29677
2026-07-29 19:00:00,1919.4,1922.0,1883.7,1887.4,71056.5153,18255
2026-07-29 20:00:00,1887.8,1890.8,1877.3,1883.4,40180.8987,13828
2026-07-29 21:00:00,1883.3,1897.3,1874.1,1897.3,17692.222,9065
2026-07-29 22:00:00,1897.2,1910.0,1897.2,1906.3,12305.0771,6929
2026-07-29 23:00:00,1906.2,1912.1,1901.9,1910.0,13979.5198,5572
2026-07-30 00:00:00,1910.0,1914.1,1893.4,1897.7,24355.3248,9047
2026-07-30 01:00:00,1897.7,1920.0,1896.9,1916.0,33533.1712,12848
2026-07-30 02:00:00,1916.2,1918.9,1909.3,1910.4,13291.6124,5109
2026-07-30 03:00:00,1910.3,1914.4,1906.6,1909.1,21201.9493,4196
2026-07-30 04:00:00,1909.1,1909.9,1900.8,1901.0,9602.235,3468
2026-07-30 05:00:00,1901.0,1908.4,1900.0,1905.3,9794.289,3784
2026-07-30 06:00:00,1905.2,1905.7,1898.4,1900.5,3960.2983,3150
2026-07-30 07:00:00,1900.5,1907.1,1899.8,1902.2,6296.1927,3582
2026-07-30 08:00:00,1902.1,1916.9,1899.3,1914.2,16363.2716,6846
2026-07-30 09:00:00,1914.2,1922.5,1913.4,1917.2,26659.9665,7905
2026-07-30 10:00:00,1917.1,1921.0,1915.9,1917.0,5044.7632,3400
2026-07-30 11:00:00,1917.0,1925.1,1916.0,1922.3,13712.9033,5083
2026-07-30 12:00:00,1922.4,1926.0,1918.9,1924.5,12433.1798,5466
2026-07-30 13:00:00,1924.5,1935.9,1916.0,1928.5,26312.0423,11734
2026-07-30 14:00:00,1928.5,1928.9,1912.7,1916.9,24864.1664,11201
2026-07-30 15:00:00,1916.9,1923.2,1913.5,1917.8,28107.6176,8447
2026-07-30 16:00:00,1917.8,1925.0,1915.1,1918.4,16629.8137,5202
2026-07-30 17:00:00,1918.4,1924.3,1915.5,1920.3,17904.6826,4419
2026-07-30 18:00:00,1920.3,1921.7,1913.4,1915.1,14114.7499,3698
2026-07-30 19:00:00,1915.0,1928.5,1914.9,1922.3,37283.16,5109
2026-07-30 20:00:00,1922.5,1926.2,1919.1,1920.5,5220.6108,3442
2026-07-30 21:00:00,1920.6,1923.6,1916.3,1917.6,11859.2684,3630
2026-07-30 22:00:00,1917.5,1932.6,1915.2,1925.0,9605.1706,4729
2026-07-30 23:00:00,1924.9,1936.0,1917.1,1917.6,10487.7136,5181
2026-07-31 00:00:00,1917.6,1921.3,1914.0,1915.9,7593.2579,4371
2026-07-31 01:00:00,1916.0,1935.4,1905.5,1909.1,50348.2277,10965
2026-07-31 02:00:00,1909.1,1911.1,1901.0,1903.3,18728.5608,6647
2026-07-31 03:00:00,1903.3,1910.5,1898.8,1908.1,21314.0518,5644
2026-07-31 04:00:00,1908.1,1908.8,1902.4,1905.1,6129.5496,2799
2026-07-31 05:00:00,1905.2,1908.3,1900.5,1905.2,12023.2684,3248
2026-07-31 06:00:00,1905.1,1910.5,1899.5,1901.6,24837.9626,4562
2026-07-31 07:00:00,1901.6,1901.6,1883.6,1889.6,34922.5163,13469
2026-07-31 08:00:00,1889.5,1892.2,1887.3,1889.4,5890.9845,4206
2026-07-31 09:00:00,1889.5,1890.5,1880.0,1882.5,14865.402,6273
2026-07-31 10:00:00,1882.5,1889.0,1876.4,1886.0,21709.3132,6648
2026-07-31 11:00:00,1886.1,1888.7,1881.7,1883.2,8869.3072,4503
2026-07-31 12:00:00,1883.2,1883.5,1872.8,1881.8,19972.5422,6716
2026-07-31 13:00:00,1881.7,1889.8,1863.6,1866.1,49802.9321,14428
2026-07-31 14:00:00,1866.0,1869.2,1848.0,1859.1,64050.4657,22889
2026-07-31 15:00:00,1859.1,1865.4,1853.6,1861.9,31708.9452,9711
2026-07-31 16:00:00,1862.0,1865.9,1860.0,1863.6,25009.2617,8671
2026-07-31 17:00:00,1863.6,1877.3,1862.7,1874.4,25160.1587,10969
2026-07-31 18:00:00,1874.5,1875.6,1863.7,1870.9,12537.8552,4704
2026-07-31 19:00:00,1870.9,1873.0,1864.8,1866.9,5705.8736,4184
2026-07-31 20:00:00,1867.0,1869.9,1860.7,1861.0,5663.1926,3296
2026-07-31 21:00:00,1861.0,1864.2,1858.7,1861.1,17406.9321,5055
2026-07-31 22:00:00,1861.1,1864.3,1858.5,1860.9,2566.0748,2506
2026-07-31 23:00:00,1860.7,1864.0,1860.3,1861.6,2457.1977,2240
2026-08-01 00:00:00,1861.6,1866.7,1861.5,1863.6,3792.5029,3134
2026-08-01 01:00:00,1863.6,1866.6,1863.6,1865.7,2074.9683,2152
2026-08-01 02:00:00,1865.9,1869.2,1865.9,1867.3,3736.4132,2394
2026-08-01 03:00:00,1867.3,1869.0,1865.7,1868.9,1648.4478,1730
2026-08-01 04:00:00,1868.9,1869.6,1867.0,1868.9,843.6049,1469
2026-08-01 05:00:00,1869.0,1870.4,1864.2,1866.7,6979.9816,2663
2026-08-01 06:00:00,1866.8,1870.0,1865.7,1869.9,4204.7118,2302
2026-08-01 07:00:00,1869.9,1871.3,1867.8,1868.8,1429.3642,1644
2026-08-01 08:00:00,1868.8,1869.0,1866.8,1868.1,1862.7878,2165
2026-08-01 09:00:00,1868.2,1869.8,1866.9,1866.9,1995.4771,2011
2026-08-01 10:00:00,1867.0,1868.1,1862.1,1866.0,13877.2281,4532
2026-08-01 11:00:00,1865.9,1866.4,1865.1,1865.7,1671.4477,4362
2026-08-01 12:00:00,1865.7,1869.0,1865.6,1868.2,1128.1242,3955
2026-08-01 13:00:00,1868.1,1868.8,1866.8,1868.5,1298.1033,2915
2026-08-01 14:00:00,1868.4,1874.4,1868.4,1874.4,4009.8175,2685
2026-08-01 15:00:00,1874.3,1874.4,1869.3,1869.5,2516.3489,2113
2026-08-01 16:00:00,1869.5,1872.5,1865.7,1868.0,2901.7551,2144
2026-08-01 17:00:00,1867.9,1869.5,1856.8,1860.7,20771.0775,6645
2026-08-01 18:00:00,1860.7,1862.1,1820.7,1836.0,75263.9679,20880
2026-08-01 19:00:00,1835.9,1839.4,1833.2,1836.4,14978.2595,6203
2026-08-01 20:00:00,1836.3,1839.6,1832.2,1837.4,11953.5354,6798
2026-08-01 21:00:00,1837.5,1844.8,1835.6,1844.6,10201.7029,7643
2026-08-01 22:00:00,1844.7,1848.3,1843.9,1846.3,6173.2698,4848
2026-08-01 23:00:00,1846.3,1848.0,1842.4,1843.9,6802.424,4416
2026-08-02 00:00:00,1843.9,1848.4,1843.2,1845.5,7743.0108,5452
2026-08-02 01:00:00,1845.6,1858.0,1845.6,1855.7,23483.1181,8731
2026-08-02 02:00:00,1855.6,1883.5,1855.4,1876.0,32965.8106,11794
2026-08-02 03:00:00,1875.9,1878.8,1873.3,1876.6,12101.7134,4553
2026-08-02 04:00:00,1876.5,1881.3,1876.5,1880.3,4362.0878,3145
2026-08-02 05:00:00,1880.2,1881.7,1874.0,1875.2,4832.9921,3436
2026-08-02 06:00:00,1875.2,1878.0,1874.1,1876.5,1661.2324,2359
2026-08-02 07:00:00,1876.5,1877.8,1874.6,1874.9,1756.1701,2144
2026-08-02 08:00:00,1875.2,1878.6,1866.1,1867.4,30487.1572,5444
2026-08-02 09:00:00,1867.5,1872.0,1861.1,1869.9,4994.3458,3203
2026-08-02 10:00:00,1869.8,1869.9,1864.6,1868.0,9866.2708,3132
2026-08-02 11:00:00,1868.0,1868.8,1848.6,1851.7,20797.1603,5991
2026-08-02 12:00:00,1851.7,1861.5,1851.6,1856.3,25682.3597,5590
2026-08-02 13:00:00,1856.2,1857.2,1852.0,1854.1,2757.9249,2762
2026-08-02 14:00:00,1854.1,1858.4,1851.7,1854.1,3951.0725,2970
2026-08-02 15:00:00,1854.0,1861.9,1853.1,1857.8,16097.9012,5705
2026-08-02 16:00:00,1857.8,1865.0,1855.4,1862.3,5246.6128,4038
2026-08-02 17:00:00,1862.4,1869.8,1861.5,1868.2,6590.7441,4932
2026-08-02 18:00:00,1868.1,1886.5,1867.8,1875.1,9194.208,5944
2026-08-02 19:00:00,1875.2,1883.1,1874.1,1881.5,3984.2733,3669
2026-08-02 20:00:00,1881.4,1885.0,1879.2,1883.1,3548.9884,2890
2026-08-02 21:00:00,1883.1,1898.6,1881.7,1889.8,20933.3847,8243
2026-08-02 22:00:00,1889.9,1897.1,1880.0,1881.5,10547.0937,5886
2026-08-02 23:00:00,1881.2,1884.9,1875.6,1884.6,19621.603,4909
2026-08-03 00:00:00,1884.5,1885.4,1871.0,1873.2,17141.3603,4945
2026-08-03 01:00:00,1873.0,1874.6,1864.9,1866.4,8197.2265,4101
2026-08-03 02:00:00,1866.5,1871.1,1862.0,1863.5,10822.3103,3687
2026-08-03 03:00:00,1863.5,1864.9,1850.7,1856.1,9957.9316,4458
2026-08-03 04:00:00,1856.1,1862.3,1853.5,1853.9,8406.1648,3347
2026-08-03 05:00:00,1853.9,1860.1,1852.4,1859.1,13852.0843,3028
2026-08-03 06:00:00,1859.1,1860.2,1845.8,1847.9,9991.5247,3763
2026-08-03 07:00:00,1848.1,1849.1,1839.3,1842.9,19266.5985,6718
2026-08-03 08:00:00,1842.9,1844.8,1827.6,1839.8,22484.3051,8085
2026-08-03 09:00:00,1839.8,1853.6,1838.7,1852.1,17769.3074,5516
2026-08-03 10:00:00,1852.1,1854.0,1841.4,1845.8,13768.5354,7482
2026-08-03 11:00:00,1845.8,1847.3,1837.9,1839.1,5214.1821,3518
2026-08-03 12:00:00,1839.1,1845.2,1836.0,1843.1,6566.7987,4259
2026-08-03 13:00:00,1843.0,1860.0,1838.2,1858.8,25363.4898,12531
2026-08-03 14:00:00,1858.8,1873.0,1850.6,1872.8,43173.6002,14035
2026-08-03 15:00:00,1872.7,1872.8,1859.3,1862.4,8442.3427,5500
2026-08-03 16:00:00,1862.4,1871.2,1861.1,1865.4,6065.2979,5099
2026-08-03 17:00:00,1865.4,1873.9,1862.9,1867.8,9889.9393,4096
2026-08-03 18:00:00,1867.8,1873.1,1865.5,1868.0,16772.8689,4144
2026-08-03 19:00:00,1868.1,1875.4,1867.3,1868.9,17774.3124,5904
2026-08-03 20:00:00,1869.0,1875.2,1865.3,1867.9,11648.5992,4038
2026-08-03 21:00:00,1868.0,1868.4,1862.5,1862.8,15932.9362,4817
2026-08-03 22:00:00,1862.5,1865.0,1851.1,1859.2,19891.8298,5959
2026-08-03 23:00:00,1859.4,1859.5,1854.9,1859.4,6131.2092,2620
2026-08-04 00:00:00,1859.5,1862.0,1847.4,1850.0,20474.4824,5199
2026-08-04 01:00:00,1850.1,1868.9,1848.1,1866.9,25371.4885,6458
2026-08-04 02:00:00,1867.0,1870.8,1861.0,1865.3,13640.9473,4027
2026-08-04 03:00:00,1865.4,1866.2,1857.7,1863.3,6458.5941,3206
2026-08-04 04:00:00,1863.3,1873.5,1861.2,1867.0,6024.3126,3189
2026-08-04 05:00:00,1867.1,1869.5,1863.3,1863.4,4215.9621,2597
2026-08-04 06:00:00,1863.4,1867.9,1853.8,1855.9,10084.005,4622
2026-08-04 07:00:00,1856.0,1863.9,1852.8,1863.2,11495.4152,4507
2026-08-04 08:00:00,1863.3,1865.3,1856.2,1857.1,16738.3781,6268
2026-08-04 09:00:00,1857.1,1857.9,1853.0,1857.9,1926.238,2622
2026-08-04 10:00:00,1858.0,1871.9,1853.3,1865.9,5470.182,3799
2026-08-04 11:00:00,1866.0,1873.6,1864.9,1871.8,27594.1929,7064
2026-08-04 12:00:00,1871.8,1881.0,1867.1,1874.3,27674.6504,7314
2026-08-04 13:00:00,1874.3,1876.5,1859.0,1860.5,22181.75,9213
2026-08-04 14:00:00,1860.5,1875.3,1857.1,1872.1,62423.3005,13995
2026-08-04 15:00:00,1872.1,1877.0,1861.3,1872.2,25871.3245,7905
2026-08-04 16:00:00,1872.1,1872.8,1865.0,1869.0,8198.4719,4262
2026-08-04 17:00:00,1868.9,1877.2,1866.2,1869.0,22527.4855,6298
2026-08-04 18:00:00,1868.9,1880.0,1868.7,1874.4,11378.1576,4501
2026-08-04 19:00:00,1874.4,1881.1,1873.3,1874.1,7076.9978,2962
2026-08-04 20:00:00,1874.2,1878.9,1865.4,1875.6,14061.9491,4905
2026-08-04 21:00:00,1875.5,1875.6,1871.0,1871.3,4558.0229,2669
2026-08-04 22:00:00,1871.4,1876.2,1867.3,1874.9,26652.9232,4236
2026-08-04 23:00:00,1875.0,1880.0,1868.4,1869.4,36442.5346,6631
2026-08-05 00:00:00,1869.5,1872.6,1862.6,1863.0,19312.8353,6485
2026-08-05 01:00:00,1863.0,1873.5,1860.3,1872.6,8275.6202,3988
2026-08-05 02:00:00,1872.6,1877.3,1871.4,1873.4,29380.3238,5162
2026-08-05 03:00:00,1873.5,1875.4,1863.2,1867.2,30757.8011,5019
2026-08-05 04:00:00,1867.2,1868.9,1864.1,1866.7,5165.3642,2683
2026-08-05 05:00:00,1866.7,1876.5,1866.3,1872.5,35546.8072,5618
2026-08-05 06:00:00,1872.6,1872.8,1867.2,1868.5,18042.3944,3919
2026-08-05 07:00:00,1868.6,1872.4,1862.3,1872.3,32317.2818,5387
2026-08-05 08:00:00,1872.3,1873.8,1867.5,1869.0,8267.4248,4405
2026-08-05 09:00:00,1869.0,1874.0,1868.6,1871.0,6087.5576,2872
2026-08-05 10:00:00,1871.1,1875.0,1865.3,1867.4,4541.796,3351
2026-08-05 11:00:00,1867.6,1870.2,1866.5,1868.1,1762.5553,2047
2026-08-05 12:00:00,1868.0,1884.5,1867.0,1875.4,19995.0583,7203
2026-08-05 13:00:00,1875.4,1878.5,1854.7,1877.5,34390.5002,13630
2026-08-05 14:00:00,1877.6,1882.7,1868.4,1875.2,28003.7419,9097
2026-08-05 15:00:00,1875.1,1882.0,1872.3,1873.2,12334.4958,4746
2026-08-05 16:00:00,1872.9,1896.9,1872.6,1894.7,53522.324,12713
2026-08-05 17:00:00,1894.6,1917.2,1890.7,1915.8,36287.6346,14757
2026-08-05 18:00:00,1916.1,1927.0,1913.4,1917.7,48689.1155,14641
2026-08-05 19:00:00,1917.5,1920.1,1915.2,1916.1,10582.2021,4823
2026-08-05 20:00:00,1916.2,1923.7,1915.3,1917.2,20566.4784,6073
2026-08-05 21:00:00,1917.1,1917.2,1906.6,1908.1,16429.2059,7078
2026-08-05 22:00:00,1908.0,1912.7,1906.1,1906.2,19469.4811,5688
2026-08-05 23:00:00,1906.1,1911.5,1903.8,1908.1,8056.5541,3347
2026-08-06 00:00:00,1908.1,1913.5,1906.6,1910.2,5554.4986,3638
2026-08-06 01:00:00,1910.2,1910.8,1902.7,1906.2,9511.6322,3714
2026-08-06 02:00:00,1906.3,1910.3,1893.7,1898.2,14278.5442,5772
2026-08-06 03:00:00,1898.2,1898.7,1894.5,1898.2,15429.1376,3843
2026-08-06 04:00:00,1898.2,1907.9,1895.1,1906.9,10416.8199,3702
2026-08-06 05:00:00,1906.9,1918.0,1906.6,1913.4,19048.6037,5644
2026-08-06 06:00:00,1913.4,1913.9,1909.0,1912.8,8273.3323,3163
2026-08-06 07:00:00,1912.9,1914.4,1905.9,1908.8,9794.6713,2508
2026-08-06 08:00:00,1908.8,1918.5,1907.9,1915.2,33834.669,6279
2026-08-06 09:00:00,1915.2,1915.7,1904.1,1907.1,24213.0642,5298
2026-08-06 10:00:00,1907.0,1907.1,1900.6,1901.3,16835.8229,4466
2026-08-06 11:00:00,1901.3,1908.5,1895.9,1906.8,9267.037,5155
2026-08-06 12:00:00,1906.8,1907.0,1898.1,1898.2,8546.6936,3668
2026-08-06 13:00:00,1898.1,1910.3,1892.0,1906.9,36725.6664,9326
2026-08-06 14:00:00,1906.7,1917.6,1902.7,1913.9,14795.5601,6937
2026-08-06 15:00:00,1914.0,1918.9,1909.6,1910.0,47419.3988,8049
2026-08-06 16:00:00,1910.1,1915.7,1908.0,1915.1,15065.754,4708
2026-08-06 17:00:00,1915.1,1917.7,1909.6,1913.3,7157.9649,3025
2026-08-06 18:00:00,1913.3,1913.3,1903.1,1905.2,7080.1625,3870
2026-08-06 19:00:00,1905.2,1910.0,1905.1,1909.1,4165.4735,2409
2026-08-06 20:00:00,1909.1,1909.8,1905.5,1906.2,6457.694,2637
2026-08-06 21:00:00,1906.3,1908.5,1905.3,1905.6,22950.2788,3254
2026-08-06 22:00:00,1905.6,1906.6,1901.7,1904.7,2603.6671,1833
2026-08-06 23:00:00,1904.4,1905.0,1897.4,1903.0,17259.5382,3882
2026-08-07 00:00:00,1902.9,1904.6,1899.0,1902.8,21187.5208,4622
2026-08-07 01:00:00,1903.0,1906.9,1898.0,1902.5,30977.8159,5371
2026-08-07 02:00:00,1902.5,1907.6,1897.1,1901.8,5387.5777,2416
2026-08-07 03:00:00,1901.9,1902.8,1895.5,1896.5,20469.968,4060
2026-08-07 04:00:00,1896.5,1899.6,1893.5,1896.5,23684.0605,3633
2026-08-07 05:00:00,1896.5,1901.6,1894.6,1900.8,7038.1722,2570
2026-08-07 06:00:00,1900.7,1906.9,1899.1,1903.5,12861.387,3039
2026-08-07 07:00:00,1903.4,1906.2,1901.3,1901.4,3299.2389,1719
2026-08-07 08:00:00,1901.4,1913.7,1901.1,1909.4,52377.9239,9274
2026-08-07 09:00:00,1909.4,1916.3,1909.1,1912.2,79803.0925,14095
2026-08-07 10:00:00,1912.2,1914.9,1911.5,1911.8,21657.843,5304
2026-08-07 11:00:00,1911.8,1919.8,1911.7,1915.1,12844.0006,4540
2026-08-07 12:00:00,1915.2,1939.4,1915.2,1931.0,60643.2951,16184
2026-08-07 13:00:00,1931.1,1934.0,1920.7,1922.7,42018.6143,10646
2026-08-07 14:00:00,1922.7,1925.3,1909.6,1912.6,29554.0746,11459
2026-08-07 15:00:00,1912.8,1920.1,1912.1,1916.7,9425.9644,4332
2026-08-07 16:00:00,1917.3,1924.0,1908.3,1908.4,15977.2007,6272
2026-08-07 17:00:00,1908.4,1912.5,1904.6,1911.7,49847.7578,9557
2026-08-07 18:00:00,1911.6,1914.4,1904.9,1908.7,17011.7031,4448
2026-08-07 19:00:00,1908.5,1919.4,1908.5,1918.2,12239.3175,5223
2026-08-07 20:00:00,1918.1,1919.4,1913.3,1913.7,3392.4184,2654
2026-08-07 21:00:00,1913.7,1919.4,1911.8,1915.4,7116.7934,3586
2026-08-07 22:00:00,1915.3,1915.5,1913.0,1913.8,1134.5385,1573
2026-08-07 23:00:00,1913.7,1915.2,1913.0,1913.1,1811.8808,1803
2026-08-08 00:00:00,1913.0,1913.9,1911.5,1913.2,2859.4095,2134
2026-08-08 01:00:00,1913.2,1915.0,1913.2,1913.5,1717.8125,1241
2026-08-08 02:00:00,1913.6,1913.6,1911.3,1912.1,1612.0333,1577
2026-08-08 03:00:00,1912.1,1918.4,1912.1,1917.5,6388.4954,1922
2026-08-08 04:00:00,1917.6,1918.6,1915.7,1916.1,1493.2104,1235
2026-08-08 05:00:00,1916.2,1918.0,1915.1,1916.5,1219.4243,1269
2026-08-08 06:00:00,1916.5,1917.0,1915.4,1915.6,732.1136,947
2026-08-08 07:00:00,1915.6,1916.0,1913.0,1914.2,4138.248,1439
2026-08-08 08:00:00,1914.1,1916.6,1913.7,1916.0,6542.6312,2201
2026-08-08 09:00:00,1916.0,1921.6,1915.4,1918.0,3431.0451,2082
2026-08-08 10:00:00,1918.0,1921.6,1917.9,1920.4,4336.0927,1855
2026-08-08 11:00:00,1920.3,1922.4,1918.6,1920.3,4556.0014,1848
2026-08-08 12:00:00,1920.3,1921.4,1918.2,1918.7,5301.4392,1784
2026-08-08 13:00:00,1918.7,1919.8,1918.0,1919.2,1888.6218,1695
2026-08-08 14:00:00,1919.3,1925.8,1919.2,1923.0,7918.7872,4252
2026-08-08 15:00:00,1923.1,1924.0,1920.6,1922.1,5610.251,2336
2026-08-08 16:00:00,1922.0,1924.1,1920.8,1921.9,3620.1948,2224
2026-08-08 17:00:00,1921.9,1925.7,1921.6,1923.3,6615.1336,2804
2026-08-08 18:00:00,1923.3,1923.3,1919.2,1920.5,2798.0781,2165
2026-08-08 19:00:00,1920.6,1920.9,1919.0,1919.8,1501.9018,1337
2026-08-08 20:00:00,1919.7,1920.7,1919.0,1919.8,3045.9268,1630
2026-08-08 21:00:00,1919.8,1921.9,1919.7,1920.1,1731.0333,1264
2026-08-08 22:00:00,1920.1,1920.7,1915.8,1916.0,12277.3297,3616
2026-08-08 23:00:00,1915.9,1918.1,1914.2,1916.0,2358.2116,2025
2026-08-09 00:00:00,1916.1,1917.8,1915.7,1917.6,2486.032,1577
2026-08-09 01:00:00,1917.5,1919.4,1913.0,1915.2,8939.5897,2529
2026-08-09 02:00:00,1915.2,1915.6,1913.0,1914.3,2310.5444,1281
2026-08-09 03:00:00,1914.2,1914.2,1911.7,1913.6,2126.9001,1410
2026-08-09 04:00:00,1913.6,1915.3,1912.6,1912.8,8194.0194,1661
2026-08-09 05:00:00,1912.7,1914.4,1912.6,1913.8,1641.8971,1063
2026-08-09 06:00:00,1913.8,1918.8,1913.5,1918.6,2504.1963,1778
2026-08-09 07:00:00,1918.7,1918.8,1916.5,1918.4,2048.5107,1626
2026-08-09 08:00:00,1918.3,1924.2,1913.7,1915.1,4207.999,2724
2026-08-09 09:00:00,1915.1,1920.8,1912.7,1920.8,3585.6117,1845
2026-08-09 10:00:00,1920.8,1921.8,1918.8,1919.3,3358.7244,2102
2026-08-09 11:00:00,1919.4,1920.9,1917.8,1918.2,2275.0455,1463
2026-08-09 12:00:00,1918.2,1918.3,1916.0,1917.1,1458.6848,1535
2026-08-09 13:00:00,1917.1,1925.0,1917.0,1922.9,9339.8833,3356
2026-08-09 14:00:00,1922.8,1926.2,1922.0,1924.6,6364.9309,2607
2026-08-09 15:00:00,1924.6,1927.0,1923.7,1925.9,11433.3585,4100
2026-08-09 16:00:00,1926.0,1926.0,1920.9,1923.8,4890.6335,2879
2026-08-09 17:00:00,1923.8,1924.2,1922.7,1922.7,2828.505,2004
2026-08-09 18:00:00,1922.6,1923.6,1919.8,1920.7,4177.5927,2069
2026-08-09 19:00:00,1920.8,1922.3,1920.7,1921.7,2883.5636,1450
2026-08-09 20:00:00,1921.7,1921.9,1917.6,1920.4,3106.5385,2207
2026-08-09 21:00:00,1920.4,1926.3,1919.1,1924.5,2984.2202,2224
2026-08-09 22:00:00,1924.5,1937.5,1914.3,1918.9,14719.4219,7279
2026-08-09 23:00:00,1919.0,1919.9,1906.8,1909.9,14975.2309,5567
2026-08-10 00:00:00,1910.0,1927.1,1905.2,1911.6,12788.7239,6563
2026-08-10 01:00:00,1911.9,1930.6,1906.8,1924.2,17043.3251,5794
2026-08-10 02:00:00,1924.2,1926.1,1912.0,1923.2,15349.8977,5320
2026-08-10 03:00:00,1923.3,1924.1,1913.1,1916.5,3747.2771,2858
2026-08-10 04:00:00,1916.6,1920.2,1911.3,1914.5,12632.11,2892
2026-08-10 05:00:00,1914.5,1924.2,1914.4,1922.8,14549.8199,3497
2026-08-10 06:00:00,1922.8,1928.8,1922.5,1927.1,10014.7365,3639
2026-08-10 07:00:00,1927.2,1929.9,1924.0,1924.2,9298.4611,3451
2026-08-10 08:00:00,1924.3,1928.9,1922.6,1926.3,5756.3918,2781
2026-08-10 09:00:00,1926.2,1926.5,1915.5,1915.6,10564.9709,5287
2026-08-10 10:00:00,1915.7,1920.1,1915.4,1917.0,7955.0369,3154
2026-08-10 11:00:00,1917.1,1920.4,1914.1,1919.5,14780.7875,3365
2026-08-10 12:00:00,1919.6,1922.6,1904.3,1905.3,16029.0998,5202
2026-08-10 13:00:00,1905.2,1909.8,1894.1,1896.9,37781.3959,10567
2026-08-10 14:00:00,1896.8,1901.9,1891.0,1892.6,33518.449,6173
2026-08-10 15:00:00,1892.6,1892.6,1870.0,1875.7,96519.5879,20225
2026-08-10 16:00:00,1875.6,1877.9,1867.7,1871.1,19272.7404,8164
2026-08-10 17:00:00,1871.5,1876.2,1867.5,1872.5,28287.4343,5925
2026-08-10 18:00:00,1872.6,1874.2,1867.0,1871.8,5723.4846,3589
2026-08-10 19:00:00,1871.9,1879.7,1871.2,1877.5,16699.2354,4068
2026-08-10 20:00:00,1877.5,1880.3,1876.8,1879.0,4312.2045,3072
2026-08-10 21:00:00,1878.7,1878.8,1872.6,1873.3,8328.4034,3783
2026-08-10 22:00:00,1873.3,1877.1,1870.9,1875.2,11420.2613,3215
2026-08-10 23:00:00,1875.2,1875.2,1869.3,1872.5,10689.1885,2614
2026-08-11 00:00:00,1872.5,1875.0,1869.7,1874.5,4344.7124,2631
2026-08-11 01:00:00,1874.5,1877.8,1872.6,1877.3,7407.3374,2255
2026-08-11 02:00:00,1877.1,1878.5,1876.6,1877.6,3859.7878,1959
2026-08-11 03:00:00,1877.6,1880.8,1877.5,1880.0,2900.6492,2191
2026-08-11 04:00:00,1880.1,1880.9,1875.1,1875.1,3893.9342,2057
2026-08-11 05:00:00,1875.1,1876.0,1870.3,1873.2,22345.1566,3453
2026-08-11 06:00:00,1873.2,1874.3,1870.6,1873.4,17212.8309,3459
2026-08-11 07:00:00,1873.4,1878.7,1870.1,1876.9,17369.7463,4180
2026-08-11 08:00:00,1876.9,1880.3,1874.8,1878.8,18133.5397,4652
2026-08-11 09:00:00,1878.9,1884.5,1876.9,1884.5,11598.2462,5013
2026-08-11 10:00:00,1884.5,1888.0,1882.3,1885.5,18909.5311,4749
2026-08-11 11:00:00,1885.5,1894.7,1885.5,1892.2,13578.5887,5330
2026-08-11 12:00:00,1892.1,1896.7,1886.5,1886.9,9589.9992,4833
2026-08-11 13:00:00,1887.0,1891.5,1882.7,1889.2,13929.6553,5861
2026-08-11 14:00:00,1889.2,1890.7,1869.4,1872.7,30748.6547,8918
2026-08-11 15:00:00,1872.7,1876.9,1852.7,1862.0,30000.2319,11971
2026-08-11 16:00:00,1862.0,1866.4,1858.9,1864.0,8626.6596,5205
2026-08-11 17:00:00,1863.9,1867.0,1862.2,1864.3,7392.4722,3643
2026-08-11 18:00:00,1864.1,1865.9,1859.7,1865.0,7287.0585,3793
2026-08-11 19:00:00,1864.9,1884.1,1862.1,1881.2,30173.6555,8148
2026-08-11 20:00:00,1881.2,1884.7,1878.2,1881.3,10719.3525,4497
2026-08-11 21:00:00,1881.3,1885.0,1879.4,1884.4,15012.7777,3973
2026-08-11 22:00:00,1884.5,1886.7,1878.6,1881.4,12258.4954,2930
2026-08-11 23:00:00,1881.4,1884.1,1878.0,1882.0,21114.7876,3889
2026-08-12 00:00:00,1882.1,1883.0,1880.2,1882.0,3682.1539,2563
2026-08-12 01:00:00,1882.0,1886.1,1880.4,1884.2,8558.707,2987
2026-08-12 02:00:00,1884.3,1887.6,1883.1,1883.9,8418.5443,3335
2026-08-12 03:00:00,1883.9,1886.9,1882.4,1886.3,8175.1741,2866
2026-08-12 04:00:00,1886.4,1892.9,1885.1,1889.2,20030.2814,5365
2026-08-12 05:00:00,1889.2,1892.3,1886.4,1891.6,12633.1726,4796
2026-08-12 06:00:00,1891.5,1891.6,1885.1,1887.2,6522.1568,4291
2026-08-12 07:00:00,1887.2,1891.2,1886.0,1891.1,3824.4848,2803
2026-08-12 08:00:00,1891.1,1895.6,1890.3,1890.4,6287.1892,3389
2026-08-12 09:00:00,1890.5,1909.4,1889.6,1905.5,23298.8369,8063
2026-08-12 10:00:00,1905.6,1915.0,1905.6,1908.7,31918.0051,9237
2026-08-12 11:00:00,1908.6,1915.4,1906.7,1915.3,17014.3568,5039
2026-08-12 12:00:00,1915.4,1924.3,1904.8,1910.9,40814.0963,12846
2026-08-12 13:00:00,1911.0,1912.1,1899.3,1900.8,30638.9433,8633
2026-08-12 14:00:00,1900.8,1902.9,1884.5,1886.8,46982.1713,12830
2026-08-12 15:00:00,1886.8,1895.8,1883.8,1891.9,12571.6932,5509
2026-08-12 16:00:00,1892.0,1895.1,1888.6,1890.1,4584.5129,3433
2026-08-12 17:00:00,1890.2,1891.1,1884.8,1887.5,6247.7162,3494
2026-08-12 18:00:00,1887.6,1890.5,1885.0,1885.1,4738.0166,3398
2026-08-12 19:00:00,1885.1,1886.3,1877.1,1878.8,13704.7754,6440
2026-08-12 20:00:00,1878.7,1887.0,1877.1,1885.8,4821.9955,3408
2026-08-12 21:00:00,1885.9,1888.7,1872.6,1877.5,18129.9647,5691
2026-08-12 22:00:00,1877.4,1880.6,1875.6,1877.9,3955.5341,2712
2026-08-12 23:00:00,1878.0,1879.7,1874.4,1879.5,2260.7642,2336
2026-08-13 00:00:00,1879.5,1884.9,1877.0,1879.9,8836.483,3898
2026-08-13 01:00:00,1879.9,1882.4,1875.0,1878.0,10644.8155,3586
2026-08-13 02:00:00,1878.0,1882.5,1872.6,1881.0,15287.071,4335
2026-08-13 03:00:00,1881.1,1888.0,1881.0,1886.6,6259.7656,3114
2026-08-13 04:00:00,1886.6,1894.3,1884.8,1891.6,11090.9306,3611
2026-08-13 05:00:00,1891.6,1899.5,1891.2,1895.2,8138.5332,4410
2026-08-13 06:00:00,1895.3,1898.1,1891.3,1898.1,11102.0748,3374
2026-08-13 07:00:00,1898.1,1898.3,1894.6,1894.7,5745.1877,4043
2026-08-13 08:00:00,1894.7,1896.5,1888.0,1889.1,5133.696,3683
2026-08-13 09:00:00,1889.1,1890.0,1880.7,1889.2,18819.1926,4758
2026-08-13 10:00:00,1889.2,1889.5,1881.4,1882.4,28902.4976,7276
2026-08-13 11:00:00,1882.5,1883.0,1875.0,1879.6,26344.9274,7432
2026-08-13 12:00:00,1879.7,1889.0,1878.4,1888.3,12488.8343,6573
2026-08-13 13:00:00,1888.4,1895.5,1886.3,1889.4,39325.0824,9080
2026-08-13 14:00:00,1889.4,1896.6,1887.8,1892.7,17144.2253,6728
2026-08-13 15:00:00,1892.6,1895.2,1878.7,1878.9,29142.4817,7285
2026-08-13 16:00:00,1878.9,1883.9,1862.3,1873.5,40549.4836,11501
2026-08-13 17:00:00,1873.5,1880.4,1872.7,1876.2,15574.4309,4708
2026-08-13 18:00:00,1876.3,1886.6,1875.8,1884.9,13167.6828,5271
2026-08-13 19:00:00,1885.0,1892.8,1884.6,1886.0,44246.1209,7583
2026-08-13 20:00:00,1886.3,1888.7,1884.8,1885.2,4281.8357,2805
2026-08-13 21:00:00,1885.2,1888.6,1885.1,1887.6,2984.6823,2488
2026-08-13 22:00:00,1887.8,1892.4,1887.7,1888.4,7434.3805,3314
2026-08-13 23:00:00,1888.5,1888.5,1883.8,1885.4,4751.7565,2418
2026-08-14 00:00:00,1885.4,1889.0,1883.0,1888.8,14490.7373,3672
2026-08-14 01:00:00,1888.8,1889.6,1884.3,1888.9,2668.8767,2524
2026-08-14 02:00:00,1888.9,1890.6,1885.5,1885.5,4082.1162,2131
2026-08-14 03:00:00,1885.7,1888.4,1881.7,1882.1,4074.4381,2535
2026-08-14 04:00:00,1882.0,1887.0,1881.4,1883.9,2441.9943,1911
2026-08-14 05:00:00,1883.9,1884.7,1880.0,1883.3,1515.7156,2042
2026-08-14 06:00:00,1883.3,1883.3,1872.0,1872.3,12364.3717,4268
2026-08-14 07:00:00,1872.2,1877.5,1871.7,1872.3,20234.947,4251
2026-08-14 08:00:00,1872.3,1878.3,1868.4,1878.0,16922.349,5211
2026-08-14 09:00:00,1878.1,1878.4,1870.8,1872.6,11282.921,3309
2026-08-14 10:00:00,1872.5,1877.5,1871.9,1875.4,17470.6484,4341
2026-08-14 11:00:00,1875.4,1880.4,1874.5,1877.4,5969.1054,2534
2026-08-14 12:00:00,1877.4,1878.8,1872.3,1872.6,13359.7461,3731
2026-08-14 13:00:00,1872.6,1873.0,1866.1,1869.0,13916.9348,6518
2026-08-14 14:00:00,1869.1,1872.6,1863.4,1866.5,9958.6396,5118
2026-08-14 15:00:00,1866.3,1884.1,1865.5,1881.0,29933.3358,8119
2026-08-14 16:00:00,1881.0,1887.5,1878.8,1884.8,7467.5709,3911
2026-08-14 17:00:00,1884.7,1887.0,1875.6,1877.7,21281.0753,3882
2026-08-14 18:00:00,1877.6,1878.1,1873.0,1874.9,8028.3255,3797
2026-08-14 19:00:00,1875.0,1881.1,1873.0,1879.8,14240.1583,4400
2026-08-14 20:00:00,1879.9,1880.9,1878.0,1879.6,2268.972,1634
2026-08-14 21:00:00,1879.6,1880.3,1876.5,1878.7,12937.4234,2668
2026-08-14 22:00:00,1878.7,1880.3,1875.2,1878.5,8288.3279,2106
2026-08-14 23:00:00,1878.5,1881.9,1877.8,1881.2,6397.1754,2039
2026-08-15 00:00:00,1881.3,1882.6,1880.8,1881.4,3394.3048,1817
2026-08-15 01:00:00,1881.5,1883.6,1880.0,1883.6,2181.5236,1746
2026-08-15 02:00:00,1883.6,1884.9,1882.9,1884.1,2810.0596,1676
2026-08-15 03:00:00,1884.1,1885.6,1881.9,1882.0,1422.9258,1418
2026-08-15 04:00:00,1882.0,1884.5,1882.0,1883.5,1216.3415,986
2026-08-15 05:00:00,1883.5,1884.0,1879.1,1879.7,4968.3539,1385
2026-08-15 06:00:00,1879.8,1882.5,1879.3,1881.2,1363.6479,1148
2026-08-15 07:00:00,1881.3,1881.5,1879.3,1879.4,973.1224,1143
2026-08-15 08:00:00,1879.4,1880.6,1876.1,1876.5,8446.0879,2946
2026-08-15 09:00:00,1876.5,1880.5,1875.3,1879.9,4876.7129,1604
2026-08-15 10:00:00,1879.9,1880.3,1877.6,1880.2,2052.1806,1166
2026-08-15 11:00:00,1880.2,1880.5,1878.5,1878.8,575.5933,1020
2026-08-15 12:00:00,1878.9,1883.0,1877.5,1882.9,2377.2736,1518
2026-08-15 13:00:00,1883.0,1884.1,1881.5,1882.6,12759.326,2683
2026-08-15 14:00:00,1882.6,1884.0,1880.6,1883.2,9054.9238,2462
2026-08-15 15:00:00,1883.1,1885.1,1882.4,1884.3,3560.9526,1773
2026-08-15 16:00:00,1884.3,1884.9,1883.2,1884.0,1015.9098,1482
2026-08-15 17:00:00,1884.0,1885.6,1882.1,1883.6,3677.4897,1807
2026-08-15 18:00:00,1883.7,1884.8,1881.6,1881.7,1258.2804,1467
2026-08-15 19:00:00,1881.8,1883.8,1881.4,1883.8,2422.0998,2089
2026-08-15 20:00:00,1883.8,1883.8,1881.8,1882.5,1672.0956,1313
2026-08-15 21:00:00,1882.4,1884.8,1882.4,1884.5,4425.7551,1790
2026-08-15 22:00:00,1884.5,1884.7,1883.6,1883.7,346.8973,1134
2026-08-15 23:00:00,1883.7,1883.7,1881.0,1882.3,4242.6886,1836
2026-08-16 00:00:00,1882.3,1882.3,1881.0,1882.1,5284.0871,2100
2026-08-16 01:00:00,1882.0,1882.0,1876.4,1880.0,2809.2027,1804
2026-08-16 02:00:00,1880.0,1884.4,1878.6,1882.7,8605.1008,2076
2026-08-16 03:00:00,1882.7,1883.2,1882.1,1882.2,693.3079,1074
2026-08-16 04:00:00,1882.2,1883.7,1880.1,1881.2,3448.7525,1315
2026-08-16 05:00:00,1881.2,1881.3,1878.3,1879.3,7738.5147,1969
2026-08-16 06:00:00,1879.3,1880.8,1878.0,1879.9,3223.7775,1601
2026-08-16 07:00:00,1879.9,1880.8,1879.4,1880.8,429.912,1459
2026-08-16 08:00:00,1880.7,1880.8,1880.1,1880.2,351.1562,1571
2026-08-16 09:00:00,1880.2,1881.4,1878.2,1879.7,1156.7226,1533
2026-08-16 10:00:00,1879.6,1880.0,1878.8,1880.0,1218.1436,1145
2026-08-16 11:00:00,1880.0,1880.1,1879.5,1880.0,513.7539,1041
2026-08-16 12:00:00,1879.9,1880.0,1878.4,1878.8,831.3108,1202
2026-08-16 13:00:00,1878.8,1881.5,1878.8,1881.2,4742.814,1592
2026-08-16 14:00:00,1881.2,1883.5,1881.1,1882.3,8571.6433,2200
2026-08-16 15:00:00,1882.2,1884.4,1881.8,1883.7,8337.6979,2201
2026-08-16 16:00:00,1883.7,1891.3,1883.5,1888.7,25528.9856,5586
2026-08-16 17:00:00,1888.6,1890.1,1883.0,1884.4,15605.3568,3503
2026-08-16 18:00:00,1884.4,1885.7,1881.6,1885.1,18276.6678,3406
2026-08-16 19:00:00,1885.1,1888.2,1884.0,1884.8,6276.2502,1749
2026-08-16 20:00:00,1884.8,1886.6,1880.8,1881.1,1711.9973,1969
2026-08-16 21:00:00,1881.1,1882.0,1868.9,1874.8,10380.8053,6355
2026-08-16 22:00:00,1874.8,1877.2,1868.7,1875.0,18367.8191,4858
2026-08-16 23:00:00,1874.9,1876.8,1872.9,1875.6,4336.2444,1863
2026-08-17 00:00:00,1875.6,1879.6,1871.8,1878.1,13381.6282,4230
2026-08-17 01:00:00,1878.2,1896.6,1877.7,1890.5,45754.626,9278
2026-08-17 02:00:00,1890.6,1906.9,1887.7,1901.5,18226.2792,5542
2026-08-17 03:00:00,1901.5,1903.2,1897.5,1900.2,17843.3067,3660
2026-08-17 04:00:00,1900.2,1904.0,1900.2,1902.6,4778.121,2407
2026-08-17 05:00:00,1902.6,1903.5,1897.7,1899.1,6469.3549,2916
2026-08-17 06:00:00,1899.1,1911.0,1897.5,1906.1,9337.4731,4455
2026-08-17 07:00:00,1906.1,1907.1,1899.9,1900.0,8344.4736,4123
2026-08-17 08:00:00,1899.9,1900.7,1890.7,1893.5,12017.0605,6003
2026-08-17 09:00:00,1893.5,1896.4,1892.2,1893.3,2372.6669,2560
2026-08-17 10:00:00,1893.2,1908.8,1891.5,1906.1,7292.5931,4538
2026-08-17 11:00:00,1906.1,1907.8,1903.2,1903.2,8981.4429,3915
2026-08-17 12:00:00,1903.3,1905.6,1896.1,1898.6,5781.8634,3921
2026-08-17 13:00:00,1898.6,1908.2,1895.5,1904.0,13173.2311,4914
2026-08-17 14:00:00,1904.0,1909.8,1897.4,1908.9,19442.7259,4903
2026-08-17 15:00:00,1908.9,1914.7,1903.8,1912.4,23348.4387,7864
2026-08-17 16:00:00,1912.4,1913.0,1905.0,1906.2,6482.9465,3674
2026-08-17 17:00:00,1906.3,1913.6,1903.7,1908.2,13912.3578,6197
2026-08-17 18:00:00,1908.1,1912.0,1906.6,1909.1,6458.9234,3755
2026-08-17 19:00:00,1909.1,1910.0,1905.6,1906.6,6108.0008,3347
2026-08-17 20:00:00,1906.6,1909.6,1904.0,1906.0,7283.9259,3141
2026-08-17 21:00:00,1906.0,1907.7,1905.1,1905.6,4389.5011,2503
2026-08-17 22:00:00,1905.6,1907.0,1902.6,1903.6,3142.4434,2225
2026-08-17 23:00:00,1903.6,1917.9,1903.1,1913.0,18680.8631,5425
2026-08-18 00:00:00,1912.9,1913.8,1907.9,1909.2,12420.3979,4681
2026-08-18 01:00:00,1909.1,1909.3,1899.0,1900.3,13805.779,5047
2026-08-18 02:00:00,1900.3,1902.6,1888.3,1892.1,49773.3695,9923
2026-08-18 03:00:00,1892.1,1894.6,1884.8,1894.1,28156.1612,7510
2026-08-18 04:00:00,1894.1,1896.8,1890.5,1896.0,10532.9287,4092
2026-08-18 05:00:00,1896.0,1898.0,1891.6,1894.7,8782.1287,3637
2026-08-18 06:00:00,1894.7,1906.1,1893.0,1901.8,9344.9516,4395
2026-08-18 07:00:00,1901.8,1902.3,1895.9,1897.6,7032.7101,3419
2026-08-18 08:00:00,1897.6,1900.9,1892.8,1899.5,6533.7363,3515
2026-08-18 09:00:00,1899.5,1899.5,1894.6,1896.2,7078.6681,2827
2026-08-18 10:00:00,1896.2,1897.9,1894.1,1897.3,7569.9424,2165
2026-08-18 11:00:00,1897.2,1905.0,1896.8,1902.1,9412.7112,4002
2026-08-18 12:00:00,1902.1,1903.0,1897.9,1898.8,4783.2326,2639
2026-08-18 13:00:00,1898.8,1899.2,1893.0,1896.9,10570.7413,4885
2026-08-18 14:00:00,1896.8,1922.0,1896.5,1910.0,42669.0359,12018
2026-08-18 15:00:00,1909.9,1918.6,1907.4,1916.4,51383.1457,10176
2026-08-18 16:00:00,1916.5,1921.4,1911.5,1917.2,28863.9495,5903
2026-08-18 17:00:00,1917.3,1917.5,1910.2,1910.2,3255.1389,2692
2026-08-18 18:00:00,1910.3,1916.6,1910.0,1915.5,5822.2603,2611
2026-08-18 19:00:00,1915.5,1916.6,1912.2,1912.3,1802.2075,1605
2026-08-18 20:00:00,1912.3,1914.7,1911.1,1912.1,2236.138,1844
2026-08-18 21:00:00,1912.2,1913.9,1910.1,1911.1,3696.2853,1853
2026-08-18 22:00:00,1911.0,1914.4,1910.5,1912.7,11017.1509,2667
2026-08-18 23:00:00,1912.3,1919.4,1912.1,1916.8,6551.139,2882
2026-08-19 00:00:00,1916.9,1918.5,1910.6,1913.0,35268.948,6558
2026-08-19 01:00:00,1913.0,1917.5,1911.5,1912.9,23954.0477,4711
2026-08-19 02:00:00,1913.0,1913.0,1906.2,1906.9,17266.637,4930
2026-08-19 03:00:00,1906.9,1914.7,1906.7,1911.3,33072.8971,4883
2026-08-19 04:00:00,1911.2,1914.0,1909.3,1909.9,18277.524,2927
2026-08-19 05:00:00,1910.0,1913.2,1908.9,1909.2,4686.2858,1692
2026-08-19 06:00:00,1909.3,1916.7,1905.3,1916.6,10355.5514,3139
2026-08-19 07:00:00,1916.7,1920.4,1914.7,1915.1,18895.9247,3891
2026-08-19 08:00:00,1915.2,1929.0,1914.1,1920.6,41599.3945,8420
2026-08-19 09:00:00,1920.6,1923.0,1916.9,1917.9,18002.9568,4170
2026-08-19 10:00:00,1918.0,1919.4,1916.5,1919.4,4955.5894,2723
2026-08-19 11:00:00,1919.4,1925.0,1918.2,1922.0,43137.8233,5195
2026-08-19 12:00:00,1922.0,1942.0,1921.3,1935.8,68779.7895,12159
2026-08-19 13:00:00,1935.7,1939.2,1927.6,1932.1,104451.3629,15954
2026-08-19 14:00:00,1932.2,1979.6,1932.1,1970.0,127908.5179,23302
2026-08-19 15:00:00,1969.9,2120.1,1966.5,2085.3,415638.5566,71106
2026-08-19 16:00:00,2085.3,2107.0,2082.2,2088.8,86407.4185,22484
2026-08-19 17:00:00,2088.9,2091.9,2067.2,2090.0,82965.7237,18763
2026-08-19 18:00:00,2090.2,2091.5,2078.1,2091.5,26683.6625,8908
2026-08-19 19:00:00,2091.2,2104.8,2088.7,2101.3,41777.1094,12324
2026-08-19 20:00:00,2101.3,2247.0,2101.3,2219.0,202772.8279,42986
2026-08-19 21:00:00,2218.9,2346.8,2216.6,2287.5,368899.8338,76741
2026-08-19 22:00:00,2287.4,2291.5,2242.7,2250.6,106687.2721,23359
2026-08-19 23:00:00,2250.5,2262.1,2244.0,2253.5,31520.7545,9042
2026-08-20 00:00:00,2252.9,2274.4,2252.2,2262.9,39820.7559,13535
2026-08-20 01:00:00,2262.8,2270.0,2250.3,2266.5,27652.8098,9884
2026-08-20 02:00:00,2266.5,2270.0,2250.2,2252.5,15935.533,6900
2026-08-20 03:00:00,2252.3,2258.1,2224.0,2251.6,49298.2055,15987
2026-08-20 04:00:00,2251.6,2258.9,2249.5,2250.9,27578.1537,8490
2026-08-20 05:00:00,2250.9,2257.5,2244.2,2248.5,12473.9175,5336
2026-08-20 06:00:00,2248.8,2269.9,2239.7,2263.8,38791.5285,8987
2026-08-20 07:00:00,2263.7,2264.8,2245.7,2252.8,11779.4054,7134
2026-08-20 08:00:00,2252.8,2287.7,2250.7,2282.0,57228.6164,16491
2026-08-20 09:00:00,2282.1,2297.7,2275.3,2278.7,55938.3709,13182
2026-08-20 10:00:00,2278.6,2295.0,2277.0,2287.3,34456.2603,9674
2026-08-20 11:00:00,2287.3,2319.9,2282.5,2296.9,41352.8541,17512
2026-08-20 12:00:00,2296.9,2300.6,2267.8,2289.2,69590.8509,15696
2026-08-20 13:00:00,2289.5,2297.7,2255.5,2276.2,58887.8831,15868
2026-08-20 14:00:00,2276.4,2289.1,2270.8,2280.9,27695.8653,10634
2026-08-20 15:00:00,2280.8,2338.4,2280.8,2326.9,119157.5565,26815
2026-08-20 16:00:00,2326.9,2360.8,2314.0,2344.3,69341.1529,23047
2026-08-20 17:00:00,2344.3,2350.5,2332.1,2343.9,38008.9427,12854
2026-08-20 18:00:00,2343.9,2348.0,2310.1,2316.7,75372.0179,17623
2026-08-20 19:00:00,2316.7,2332.4,2312.6,2322.3,17330.2074,8518
2026-08-20 20:00:00,2322.4,2331.7,2313.5,2318.2,30732.5343,8931
2026-08-20 21:00:00,2318.2,2325.3,2312.8,2318.7,14386.7821,6874
2026-08-20 22:00:00,2318.8,2319.9,2308.5,2315.1,37931.3706,9579
2026-08-20 23:00:00,2315.1,2340.0,2313.9,2328.0,23636.3545,9528
2026-08-21 00:00:00,2328.1,2352.1,2325.9,2341.8,63621.0369,16580
2026-08-21 01:00:00,2341.6,2380.9,2338.4,2359.9,94414.7448,22158
2026-08-21 02:00:00,2359.8,2365.7,2344.0,2346.4,56048.654,14068
2026-08-21 03:00:00,2346.5,2355.7,2338.1,2341.8,22116.5362,7498
2026-08-21 04:00:00,2341.8,2357.2,2341.7,2354.7,21219.2564,6033
2026-08-21 05:00:00,2354.8,2369.5,2350.2,2369.5,37478.4966,11009
2026-08-21 06:00:00,2369.5,2384.0,2355.9,2373.0,35148.8034,13516
2026-08-21 07:00:00,2373.0,2400.0,2369.7,2373.4,59155.3549,18657
2026-08-21 08:00:00,2373.5,2450.0,2372.0,2446.8,120592.5314,32082
2026-08-21 09:00:00,2446.8,2448.4,2377.8,2405.5,100429.3298,31139
2026-08-21 10:00:00,2405.6,2413.6,2392.4,2396.6,45305.6244,14357
2026-08-21 11:00:00,2396.2,2400.7,2358.3,2371.8,50447.9761,15995
2026-08-21 12:00:00,2372.4,2398.9,2367.0,2389.3,42187.6468,12884
2026-08-21 13:00:00,2389.3,2408.0,2370.0,2388.6,67466.711,17921
2026-08-21 14:00:00,2388.6,2398.7,2370.3,2394.5,61877.435,16776
2026-08-21 15:00:00,2394.7,2408.9,2392.0,2393.6,44354.7165,12103
2026-08-21 16:00:00,2393.6,2414.0,2384.1,2406.9,62249.1991,14884
2026-08-21 17:00:00,2406.9,2428.2,2402.9,2424.5,55581.746,15942
2026-08-21 18:00:00,2424.5,2433.0,2395.4,2420.6,62707.3826,15013
2026-08-21 19:00:00,2420.6,2421.2,2407.5,2414.0,24190.3501,8236
2026-08-21 20:00:00,2413.7,2449.0,2409.0,2441.9,89251.8799,19033
2026-08-21 21:00:00,2441.8,2525.3,2435.8,2516.1,139245.0855,36474
2026-08-21 22:00:00,2516.1,2550.5,2510.0,2522.9,102402.5071,32411
2026-08-21 23:00:00,2523.9,2548.2,2512.0,2518.3,56947.8328,19035
2026-08-22 00:00:00,2518.2,2527.3,2492.3,2527.3,79223.3982,25413
2026-08-22 01:00:00,2525.1,2533.8,2507.6,2507.8,60086.3494,19461
2026-08-22 02:00:00,2507.8,2523.9,2496.0,2516.4,73082.053,16693
2026-08-22 03:00:00,2516.4,2527.5,2513.2,2515.5,34412.0893,11163
2026-08-22 04:00:00,2515.5,2530.0,2504.3,2515.3,46010.5897,15075
2026-08-22 05:00:00,2515.3,2518.7,2383.3,2439.7,161198.4078,48129
2026-08-22 06:00:00,2439.9,2443.9,2412.0,2437.9,28050.7312,11580
2026-08-22 07:00:00,2437.9,2447.8,2426.4,2432.7,16954.5512,8181
2026-08-22 08:00:00,2432.8,2440.5,2411.7,2425.5,20549.8851,10533
2026-08-22 09:00:00,2425.5,2429.1,2412.6,2421.7,14540.77,8639
2026-08-22 10:00:00,2421.7,2422.5,2389.7,2413.5,38650.3957,13139
2026-08-22 11:00:00,2413.4,2427.3,2405.7,2424.9,8704.8366,6527
2026-08-22 12:00:00,2424.8,2439.0,2420.2,2429.2,13359.6465,6945
2026-08-22 13:00:00,2429.3,2434.0,2422.4,2431.1,14068.6608,5616
2026-08-22 14:00:00,2431.1,2432.5,2409.7,2414.5,10745.2226,6392
2026-08-22 15:00:00,2414.6,2417.2,2406.3,2411.5,16387.0899,5832
2026-08-22 16:00:00,2411.5,2429.9,2409.5,2423.3,20061.5971,7379
2026-08-22 17:00:00,2423.3,2431.8,2418.4,2427.1,7368.036,4608
2026-08-22 18:00:00,2427.1,2435.0,2422.7,2428.4,14608.6377,5485
2026-08-22 19:00:00,2428.3,2445.4,2425.0,2440.2,13751.0159,6449
2026-08-22 20:00:00,2440.1,2444.8,2430.3,2432.7,15327.642,6595
2026-08-22 21:00:00,2432.4,2432.5,2403.6,2407.5,30939.2383,10120
2026-08-22 22:00:00,2407.5,2426.1,2405.0,2414.2,24985.2512,9012
2026-08-22 23:00:00,2414.4,2428.0,2411.3,2423.4,14112.987,5452
2026-08-23 00:00:00,2423.5,2436.1,2420.3,2431.7,14884.2093,6373
2026-08-23 01:00:00,2431.8,2434.2,2420.3,2423.9,18018.5032,6415
2026-08-23 02:00:00,2423.8,2425.1,2408.8,2417.3,18547.5632,6530
2026-08-23 03:00:00,2417.5,2419.7,2408.3,2414.2,13577.0124,5303
2026-08-23 04:00:00,2414.3,2417.3,2371.1,2379.3,60154.2378,14141
2026-08-23 05:00:00,2379.3,2388.0,2357.2,2374.7,38885.8576,13858
2026-08-23 06:00:00,2374.7,2397.7,2370.8,2390.2,18363.0926,12596
2026-08-23 07:00:00,2390.3,2397.7,2387.4,2389.0,10421.6515,6182
2026-08-23 08:00:00,2389.2,2428.0,2387.3,2412.8,42108.5111,10551
2026-08-23 09:00:00,2412.8,2416.8,2405.2,2412.4,9029.4632,4258
2026-08-23 10:00:00,2412.4,2421.0,2411.8,2415.2,8020.2916,3677
2026-08-23 11:00:00,2415.2,2439.3,2415.2,2435.0,16589.4548,7220
2026-08-23 12:00:00,2435.1,2435.1,2420.1,2428.3,5374.1758,3971
2026-08-23 13:00:00,2428.1,2486.9,2428.0,2461.0,55246.7179,16747
2026-08-23 14:00:00,2460.9,2469.9,2387.8,2440.7,80896.6246,23580
2026-08-23 15:00:00,2440.8,2453.5,2423.9,2440.0,27855.931,12664
2026-08-23 16:00:00,2440.1,2460.1,2440.0,2452.7,12400.5994,6297
2026-08-23 17:00:00,2452.7,2455.7,2434.6,2441.4,40940.3458,9457
2026-08-23 18:00:00,2441.5,2450.0,2435.4,2449.0,11407.1708,5191
2026-08-23 19:00:00,2449.0,2454.9,2436.8,2445.6,11419.6741,6222
2026-08-23 20:00:00,2445.6,2450.5,2436.9,2450.1,10067.58,7385
2026-08-23 21:00:00,2450.1,2487.0,2450.1,2471.1,90463.6235,21368
2026-08-23 22:00:00,2471.2,2476.1,2451.6,2456.7,21187.8101,9549
2026-08-23 23:00:00,2456.6,2472.4,2443.4,2464.4,11538.8035,8769
2026-08-24 00:00:00,2464.5,2467.9,2443.3,2466.8,18326.3609,10486
2026-08-24 01:00:00,2466.9,2468.0,2427.8,2429.1,29381.3537,11933
2026-08-24 02:00:00,2429.3,2452.9,2425.0,2444.0,25457.5221,8939
2026-08-24 03:00:00,2444.5,2445.0,2427.1,2430.7,22642.6751,8247
2026-08-24 04:00:00,2430.8,2447.2,2429.1,2438.6,20887.8202,7824
2026-08-24 05:00:00,2438.7,2460.6,2434.7,2450.0,19418.5615,9752
2026-08-24 06:00:00,2449.8,2464.8,2445.5,2457.5,9280.2715,6288
2026-08-24 07:00:00,2457.5,2475.0,2453.4,2455.7,8286.8033,6888
2026-08-24 08:00:00,2455.6,2460.0,2435.9,2455.7,23545.4146,8697
2026-08-24 09:00:00,2455.5,2466.0,2454.8,2464.1,8477.4056,5588
2026-08-24 10:00:00,2464.1,2492.9,2462.8,2466.5,23438.0673,11143
2026-08-24 11:00:00,2466.5,2510.5,2455.6,2496.3,48724.2542,17252
2026-08-24 12:00:00,2496.3,2520.0,2475.8,2514.5,37843.6405,15731
2026-08-24 13:00:00,2514.5,2522.4,2477.6,2495.8,89499.9382,24768
2026-08-24 14:00:00,2495.8,2533.0,2493.3,2517.1,64961.215,20258
2026-08-24 15:00:00,2517.1,2534.0,2478.5,2486.7,124319.2656,28350
2026-08-24 16:00:00,2486.8,2506.1,2468.8,2477.8,46103.0082,16823
2026-08-24 17:00:00,2477.7,2483.4,2453.4,2468.0,77544.7111,22047
2026-08-24 18:00:00,2467.9,2482.7,2466.7,2473.1,28146.6839,11590
2026-08-24 19:00:00,2473.1,2477.1,2461.1,2471.0,22453.3858,9325
2026-08-24 20:00:00,2470.9,2478.6,2464.7,2474.2,6220.9439,5307
2026-08-24 21:00:00,2474.7,2487.4,2474.7,2483.0,9349.744,5859
2026-08-24 22:00:00,2483.0,2484.4,2472.0,2473.5,14160.776,6939
2026-08-24 23:00:00,2473.4,2487.0,2469.7,2482.3,10853.1483,6248
2026-08-25 00:00:00,2481.8,2504.6,2471.4,2493.3,31922.7324,13511
2026-08-25 01:00:00,2493.1,2504.4,2483.6,2495.1,47604.4914,13600
2026-08-25 02:00:00,2495.3,2532.5,2492.0,2506.9,76577.4949,20514
2026-08-25 03:00:00,2506.9,2514.2,2488.2,2498.7,39923.7848,12214
2026-08-25 04:00:00,2498.6,2503.5,2488.6,2494.6,17098.3975,7998
2026-08-25 05:00:00,2494.6,2511.1,2493.2,2508.0,30516.1099,8638
2026-08-25 06:00:00,2508.0,2514.9,2496.1,2500.2,14580.4563,7230
2026-08-25 07:00:00,2500.2,2512.4,2464.3,2478.6,36344.6893,11507
2026-08-25 08:00:00,2478.6,2497.6,2473.4,2483.7,23937.0741,8317
2026-08-25 09:00:00,2483.6,2491.2,2462.0,2473.8,17823.1086,7356
2026-08-25 10:00:00,2473.8,2485.6,2468.9,2481.0,17058.1229,5821
2026-08-25 11:00:00,2481.1,2485.0,2473.4,2477.6,17683.8595,6495
2026-08-25 12:00:00,2477.6,2480.6,2457.6,2473.0,34888.3822,11557
2026-08-25 13:00:00,2473.0,2475.9,2437.5,2459.4,66089.7284,20192
2026-08-25 14:00:00,2459.5,2483.5,2453.1,2475.6,41271.4847,12380
2026-08-25 15:00:00,2475.6,2482.5,2464.9,2481.8,29019.9705,9944
2026-08-25 16:00:00,2481.8,2484.2,2466.7,2469.6,20257.155,8286
2026-08-25 17:00:00,2469.6,2470.3,2455.0,2469.9,24821.7843,8350
2026-08-25 18:00:00,2469.9,2473.7,2462.6,2466.1,17070.9023,5847
2026-08-25 19:00:00,2466.0,2468.9,2454.2,2462.3,12696.6038,6525
2026-08-25 20:00:00,2462.3,2463.3,2431.5,2434.9,40611.5236,11938
2026-08-25 21:00:00,2434.9,2442.4,2407.5,2440.7,46253.5171,14680
2026-08-25 22:00:00,2440.7,2454.3,2440.7,2452.7,13314.2081,7016
2026-08-25 23:00:00,2452.6,2455.3,2435.9,2441.6,18617.5518,6794
2026-08-26 00:00:00,2441.7,2449.0,2434.4,2445.2,14697.4433,6984
2026-08-26 01:00:00,2445.2,2461.0,2444.2,2454.5,11053.3221,6739
2026-08-26 02:00:00,2454.6,2468.8,2453.2,2464.3,19546.359,6773
2026-08-26 03:00:00,2464.4,2467.4,2457.2,2464.8,6318.3259,4764
2026-08-26 04:00:00,2464.7,2472.0,2454.5,2455.9,13730.8672,6848
2026-08-26 05:00:00,2455.9,2467.3,2450.3,2463.6,15043.798,6273
2026-08-26 06:00:00,2463.8,2466.5,2452.3,2459.2,7440.8459,4570
2026-08-26 07:00:00,2459.3,2467.7,2456.3,2460.5,12252.249,5695
2026-08-26 08:00:00,2460.5,2469.0,2452.7,2455.4,12463.0936,5665
2026-08-26 09:00:00,2455.3,2460.3,2441.8,2447.3,10910.6397,6014
2026-08-26 10:00:00,2447.2,2474.4,2444.0,2468.0,14322.67,6404
2026-08-26 11:00:00,2468.1,2472.6,2455.8,2462.6,30566.49,8413
2026-08-26 12:00:00,2462.6,2471.7,2444.8,2454.4,27617.7075,11251
2026-08-26 13:00:00,2454.4,2461.8,2436.2,2456.6,37821.957,12443
2026-08-26 14:00:00,2455.7,2460.9,2437.7,2438.4,15787.0022,8693
2026-08-26 15:00:00,2438.4,2454.3,2431.6,2448.7,32000.9089,10848
2026-08-26 16:00:00,2448.7,2454.4,2436.5,2443.2,16312.3993,6665
2026-08-26 17:00:00,2443.3,2466.0,2442.5,2459.9,21428.3398,7854
2026-08-26 18:00:00,2459.9,2472.9,2457.9,2472.3,9650.3361,6204
2026-08-26 19:00:00,2472.3,2482.4,2467.0,2470.2,36402.4243,10785
2026-08-26 20:00:00,2469.1,2473.4,2458.6,2471.5,17908.1993,6324
2026-08-26 21:00:00,2471.4,2503.5,2469.5,2496.0,51172.7158,14073
2026-08-26 22:00:00,2496.1,2514.9,2488.4,2493.1,39683.5153,11162
2026-08-26 23:00:00,2492.8,2512.2,2487.0,2506.0,29045.847,8382
2026-08-27 00:00:00,2506.2,2509.9,2491.1,2491.1,16334.9113,6346
2026-08-27 01:00:00,2491.1,2505.3,2486.2,2496.7,47634.631,10310
2026-08-27 02:00:00,2496.7,2503.7,2492.4,2493.7,14371.8504,4902
2026-08-27 03:00:00,2493.7,2497.8,2488.2,2491.9,4566.0647,3651
2026-08-27 04:00:00,2491.9,2494.7,2483.0,2485.9,18095.2736,5445
2026-08-27 05:00:00,2486.0,2496.6,2480.4,2496.2,27864.9672,6985
2026-08-27 06:00:00,2495.8,2495.8,2483.5,2492.4,16630.7668,5154
2026-08-27 07:00:00,2492.3,2498.3,2487.7,2496.6,20296.0166,6654
2026-08-27 08:00:00,2497.0,2545.3,2497.0,2530.6,54707.2357,17935
2026-08-27 09:00:00,2530.4,2566.4,2525.0,2534.1,66378.3711,17566
2026-08-27 10:00:00,2533.7,2538.6,2483.4,2502.6,42859.9099,13515
2026-08-27 11:00:00,2502.7,2508.6,2491.4,2500.4,11153.29,6039
2026-08-27 12:00:00,2500.4,2506.2,2491.2,2493.8,10601.3932,6179
2026-08-27 13:00:00,2493.7,2506.0,2481.6,2495.6,33477.6539,10338
2026-08-27 14:00:00,2495.1,2523.2,2486.7,2516.3,65286.0325,15137
2026-08-27 15:00:00,2516.5,2530.2,2512.2,2520.6,24194.0189,10159
2026-08-27 16:00:00,2520.7,2532.5,2515.3,2521.4,19921.9809,8061
2026-08-27 17:00:00,2521.4,2532.5,2514.8,2517.3,20893.7753,7331
2026-08-27 18:00:00,2517.3,2517.3,2486.4,2505.7,56222.0859,13178
2026-08-27 19:00:00,2505.7,2512.8,2496.0,2496.4,29261.8436,8153
2026-08-27 20:00:00,2496.5,2506.9,2493.5,2506.9,16237.2279,5624
2026-08-27 21:00:00,2506.9,2507.7,2497.7,2503.8,8846.4669,5006
2026-08-27 22:00:00,2503.7,2515.9,2503.6,2514.4,11989.4175,5216
2026-08-27 23:00:00,2514.4,2516.4,2508.1,2510.1,4798.281,3748
2026-08-28 00:00:00,2510.1,2518.5,2505.1,2514.5,5771.4416,4835
2026-08-28 01:00:00,2514.8,2533.8,2506.8,2511.0,22995.19,8859
2026-08-28 02:00:00,2511.1,2511.1,2486.2,2491.5,45794.9868,11136
2026-08-28 03:00:00,2491.4,2495.1,2485.7,2489.4,5068.4285,4222
2026-08-28 04:00:00,2489.4,2495.0,2476.3,2485.2,17045.2941,5608
2026-08-28 05:00:00,2485.2,2496.9,2481.5,2492.6,11078.6849,4643
2026-08-28 06:00:00,2492.6,2504.7,2492.6,2502.8,17575.8661,5571
2026-08-28 07:00:00,2502.7,2502.9,2493.7,2496.3,17057.1129,5494
2026-08-28 08:00:00,2496.2,2503.3,2486.1,2487.5,8323.4172,4902
2026-08-28 09:00:00,2487.5,2492.6,2483.0,2489.3,11543.5871,4983
2026-08-28 10:00:00,2489.4,2508.2,2481.5,2505.7,18197.819,7146
2026-08-28 11:00:00,2506.1,2511.0,2501.6,2504.5,5475.8772,4515
2026-08-28 12:00:00,2504.5,2507.8,2494.4,2498.5,15903.8584,5736
2026-08-28 13:00:00,2498.4,2518.1,2495.5,2510.2,23768.9407,8096
2026-08-28 14:00:00,2510.2,2525.0,2465.5,2511.4,97578.8582,25607
2026-08-28 15:00:00,2511.4,2518.7,2469.0,2471.2,25879.6804,11046
2026-08-28 16:00:00,2471.0,2473.3,2405.4,2441.8,110158.8651,29682
2026-08-28 17:00:00,2441.8,2447.5,2436.9,2443.3,17507.3217,7076
2026-08-28 18:00:00,2443.2,2444.6,2417.4,2427.3,23763.9791,9128
2026-08-28 19:00:00,2428.1,2441.3,2428.0,2434.5,18698.6347,7719
2026-08-28 20:00:00,2434.8,2435.6,2423.3,2426.6,9626.7838,4291
2026-08-28 21:00:00,2426.7,2431.0,2421.6,2424.0,5031.8395,3402
2026-08-28 22:00:00,2424.0,2444.3,2421.7,2441.3,9179.9871,4979
2026-08-28 23:00:00,2441.4,2442.4,2436.2,2442.3,3690.6381,2485
2026-08-29 00:00:00,2442.3,2448.0,2440.2,2441.4,6978.4053,4035
2026-08-29 01:00:00,2441.5,2445.2,2438.8,2443.4,1922.901,2091
2026-08-29 02:00:00,2443.4,2444.3,2434.8,2438.1,7066.0474,2397
2026-08-29 03:00:00,2438.1,2441.2,2434.0,2435.1,1466.6936,1669
2026-08-29 04:00:00,2435.1,2440.4,2434.5,2439.9,906.1387,1767
2026-08-29 05:00:00,2439.8,2441.8,2437.6,2438.4,1024.8435,1865
2026-08-29 06:00:00,2438.4,2438.6,2430.1,2434.0,5842.7791,2326
2026-08-29 07:00:00,2434.1,2437.1,2433.4,2435.5,1159.4306,1673
2026-08-29 08:00:00,2435.0,2435.0,2430.5,2433.0,1228.8849,1945
2026-08-29 09:00:00,2433.2,2436.6,2433.2,2434.5,3574.9338,2255
2026-08-29 10:00:00,2434.5,2437.2,2430.7,2434.1,990.4938,1567
2026-08-29 11:00:00,2434.0,2438.2,2433.0,2435.2,1725.5201,1770
2026-08-29 12:00:00,2435.2,2438.9,2432.7,2433.7,1599.033,2086
2026-08-29 13:00:00,2433.7,2436.0,2431.8,2435.1,1811.9686,2153
2026-08-29 14:00:00,2435.1,2451.9,2434.4,2447.6,13869.2172,5235
2026-08-29 15:00:00,2447.5,2448.6,2440.3,2443.9,7002.8058,4051
2026-08-29 16:00:00,2443.9,2455.6,2443.9,2450.3,13025.6888,5869
2026-08-29 17:00:00,2450.3,2455.5,2444.8,2449.9,15398.0756,5040
2026-08-29 18:00:00,2449.9,2455.0,2445.0,2452.0,6566.102,3004
2026-08-29 19:00:00,2452.1,2458.5,2450.7,2452.6,13650.4007,5294
2026-08-29 20:00:00,2452.6,2457.5,2450.7,2451.7,2616.3324,2641
2026-08-29 21:00:00,2451.8,2453.1,2448.3,2450.9,5653.0166,2156
2026-08-29 22:00:00,2450.7,2452.3,2448.7,2451.9,1154.6465,1697
2026-08-29 23:00:00,2451.9,2459.6,2451.9,2457.3,7221.7106,3241
2026-08-30 00:00:00,2457.6,2467.7,2454.5,2458.8,4816.1098,4796
2026-08-30 01:00:00,2458.9,2460.3,2452.5,2456.3,6489.6873,3039
2026-08-30 02:00:00,2456.3,2458.4,2453.2,2454.7,1482.7294,1872
2026-08-30 03:00:00,2454.7,2460.3,2453.8,2456.9,1944.8237,2073
2026-08-30 04:00:00,2456.9,2458.5,2451.3,2455.4,14128.3132,2848
2026-08-30 05:00:00,2455.4,2459.3,2454.8,2455.7,410.1086,1740
2026-08-30 06:00:00,2455.7,2461.1,2454.6,2460.8,8121.7134,2356
2026-08-30 07:00:00,2460.8,2460.9,2454.5,2455.0,8756.3227,2109
2026-08-30 08:00:00,2455.1,2459.4,2454.5,2456.5,931.275,2102
2026-08-30 09:00:00,2456.4,2457.8,2451.7,2453.3,1900.7801,2119
2026-08-30 10:00:00,2453.3,2459.7,2452.2,2459.5,5303.4711,2425
2026-08-30 11:00:00,2459.5,2461.6,2456.7,2460.2,2230.6311,2519
2026-08-30 12:00:00,2460.2,2473.1,2458.1,2468.9,22034.0526,7290
2026-08-30 13:00:00,2469.1,2477.9,2460.5,2475.6,28260.1712,7667
2026-08-30 14:00:00,2475.5,2479.9,2471.3,2477.2,6025.3706,5666
2026-08-30 15:00:00,2477.2,2483.6,2471.8,2481.0,6474.8162,5884
2026-08-30 16:00:00,2481.0,2536.7,2479.3,2530.4,90359.6618,23304
2026-08-30 17:00:00,2530.2,2530.2,2495.0,2507.3,48514.2092,12914
2026-08-30 18:00:00,2507.3,2519.0,2497.1,2511.7,22768.7164,9614
2026-08-30 19:00:00,2511.7,2514.7,2497.5,2504.8,15232.6997,6422
2026-08-30 20:00:00,2504.8,2509.5,2486.4,2491.1,23369.5033,7538
2026-08-30 21:00:00,2491.1,2491.5,2461.1,2482.7,34389.5136,10291
2026-08-30 22:00:00,2482.6,2489.3,2461.1,2470.7,26179.597,9108
2026-08-30 23:00:00,2470.7,2470.7,2388.0,2417.5,132297.4721,29091
2026-08-31 00:00:00,2417.5,2441.2,2407.2,2429.1,33893.8127,11313
2026-08-31 01:00:00,2428.9,2431.3,2410.5,2413.4,14305.849,6466
2026-08-31 02:00:00,2413.5,2425.4,2400.7,2407.7,33621.6084,8547
2026-08-31 03:00:00,2407.9,2424.8,2404.7,2420.7,22742.2089,5848
2026-08-31 04:00:00,2420.7,2421.4,2411.5,2418.0,13560.571,5072
2026-08-31 05:00:00,2418.0,2442.6,2414.0,2436.2,32297.6186,7650
2026-08-31 06:00:00,2436.3,2445.6,2431.8,2439.2,29042.3047,6335
2026-08-31 07:00:00,2439.1,2446.7,2436.7,2440.8,9492.1931,4443
2026-08-31 08:00:00,2440.8,2449.8,2434.2,2446.8,6166.1469,4866
2026-08-31 09:00:00,2446.8,2457.0,2444.1,2447.1,15161.5938,5981
2026-08-31 10:00:00,2447.1,2457.5,2441.5,2456.2,15651.4884,5498
2026-08-31 11:00:00,2456.2,2458.2,2443.9,2446.2,13915.5594,6043
2026-08-31 12:00:00,2446.2,2464.2,2444.8,2452.1,21733.77,7876
2026-08-31 13:00:00,2452.1,2459.7,2437.1,2439.9,44878.6274,10321
2026-08-31 14:00:00,2439.9,2475.6,2437.9,2467.6,59074.9397,12857
2026-08-31 15:00:00,2468.3,2478.6,2458.8,2468.2,20681.2336,7140
2026-08-31 16:00:00,2468.2,2476.9,2462.4,2469.6,10767.3185,5485
2026-08-31 17:00:00,2469.4,2478.2,2461.2,2476.0,22626.4933,5874
2026-08-31 18:00:00,2476.1,2490.0,2469.9,2478.4,19825.5575,6519
2026-08-31 19:00:00,2478.4,2490.0,2478.3,2482.3,12369.5345,5294
2026-08-31 20:00:00,2482.2,2486.7,2470.7,2473.4,10111.6519,4673
2026-08-31 21:00:00,2473.3,2484.0,2468.5,2479.8,10766.9246,4872
2026-08-31 22:00:00,2479.7,2481.5,2468.4,2469.6,4355.2024,3537
2026-08-31 23:00:00,2469.6,2469.7,2462.3,2468.0,9783.102,4149
2026-09-01 00:00:00,2467.9,2478.2,2466.1,2472.2,7210.5799,3666
2026-09-01 01:00:00,2472.3,2476.9,2458.2,2463.0,24782.2403,6574
2026-09-01 02:00:00,2463.1,2465.2,2454.5,2465.2,11855.7654,4292
2026-09-01 03:00:00,2465.2,2483.6,2463.3,2472.8,18288.04,5386
2026-09-01 04:00:00,2472.9,2478.6,2469.0,2470.5,7077.3549,3771
2026-09-01 05:00:00,2471.1,2485.8,2469.5,2485.6,6551.5216,4268
2026-09-01 06:00:00,2485.7,2485.7,2472.4,2472.4,4200.6105,2907
2026-09-01 07:00:00,2472.3,2477.8,2467.6,2473.2,5297.3078,3089
2026-09-01 08:00:00,2473.3,2474.0,2445.1,2447.9,26896.7437,9256
2026-09-01 09:00:00,2448.0,2455.4,2443.3,2452.1,10160.831,4549
2026-09-01 10:00:00,2452.1,2463.1,2448.2,2456.6,7004.4834,4895
2026-09-01 11:00:00,2456.6,2463.6,2452.5,2458.6,4823.6909,4139
2026-09-01 12:00:00,2458.6,2458.9,2437.9,2446.1,8432.9234,6125
2026-09-01 13:00:00,2445.8,2449.6,2428.6,2443.8,19096.7506,10131
2026-09-01 14:00:00,2443.8,2458.0,2441.6,2449.4,22245.6999,7571
2026-09-01 15:00:00,2449.7,2455.0,2435.2,2449.6,16486.0794,6198
2026-09-01 16:00:00,2449.1,2450.0,2420.4,2433.3,26923.1774,8968
2026-09-01 17:00:00,2433.2,2439.5,2417.3,2417.8,15955.1425,5701
2026-09-01 18:00:00,2417.9,2422.4,2383.2,2413.4,94835.6173,23457
2026-09-01 19:00:00,2413.4,2425.6,2412.8,2419.3,30902.0716,9218
2026-09-01 20:00:00,2419.4,2423.9,2413.5,2421.6,14410.6693,6149
2026-09-01 21:00:00,2421.6,2423.5,2400.4,2415.7,21955.5913,7200
2026-09-01 22:00:00,2414.8,2418.8,2406.0,2413.4,4398.1958,3251
2026-09-01 23:00:00,2413.5,2426.9,2411.1,2418.9,5481.8352,3287
2026-09-02 00:00:00,2418.9,2422.9,2406.7,2409.1,5207.9002,3789
2026-09-02 01:00:00,2408.7,2415.4,2387.0,2399.5,42838.8564,10083
2026-09-02 02:00:00,2399.0,2411.0,2394.8,2410.0,18059.8019,5762
2026-09-02 03:00:00,2409.9,2424.4,2408.5,2414.9,12193.8028,5149
2026-09-02 04:00:00,2414.8,2417.0,2406.4,2415.7,18402.5271,4628
2026-09-02 05:00:00,2415.7,2425.2,2409.9,2423.2,8033.4047,3528
2026-09-02 06:00:00,2423.1,2425.6,2416.3,2419.9,7795.7373,3411
