t,open,high,low,close,volume,trades
2025-09-02 06:00:00,110183.0,110599.0,110001.0,110220.0,1568.8076,14008
2025-09-02 08:00:00,110219.0,110726.0,110014.0,110401.0,3109.75007,23785
2025-09-02 10:00:00,110412.0,110454.0,109516.0,109686.0,1806.48122,15907
2025-09-02 12:00:00,109685.0,111300.0,108350.0,111160.0,8973.65393,69797
2025-09-02 14:00:00,111160.0,111752.0,110574.0,110794.0,5536.17527,49480
2025-09-02 16:00:00,110794.0,111099.0,110393.0,110866.0,2943.66817,27698
2025-09-02 18:00:00,110872.0,110920.0,110134.0,110770.0,2958.58928,23735
2025-09-02 20:00:00,110770.0,111536.0,110681.0,111107.0,1959.19916,21135
2025-09-02 22:00:00,111107.0,111261.0,110849.0,111225.0,1020.75117,15452
2025-09-03 00:00:00,111225.0,111770.0,110881.0,111154.0,1526.17424,19389
2025-09-03 02:00:00,111154.0,111462.0,110864.0,111016.0,1052.70643,14379
2025-09-03 04:00:00,111016.0,111130.0,110610.0,110653.0,941.97987,12502
2025-09-03 06:00:00,110652.0,111077.0,110502.0,111077.0,1376.58148,14325
2025-09-03 08:00:00,111077.0,111283.0,110839.0,111283.0,761.10337,12107
2025-09-03 10:00:00,111283.0,111687.0,111130.0,111412.0,943.58725,12554
2025-09-03 12:00:00,111413.0,111900.0,110987.0,111450.0,4246.624,37127
2025-09-03 14:00:00,111450.0,112506.0,111101.0,112208.0,7367.73039,50825
2025-09-03 16:00:00,112207.0,112580.0,111668.0,112294.0,2152.21765,20839
2025-09-03 18:00:00,112295.0,112507.0,111741.0,112186.0,1783.84125,15859
2025-09-03 20:00:00,112186.0,112238.0,111726.0,111957.0,1010.70374,10123
2025-09-03 22:00:00,111957.0,112123.0,111558.0,111670.0,1654.13188,12020
2025-09-04 00:00:00,111670.0,112171.0,111564.0,111916.0,2646.42736,15320
2025-09-04 02:00:00,111917.0,111946.0,111111.0,111112.0,3152.14265,17671
2025-09-04 04:00:00,111122.0,111294.0,110548.0,110650.0,2345.30666,17327
2025-09-04 06:00:00,110650.0,110721.0,110262.0,110447.0,2601.43358,16777
2025-09-04 08:00:00,110448.0,110848.0,110410.0,110803.0,1428.78895,13532
2025-09-04 10:00:00,110803.0,111128.0,110521.0,110787.0,1199.55077,14600
2025-09-04 12:00:00,110788.0,111101.0,110217.0,110465.0,2326.46839,23794
2025-09-04 14:00:00,110465.0,110533.0,109324.0,109530.0,5488.31782,46424
2025-09-04 16:00:00,109530.0,109918.0,109363.0,109786.0,2009.47,23136
2025-09-04 18:00:00,109787.0,110207.0,109699.0,109796.0,1516.62526,18437
2025-09-04 20:00:00,109805.0,110562.0,109759.0,110501.0,1518.22611,15556
2025-09-04 22:00:00,110502.0,111798.0,110488.0,110741.0,3164.1994,26060
2025-09-05 00:00:00,110740.0,111152.0,110456.0,111138.0,1622.67011,16764
2025-09-05 02:00:00,111138.0,111504.0,111059.0,111317.0,1364.52876,15941
2025-09-05 04:00:00,111317.0,111717.0,111151.0,111569.0,677.13017,11429
2025-09-05 06:00:00,111569.0,112980.0,111503.0,112949.0,3442.72435,34198
2025-09-05 08:00:00,112950.0,112975.0,112115.0,112294.0,2479.55642,24140
2025-09-05 10:00:00,112294.0,112550.0,112135.0,112342.0,1110.51808,14931
2025-09-05 12:00:00,112342.0,113400.0,112098.0,113064.0,10322.94498,68512
2025-09-05 14:00:00,113065.0,113065.0,110277.0,110761.0,12073.43324,79886
2025-09-05 16:00:00,110762.0,110965.0,110208.0,110645.0,1799.76648,22199
2025-09-05 18:00:00,110645.0,111570.0,110601.0,111570.0,2780.58727,20047
2025-09-05 20:00:00,111570.0,111694.0,110350.0,110582.0,5687.84817,40072
2025-09-05 22:00:00,110582.0,110906.0,110485.0,110646.0,855.76755,11909
2025-09-06 00:00:00,110649.0,110926.0,110550.0,110868.0,583.3185,9117
2025-09-06 02:00:00,110869.0,111304.0,110721.0,111077.0,587.02236,10071
2025-09-06 04:00:00,111077.0,111086.0,110692.0,110712.0,475.39823,8836
2025-09-06 06:00:00,110712.0,110836.0,110700.0,110829.0,219.97854,5269
2025-09-06 08:00:00,110828.0,110972.0,110689.0,110693.0,313.57628,7214
2025-09-06 10:00:00,110692.0,110874.0,110665.0,110770.0,398.36654,6549
2025-09-06 12:00:00,110770.0,110911.0,110731.0,110900.0,478.06616,7333
2025-09-06 14:00:00,110901.0,110964.0,110313.0,110349.0,1006.404,14371
2025-09-06 16:00:00,110349.0,110369.0,109908.0,110109.0,2169.52528,20128
2025-09-06 18:00:00,110109.0,110243.0,109942.0,109986.0,986.18823,11522
2025-09-06 20:00:00,109986.0,110172.0,109983.0,110163.0,509.04518,6854
2025-09-06 22:00:00,110163.0,110230.0,110028.0,110139.0,566.19369,7937
2025-09-07 00:00:00,110138.0,110546.0,110128.0,110508.0,505.70575,8238
2025-09-07 02:00:00,110508.0,110700.0,110404.0,110582.0,740.98301,6948
2025-09-07 04:00:00,110583.0,110662.0,110428.0,110611.0,301.54609,5298
2025-09-07 06:00:00,110612.0,110888.0,110389.0,110724.0,1569.13932,10494
2025-09-07 08:00:00,110724.0,111318.0,110684.0,111081.0,1249.85348,14841
2025-09-07 10:00:00,111082.0,111264.0,111006.0,111258.0,798.49006,8227
2025-09-07 12:00:00,111258.0,111260.0,110996.0,111162.0,607.72931,7832
2025-09-07 14:00:00,111161.0,111365.0,111000.0,111276.0,785.64581,11882
2025-09-07 16:00:00,111276.0,111344.0,110825.0,110912.0,755.43384,11500
2025-09-07 18:00:00,110913.0,111258.0,110807.0,111218.0,528.02527,12822
2025-09-07 20:00:00,111217.0,111315.0,111003.0,111004.0,593.79391,8145
2025-09-07 22:00:00,111004.0,111560.0,110960.0,111102.0,1050.15335,15608
2025-09-08 00:00:00,111101.0,111259.0,110675.0,110868.0,1432.13691,18221
2025-09-08 02:00:00,110867.0,111359.0,110578.0,110991.0,2515.23627,18385
2025-09-08 04:00:00,110991.0,111171.0,110855.0,110976.0,561.00951,8341
2025-09-08 06:00:00,110977.0,111562.0,110855.0,111215.0,1818.78261,12696
2025-09-08 08:00:00,111216.0,112101.0,111197.0,112101.0,2530.2942,24110
2025-09-08 10:00:00,112100.0,112184.0,111733.0,112041.0,2685.86034,22057
2025-09-08 12:00:00,112042.0,112373.0,111855.0,111893.0,2643.46161,24382
2025-09-08 14:00:00,111894.0,112871.0,111857.0,112593.0,3796.15343,30448
2025-09-08 16:00:00,112594.0,112650.0,112033.0,112167.0,2650.28867,18456
2025-09-08 18:00:00,112167.0,112469.0,111950.0,112014.0,1176.58921,13322
2025-09-08 20:00:00,112009.0,112317.0,111839.0,112309.0,1265.13841,11422
2025-09-08 22:00:00,112310.0,112493.0,111954.0,112035.0,1280.98385,11783
2025-09-09 00:00:00,112035.0,112062.0,111246.0,111356.0,1688.55399,17417
2025-09-09 02:00:00,111356.0,111738.0,111102.0,111695.0,1102.57581,13945
2025-09-09 04:00:00,111695.0,112242.0,111608.0,112194.0,1428.15476,14936
2025-09-09 06:00:00,112194.0,113222.0,112150.0,112967.0,3610.2293,29266
2025-09-09 08:00:00,112967.0,113155.0,112863.0,112938.0,1070.6454,13365
2025-09-09 10:00:00,112938.0,113022.0,112390.0,112412.0,1633.00163,15606
2025-09-09 12:00:00,112413.0,112939.0,112386.0,112757.0,2009.28099,22529
2025-09-09 14:00:00,112757.0,112940.0,110756.0,110895.0,10800.5858,62731
2025-09-09 16:00:00,110896.0,111229.0,110811.0,111065.0,2268.40615,19094
2025-09-09 18:00:00,111066.0,111434.0,110964.0,111359.0,1413.98753,16113
2025-09-09 20:00:00,111358.0,111789.0,111107.0,111317.0,1992.85381,14976
2025-09-09 22:00:00,111317.0,111658.0,111283.0,111563.0,541.28728,9073
2025-09-10 00:00:00,111563.0,111590.0,110939.0,111029.0,1543.36431,15537
2025-09-10 02:00:00,111030.0,111608.0,111030.0,111547.0,842.28639,11580
2025-09-10 04:00:00,111548.0,111713.0,111382.0,111597.0,754.55552,11577
2025-09-10 06:00:00,111598.0,112582.0,111417.0,112548.0,1614.09917,20992
2025-09-10 08:00:00,112548.0,112834.0,112109.0,112290.0,1657.30683,22717
2025-09-10 10:00:00,112291.0,112435.0,112167.0,112332.0,1056.21544,13066
2025-09-10 12:00:00,112333.0,114266.0,112332.0,113911.0,11353.76833,87726
2025-09-10 14:00:00,113919.0,114265.0,113718.0,113831.0,4786.29476,32500
2025-09-10 16:00:00,113832.0,114070.0,113404.0,113743.0,2168.97448,20800
2025-09-10 18:00:00,113742.0,113910.0,113140.0,113584.0,2120.45668,21709
2025-09-10 20:00:00,113583.0,113886.0,113515.0,113809.0,1448.92108,15690
2025-09-10 22:00:00,113810.0,114035.0,113701.0,113954.0,1371.19016,12718
2025-09-11 00:00:00,113955.0,114194.0,113650.0,113904.0,1125.29658,14341
2025-09-11 02:00:00,113905.0,114450.0,113702.0,114408.0,2066.69598,16695
2025-09-11 04:00:00,114408.0,114409.0,113969.0,114267.0,1346.42301,15167
2025-09-11 06:00:00,114266.0,114471.0,113955.0,114083.0,2181.1392,16574
2025-09-11 08:00:00,114082.0,114188.0,113757.0,113879.0,1246.87854,14286
2025-09-11 10:00:00,113879.0,114089.0,113871.0,113999.0,764.40479,10049
2025-09-11 12:00:00,113999.0,114709.0,113421.0,114601.0,7699.27122,63256
2025-09-11 14:00:00,114611.0,114685.0,113928.0,114167.0,2848.8736,31157
2025-09-11 16:00:00,114168.0,114607.0,114167.0,114596.0,1230.81538,15807
2025-09-11 18:00:00,114596.0,114608.0,114102.0,114408.0,1879.24916,18013
2025-09-11 20:00:00,114413.0,114513.0,114239.0,114473.0,837.95368,10310
2025-09-11 22:00:00,114474.0,115498.0,114404.0,115489.0,3697.08983,27681
2025-09-12 00:00:00,115489.0,116409.0,115380.0,115401.0,5143.02615,40735
2025-09-12 02:00:00,115402.0,115689.0,115072.0,115212.0,1825.46799,19002
2025-09-12 04:00:00,115212.0,115700.0,115096.0,115644.0,1806.87066,17194
2025-09-12 06:00:00,115645.0,115645.0,115116.0,115119.0,1295.45691,11799
2025-09-12 08:00:00,115119.0,115313.0,114915.0,115083.0,1552.56344,15287
2025-09-12 10:00:00,115083.0,115200.0,114936.0,114943.0,1108.04432,11590
2025-09-12 12:00:00,114944.0,115246.0,114766.0,115191.0,1864.6003,18884
2025-09-12 14:00:00,115191.0,115500.0,114881.0,115128.0,2590.47426,25040
2025-09-12 16:00:00,115127.0,115940.0,115045.0,115800.0,1770.27061,19902
2025-09-12 18:00:00,115800.0,116643.0,115762.0,116612.0,3237.10604,25068
2025-09-12 20:00:00,116612.0,116613.0,115736.0,115854.0,2289.25695,18713
2025-09-12 22:00:00,115853.0,116345.0,115853.0,116023.0,1477.40494,12928
2025-09-13 00:00:00,116022.0,116288.0,115575.0,115749.0,1247.51402,12500
2025-09-13 02:00:00,115749.0,116014.0,115673.0,115960.0,891.36259,10157
2025-09-13 04:00:00,115961.0,115961.0,115657.0,115737.0,915.79375,9330
2025-09-13 06:00:00,115738.0,115881.0,115659.0,115790.0,520.30016,8259
2025-09-13 08:00:00,115791.0,116080.0,115785.0,116055.0,448.65304,9254
2025-09-13 10:00:00,116055.0,116210.0,115900.0,115984.0,720.10097,10115
2025-09-13 12:00:00,115984.0,116080.0,115642.0,115773.0,726.95288,10042
2025-09-13 14:00:00,115772.0,115961.0,115619.0,115775.0,942.21592,13483
2025-09-13 16:00:00,115776.0,115835.0,115050.0,115575.0,2897.87418,21128
2025-09-13 18:00:00,115575.0,115797.0,115430.0,115794.0,534.33969,7970
2025-09-13 20:00:00,115794.0,115985.0,115791.0,115878.0,1278.19589,9799
2025-09-13 22:00:00,115877.0,115980.0,115810.0,115908.0,353.83827,5589
2025-09-14 00:00:00,115908.0,115997.0,115727.0,115953.0,595.28659,8251
2025-09-14 02:00:00,115954.0,116100.0,115630.0,115669.0,880.66418,8820
2025-09-14 04:00:00,115668.0,115905.0,115441.0,115839.0,1120.74121,8135
2025-09-14 06:00:00,115838.0,115916.0,115675.0,115778.0,339.28608,6248
2025-09-14 08:00:00,115778.0,116139.0,115732.0,116034.0,676.8315,9744
2025-09-14 10:00:00,116033.0,116124.0,115742.0,115790.0,748.80569,11228
2025-09-14 12:00:00,115790.0,115855.0,115191.0,115321.0,2506.87193,18749
2025-09-14 14:00:00,115321.0,115676.0,115119.0,115205.0,1517.18054,19397
2025-09-14 16:00:00,115205.0,115638.0,115149.0,115542.0,1279.72306,11441
2025-09-14 18:00:00,115543.0,115631.0,115306.0,115628.0,578.4295,9489
2025-09-14 20:00:00,115628.0,116098.0,115600.0,116060.0,1103.88755,11411
2025-09-14 22:00:00,116060.0,116086.0,115120.0,115276.0,1644.55323,15929
2025-09-15 00:00:00,115276.0,115288.0,114821.0,115232.0,1612.27754,16795
2025-09-15 02:00:00,115233.0,115600.0,115232.0,115458.0,821.53513,12203
2025-09-15 04:00:00,115457.0,116582.0,115405.0,116551.0,2246.82526,20784
2025-09-15 06:00:00,116551.0,116776.0,115651.0,115838.0,2253.97577,22107
2025-09-15 08:00:00,115839.0,115839.0,114624.0,114879.0,6417.97362,40644
2025-09-15 10:00:00,114879.0,115196.0,114724.0,115061.0,2027.82389,22600
2025-09-15 12:00:00,115056.0,115081.0,114367.0,114660.0,2769.70201,26856
2025-09-15 14:00:00,114661.0,115036.0,114411.0,114867.0,2556.47158,23427
2025-09-15 16:00:00,114861.0,115132.0,114601.0,115131.0,2088.64211,16102
2025-09-15 18:00:00,115131.0,115565.0,114900.0,115296.0,3022.93665,23564
2025-09-15 20:00:00,115296.0,115533.0,115200.0,115500.0,931.09775,10375
2025-09-15 22:00:00,115501.0,115600.0,115208.0,115370.0,894.44578,10709
2025-09-16 00:00:00,115370.0,115546.0,114955.0,115025.0,2007.4916,16601
2025-09-16 02:00:00,115026.0,115444.0,115025.0,115301.0,944.47418,10383
2025-09-16 04:00:00,115302.0,115962.0,114917.0,115952.0,2348.02742,18059
2025-09-16 06:00:00,115953.0,116025.0,115591.0,115839.0,931.08738,12569
2025-09-16 08:00:00,115839.0,115985.0,115438.0,115479.0,838.47829,11708
2025-09-16 10:00:00,115479.0,115600.0,115209.0,115300.0,686.0617,12192
2025-09-16 12:00:00,115300.0,115568.0,114730.0,115229.0,3609.82019,26472
2025-09-16 14:00:00,115229.0,115943.0,114826.0,115938.0,2657.21742,23701
2025-09-16 16:00:00,115937.0,116865.0,115614.0,116454.0,5108.74434,34241
2025-09-16 18:00:00,116453.0,116793.0,116189.0,116775.0,1899.7176,22310
2025-09-16 20:00:00,116776.0,116901.0,116564.0,116784.0,1828.08294,16321
2025-09-16 22:00:00,116784.0,116924.0,116601.0,116761.0,1093.06677,11016
2025-09-17 00:00:00,116761.0,116787.0,116469.0,116620.0,965.40218,12965
2025-09-17 02:00:00,116620.0,117000.0,116305.0,116306.0,2222.65572,18804
2025-09-17 04:00:00,116306.0,117138.0,116090.0,117055.0,2450.20363,24584
2025-09-17 06:00:00,117055.0,117226.0,116908.0,117110.0,1740.07311,19066
2025-09-17 08:00:00,117110.0,117133.0,116515.0,116516.0,1320.84206,15660
2025-09-17 10:00:00,116515.0,116568.0,116208.0,116214.0,1617.47138,13572
2025-09-17 12:00:00,116214.0,116490.0,115841.0,116075.0,2704.98286,21199
2025-09-17 14:00:00,116074.0,116208.0,115403.0,115870.0,3942.30602,38584
2025-09-17 16:00:00,115871.0,116325.0,115345.0,115538.0,3295.55144,33951
2025-09-17 18:00:00,115539.0,116351.0,114798.0,115677.0,14286.58099,95256
2025-09-17 20:00:00,115677.0,116174.0,115343.0,116084.0,1845.05409,20980
2025-09-17 22:00:00,116085.0,117030.0,116084.0,116466.0,3012.95874,28239
2025-09-18 00:00:00,116468.0,116901.0,116105.0,116670.0,2945.65444,22357
2025-09-18 02:00:00,116670.0,117935.0,116442.0,117604.0,4450.7776,32546
2025-09-18 04:00:00,117616.0,117786.0,117224.0,117320.0,3110.78227,22225
2025-09-18 06:00:00,117319.0,117388.0,116925.0,117112.0,1632.28126,20010
2025-09-18 08:00:00,117111.0,117433.0,117038.0,117322.0,1022.44695,19389
2025-09-18 10:00:00,117322.0,117346.0,117027.0,117074.0,1200.52066,17173
2025-09-18 12:00:00,117074.0,117684.0,117000.0,117471.0,3306.47947,28677
2025-09-18 14:00:00,117471.0,117900.0,117363.0,117635.0,3079.23669,24211
2025-09-18 16:00:00,117636.0,117849.0,117460.0,117643.0,1942.10138,19823
2025-09-18 18:00:00,117643.0,117960.0,117195.0,117484.0,3182.39132,20766
2025-09-18 20:00:00,117479.0,117679.0,117291.0,117291.0,1506.43165,15965
2025-09-18 22:00:00,117292.0,117349.0,116664.0,117110.0,1813.11035,17463
2025-09-19 00:00:00,117111.0,117530.0,117059.0,117294.0,2166.05921,17641
2025-09-19 02:00:00,117294.0,117366.0,116906.0,117025.0,1312.99775,14455
2025-09-19 04:00:00,117025.0,117128.0,116746.0,116930.0,1526.16653,14023
2025-09-19 06:00:00,116931.0,117045.0,116652.0,116956.0,664.85147,12113
2025-09-19 08:00:00,116957.0,117141.0,116503.0,116522.0,1275.11798,13151
2025-09-19 10:00:00,116522.0,116595.0,116332.0,116425.0,1309.13153,16813
2025-09-19 12:00:00,116426.0,116578.0,116090.0,116314.0,3148.70296,27110
2025-09-19 14:00:00,116322.0,116531.0,115514.0,115926.0,4308.70061,33179
2025-09-19 16:00:00,115925.0,116200.0,115600.0,115601.0,2601.7977,18752
2025-09-19 18:00:00,115600.0,115700.0,115167.0,115176.0,2625.48274,18210
2025-09-19 20:00:00,115177.0,115594.0,115150.0,115513.0,1482.58474,13724
2025-09-19 22:00:00,115514.0,115699.0,115485.0,115674.0,495.42061,9583
2025-09-20 00:00:00,115675.0,115779.0,115590.0,115668.0,698.96012,9743
2025-09-20 02:00:00,115669.0,115669.0,115414.0,115462.0,1129.69492,12002
2025-09-20 04:00:00,115462.0,115739.0,115430.0,115739.0,350.64136,7980
2025-09-20 06:00:00,115739.0,116000.0,115633.0,115986.0,615.06991,9640
2025-09-20 08:00:00,115986.0,115986.0,115671.0,115690.0,515.46854,9766
2025-09-20 10:00:00,115690.0,115933.0,115690.0,115910.0,563.73585,9398
2025-09-20 12:00:00,115910.0,115978.0,115819.0,115924.0,533.98048,7771
2025-09-20 14:00:00,115925.0,116135.0,115886.0,116000.0,764.29328,11068
2025-09-20 16:00:00,115999.0,116100.0,115809.0,115817.0,750.19986,10017
2025-09-20 18:00:00,115818.0,115818.0,115685.0,115698.0,617.14601,7455
2025-09-20 20:00:00,115698.0,115955.0,115681.0,115795.0,533.4006,7771
2025-09-20 22:00:00,115795.0,115812.0,115620.0,115686.0,399.69465,8689
2025-09-21 00:00:00,115687.0,115735.0,115499.0,115500.0,558.88493,9794
2025-09-21 02:00:00,115499.0,115718.0,115455.0,115671.0,637.17843,10935
2025-09-21 04:00:00,115671.0,115687.0,115494.0,115686.0,456.77573,8538
2025-09-21 06:00:00,115686.0,115842.0,115631.0,115842.0,720.16581,11465
2025-09-21 08:00:00,115842.0,115843.0,115321.0,115671.0,1330.97393,13865
2025-09-21 10:00:00,115671.0,115708.0,115480.0,115594.0,596.20648,10075
2025-09-21 12:00:00,115595.0,115743.0,115595.0,115641.0,444.53973,6912
2025-09-21 14:00:00,115641.0,115697.0,115473.0,115538.0,1142.41518,9255
2025-09-21 16:00:00,115537.0,115673.0,115206.0,115652.0,1433.71954,12342
2025-09-21 18:00:00,115651.0,115688.0,115350.0,115524.0,526.98752,10158
2025-09-21 20:00:00,115524.0,115539.0,115300.0,115451.0,560.0441,8780
2025-09-21 22:00:00,115452.0,115600.0,115226.0,115278.0,839.39438,10183
2025-09-22 00:00:00,115284.0,115430.0,114231.0,114259.0,7136.05515,41169
2025-09-22 02:00:00,114258.0,114622.0,114044.0,114598.0,3559.14212,27015
2025-09-22 04:00:00,114598.0,114598.0,112465.0,113596.0,3263.29814,22066
2025-09-22 06:00:00,113597.0,113626.0,111149.0,112506.0,13174.49997,81138
2025-09-22 08:00:00,112499.0,112773.0,112145.0,112320.0,3306.81795,24292
2025-09-22 10:00:00,112321.0,112900.0,112235.0,112843.0,2452.1608,19406
2025-09-22 12:00:00,112844.0,113159.0,112363.0,113150.0,2997.94939,25605
2025-09-22 14:00:00,113150.0,113435.0,112560.0,112804.0,2816.87509,27482
2025-09-22 16:00:00,112804.0,112869.0,112222.0,112381.0,2029.03173,21855
2025-09-22 18:00:00,112381.0,112801.0,111919.0,112115.0,3504.31081,26954
2025-09-22 20:00:00,112115.0,112984.0,111938.0,112969.0,3046.92206,24348
2025-09-22 22:00:00,112969.0,112969.0,112563.0,112638.0,923.56648,12902
2025-09-23 00:00:00,112639.0,112831.0,112115.0,112118.0,1305.59587,13098
2025-09-23 02:00:00,112118.0,112464.0,111431.0,112329.0,4668.79793,27992
2025-09-23 04:00:00,112330.0,112887.0,111833.0,112644.0,2405.25498,18382
2025-09-23 06:00:00,112645.0,113131.0,112593.0,113092.0,1406.83617,17372
2025-09-23 08:00:00,113093.0,113273.0,112853.0,112926.0,1173.84644,15166
2025-09-23 10:00:00,112926.0,113077.0,112668.0,112953.0,1129.99274,13603
2025-09-23 12:00:00,112953.0,113047.0,112702.0,112932.0,975.02552,17987
2025-09-23 14:00:00,112931.0,113289.0,112455.0,112868.0,2838.23325,23787
2025-09-23 16:00:00,112869.0,112961.0,111858.0,111930.0,3289.78132,28244
2025-09-23 18:00:00,111934.0,112189.0,111518.0,111629.0,3442.43119,30685
2025-09-23 20:00:00,111629.0,112187.0,111414.0,112131.0,2069.95885,18797
2025-09-23 22:00:00,112132.0,112201.0,111840.0,111976.0,757.6257,10735
2025-09-24 00:00:00,111975.0,112500.0,111770.0,112430.0,2104.26689,15033
2025-09-24 02:00:00,112430.0,112476.0,111626.0,111635.0,2568.0283,20269
2025-09-24 04:00:00,111636.0,112647.0,110904.0,112607.0,4930.34558,31120
2025-09-24 06:00:00,112607.0,112761.0,112427.0,112551.0,1300.66108,13245
2025-09-24 08:00:00,112555.0,112817.0,112370.0,112730.0,922.84652,14862
2025-09-24 10:00:00,112729.0,113180.0,112658.0,113025.0,3458.99623,26402
2025-09-24 12:00:00,113024.0,113213.0,112790.0,112796.0,2132.48581,23136
2025-09-24 14:00:00,112795.0,113901.0,112795.0,113342.0,3992.28909,40208
2025-09-24 16:00:00,113345.0,113947.0,113167.0,113749.0,2104.7039,29435
2025-09-24 18:00:00,113749.0,113817.0,113267.0,113408.0,1242.11841,20138
2025-09-24 20:00:00,113411.0,113595.0,113234.0,113307.0,1050.83309,12937
2025-09-24 22:00:00,113308.0,113610.0,113169.0,113277.0,1154.1769,15499
2025-09-25 00:00:00,113277.0,113489.0,112421.0,112627.0,2672.55041,27852
2025-09-25 02:00:00,112628.0,113163.0,112173.0,112547.0,2739.64152,25580
2025-09-25 04:00:00,112538.0,112588.0,111547.0,111693.0,6426.91584,38870
2025-09-25 06:00:00,111693.0,111846.0,111400.0,111724.0,1765.67267,22356
2025-09-25 08:00:00,111724.0,112232.0,111538.0,111538.0,1354.78151,17320
2025-09-25 10:00:00,111539.0,111844.0,111226.0,111306.0,1260.03982,15127
2025-09-25 12:00:00,111306.0,111690.0,110500.0,110978.0,6788.39938,49316
2025-09-25 14:00:00,110978.0,111721.0,110840.0,111562.0,2652.58971,32731
2025-09-25 16:00:00,111563.0,111648.0,108598.0,108778.0,10506.53405,59278
2025-09-25 18:00:00,108778.0,109900.0,108569.0,109306.0,5718.69278,50558
2025-09-25 20:00:00,109306.0,109622.0,108990.0,109356.0,2092.97673,26012
2025-09-25 22:00:00,109357.0,109685.0,108732.0,108962.0,2808.72701,27792
2025-09-26 00:00:00,108963.0,109731.0,108761.0,109662.0,1559.31502,26557
2025-09-26 02:00:00,109662.0,109800.0,109277.0,109557.0,1033.4551,15571
2025-09-26 04:00:00,109557.0,109594.0,109055.0,109224.0,929.30376,12517
2025-09-26 06:00:00,109223.0,109592.0,108885.0,109289.0,873.70992,21133
2025-09-26 08:00:00,109290.0,109680.0,109280.0,109540.0,987.59489,14743
2025-09-26 10:00:00,109541.0,109546.0,108565.0,109074.0,2749.09216,24793
2025-09-26 12:00:00,109075.0,109728.0,108753.0,109628.0,3168.82069,33321
2025-09-26 14:00:00,109627.0,109720.0,108710.0,108963.0,1870.57423,29792
2025-09-26 16:00:00,108963.0,109969.0,108963.0,109854.0,2072.95709,21735
2025-09-26 18:00:00,109854.0,110268.0,108979.0,109142.0,3203.62913,31615
2025-09-26 20:00:00,109141.0,109503.0,109065.0,109441.0,1025.12177,14110
2025-09-26 22:00:00,109441.0,109662.0,109320.0,109614.0,1045.64203,10209
2025-09-27 00:00:00,109615.0,109626.0,109300.0,109401.0,454.0894,8240
2025-09-27 02:00:00,109401.0,109677.0,109278.0,109516.0,782.38996,7617
2025-09-27 04:00:00,109510.0,109688.0,109467.0,109579.0,507.83137,6016
2025-09-27 06:00:00,109580.0,109580.0,109275.0,109349.0,625.67936,6440
2025-09-27 08:00:00,109350.0,109350.0,109060.0,109243.0,719.03409,9354
2025-09-27 10:00:00,109243.0,109441.0,109211.0,109272.0,436.36063,6039
2025-09-27 12:00:00,109273.0,109440.0,109195.0,109265.0,359.20155,6067
2025-09-27 14:00:00,109265.0,109374.0,109144.0,109346.0,395.9368,7852
2025-09-27 16:00:00,109346.0,109368.0,109193.0,109341.0,361.62589,8126
2025-09-27 18:00:00,109332.0,109398.0,109296.0,109378.0,302.48378,5384
2025-09-27 20:00:00,109378.0,109440.0,109310.0,109421.0,459.67873,4610
2025-09-27 22:00:00,109421.0,109669.0,109420.0,109599.0,514.81051,9347
2025-09-28 00:00:00,109600.0,109766.0,109287.0,109308.0,873.33566,12806
2025-09-28 02:00:00,109308.0,109501.0,109295.0,109410.0,300.86287,5997
2025-09-28 04:00:00,109410.0,109445.0,109301.0,109302.0,244.80757,3827
2025-09-28 06:00:00,109302.0,109493.0,109222.0,109464.0,254.2227,5007
2025-09-28 08:00:00,109465.0,109551.0,109272.0,109472.0,483.83376,8056
2025-09-28 10:00:00,109472.0,109472.0,109199.0,109322.0,231.97065,6367
2025-09-28 12:00:00,109322.0,109600.0,109145.0,109580.0,610.1128,11056
2025-09-28 14:00:00,109580.0,109990.0,109455.0,109979.0,1124.64365,13705
2025-09-28 16:00:00,109979.0,110329.0,109942.0,110131.0,1702.7903,19184
2025-09-28 18:00:00,110131.0,110328.0,109986.0,110276.0,1002.10149,11651
2025-09-28 20:00:00,110276.0,110933.0,110234.0,110792.0,3157.18492,20529
2025-09-28 22:00:00,110792.0,112316.0,110792.0,112130.0,5348.3321,40769
2025-09-29 00:00:00,112130.0,112278.0,111680.0,111818.0,1928.67791,21450
2025-09-29 02:00:00,111817.0,111988.0,111531.0,111822.0,1560.25844,16123
2025-09-29 04:00:00,111823.0,111851.0,111508.0,111704.0,599.11498,10891
2025-09-29 06:00:00,111704.0,111819.0,111490.0,111817.0,1471.7818,14116
2025-09-29 08:00:00,111816.0,112400.0,111816.0,112052.0,1217.472,16233
2025-09-29 10:00:00,112052.0,112190.0,111865.0,112068.0,557.77261,12005
2025-09-29 12:00:00,112068.0,113496.0,111847.0,113201.0,4776.8065,37574
2025-09-29 14:00:00,113201.0,114167.0,113181.0,113752.0,3876.65041,37570
2025-09-29 16:00:00,113751.0,114133.0,113408.0,114017.0,2106.43623,23069
2025-09-29 18:00:00,114017.0,114379.0,113822.0,114210.0,1673.84757,22041
2025-09-29 20:00:00,114210.0,114376.0,114035.0,114122.0,1223.37243,17217
2025-09-29 22:00:00,114121.0,114350.0,113976.0,114274.0,596.84198,10823
2025-09-30 00:00:00,114272.0,114778.0,113984.0,114460.0,1996.44085,25353
2025-09-30 02:00:00,114459.0,114545.0,114255.0,114324.0,568.23032,11819
2025-09-30 04:00:00,114324.0,114324.0,113773.0,113845.0,1823.65161,16936
2025-09-30 06:00:00,113845.0,114028.0,113533.0,113654.0,1896.78894,17390
2025-09-30 08:00:00,113653.0,113696.0,112679.0,112720.0,3225.51081,25680
2025-09-30 10:00:00,112721.0,113090.0,112602.0,113024.0,1098.17603,17932
2025-09-30 12:00:00,113023.0,113687.0,112812.0,113379.0,3134.05225,38068
2025-09-30 14:00:00,113380.0,113624.0,112880.0,113072.0,3392.88061,39425
2025-09-30 16:00:00,113073.0,113496.0,112745.0,113205.0,2087.97157,25047
2025-09-30 18:00:00,113205.0,114558.0,113149.0,114330.0,4071.34179,29753
2025-09-30 20:00:00,114335.0,114744.0,114084.0,114119.0,1764.32491,24442
2025-09-30 22:00:00,114119.0,114320.0,113748.0,114036.0,1604.15941,16934
2025-10-01 00:00:00,114037.0,114546.0,113940.0,114541.0,1743.84654,20986
2025-10-01 02:00:00,114541.0,114544.0,114100.0,114162.0,859.58759,17356
2025-10-01 04:00:00,114163.0,114730.0,114132.0,114550.0,2114.66169,25237
2025-10-01 06:00:00,114550.0,114598.0,114210.0,114532.0,837.33743,15785
2025-10-01 08:00:00,114532.0,116604.0,114465.0,116426.0,6167.24321,52736
2025-10-01 10:00:00,116425.0,116832.0,116216.0,116803.0,1777.13207,22130
2025-10-01 12:00:00,116803.0,116882.0,116350.0,116794.0,2171.0848,26478
2025-10-01 14:00:00,116787.0,117641.0,116706.0,117373.0,4613.7064,40993
2025-10-01 16:00:00,117377.0,118187.0,116697.0,116731.0,4866.2638,47486
2025-10-01 18:00:00,116730.0,117590.0,116730.0,117384.0,1593.23041,22829
2025-10-01 20:00:00,117383.0,117548.0,117100.0,117520.0,1302.73125,17327
2025-10-01 22:00:00,117519.0,118619.0,117519.0,118572.0,2753.52768,30313
2025-10-02 00:00:00,118573.0,119430.0,118333.0,118591.0,5573.10169,50345
2025-10-02 02:00:00,118591.0,119035.0,118431.0,118680.0,1388.78318,24950
2025-10-02 04:00:00,118680.0,118879.0,118203.0,118321.0,1940.8524,22927
2025-10-02 06:00:00,118320.0,118638.0,118240.0,118435.0,894.89271,20241
2025-10-02 08:00:00,118435.0,118813.0,118301.0,118806.0,889.94097,17244
2025-10-02 10:00:00,118806.0,118888.0,118481.0,118725.0,1041.94169,16754
2025-10-02 12:00:00,118724.0,119718.0,118696.0,119563.0,3457.24945,45356
2025-10-02 14:00:00,119564.0,119923.0,118470.0,119890.0,4795.07056,56042
2025-10-02 16:00:00,119890.0,120294.0,119322.0,119889.0,4033.40155,44497
2025-10-02 18:00:00,119889.0,121050.0,119887.0,120829.0,4106.94462,52276
2025-10-02 20:00:00,120829.0,120955.0,120120.0,120138.0,2611.83437,32789
2025-10-02 22:00:00,120137.0,120671.0,120036.0,120516.0,1792.96063,24745
2025-10-03 00:00:00,120516.0,120554.0,119790.0,119881.0,1347.42855,23224
2025-10-03 02:00:00,119881.0,120481.0,119857.0,120237.0,1496.45846,20643
2025-10-03 04:00:00,120236.0,120336.0,119773.0,119945.0,977.40224,15854
2025-10-03 06:00:00,119945.0,120098.0,119632.0,119647.0,987.92196,15137
2025-10-03 08:00:00,119647.0,120375.0,119216.0,120313.0,1875.06326,24382
2025-10-03 10:00:00,120312.0,120538.0,120150.0,120363.0,981.2094,17511
2025-10-03 12:00:00,120363.0,120707.0,120113.0,120397.0,1366.85728,30413
2025-10-03 14:00:00,120398.0,122479.0,119901.0,122321.0,6485.94161,60451
2025-10-03 16:00:00,122321.0,123950.0,121651.0,122131.0,14410.21358,104058
2025-10-03 18:00:00,122131.0,123021.0,121525.0,122694.0,3350.03847,47929
2025-10-03 20:00:00,122695.0,122785.0,122037.0,122344.0,1918.15777,25551
2025-10-03 22:00:00,122345.0,122732.0,122228.0,122266.0,838.96506,13359
2025-10-04 00:00:00,122268.0,122347.0,121749.0,121915.0,1270.71644,18191
2025-10-04 02:00:00,121916.0,122369.0,121709.0,122283.0,1356.07934,17897
2025-10-04 04:00:00,122284.0,122853.0,122264.0,122578.0,906.25128,15970
2025-10-04 06:00:00,122578.0,122645.0,122293.0,122364.0,644.44954,12411
2025-10-04 08:00:00,122364.0,122577.0,122220.0,122258.0,855.34152,15617
2025-10-04 10:00:00,122258.0,122366.0,121997.0,122014.0,805.22888,14514
2025-10-04 12:00:00,122014.0,122553.0,122005.0,122436.0,1016.38408,14554
2025-10-04 14:00:00,122436.0,122513.0,121750.0,121844.0,1845.49682,22375
2025-10-04 16:00:00,121844.0,122021.0,121657.0,121808.0,960.19555,17482
2025-10-04 18:00:00,121809.0,122038.0,121500.0,122038.0,952.01541,13442
2025-10-04 20:00:00,122038.0,122426.0,121931.0,122257.0,945.46664,13949
2025-10-04 22:00:00,122257.0,122500.0,122203.0,122455.0,700.10756,9296
2025-10-05 00:00:00,122456.0,122489.0,122200.0,122453.0,695.57288,12182
2025-10-05 02:00:00,122453.0,124449.0,122417.0,123854.0,6509.33579,61268
2025-10-05 04:00:00,123853.0,125913.0,123809.0,125226.0,7033.14284,62192
2025-10-05 06:00:00,125225.0,125335.0,124728.0,124786.0,2973.80653,36829
2025-10-05 08:00:00,124786.0,124944.0,122844.0,123095.0,4745.68164,46937
2025-10-05 10:00:00,123094.0,123644.0,122594.0,123559.0,3071.99985,34463
2025-10-05 12:00:00,123558.0,123559.0,123016.0,123254.0,1462.41446,20200
2025-10-05 14:00:00,123254.0,123435.0,122762.0,122889.0,1592.36682,21435
2025-10-05 16:00:00,122888.0,123550.0,122300.0,123137.0,2415.67803,28523
2025-10-05 18:00:00,123136.0,123305.0,122594.0,122680.0,1697.51365,20679
2025-10-05 20:00:00,122681.0,123140.0,122545.0,122823.0,1543.52776,18331
2025-10-05 22:00:00,122822.0,123623.0,122822.0,123570.0,1850.92347,19922
2025-10-06 00:00:00,123570.0,124462.0,123184.0,124151.0,4701.62344,43329
2025-10-06 02:00:00,124151.0,124339.0,123582.0,123941.0,1264.06726,23610
2025-10-06 04:00:00,123941.0,124089.0,123392.0,123676.0,1304.3747,20793
2025-10-06 06:00:00,123676.0,124283.0,123368.0,123474.0,1908.33921,25895
2025-10-06 08:00:00,123474.0,124170.0,123473.0,124049.0,721.15407,18680
2025-10-06 10:00:00,124048.0,124635.0,123820.0,124314.0,1463.50011,24166
2025-10-06 12:00:00,124314.0,125180.0,124267.0,125127.0,4262.1236,48085
2025-10-06 14:00:00,125127.0,125498.0,124415.0,125084.0,5123.79683,55665
2025-10-06 16:00:00,125083.0,125942.0,124879.0,125384.0,3517.84418,44505
2025-10-06 18:00:00,125383.0,126297.0,125126.0,125503.0,3536.62538,41935
2025-10-06 20:00:00,125504.0,125634.0,124552.0,125167.0,3925.00908,38146
2025-10-06 22:00:00,125167.0,125350.0,124701.0,124711.0,2034.19185,24764
2025-10-07 00:00:00,124711.0,125167.0,124501.0,124768.0,2105.51008,22623
2025-10-07 02:00:00,124767.0,124775.0,124140.0,124363.0,2359.66355,25314
2025-10-07 04:00:00,124362.0,124710.0,124130.0,124455.0,2555.23167,28036
2025-10-07 06:00:00,124454.0,124523.0,123600.0,123727.0,1767.69984,26201
2025-10-07 08:00:00,123726.0,124300.0,123365.0,124164.0,2107.90667,29906
2025-10-07 10:00:00,124164.0,124584.0,124068.0,124521.0,1180.32847,21658
2025-10-07 12:00:00,124522.0,125244.0,123468.0,124001.0,3894.17534,48446
2025-10-07 14:00:00,124001.0,124110.0,121247.0,121971.0,15502.67331,93560
2025-10-07 16:00:00,121974.0,122208.0,120878.0,121177.0,8619.65493,61116
2025-10-07 18:00:00,121177.0,122047.0,120564.0,121677.0,6916.06546,57798
2025-10-07 20:00:00,121678.0,122375.0,121678.0,122084.0,2632.89046,32540
2025-10-07 22:00:00,122084.0,122259.0,121337.0,121401.0,1863.16744,25678
2025-10-08 00:00:00,121400.0,122137.0,121334.0,122013.0,2199.08599,28517
2025-10-08 02:00:00,122014.0,122300.0,121256.0,121424.0,2018.49255,25183
2025-10-08 04:00:00,121425.0,121969.0,121103.0,121437.0,1613.20055,24745
2025-10-08 06:00:00,121436.0,121943.0,121100.0,121655.0,1800.88816,25807
2025-10-08 08:00:00,121655.0,122949.0,121575.0,122611.0,2038.26427,34389
2025-10-08 10:00:00,122612.0,123285.0,122583.0,122959.0,1575.47263,29845
2025-10-08 12:00:00,122959.0,123115.0,121700.0,122669.0,2988.81717,42490
2025-10-08 14:00:00,122669.0,123387.0,122016.0,122242.0,3596.41594,51012
2025-10-08 16:00:00,122243.0,124244.0,122169.0,124105.0,3564.63436,47677
2025-10-08 18:00:00,124106.0,124303.0,123215.0,123523.0,3235.14752,36058
2025-10-08 20:00:00,123514.0,123809.0,122883.0,123356.0,1184.41112,22517
2025-10-08 22:00:00,123356.0,123618.0,123125.0,123385.0,871.00601,15992
2025-10-09 00:00:00,123384.0,123428.0,122363.0,122604.0,2063.93519,26230
2025-10-09 02:00:00,122603.0,122604.0,121497.0,122078.0,3436.96278,34745
2025-10-09 04:00:00,122078.0,122312.0,121817.0,122130.0,1858.26655,23601
2025-10-09 06:00:00,122131.0,122212.0,121743.0,121922.0,1376.49059,21017
2025-10-09 08:00:00,121922.0,121986.0,121131.0,121835.0,4081.38416,37665
2025-10-09 10:00:00,121835.0,122864.0,121673.0,122752.0,1786.82571,27562
2025-10-09 12:00:00,122751.0,123783.0,122269.0,122396.0,4145.15776,53711
2025-10-09 14:00:00,122397.0,122582.0,120696.0,121187.0,7066.0322,72537
2025-10-09 16:00:00,121187.0,121497.0,119526.0,120930.0,11052.91649,92386
2025-10-09 18:00:00,120929.0,121064.0,120325.0,120868.0,3604.24078,40629
2025-10-09 20:00:00,120876.0,121464.0,120784.0,121422.0,1693.54579,24716
2025-10-09 22:00:00,121422.0,121742.0,121301.0,121615.0,1430.03439,20784
2025-10-10 00:00:00,121615.0,121853.0,121452.0,121612.0,1100.36957,24324
2025-10-10 02:00:00,121611.0,121621.0,120780.0,120964.0,3656.0781,35132
2025-10-10 04:00:00,120964.0,121550.0,120908.0,121527.0,1159.88414,23145
2025-10-10 06:00:00,121527.0,121703.0,120811.0,120868.0,2108.64546,23719
2025-10-10 08:00:00,120869.0,121753.0,120869.0,121223.0,2723.46146,25687
2025-10-10 10:00:00,121223.0,121600.0,121154.0,121501.0,1241.94333,21030
2025-10-10 12:00:00,121501.0,122460.0,121306.0,121630.0,2568.55609,40139
2025-10-10 14:00:00,121630.0,122000.0,118411.0,118984.0,14395.87906,113187
2025-10-10 16:00:00,118985.0,119429.0,117535.0,117612.0,10274.82108,87952
2025-10-10 18:00:00,117613.0,117815.0,115804.0,116632.0,12255.74721,91974
2025-10-10 20:00:00,116626.0,117129.0,100837.0,113451.0,36688.1656,291707
2025-10-10 22:00:00,113451.0,114766.0,110477.0,112761.0,11138.36411,162673
2025-10-11 00:00:00,112729.0,113172.0,110949.0,111060.0,5368.9314,53582
2025-10-11 02:00:00,111060.0,113302.0,111042.0,112293.0,3323.10663,39379
2025-10-11 04:00:00,112294.0,112951.0,111660.0,112388.0,3500.81113,29300
2025-10-11 06:00:00,112389.0,112767.0,110051.0,110352.0,3243.74983,50562
2025-10-11 08:00:00,110352.0,111849.0,110116.0,111601.0,1747.96482,44544
2025-10-11 10:00:00,111599.0,112308.0,111581.0,112237.0,981.21859,28905
2025-10-11 12:00:00,112237.0,112487.0,111802.0,112214.0,1387.99835,27054
2025-10-11 14:00:00,112213.0,112347.0,111735.0,111740.0,1313.32489,23450
2025-10-11 16:00:00,111739.0,112154.0,111371.0,111956.0,1485.6524,26197
2025-10-11 18:00:00,111956.0,111991.0,110803.0,111146.0,1438.14999,34523
2025-10-11 20:00:00,111146.0,111299.0,109546.0,110852.0,3310.76107,57435
2025-10-11 22:00:00,110852.0,111249.0,110589.0,110592.0,1042.86055,28009
2025-10-12 00:00:00,110593.0,110626.0,109531.0,109943.0,1964.83808,41553
2025-10-12 02:00:00,109944.0,111298.0,109515.0,110619.0,2491.63135,41339
2025-10-12 04:00:00,110620.0,111887.0,110549.0,111656.0,2504.47701,28288
2025-10-12 06:00:00,111657.0,112097.0,111439.0,111470.0,1123.0074,19166
2025-10-12 08:00:00,111470.0,111840.0,111066.0,111756.0,1103.24715,22095
2025-10-12 10:00:00,111757.0,112050.0,111380.0,111795.0,1010.14017,20892
2025-10-12 12:00:00,111795.0,112175.0,111209.0,111253.0,1679.79626,28961
2025-10-12 14:00:00,111254.0,113720.0,111138.0,113174.0,10255.30564,100645
2025-10-12 16:00:00,113174.0,114709.0,113173.0,113784.0,7102.56657,75944
2025-10-12 18:00:00,113784.0,114388.0,113520.0,114331.0,1443.77154,33929
2025-10-12 20:00:00,114331.0,115591.0,114219.0,114852.0,5085.99919,65056
2025-10-12 22:00:00,114854.0,115793.0,114729.0,114940.0,3549.65315,49442
2025-10-13 00:00:00,114940.0,115912.0,114748.0,115693.0,2007.64341,48202
2025-10-13 02:00:00,115693.0,115963.0,114602.0,114808.0,1843.25807,33282
2025-10-13 04:00:00,114808.0,114982.0,114398.0,114614.0,1494.92173,24030
2025-10-13 06:00:00,114614.0,115582.0,114407.0,115402.0,2081.0402,31792
2025-10-13 08:00:00,115402.0,115441.0,114777.0,115103.0,703.28425,22421
2025-10-13 10:00:00,115103.0,115158.0,113600.0,114153.0,2901.1294,50760
2025-10-13 12:00:00,114153.0,115483.0,113888.0,115302.0,5898.55695,78463
2025-10-13 14:00:00,115302.0,115476.0,113750.0,114264.0,4084.4699,68699
2025-10-13 16:00:00,114267.0,115149.0,114165.0,114988.0,2456.08856,52029
2025-10-13 18:00:00,114988.0,115835.0,114659.0,115749.0,2629.55029,53142
2025-10-13 20:00:00,115748.0,115825.0,115342.0,115657.0,1209.83183,28574
2025-10-13 22:00:00,115658.0,115784.0,114932.0,115124.0,1730.33664,27776
2025-10-14 00:00:00,115124.0,115371.0,114046.0,114199.0,2968.51881,34130
2025-10-14 02:00:00,114198.0,114219.0,113077.0,113427.0,5733.46128,56884
2025-10-14 04:00:00,113428.0,113612.0,112306.0,112426.0,4390.81585,59132
2025-10-14 06:00:00,112425.0,112635.0,111282.0,111649.0,5429.82348,53735
2025-10-14 08:00:00,111648.0,112097.0,111000.0,111227.0,3620.99681,48728
2025-10-14 10:00:00,111227.0,111589.0,110020.0,111261.0,4360.85177,67627
2025-10-14 12:00:00,111263.0,111311.0,109764.0,110972.0,5366.4401,64580
2025-10-14 14:00:00,110971.0,112864.0,110858.0,112848.0,10030.72332,85996
2025-10-14 16:00:00,112847.0,113154.0,111690.0,112854.0,12949.61326,160374
2025-10-14 18:00:00,112854.0,113569.0,112021.0,112580.0,6278.8992,64604
2025-10-14 20:00:00,112579.0,113180.0,112210.0,113101.0,2018.11325,27238
2025-10-14 22:00:00,113101.0,113576.0,112803.0,113020.0,2289.74006,29668
2025-10-15 00:00:00,113020.0,113093.0,112282.0,112693.0,1425.66659,34451
2025-10-15 02:00:00,112693.0,113592.0,111763.0,111990.0,3133.48292,40883
2025-10-15 04:00:00,111990.0,112630.0,111710.0,112395.0,921.54779,26319
2025-10-15 06:00:00,112394.0,112687.0,111835.0,112574.0,1330.5335,27460
2025-10-15 08:00:00,112574.0,113511.0,112387.0,112561.0,2773.86504,37666
2025-10-15 10:00:00,112560.0,112638.0,111662.0,111866.0,1762.59202,28430
2025-10-15 12:00:00,111867.0,112073.0,110665.0,111351.0,4970.01178,57179
2025-10-15 14:00:00,111351.0,112220.0,110364.0,110800.0,7294.38865,70521
2025-10-15 16:00:00,110793.0,111210.0,110164.0,111203.0,4866.97192,53680
2025-10-15 18:00:00,111195.0,111568.0,110831.0,111268.0,2658.56584,41230
2025-10-15 20:00:00,111262.0,111551.0,110451.0,110782.0,6545.11712,51515
2025-10-15 22:00:00,110782.0,111419.0,110561.0,110730.0,2005.18551,24707
2025-10-16 00:00:00,110730.0,111323.0,110321.0,111279.0,1846.44394,27436
2025-10-16 02:00:00,111280.0,111867.0,110998.0,111288.0,2412.43389,27039
2025-10-16 04:00:00,111300.0,111644.0,110698.0,110883.0,1885.99283,23695
2025-10-16 06:00:00,110883.0,111731.0,110526.0,110526.0,2311.58837,31335
2025-10-16 08:00:00,110526.0,111600.0,109503.0,111110.0,3923.20014,51926
2025-10-16 10:00:00,111110.0,111690.0,111014.0,111405.0,1752.00985,30259
2025-10-16 12:00:00,111405.0,112038.0,110672.0,110850.0,2881.5241,47885
2025-10-16 14:00:00,110851.0,111435.0,108297.0,108515.0,9517.19098,98166
2025-10-16 16:00:00,108525.0,109254.0,107539.0,108243.0,8624.45772,102957
2025-10-16 18:00:00,108244.0,108753.0,107657.0,108211.0,5099.83632,69911
2025-10-16 20:00:00,108214.0,108478.0,107450.0,108444.0,2966.0569,39920
2025-10-16 22:00:00,108445.0,108508.0,107727.0,108221.0,2301.50333,26321
2025-10-17 00:00:00,108221.0,109126.0,107960.0,108827.0,1959.74801,31454
2025-10-17 02:00:00,108827.0,109229.0,108400.0,109160.0,1589.03439,26602
2025-10-17 04:00:00,109161.0,109255.0,108278.0,108355.0,1692.70758,24587
2025-10-17 06:00:00,108355.0,108492.0,105500.0,105589.0,8046.85918,118425
2025-10-17 08:00:00,105589.0,105694.0,104499.0,104521.0,5939.36199,90923
2025-10-17 10:00:00,104520.0,106588.0,103498.0,105671.0,7137.33764,98830
2025-10-17 12:00:00,105669.0,106160.0,104866.0,105813.0,4150.85038,73199
2025-10-17 14:00:00,105817.0,106888.0,104513.0,106821.0,6118.01189,81771
2025-10-17 16:00:00,106821.0,107572.0,106071.0,106453.0,4495.11889,65039
2025-10-17 18:00:00,106452.0,107087.0,106208.0,106421.0,1507.83573,38908
2025-10-17 20:00:00,106440.0,107429.0,106337.0,107278.0,2163.23937,29537
2025-10-17 22:00:00,107279.0,107391.0,106341.0,106396.0,1187.84091,22513
2025-10-18 00:00:00,106395.0,107277.0,106303.0,107134.0,1201.50689,24414
2025-10-18 02:00:00,107133.0,107280.0,106459.0,107042.0,1029.18157,22756
2025-10-18 04:00:00,107042.0,107042.0,106398.0,106808.0,707.95005,18609
2025-10-18 06:00:00,106778.0,107496.0,106600.0,106649.0,1343.83498,23570
2025-10-18 08:00:00,106649.0,106951.0,106589.0,106858.0,1014.32364,17940
2025-10-18 10:00:00,106858.0,107189.0,106734.0,107171.0,575.06233,15627
2025-10-18 12:00:00,107172.0,107268.0,106773.0,106852.0,657.09568,19901
2025-10-18 14:00:00,106852.0,107122.0,106694.0,106926.0,867.25844,20198
2025-10-18 16:00:00,106925.0,107034.0,106444.0,106854.0,896.45022,17783
2025-10-18 18:00:00,106854.0,107069.0,106684.0,107062.0,802.26845,12401
2025-10-18 20:00:00,107061.0,107303.0,106818.0,107145.0,1395.81687,16679
2025-10-18 22:00:00,107144.0,107251.0,106974.0,107143.0,463.80862,10572
2025-10-19 00:00:00,107143.0,107212.0,106713.0,106924.0,678.47721,14914
2025-10-19 02:00:00,106924.0,107335.0,106767.0,107215.0,572.75063,14158
2025-10-19 04:00:00,107216.0,107222.0,106769.0,106847.0,442.83128,13221
2025-10-19 06:00:00,106848.0,106860.0,106503.0,106726.0,718.32612,13173
2025-10-19 08:00:00,106725.0,108140.0,106056.0,107344.0,3989.67806,55395
2025-10-19 10:00:00,107345.0,108214.0,106959.0,107735.0,2314.0851,37803
2025-10-19 12:00:00,107735.0,108181.0,107319.0,108038.0,1663.07189,28905
2025-10-19 14:00:00,108038.0,108586.0,107836.0,108435.0,1851.32602,33733
2025-10-19 16:00:00,108436.0,109400.0,108179.0,109061.0,1912.79477,37191
2025-10-19 18:00:00,109062.0,109407.0,108726.0,108841.0,2805.63191,31690
2025-10-19 20:00:00,108841.0,108926.0,108538.0,108678.0,987.54116,20220
2025-10-19 22:00:00,108678.0,109300.0,108295.0,108591.0,2236.46719,30981
2025-10-20 00:00:00,108590.0,108591.0,107365.0,107995.0,3522.42157,45755
2025-10-20 02:00:00,107995.0,110411.0,107782.0,110100.0,3926.32048,42623
2025-10-20 04:00:00,110101.0,111155.0,109908.0,111011.0,5390.5229,55578
2025-10-20 06:00:00,111011.0,111399.0,110988.0,111161.0,2274.88892,42030
2025-10-20 08:00:00,111160.0,111679.0,110686.0,110955.0,1830.51854,33808
2025-10-20 10:00:00,110954.0,111093.0,110616.0,110996.0,1055.57756,27215
2025-10-20 12:00:00,110996.0,111189.0,110514.0,111121.0,2373.74097,37589
2025-10-20 14:00:00,111121.0,111662.0,110701.0,111100.0,3434.76813,43628
2025-10-20 16:00:00,111099.0,111256.0,109798.0,110221.0,6166.88012,74112
2025-10-20 18:00:00,110222.0,111033.0,110162.0,110753.0,2383.84663,33173
2025-10-20 20:00:00,110753.0,111219.0,110400.0,110513.0,1848.62727,27297
2025-10-20 22:00:00,110513.0,110845.0,110360.0,110479.0,1078.32039,17728
2025-10-21 00:00:00,110480.0,110482.0,109450.0,109802.0,1687.11796,26942
2025-10-21 02:00:00,109802.0,109865.0,108994.0,109008.0,2255.63098,32089
2025-10-21 04:00:00,109008.0,109008.0,107398.0,107466.0,6449.31104,68624
2025-10-21 06:00:00,107467.0,108168.0,107436.0,108019.0,2715.61791,33549
2025-10-21 08:00:00,108019.0,108041.0,107411.0,107704.0,2155.57656,29520
2025-10-21 10:00:00,107705.0,108807.0,107530.0,108565.0,3498.24012,41000
2025-10-21 12:00:00,108566.0,109503.0,107786.0,108388.0,6069.65523,73056
2025-10-21 14:00:00,108391.0,113537.0,108391.0,113386.0,16374.0259,137761
2025-10-21 16:00:00,113386.0,114244.0,111694.0,111954.0,11494.83829,114934
2025-10-21 18:00:00,111954.0,112254.0,111238.0,111729.0,4745.66058,55276
2025-10-21 20:00:00,111731.0,111756.0,110045.0,110764.0,6905.31562,78641
2025-10-21 22:00:00,110763.0,110763.0,107998.0,108245.0,8943.68723,84787
2025-10-22 00:00:00,108246.0,108575.0,107800.0,108332.0,5158.42163,52197
2025-10-22 02:00:00,108332.0,108649.0,107833.0,108160.0,1807.97575,29599
2025-10-22 04:00:00,108160.0,108602.0,107845.0,108138.0,1447.48296,27931
2025-10-22 06:00:00,108138.0,108300.0,107565.0,108289.0,2530.86803,33072
2025-10-22 08:00:00,108288.0,108326.0,107715.0,107900.0,2061.90024,25077
2025-10-22 10:00:00,107906.0,108237.0,106400.0,107502.0,6377.46463,58697
2025-10-22 12:00:00,107502.0,108990.0,107392.0,108771.0,7633.79033,66311
2025-10-22 14:00:00,108771.0,109132.0,107502.0,108391.0,14350.76758,121053
2025-10-22 16:00:00,108390.0,108770.0,107576.0,107788.0,5926.09172,64391
2025-10-22 18:00:00,107788.0,108347.0,107448.0,107840.0,5686.45042,56535
2025-10-22 20:00:00,107821.0,108018.0,106685.0,107163.0,5791.26172,56231
2025-10-22 22:00:00,107162.0,107932.0,106892.0,107528.0,5410.57079,42424
2025-10-23 00:00:00,107528.0,108789.0,107458.0,108159.0,4937.64842,46971
2025-10-23 02:00:00,108158.0,108731.0,108101.0,108377.0,1968.95337,39772
2025-10-23 04:00:00,108377.0,109000.0,108356.0,108958.0,1616.92834,20256
2025-10-23 06:00:00,108960.0,110333.0,108866.0,109289.0,5196.87582,55848
2025-10-23 08:00:00,109289.0,109915.0,109075.0,109445.0,2361.6537,32943
2025-10-23 10:00:00,109446.0,109736.0,109089.0,109263.0,2506.86243,29270
2025-10-23 12:00:00,109264.0,109649.0,108700.0,109535.0,3020.49151,47515
2025-10-23 14:00:00,109536.0,110130.0,108800.0,109910.0,4347.52619,58358
2025-10-23 16:00:00,109909.0,111300.0,109653.0,111257.0,4515.96621,54931
2025-10-23 18:00:00,111259.0,111332.0,110110.0,110233.0,4581.17607,42475
2025-10-23 20:00:00,110234.0,110234.0,109335.0,109524.0,3734.72082,38087
2025-10-23 22:00:00,109525.0,110140.0,109506.0,110063.0,1447.09432,28436
2025-10-24 00:00:00,110062.0,110686.0,109980.0,110577.0,1789.8561,31766
2025-10-24 02:00:00,110578.0,110815.0,110233.0,110430.0,1201.23548,24111
2025-10-24 04:00:00,110430.0,111500.0,110325.0,111245.0,2224.9777,35773
2025-10-24 06:00:00,111244.0,111556.0,110778.0,111072.0,1457.74222,28572
2025-10-24 08:00:00,111071.0,111508.0,110728.0,111341.0,1412.4819,29515
2025-10-24 10:00:00,111341.0,111343.0,110630.0,111100.0,2366.05304,28904
2025-10-24 12:00:00,111099.0,112142.0,110413.0,110992.0,4966.99537,73932
2025-10-24 14:00:00,110992.0,110993.0,109800.0,110109.0,5547.94884,70751
2025-10-24 16:00:00,110110.0,110657.0,109851.0,110297.0,2408.30377,32369
2025-10-24 18:00:00,110298.0,111001.0,110226.0,110659.0,1398.14659,41059
2025-10-24 20:00:00,110659.0,111159.0,110519.0,111141.0,1213.06576,22380
2025-10-24 22:00:00,111141.0,111200.0,110928.0,111060.0,1176.31956,14288
2025-10-25 00:00:00,111060.0,111267.0,110704.0,111114.0,1132.57218,18449
2025-10-25 02:00:00,111114.0,111182.0,110986.0,111057.0,472.88717,11689
2025-10-25 04:00:00,111058.0,111494.0,111057.0,111432.0,795.52686,16416
2025-10-25 06:00:00,111432.0,111888.0,111299.0,111551.0,1405.84848,22397
2025-10-25 08:00:00,111552.0,111888.0,111525.0,111578.0,1044.44403,19131
2025-10-25 10:00:00,111578.0,111801.0,111444.0,111635.0,880.32034,15180
2025-10-25 12:00:00,111635.0,112000.0,111554.0,111725.0,1298.99203,20024
2025-10-25 14:00:00,111726.0,111806.0,111325.0,111396.0,1426.11538,21000
2025-10-25 16:00:00,111396.0,111549.0,111150.0,111402.0,1303.45926,19346
2025-10-25 18:00:00,111403.0,111772.0,111330.0,111669.0,1158.62657,16559
2025-10-25 20:00:00,111669.0,111701.0,111369.0,111516.0,765.091,13206
2025-10-25 22:00:00,111516.0,111730.0,111438.0,111683.0,465.59343,11930
2025-10-26 00:00:00,111683.0,111934.0,111554.0,111690.0,908.72823,18445
2025-10-26 02:00:00,111690.0,111731.0,111266.0,111271.0,986.78151,15514
2025-10-26 04:00:00,111272.0,111670.0,111269.0,111625.0,599.83763,10508
2025-10-26 06:00:00,111626.0,111756.0,111553.0,111756.0,482.9883,7954
2025-10-26 08:00:00,111755.0,112846.0,111730.0,112564.0,2452.07782,31669
2025-10-26 10:00:00,112565.0,113515.0,112231.0,113309.0,1925.83648,26703
2025-10-26 12:00:00,113310.0,114145.0,113310.0,113749.0,2927.62911,41426
2025-10-26 14:00:00,113750.0,113931.0,113460.0,113734.0,1684.43711,24478
2025-10-26 16:00:00,113734.0,113800.0,113311.0,113470.0,1725.84627,25141
2025-10-26 18:00:00,113470.0,113892.0,113469.0,113637.0,2024.14013,19351
2025-10-26 20:00:00,113637.0,113659.0,112898.0,113521.0,2161.49078,23099
2025-10-26 22:00:00,113521.0,115777.0,113521.0,114601.0,5795.53768,54413
2025-10-27 00:00:00,114600.0,115481.0,114380.0,115354.0,2644.91259,35188
2025-10-27 02:00:00,115355.0,115540.0,114901.0,115050.0,1526.27111,22367
2025-10-27 04:00:00,115051.0,115800.0,115046.0,115635.0,1330.52724,20768
2025-10-27 06:00:00,115635.0,116475.0,115431.0,115566.0,3301.06724,40172
2025-10-27 08:00:00,115567.0,115618.0,114850.0,115280.0,1950.81468,41338
2025-10-27 10:00:00,115288.0,115600.0,115151.0,115377.0,1326.58912,22741
2025-10-27 12:00:00,115378.0,115529.0,114612.0,115312.0,3115.02864,35554
2025-10-27 14:00:00,115312.0,115400.0,114527.0,114992.0,3460.76128,40165
2025-10-27 16:00:00,114993.0,115757.0,114886.0,115751.0,1715.13565,29365
2025-10-27 18:00:00,115745.0,115834.0,114800.0,114960.0,2256.9306,25147
2025-10-27 20:00:00,114961.0,114970.0,114131.0,114315.0,2730.64984,29115
2025-10-27 22:00:00,114314.0,114617.0,113824.0,114111.0,2254.36104,34791
2025-10-28 00:00:00,114110.0,114544.0,113774.0,114418.0,2041.22198,29232
2025-10-28 02:00:00,114420.0,114481.0,113564.0,113903.0,2095.48636,34882
2025-10-28 04:00:00,113904.0,114085.0,113486.0,113600.0,1260.72033,23706
2025-10-28 06:00:00,113600.0,114352.0,113600.0,114170.0,1200.87862,22257
2025-10-28 08:00:00,114170.0,114620.0,114106.0,114515.0,1052.5485,21975
2025-10-28 10:00:00,114515.0,114658.0,114309.0,114350.0,1303.26757,19201
2025-10-28 12:00:00,114351.0,115551.0,114150.0,115551.0,3371.39724,53224
2025-10-28 14:00:00,115551.0,116129.0,114199.0,114640.0,6942.32338,83642
2025-10-28 16:00:00,114641.0,115601.0,114499.0,115300.0,2094.07477,40572
2025-10-28 18:00:00,115301.0,115374.0,113477.0,113694.0,4845.8536,58021
2025-10-28 20:00:00,113703.0,113716.0,112189.0,112964.0,10985.66604,97293
2025-10-28 22:00:00,112963.0,113273.0,112708.0,112864.0,1620.49908,32311
2025-10-29 00:00:00,112864.0,112927.0,112048.0,112472.0,2407.38702,41937
2025-10-29 02:00:00,112472.0,112765.0,112300.0,112502.0,931.35774,22661
2025-10-29 04:00:00,112503.0,113356.0,112470.0,113020.0,1332.99837,27226
2025-10-29 06:00:00,113019.0,113570.0,112950.0,113569.0,1252.23552,24118
2025-10-29 08:00:00,113569.0,113627.0,112752.0,112976.0,1103.34489,32015
2025-10-29 10:00:00,112977.0,113247.0,112705.0,113134.0,998.3835,23620
2025-10-29 12:00:00,113134.0,113617.0,112662.0,112862.0,1732.72982,36622
2025-10-29 14:00:00,112861.0,112901.0,111400.0,111510.0,5520.79309,72258
2025-10-29 16:00:00,111510.0,111927.0,110969.0,111839.0,4417.49557,66606
2025-10-29 18:00:00,111869.0,112024.0,109305.0,110675.0,15346.27849,164316
2025-10-29 20:00:00,110681.0,111872.0,110468.0,111684.0,3209.14298,37570
2025-10-29 22:00:00,111684.0,111693.0,109810.0,110102.0,2986.35387,40539
2025-10-30 00:00:00,110102.0,110807.0,109777.0,110537.0,2171.86114,40637
2025-10-30 02:00:00,110538.0,111091.0,110416.0,110833.0,2726.14405,34712
2025-10-30 04:00:00,110833.0,110833.0,107988.0,110303.0,10012.91667,102684
2025-10-30 06:00:00,110303.0,111673.0,110033.0,111430.0,3574.47961,42915
2025-10-30 08:00:00,111430.0,111511.0,110184.0,110237.0,1856.36132,33222
2025-10-30 10:00:00,110237.0,110288.0,109736.0,109784.0,1910.5911,37642
2025-10-30 12:00:00,109775.0,109835.0,107415.0,107663.0,9416.26388,112780
2025-10-30 14:00:00,107664.0,108435.0,107310.0,107752.0,4648.88046,73422
2025-10-30 16:00:00,107753.0,108292.0,106773.0,107499.0,6127.11205,84956
2025-10-30 18:00:00,107500.0,107580.0,106300.0,106526.0,6385.90639,88981
2025-10-30 20:00:00,106526.0,107981.0,106282.0,107944.0,3638.00971,53367
2025-10-30 22:00:00,107944.0,108394.0,107490.0,108360.0,1837.3975,37184
2025-10-31 00:00:00,108361.0,110083.0,108321.0,109658.0,3346.5202,65271
2025-10-31 02:00:00,109658.0,109728.0,108543.0,109241.0,3991.38785,56986
2025-10-31 04:00:00,109241.0,110259.0,109114.0,109901.0,2292.74195,47790
2025-10-31 06:00:00,109901.0,109973.0,109256.0,109450.0,1086.79681,35995
2025-10-31 08:00:00,109450.0,110474.0,109213.0,109874.0,2432.01684,43201
2025-10-31 10:00:00,109875.0,110544.0,109476.0,110447.0,1841.94873,37045
2025-10-31 12:00:00,110447.0,110708.0,109379.0,110141.0,3256.25073,58729
2025-10-31 14:00:00,110143.0,111170.0,109579.0,110199.0,3793.05531,78415
2025-10-31 16:00:00,110198.0,110280.0,108601.0,109300.0,5216.52456,74792
2025-10-31 18:00:00,109301.0,110233.0,108960.0,109820.0,2692.94194,52137
2025-10-31 20:00:00,109821.0,109832.0,109315.0,109553.0,1852.55859,30236
2025-10-31 22:00:00,109553.0,109810.0,109480.0,109587.0,912.10639,17016
2025-11-01 00:00:00,109587.0,110049.0,109378.0,109712.0,980.22565,20132
2025-11-01 02:00:00,109712.0,110292.0,109451.0,110237.0,1219.4166,23544
2025-11-01 04:00:00,110237.0,110569.0,110044.0,110140.0,1233.84898,24495
2025-11-01 06:00:00,110136.0,110259.0,109943.0,110076.0,513.56479,15975
2025-11-01 08:00:00,110076.0,110291.0,109971.0,109990.0,472.19822,14620
2025-11-01 10:00:00,109990.0,110251.0,109841.0,110141.0,544.4826,12980
2025-11-01 12:00:00,110142.0,110200.0,109729.0,109955.0,469.53953,13555
2025-11-01 14:00:00,109955.0,110361.0,109731.0,110308.0,1196.57731,20053
2025-11-01 16:00:00,110308.0,110540.0,110199.0,110226.0,878.41215,20656
2025-11-01 18:00:00,110224.0,110383.0,110203.0,110322.0,458.51316,11973
2025-11-01 20:00:00,110322.0,110536.0,109874.0,109874.0,717.78225,15787
2025-11-01 22:00:00,109875.0,110166.0,109874.0,110120.0,730.4351,13536
2025-11-02 00:00:00,110120.0,110160.0,109896.0,109981.0,408.31693,11868
2025-11-02 02:00:00,109982.0,110279.0,109896.0,110060.0,384.16822,11854
2025-11-02 04:00:00,110061.0,110785.0,110034.0,110523.0,746.50292,20804
2025-11-02 06:00:00,110523.0,111048.0,110277.0,110896.0,882.62663,19595
2025-11-02 08:00:00,110897.0,111070.0,110514.0,110708.0,865.92557,21827
2025-11-02 10:00:00,110709.0,111228.0,110341.0,111192.0,1995.67923,22035
2025-11-02 12:00:00,111192.0,111255.0,110157.0,110546.0,1610.47421,27110
2025-11-02 14:00:00,110546.0,110653.0,110073.0,110092.0,1504.19764,29632
2025-11-02 16:00:00,110092.0,110235.0,109697.0,110164.0,1887.27257,29626
2025-11-02 18:00:00,110155.0,110327.0,109919.0,110140.0,1075.04153,18156
2025-11-02 20:00:00,110139.0,110184.0,109845.0,109964.0,860.97657,15660
2025-11-02 22:00:00,109964.0,110718.0,109409.0,110529.0,2008.36772,34559
2025-11-03 00:00:00,110528.0,110735.0,109316.0,109650.0,2718.06107,35351
2025-11-03 02:00:00,109651.0,109723.0,107842.0,107884.0,5678.52324,68442
2025-11-03 04:00:00,107889.0,108006.0,107329.0,107567.0,3765.5134,49197
2025-11-03 06:00:00,107566.0,107791.0,106969.0,107456.0,3206.40178,47861
2025-11-03 08:00:00,107455.0,107889.0,106977.0,107179.0,1860.35698,39626
2025-11-03 10:00:00,107179.0,107911.0,106680.0,107782.0,1682.4295,37895
2025-11-03 12:00:00,107781.0,108248.0,107544.0,107897.0,1956.78249,39945
2025-11-03 14:00:00,107896.0,108318.0,105240.0,105676.0,11777.33158,142458
2025-11-03 16:00:00,105675.0,107759.0,105248.0,107443.0,7816.95698,101579
2025-11-03 18:00:00,107443.0,107556.0,106373.0,107037.0,2778.14451,52368
2025-11-03 20:00:00,107037.0,107119.0,106020.0,106843.0,3808.35024,57459
2025-11-03 22:00:00,106843.0,106843.0,105741.0,106527.0,2990.78094,42862
2025-11-04 00:00:00,106528.0,107242.0,105810.0,106989.0,3754.34339,50896
2025-11-04 02:00:00,106989.0,107194.0,106149.0,107109.0,2305.66079,38254
2025-11-04 04:00:00,107109.0,107247.0,104133.0,104174.0,5827.07015,72162
2025-11-04 06:00:00,104173.0,105170.0,104132.0,104439.0,4391.7225,63828
2025-11-04 08:00:00,104440.0,104626.0,103582.0,103807.0,4891.11089,72105
2025-11-04 10:00:00,103808.0,104667.0,103547.0,104556.0,3227.81903,58736
2025-11-04 12:00:00,104555.0,104602.0,103569.0,103900.0,3537.25604,59860
2025-11-04 14:00:00,103900.0,104816.0,102899.0,103159.0,8020.2871,123381
2025-11-04 16:00:00,103161.0,103486.0,100730.0,101077.0,11144.51919,137485
2025-11-04 18:00:00,101077.0,101701.0,99970.0,100506.0,10642.6818,122422
2025-11-04 20:00:00,100506.0,101084.0,98895.0,100283.0,14157.90328,134997
2025-11-04 22:00:00,100282.0,101881.0,100029.0,101460.0,5782.62813,65567
2025-11-05 00:00:00,101462.0,101728.0,98927.0,100700.0,5645.72147,90973
2025-11-05 02:00:00,100700.0,102269.0,100700.0,102137.0,4254.23808,89614
2025-11-05 04:00:00,102143.0,102372.0,101523.0,101819.0,2268.6803,56490
2025-11-05 06:00:00,101819.0,102158.0,101477.0,101994.0,2799.03621,50227
2025-11-05 08:00:00,101994.0,102217.0,101168.0,101982.0,2111.50449,51672
2025-11-05 10:00:00,101982.0,102111.0,101294.0,102074.0,1817.45,41142
2025-11-05 12:00:00,102074.0,103280.0,101896.0,102990.0,4047.13898,65824
2025-11-05 14:00:00,102990.0,103815.0,102250.0,103751.0,4471.89013,77512
2025-11-05 16:00:00,103751.0,104067.0,103085.0,103936.0,2818.83298,50913
2025-11-05 18:00:00,103935.0,104582.0,103786.0,104043.0,2885.78778,40159
2025-11-05 20:00:00,104043.0,104570.0,103540.0,103695.0,1938.17912,39605
2025-11-05 22:00:00,103696.0,104139.0,103315.0,103925.0,1639.2262,27365
2025-11-06 00:00:00,103925.0,103925.0,102785.0,103407.0,3479.94261,32333
2025-11-06 02:00:00,103405.0,103984.0,102871.0,103681.0,1270.64904,28019
2025-11-06 04:00:00,103680.0,104236.0,103093.0,103138.0,2008.30258,32162
2025-11-06 06:00:00,103138.0,103612.0,102911.0,103192.0,1202.31582,36463
2025-11-06 08:00:00,103192.0,103445.0,102759.0,102776.0,1996.07675,43567
2025-11-06 10:00:00,102774.0,103278.0,102595.0,103206.0,2088.27881,42171
2025-11-06 12:00:00,103205.0,103629.0,102356.0,103300.0,4742.41704,53503
2025-11-06 14:00:00,103300.0,103573.0,101537.0,101992.0,8314.22798,98253
2025-11-06 16:00:00,101992.0,102350.0,100191.0,101765.0,13812.0289,139668
2025-11-06 18:00:00,101762.0,102320.0,100862.0,101354.0,4096.40078,57880
2025-11-06 20:00:00,101354.0,101600.0,100468.0,101087.0,3933.97444,46268
2025-11-06 22:00:00,101088.0,101492.0,100973.0,101313.0,1803.95788,31429
2025-11-07 00:00:00,101312.0,101846.0,100700.0,101502.0,2962.6871,53893
2025-11-07 02:00:00,101502.0,102312.0,101201.0,101869.0,2267.42491,37678
2025-11-07 04:00:00,101869.0,102490.0,101550.0,102416.0,2183.98095,29994
2025-11-07 06:00:00,102417.0,102450.0,101611.0,101997.0,1023.27704,22271
2025-11-07 08:00:00,101997.0,102028.0,100775.0,100994.0,2211.7875,33334
2025-11-07 10:00:00,100994.0,101220.0,99737.0,100401.0,5475.60057,58312
2025-11-07 12:00:00,100398.0,100599.0,99237.0,100280.0,6134.18505,64909
2025-11-07 14:00:00,100273.0,101245.0,99502.0,100773.0,7894.56281,92058
2025-11-07 16:00:00,100774.0,102730.0,100466.0,102386.0,6921.93242,91505
2025-11-07 18:00:00,102386.0,103381.0,102239.0,103380.0,4934.9582,64270
2025-11-07 20:00:00,103381.0,103877.0,102937.0,103866.0,3358.45481,48534
2025-11-07 22:00:00,103866.0,104124.0,103290.0,103300.0,2091.82498,28457
2025-11-08 00:00:00,103301.0,103367.0,102521.0,102947.0,2425.68632,32558
2025-11-08 02:00:00,102948.0,103304.0,102497.0,102531.0,3115.13815,29282
2025-11-08 04:00:00,102531.0,102771.0,102233.0,102246.0,1492.63444,23862
2025-11-08 06:00:00,102245.0,102473.0,101867.0,102312.0,1914.73633,24993
2025-11-08 08:00:00,102311.0,102637.0,102093.0,102341.0,1646.13315,22070
2025-11-08 10:00:00,102342.0,102592.0,101691.0,101813.0,1154.22492,21508
2025-11-08 12:00:00,101813.0,102145.0,101676.0,101766.0,1538.12229,25926
2025-11-08 14:00:00,101767.0,102052.0,101428.0,101676.0,2085.73225,31040
2025-11-08 16:00:00,101676.0,101972.0,101477.0,101953.0,1089.21305,21583
2025-11-08 18:00:00,101953.0,102200.0,101465.0,101943.0,1886.72199,22263
2025-11-08 20:00:00,101942.0,102328.0,101909.0,102229.0,855.60327,14822
2025-11-08 22:00:00,102230.0,102445.0,102140.0,102269.0,576.22715,12288
2025-11-09 00:00:00,102269.0,102302.0,101540.0,101996.0,2063.21982,25803
2025-11-09 02:00:00,101995.0,101996.0,101340.0,101620.0,1427.88136,25169
2025-11-09 04:00:00,101621.0,102082.0,101589.0,101884.0,696.90116,18768
2025-11-09 06:00:00,101884.0,101925.0,101640.0,101898.0,590.41589,15241
2025-11-09 08:00:00,101898.0,102078.0,101600.0,101618.0,790.19744,17759
2025-11-09 10:00:00,101618.0,102274.0,101464.0,102182.0,1039.37829,22049
2025-11-09 12:00:00,102181.0,102965.0,102003.0,102873.0,1219.11872,28656
2025-11-09 14:00:00,102873.0,104174.0,102721.0,103752.0,4636.51501,73061
2025-11-09 16:00:00,103749.0,103969.0,103308.0,103634.0,2745.66567,41940
2025-11-09 18:00:00,103634.0,104861.0,103498.0,104813.0,3115.49337,50467
2025-11-09 20:00:00,104814.0,105140.0,104302.0,104531.0,2496.76402,43864
2025-11-09 22:00:00,104531.0,105521.0,104105.0,104753.0,3957.37219,56960
2025-11-10 00:00:00,104748.0,106703.0,104291.0,105742.0,5329.04169,76393
2025-11-10 02:00:00,105742.0,106335.0,105628.0,106062.0,1678.38857,38046
2025-11-10 04:00:00,106062.0,106532.0,105890.0,106117.0,1586.06262,30634
2025-11-10 06:00:00,106118.0,106576.0,105980.0,106500.0,1162.64443,28793
2025-11-10 08:00:00,106501.0,106635.0,105876.0,106469.0,1624.30368,33011
2025-11-10 10:00:00,106470.0,106485.0,105979.0,106210.0,1271.6275,25137
2025-11-10 12:00:00,106211.0,106628.0,105886.0,106577.0,2451.00734,41411
2025-11-10 14:00:00,106578.0,106578.0,104610.0,105081.0,9380.33269,96400
2025-11-10 16:00:00,105082.0,106019.0,104800.0,105973.0,2651.68316,47496
2025-11-10 18:00:00,105974.0,106119.0,105426.0,105838.0,2233.95588,31302
2025-11-10 20:00:00,105840.0,106333.0,105246.0,105629.0,2920.56215,36535
2025-11-10 22:00:00,105629.0,106306.0,105358.0,106015.0,1807.63975,29563
2025-11-11 00:00:00,106016.0,107519.0,105522.0,106094.0,3896.79034,62310
2025-11-11 02:00:00,106094.0,107166.0,105604.0,106452.0,3949.02457,57882
2025-11-11 04:00:00,106452.0,106544.0,105066.0,105221.0,2465.93611,44161
2025-11-11 06:00:00,105221.0,105314.0,104699.0,104745.0,1689.6541,42421
2025-11-11 08:00:00,104744.0,105443.0,104730.0,104939.0,1250.98236,32407
2025-11-11 10:00:00,104939.0,105480.0,104877.0,105280.0,1016.02394,28087
2025-11-11 12:00:00,105281.0,105468.0,104212.0,104366.0,3147.10476,51740
2025-11-11 14:00:00,104368.0,104644.0,103163.0,103455.0,5151.14731,69516
2025-11-11 16:00:00,103455.0,103730.0,102794.0,103313.0,3824.67429,47977
2025-11-11 18:00:00,103313.0,103550.0,102880.0,103095.0,2695.72138,34963
2025-11-11 20:00:00,103096.0,103201.0,102455.0,102611.0,2912.07985,40526
2025-11-11 22:00:00,102610.0,103181.0,102454.0,103034.0,2925.64333,38739
2025-11-12 00:00:00,103033.0,103356.0,102642.0,103229.0,2087.60612,39610
2025-11-12 02:00:00,103229.0,103439.0,102912.0,103295.0,1235.23667,28365
2025-11-12 04:00:00,103295.0,103463.0,102987.0,103393.0,1011.23311,24878
2025-11-12 06:00:00,103393.0,103648.0,103043.0,103110.0,904.38733,24671
2025-11-12 08:00:00,103110.0,105062.0,103110.0,104506.0,1966.26285,44957
2025-11-12 10:00:00,104505.0,105198.0,104493.0,104994.0,1440.0217,33582
2025-11-12 12:00:00,104993.0,105299.0,104633.0,105019.0,1472.17296,34862
2025-11-12 14:00:00,105018.0,105018.0,101889.0,102169.0,7187.77185,88766
2025-11-12 16:00:00,102168.0,102281.0,101285.0,101727.0,6421.50889,72631
2025-11-12 18:00:00,101727.0,101931.0,100729.0,101249.0,3819.39733,40552
2025-11-12 20:00:00,101250.0,101907.0,101077.0,101895.0,2270.60739,31154
2025-11-12 22:00:00,101895.0,102000.0,101403.0,101623.0,2303.84243,30419
2025-11-13 00:00:00,101624.0,102600.0,101425.0,101997.0,3563.56703,52244
2025-11-13 02:00:00,101997.0,102516.0,100851.0,102091.0,3611.2092,52053
2025-11-13 04:00:00,102092.0,103387.0,101628.0,103122.0,3554.89836,51264
2025-11-13 06:00:00,103122.0,104000.0,102910.0,103451.0,3297.15433,50852
2025-11-13 08:00:00,103451.0,103772.0,102527.0,102814.0,3344.18209,47759
2025-11-13 10:00:00,102815.0,103278.0,102662.0,102908.0,1316.39878,31057
2025-11-13 12:00:00,102909.0,103250.0,102102.0,102276.0,2417.18891,44406
2025-11-13 14:00:00,102277.0,103471.0,101138.0,101351.0,9395.50515,109194
2025-11-13 16:00:00,101350.0,101506.0,99543.0,99584.0,8551.68096,102386
2025-11-13 18:00:00,99585.0,99875.0,98111.0,98686.0,14321.90538,145998
2025-11-13 20:00:00,98685.0,99085.0,98000.0,98850.0,7449.76262,96765
2025-11-13 22:00:00,98849.0,100587.0,98739.0,99735.0,6951.66607,71294
2025-11-14 00:00:00,99735.0,99841.0,98706.0,99277.0,6123.29496,72945
2025-11-14 02:00:00,99277.0,99887.0,98780.0,99130.0,3030.14315,42707
2025-11-14 04:00:00,99130.0,99164.0,96658.0,97504.0,8562.71177,122800
2025-11-14 06:00:00,97504.0,97736.0,95900.0,97151.0,7898.45883,107843
2025-11-14 08:00:00,97150.0,97547.0,96656.0,96822.0,3597.26145,61897
2025-11-14 10:00:00,96822.0,97292.0,95651.0,96136.0,5072.40683,79931
2025-11-14 12:00:00,96136.0,96137.0,94471.0,95226.0,10101.51777,128032
2025-11-14 14:00:00,95224.0,97348.0,94955.0,96800.0,12363.62108,136648
2025-11-14 16:00:00,96800.0,97398.0,95566.0,95850.0,6774.64499,81544
2025-11-14 18:00:00,95851.0,96325.0,94800.0,95791.0,5974.44792,100987
2025-11-14 20:00:00,95790.0,95950.0,94206.0,95098.0,6612.90303,87973
2025-11-14 22:00:00,95097.0,95558.0,94079.0,94634.0,4697.13608,64016
2025-11-15 00:00:00,94633.0,95848.0,94615.0,95704.0,2693.58702,53283
2025-11-15 02:00:00,95705.0,96857.0,95467.0,96444.0,3127.24612,47574
2025-11-15 04:00:00,96444.0,96520.0,95948.0,96360.0,1863.61642,30490
2025-11-15 06:00:00,96364.0,96622.0,96001.0,96352.0,1578.04823,27978
2025-11-15 08:00:00,96352.0,96369.0,95660.0,95827.0,1476.26264,33477
2025-11-15 10:00:00,95828.0,96082.0,95638.0,95717.0,865.69466,25644
2025-11-15 12:00:00,95718.0,96400.0,95585.0,96395.0,1324.09957,29922
2025-11-15 14:00:00,96395.0,96511.0,96063.0,96283.0,1263.15963,32024
2025-11-15 16:00:00,96284.0,96395.0,95716.0,96219.0,3698.27714,53143
2025-11-15 18:00:00,96219.0,96353.0,95915.0,96007.0,735.06497,22434
2025-11-15 20:00:00,96007.0,96021.0,95115.0,95282.0,3039.82345,49639
2025-11-15 22:00:00,95282.0,95680.0,95219.0,95592.0,1631.63154,27644
2025-11-16 00:00:00,95593.0,95704.0,94838.0,95274.0,2119.25696,38710
2025-11-16 02:00:00,95274.0,95984.0,95099.0,95809.0,1085.97541,29195
2025-11-16 04:00:00,95816.0,96207.0,95651.0,95883.0,1543.55621,23217
2025-11-16 06:00:00,95883.0,96100.0,95722.0,96100.0,621.69903,19458
2025-11-16 08:00:00,96100.0,96654.0,95848.0,96653.0,1918.07422,28942
2025-11-16 10:00:00,96653.0,96654.0,95523.0,95665.0,2585.36082,41121
2025-11-16 12:00:00,95664.0,95938.0,95141.0,95425.0,2026.31819,40931
2025-11-16 14:00:00,95425.0,95700.0,94395.0,94589.0,1553.99285,37854
2025-11-16 16:00:00,94589.0,94973.0,93756.0,94361.0,5804.73535,76209
2025-11-16 18:00:00,94362.0,95578.0,93780.0,94045.0,6018.80793,70014
2025-11-16 20:00:00,94044.0,94745.0,93385.0,93523.0,2446.13749,44363
2025-11-16 22:00:00,93523.0,94578.0,93025.0,94291.0,5997.9745,81588
2025-11-17 00:00:00,94291.0,95507.0,93775.0,94792.0,2794.46124,58003
2025-11-17 02:00:00,94791.0,95585.0,94745.0,95537.0,1851.49024,37174
2025-11-17 04:00:00,95536.0,95605.0,94912.0,95145.0,987.16819,32432
2025-11-17 06:00:00,95146.0,95919.0,94933.0,95678.0,1419.1701,31398
2025-11-17 08:00:00,95678.0,96055.0,95340.0,95682.0,1827.09138,30434
2025-11-17 10:00:00,95681.0,95979.0,95412.0,95592.0,781.59772,27859
2025-11-17 12:00:00,95591.0,95606.0,93583.0,93966.0,4059.47729,73923
2025-11-17 14:00:00,93966.0,96088.0,93785.0,94013.0,9227.02712,130111
2025-11-17 16:00:00,94014.0,94477.0,92689.0,92772.0,7877.75501,102118
2025-11-17 18:00:00,92772.0,93220.0,91631.0,91745.0,7311.23593,92824
2025-11-17 20:00:00,91745.0,92301.0,91355.0,92024.0,7641.93983,99218
2025-11-17 22:00:00,92025.0,92458.0,91856.0,92272.0,2789.40477,52838
2025-11-18 00:00:00,92273.0,92415.0,91228.0,91791.0,2868.4851,62092
2025-11-18 02:00:00,91791.0,91791.0,89704.0,90872.0,10487.50307,117264
2025-11-18 04:00:00,90872.0,90883.0,89262.0,90245.0,6806.0189,70246
2025-11-18 06:00:00,90245.0,90574.0,89365.0,90516.0,3249.33987,40293
2025-11-18 08:00:00,90516.0,91507.0,90509.0,91426.0,2680.25313,53391
2025-11-18 10:00:00,91427.0,91642.0,91257.0,91538.0,1764.36366,39055
2025-11-18 12:00:00,91538.0,91887.0,90928.0,91498.0,2745.39418,49410
2025-11-18 14:00:00,91498.0,93104.0,91033.0,92943.0,8318.19174,127105
2025-11-18 16:00:00,92943.0,93851.0,92611.0,93270.0,4814.57161,84551
2025-11-18 18:00:00,93269.0,93778.0,92988.0,93182.0,3333.64451,54440
2025-11-18 20:00:00,93182.0,93306.0,92450.0,92486.0,2415.41739,43450
2025-11-18 22:00:00,92486.0,93430.0,92483.0,92972.0,1742.4584,33614
2025-11-19 00:00:00,92973.0,92996.0,91949.0,92442.0,2964.50188,52900
2025-11-19 02:00:00,92443.0,92873.0,91671.0,91879.0,2497.38952,50330
2025-11-19 04:00:00,91879.0,91973.0,90025.0,90450.0,4838.86171,64860
2025-11-19 06:00:00,90450.0,92029.0,90272.0,91874.0,3617.45474,51625
2025-11-19 08:00:00,91874.0,91956.0,91068.0,91516.0,2191.73814,47823
2025-11-19 10:00:00,91516.0,91772.0,91221.0,91399.0,1434.06969,33660
2025-11-19 12:00:00,91398.0,91920.0,91178.0,91383.0,2324.69228,42028
2025-11-19 14:00:00,91382.0,92393.0,89870.0,89939.0,5098.46807,88115
2025-11-19 16:00:00,89938.0,90232.0,88888.0,89507.0,7197.63374,71341
2025-11-19 18:00:00,89507.0,89741.0,88652.0,88888.0,5513.33642,58837
2025-11-19 20:00:00,88888.0,90854.0,88617.0,90604.0,7257.76599,70559
2025-11-19 22:00:00,90603.0,91600.0,90100.0,91554.0,3906.01158,50218
2025-11-20 00:00:00,91554.0,92726.0,91188.0,92601.0,3637.03019,59723
2025-11-20 02:00:00,92600.0,92800.0,92326.0,92444.0,1925.9819,41095
2025-11-20 04:00:00,92444.0,93167.0,92131.0,92604.0,1900.36131,36281
2025-11-20 06:00:00,92605.0,92852.0,91680.0,92324.0,1726.79835,39309
2025-11-20 08:00:00,92325.0,92415.0,91450.0,91886.0,1132.45859,35588
2025-11-20 10:00:00,91890.0,92053.0,91500.0,91941.0,887.36908,29098
2025-11-20 12:00:00,91940.0,92522.0,91503.0,91521.0,2089.85178,50881
2025-11-20 14:00:00,91522.0,91711.0,89825.0,89880.0,6815.22962,90469
2025-11-20 16:00:00,89880.0,89926.0,86384.0,87253.0,15839.0953,127134
2025-11-20 18:00:00,87253.0,87796.0,86109.0,86936.0,8424.00434,82939
2025-11-20 20:00:00,86937.0,87720.0,86343.0,87335.0,4946.07299,46715
2025-11-20 22:00:00,87335.0,88282.0,86553.0,86650.0,4865.12288,49235
2025-11-21 00:00:00,86650.0,87516.0,86606.0,87063.0,3618.56073,36341
2025-11-21 02:00:00,87064.0,87083.0,85334.0,85807.0,7686.78877,72170
2025-11-21 04:00:00,85808.0,86347.0,85387.0,86186.0,2464.75622,41972
2025-11-21 06:00:00,86188.0,86250.0,80255.0,84030.0,12205.44167,94272
2025-11-21 08:00:00,84027.0,84677.0,82082.0,82210.0,9080.88152,84276
2025-11-21 10:00:00,82209.0,83341.0,81651.0,82315.0,8248.63638,72909
2025-11-21 12:00:00,82308.0,84411.0,80614.0,84104.0,15032.61464,114197
2025-11-21 14:00:00,84103.0,85457.0,82698.0,82898.0,14671.96365,144000
2025-11-21 16:00:00,82898.0,85539.0,82288.0,84847.0,11410.37098,132805
2025-11-21 18:00:00,84835.0,85076.0,83251.0,84185.0,7880.29684,95771
2025-11-21 20:00:00,84184.0,85403.0,83433.0,85166.0,5346.29885,78754
2025-11-21 22:00:00,85166.0,85389.0,84089.0,85111.0,5312.68371,61250
2025-11-22 00:00:00,85112.0,85611.0,84523.0,85139.0,4480.3683,57798
2025-11-22 02:00:00,85138.0,85180.0,84166.0,84400.0,2668.94695,45340
2025-11-22 04:00:00,84399.0,84502.0,83788.0,84250.0,1808.89574,41845
2025-11-22 06:00:00,84250.0,84763.0,84032.0,84547.0,1074.07907,32454
2025-11-22 08:00:00,84547.0,84548.0,83820.0,83892.0,1982.84803,33907
2025-11-22 10:00:00,83891.0,84308.0,83450.0,84062.0,3260.0539,40859
2025-11-22 12:00:00,84061.0,84114.0,83581.0,83906.0,1778.43248,32018
2025-11-22 14:00:00,83908.0,84715.0,83908.0,84245.0,1585.22268,37775
2025-11-22 16:00:00,84245.0,84875.0,84184.0,84524.0,1848.32982,30885
2025-11-22 18:00:00,84524.0,84774.0,84450.0,84571.0,864.11727,19565
2025-11-22 20:00:00,84571.0,84789.0,84222.0,84378.0,2044.81211,25317
2025-11-22 22:00:00,84377.0,85241.0,84241.0,84711.0,1924.57156,33007
2025-11-23 00:00:00,84711.0,86121.0,84648.0,85866.0,4314.09404,47364
2025-11-23 02:00:00,85866.0,86315.0,85662.0,86295.0,4477.82987,42799
2025-11-23 04:00:00,86296.0,86845.0,85957.0,86318.0,3632.41952,46241
2025-11-23 06:00:00,86319.0,86466.0,85357.0,85752.0,1670.98505,34138
2025-11-23 08:00:00,85747.0,86439.0,85741.0,86368.0,1370.85571,28633
2025-11-23 10:00:00,86368.0,86420.0,85798.0,86284.0,1070.31531,30213
2025-11-23 12:00:00,86284.0,86917.0,86230.0,86917.0,2998.89387,43643
2025-11-23 14:00:00,86918.0,87200.0,86422.0,87060.0,2779.34594,55197
2025-11-23 16:00:00,87061.0,87502.0,86451.0,86700.0,4742.61429,50164
2025-11-23 18:00:00,86701.0,87643.0,86669.0,87289.0,3909.96994,43588
2025-11-23 20:00:00,87290.0,87979.0,87127.0,87969.0,2726.92211,44169
2025-11-23 22:00:00,87969.0,88130.0,86712.0,86807.0,5456.88246,65626
2025-11-24 00:00:00,86807.0,87198.0,85881.0,87041.0,5083.11805,64824
2025-11-24 02:00:00,87041.0,88000.0,86998.0,87401.0,4192.30034,60075
2025-11-24 04:00:00,87405.0,87795.0,86382.0,87426.0,3763.3549,49017
2025-11-24 06:00:00,87425.0,87471.0,86638.0,86996.0,2237.98155,42047
2025-11-24 08:00:00,86995.0,86996.0,85776.0,85896.0,2757.99189,44610
2025-11-24 10:00:00,85897.0,86429.0,85672.0,86255.0,3241.34625,41146
2025-11-24 12:00:00,86254.0,86561.0,85861.0,86126.0,2635.30251,46384
2025-11-24 14:00:00,86127.0,86708.0,85231.0,86621.0,8317.54383,92501
2025-11-24 16:00:00,86622.0,88408.0,86621.0,88307.0,7939.18671,82813
2025-11-24 18:00:00,88308.0,88796.0,88081.0,88291.0,5180.26798,57858
2025-11-24 20:00:00,88290.0,89165.0,88290.0,88715.0,4576.26511,52108
2025-11-24 22:00:00,88713.0,89048.0,88189.0,88232.0,1859.81599,29660
2025-11-25 00:00:00,88233.0,88234.0,87655.0,87676.0,1784.6866,36371
2025-11-25 02:00:00,87676.0,87990.0,87416.0,87767.0,2013.2036,31343
2025-11-25 04:00:00,87768.0,88473.0,87746.0,88049.0,2116.38657,27256
2025-11-25 06:00:00,88049.0,88089.0,87291.0,87346.0,1998.91532,38482
2025-11-25 08:00:00,87346.0,87561.0,86637.0,87201.0,2743.92961,41986
2025-11-25 10:00:00,87202.0,87507.0,86909.0,87313.0,1143.96529,20952
2025-11-25 12:00:00,87314.0,87721.0,86801.0,87030.0,2791.09587,37518
2025-11-25 14:00:00,87031.0,87276.0,86050.0,86944.0,5987.98968,74662
2025-11-25 16:00:00,86945.0,88127.0,86675.0,87592.0,4659.32929,51586
2025-11-25 18:00:00,87591.0,87809.0,86129.0,86854.0,5130.17362,55791
2025-11-25 20:00:00,86855.0,87436.0,86668.0,86984.0,4463.57638,41314
2025-11-25 22:00:00,86979.0,87857.0,86525.0,87332.0,5242.95503,46057
2025-11-26 00:00:00,87331.0,88232.0,87318.0,87891.0,3470.06507,41746
2025-11-26 02:00:00,87891.0,88069.0,87029.0,87079.0,2395.16922,29632
2025-11-26 04:00:00,87080.0,87708.0,86847.0,87486.0,1999.33064,26750
2025-11-26 06:00:00,87486.0,87943.0,87408.0,87914.0,1341.60326,21616
2025-11-26 08:00:00,87908.0,87914.0,86718.0,86798.0,1518.52071,23819
2025-11-26 10:00:00,86798.0,87068.0,86622.0,87057.0,1189.50734,21314
2025-11-26 12:00:00,87056.0,87142.0,86207.0,87101.0,3567.58931,38891
2025-11-26 14:00:00,87102.0,87636.0,86653.0,86936.0,3879.58831,54652
2025-11-26 16:00:00,86935.0,89900.0,86930.0,89773.0,7816.09995,76103
2025-11-26 18:00:00,89774.0,90371.0,89605.0,89916.0,5069.16088,67842
2025-11-26 20:00:00,89917.0,90421.0,89453.0,90133.0,2740.32128,43479
2025-11-26 22:00:00,90133.0,90602.0,90064.0,90420.0,1371.22413,26069
2025-11-27 00:00:00,90421.0,91210.0,90026.0,91087.0,1845.35078,33713
2025-11-27 02:00:00,91086.0,91852.0,90832.0,91049.0,4128.76239,50036
2025-11-27 04:00:00,91049.0,91524.0,90845.0,90922.0,3013.15974,33575
2025-11-27 06:00:00,90923.0,91469.0,90922.0,91370.0,1141.31086,21855
2025-11-27 08:00:00,91371.0,91911.0,91181.0,91524.0,1597.62936,28100
2025-11-27 10:00:00,91526.0,91700.0,91255.0,91331.0,1685.30914,23713
2025-11-27 12:00:00,91331.0,91414.0,90409.0,90805.0,2651.99629,40918
2025-11-27 14:00:00,90806.0,90937.0,90525.0,90916.0,2563.02277,39074
2025-11-27 16:00:00,90916.0,91606.0,90810.0,91454.0,2841.85281,40441
2025-11-27 18:00:00,91454.0,91822.0,91321.0,91489.0,1869.00756,29686
2025-11-27 20:00:00,91489.0,91560.0,91182.0,91352.0,1159.1727,20816
2025-11-27 22:00:00,91352.0,91569.0,91064.0,91310.0,1985.88532,23915
2025-11-28 00:00:00,91310.0,91388.0,90751.0,90753.0,1209.60919,26570
2025-11-28 02:00:00,90754.0,91265.0,90611.0,91161.0,1201.46736,23987
2025-11-28 04:00:00,91162.0,91700.0,91092.0,91605.0,1529.62729,22715
2025-11-28 06:00:00,91605.0,91606.0,90842.0,90893.0,2367.62627,33470
2025-11-28 08:00:00,90893.0,91830.0,90879.0,91582.0,1295.25831,35992
2025-11-28 10:00:00,91582.0,92019.0,91048.0,91418.0,1975.93734,37856
2025-11-28 12:00:00,91418.0,92650.0,91362.0,92347.0,2918.2411,50186
2025-11-28 14:00:00,92348.0,93089.0,91812.0,92312.0,6242.22233,82691
2025-11-28 16:00:00,92311.0,92332.0,90147.0,90532.0,7434.97674,89048
2025-11-28 18:00:00,90531.0,91160.0,90378.0,91103.0,1985.97166,36013
2025-11-28 20:00:00,91103.0,91195.0,90813.0,90820.0,1129.99174,20157
2025-11-28 22:00:00,90821.0,91146.0,90654.0,90842.0,1653.45554,23800
2025-11-29 00:00:00,90842.0,91064.0,90716.0,90827.0,1219.64202,19139
2025-11-29 02:00:00,90828.0,90879.0,90490.0,90636.0,878.1205,15548
2025-11-29 04:00:00,90637.0,90889.0,90509.0,90709.0,589.55877,14736
2025-11-29 06:00:00,90709.0,90791.0,90251.0,90523.0,1775.88429,25093
2025-11-29 08:00:00,90523.0,90684.0,90425.0,90513.0,470.75819,15870
2025-11-29 10:00:00,90513.0,90643.0,90329.0,90633.0,803.4956,18396
2025-11-29 12:00:00,90633.0,90779.0,90478.0,90739.0,979.75877,18320
2025-11-29 14:00:00,90739.0,91071.0,90577.0,91024.0,906.87827,20208
2025-11-29 16:00:00,91024.0,91140.0,90376.0,90377.0,1666.48407,25541
2025-11-29 18:00:00,90377.0,90811.0,90091.0,90608.0,1554.55239,27099
2025-11-29 20:00:00,90608.0,91026.0,90365.0,90970.0,1127.10442,20911
2025-11-29 22:00:00,90971.0,90971.0,90650.0,90768.0,428.40481,15739
2025-11-30 00:00:00,90769.0,91021.0,90722.0,90870.0,417.19875,13368
2025-11-30 02:00:00,90870.0,91002.0,90430.0,90872.0,998.42208,17319
2025-11-30 04:00:00,90871.0,90950.0,90621.0,90754.0,474.82448,13482
2025-11-30 06:00:00,90755.0,91000.0,90681.0,90930.0,371.8464,13642
2025-11-30 08:00:00,90930.0,91578.0,90897.0,91369.0,1276.66354,34750
2025-11-30 10:00:00,91368.0,91430.0,90949.0,91003.0,789.06481,29546
2025-11-30 12:00:00,91003.0,91923.0,90959.0,91717.0,1031.66274,37431
2025-11-30 14:00:00,91718.0,91738.0,91214.0,91400.0,1175.21996,31868
2025-11-30 16:00:00,91399.0,91820.0,91270.0,91452.0,1354.3346,33102
2025-11-30 18:00:00,91453.0,91462.0,91109.0,91419.0,455.70657,22887
2025-11-30 20:00:00,91419.0,91591.0,90849.0,91135.0,1322.24477,31277
2025-11-30 22:00:00,91135.0,91313.0,90293.0,90326.0,2321.97225,42696
2025-12-01 00:00:00,90325.0,90376.0,86900.0,87117.0,12866.92234,142275
2025-12-01 02:00:00,87117.0,87466.0,86135.0,86314.0,5459.67345,70927
2025-12-01 04:00:00,86314.0,86326.0,85576.0,85974.0,3690.42257,56354
2025-12-01 06:00:00,85974.0,86540.0,85944.0,86516.0,2426.64313,42230
2025-12-01 08:00:00,86516.0,86890.0,86348.0,86666.0,1856.02191,34971
2025-12-01 10:00:00,86666.0,86780.0,86088.0,86097.0,1555.65837,27211
2025-12-01 12:00:00,86097.0,86195.0,84700.0,85955.0,8529.39231,74479
2025-12-01 14:00:00,85955.0,86652.0,83769.0,84645.0,10982.13354,99720
2025-12-01 16:00:00,84645.0,85406.0,84000.0,84894.0,7098.12109,72896
2025-12-01 18:00:00,84894.0,85509.0,84556.0,84990.0,4405.51116,54858
2025-12-01 20:00:00,84989.0,86440.0,84975.0,86394.0,5588.15135,68161
2025-12-01 22:00:00,86392.0,86811.0,86178.0,86216.0,3685.9657,43232
2025-12-02 00:00:00,86218.0,87295.0,86123.0,86396.0,2361.23811,51167
2025-12-02 02:00:00,86396.0,87055.0,86147.0,86928.0,2422.9617,40764
2025-12-02 04:00:00,86930.0,87228.0,86765.0,86963.0,1532.29877,29802
2025-12-02 06:00:00,86963.0,87139.0,86811.0,86959.0,1331.12031,26120
2025-12-02 08:00:00,86960.0,86996.0,86318.0,86717.0,2719.26186,43097
2025-12-02 10:00:00,86718.0,87562.0,86711.0,87325.0,1589.03399,34572
2025-12-02 12:00:00,87325.0,87841.0,87005.0,87688.0,1996.31293,35420
2025-12-02 14:00:00,87687.0,91132.0,87556.0,90800.0,13046.2777,123582
2025-12-02 16:00:00,90800.0,91963.0,90165.0,91391.0,7845.08702,75829
2025-12-02 18:00:00,91390.0,92217.0,91322.0,91842.0,5473.29758,60416
2025-12-02 20:00:00,91841.0,91874.0,90667.0,91502.0,4151.34861,57593
2025-12-02 22:00:00,91502.0,91956.0,91228.0,91237.0,2241.20494,37206
2025-12-03 00:00:00,91237.0,92400.0,90945.0,92203.0,2534.37859,50194
2025-12-03 02:00:00,92204.0,93051.0,92115.0,92594.0,3891.83905,72777
2025-12-03 04:00:00,92594.0,93639.0,92591.0,93617.0,3658.60151,69323
2025-12-03 06:00:00,93617.0,93935.0,92833.0,92973.0,3023.62128,54279
2025-12-03 08:00:00,92974.0,93175.0,92648.0,93145.0,2195.84957,39312
2025-12-03 10:00:00,93145.0,93344.0,92610.0,92961.0,2659.91965,38494
2025-12-03 12:00:00,92961.0,93199.0,92650.0,93077.0,1285.24459,32409
2025-12-03 14:00:00,93079.0,93642.0,91631.0,92338.0,9263.8046,103417
2025-12-03 16:00:00,92338.0,93019.0,91772.0,92931.0,3675.59262,60036
2025-12-03 18:00:00,92931.0,93486.0,92350.0,92990.0,2553.72659,44803
2025-12-03 20:00:00,92994.0,93726.0,92800.0,93655.0,2139.9253,35726
2025-12-03 22:00:00,93655.0,94140.0,93266.0,93395.0,2515.33877,44295
2025-12-04 00:00:00,93395.0,93712.0,92631.0,93137.0,3588.89256,45727
2025-12-04 02:00:00,93138.0,94031.0,93065.0,93498.0,2594.18355,39028
2025-12-04 04:00:00,93498.0,93542.0,92730.0,92924.0,1893.81927,28155
2025-12-04 06:00:00,92924.0,93379.0,92800.0,93345.0,1272.81955,26529
2025-12-04 08:00:00,93346.0,93581.0,93008.0,93404.0,1446.41224,28579
2025-12-04 10:00:00,93404.0,93500.0,92700.0,92898.0,1110.74415,27039
2025-12-04 12:00:00,92899.0,93144.0,92387.0,92476.0,2133.24371,37058
2025-12-04 14:00:00,92477.0,93236.0,91761.0,92940.0,5128.9666,69213
2025-12-04 16:00:00,92939.0,93130.0,91702.0,92393.0,3391.98109,53436
2025-12-04 18:00:00,92393.0,92503.0,90806.0,91927.0,4970.20501,61072
2025-12-04 20:00:00,91933.0,92683.0,91634.0,92113.0,2184.78057,40185
2025-12-04 22:00:00,92114.0,92461.0,92034.0,92034.0,1037.55548,21523
2025-12-05 00:00:00,92034.0,92562.0,92027.0,92315.0,1092.46202,24336
2025-12-05 02:00:00,92315.0,92660.0,91956.0,92143.0,1831.13145,24563
2025-12-05 04:00:00,92144.0,92368.0,91780.0,91904.0,1241.71985,21177
2025-12-05 06:00:00,91903.0,92464.0,91880.0,92205.0,863.40464,16226
2025-12-05 08:00:00,92206.0,92223.0,90940.0,91091.0,1941.2033,33697
2025-12-05 10:00:00,91090.0,91520.0,91048.0,91298.0,1539.38138,27876
2025-12-05 12:00:00,91298.0,91388.0,90215.0,90419.0,3098.05236,44010
2025-12-05 14:00:00,90419.0,91440.0,89868.0,90406.0,7666.76906,89163
2025-12-05 16:00:00,90406.0,90455.0,88032.0,89289.0,10878.65382,104189
2025-12-05 18:00:00,89290.0,89771.0,88772.0,89586.0,4419.37326,50865
2025-12-05 20:00:00,89587.0,89706.0,89030.0,89117.0,2480.80909,28654
2025-12-05 22:00:00,89119.0,89341.0,88844.0,89294.0,1694.53426,21521
2025-12-06 00:00:00,89294.0,89478.0,89001.0,89280.0,1014.31674,17245
2025-12-06 02:00:00,89281.0,89769.0,89129.0,89634.0,942.35378,18308
2025-12-06 04:00:00,89634.0,89698.0,89489.0,89565.0,320.16969,12016
2025-12-06 06:00:00,89565.0,89724.0,89422.0,89546.0,438.68082,12330
2025-12-06 08:00:00,89546.0,89635.0,89171.0,89528.0,677.85324,18045
2025-12-06 10:00:00,89528.0,89678.0,89406.0,89581.0,887.22613,14505
2025-12-06 12:00:00,89582.0,89737.0,89516.0,89617.0,620.49778,12640
2025-12-06 14:00:00,89618.0,90249.0,89451.0,89712.0,2384.16671,31841
2025-12-06 16:00:00,89712.0,89942.0,89562.0,89665.0,1110.68672,16827
2025-12-06 18:00:00,89665.0,89750.0,89229.0,89359.0,1486.32107,18962
2025-12-06 20:00:00,89359.0,89577.0,89285.0,89359.0,733.56064,15386
2025-12-06 22:00:00,89359.0,89485.0,88848.0,89181.0,2046.03022,24492
2025-12-07 00:00:00,89182.0,89540.0,89128.0,89236.0,878.36553,15954
2025-12-07 02:00:00,89235.0,89699.0,89235.0,89669.0,773.07716,12882
2025-12-07 04:00:00,89669.0,89749.0,89369.0,89467.0,447.15051,8803
2025-12-07 06:00:00,89466.0,89690.0,89140.0,89335.0,738.56806,13659
2025-12-07 08:00:00,89336.0,89497.0,88996.0,89062.0,1070.75622,16548
2025-12-07 10:00:00,89061.0,89347.0,89055.0,89091.0,998.94054,13708
2025-12-07 12:00:00,89091.0,89544.0,88543.0,88971.0,3374.67776,28577
2025-12-07 14:00:00,88971.0,89686.0,87666.0,89508.0,6107.18338,70539
2025-12-07 16:00:00,89507.0,91266.0,89059.0,90906.0,5574.08659,62261
2025-12-07 18:00:00,90907.0,91721.0,90906.0,91372.0,3627.75439,46343
2025-12-07 20:00:00,91372.0,91475.0,89803.0,90187.0,4120.80436,42958
2025-12-07 22:00:00,90186.0,90455.0,88893.0,90344.0,5383.1873,63773
2025-12-08 00:00:00,90345.0,91636.0,89794.0,90851.0,3239.11866,46981
2025-12-08 02:00:00,90854.0,91394.0,90761.0,91025.0,1773.24528,28004
2025-12-08 04:00:00,91025.0,91440.0,90969.0,91282.0,953.02091,20435
2025-12-08 06:00:00,91281.0,91829.0,91207.0,91513.0,1236.64186,23417
2025-12-08 08:00:00,91513.0,92256.0,91434.0,91881.0,2352.07589,31561
2025-12-08 10:00:00,91881.0,92187.0,91766.0,91926.0,1534.14417,24282
2025-12-08 12:00:00,91926.0,92080.0,91220.0,91417.0,1908.55866,37657
2025-12-08 14:00:00,91417.0,91759.0,89565.0,89918.0,7290.87275,91448
2025-12-08 16:00:00,89918.0,90449.0,89619.0,90215.0,3635.28773,52290
2025-12-08 18:00:00,90216.0,90478.0,89681.0,90071.0,2741.27681,42408
2025-12-08 20:00:00,90072.0,91336.0,90072.0,91273.0,3349.67568,41252
2025-12-08 22:00:00,91273.0,91338.0,90441.0,90594.0,2623.96347,28527
2025-12-09 00:00:00,90594.0,90799.0,89912.0,90009.0,1614.49184,28464
2025-12-09 02:00:00,90010.0,90395.0,89754.0,90356.0,1692.39423,26824
2025-12-09 04:00:00,90357.0,90461.0,89500.0,89836.0,2057.29068,26414
2025-12-09 06:00:00,89837.0,90487.0,89721.0,90439.0,1133.7363,21339
2025-12-09 08:00:00,90439.0,90550.0,90080.0,90082.0,1013.92769,19421
2025-12-09 10:00:00,90083.0,90358.0,89871.0,90338.0,1165.5416,20520
2025-12-09 12:00:00,90340.0,90827.0,90145.0,90401.0,2646.43024,31034
2025-12-09 14:00:00,90401.0,92874.0,89958.0,92671.0,9496.04376,93752
2025-12-09 16:00:00,92671.0,94569.0,92671.0,93858.0,10869.92384,103380
2025-12-09 18:00:00,93859.0,94172.0,93604.0,93757.0,3407.02181,42654
2025-12-09 20:00:00,93757.0,93811.0,92199.0,92633.0,5261.82577,49119
2025-12-09 22:00:00,92633.0,92991.0,92461.0,92654.0,1892.18426,27785
2025-12-10 00:00:00,92655.0,92740.0,91919.0,92280.0,2988.08486,35373
2025-12-10 02:00:00,92280.0,92541.0,91972.0,92381.0,1093.56085,20991
2025-12-10 04:00:00,92379.0,92718.0,92347.0,92538.0,1482.33417,20928
2025-12-10 06:00:00,92538.0,92779.0,92378.0,92752.0,743.97329,15782
2025-12-10 08:00:00,92756.0,92905.0,92404.0,92887.0,683.91715,20499
2025-12-10 10:00:00,92887.0,93220.0,91730.0,92085.0,2398.05269,35612
2025-12-10 12:00:00,92084.0,92184.0,91775.0,92051.0,2142.40402,27426
2025-12-10 14:00:00,92051.0,92119.0,91543.0,92027.0,2526.47299,45082
2025-12-10 16:00:00,92026.0,92570.0,91856.0,92364.0,3093.39439,41840
2025-12-10 18:00:00,92364.0,93231.0,91612.0,92900.0,11543.04245,90137
2025-12-10 20:00:00,92898.0,94444.0,91831.0,92317.0,10761.39731,72546
2025-12-10 22:00:00,92317.0,92655.0,91884.0,91961.0,3210.35458,32620
2025-12-11 00:00:00,91961.0,92028.0,90602.0,90634.0,4241.88612,50440
2025-12-11 02:00:00,90632.0,90632.0,89344.0,89860.0,4642.06706,57061
2025-12-11 04:00:00,89859.0,90440.0,89662.0,90272.0,1906.845,27023
2025-12-11 06:00:00,90272.0,90415.0,89929.0,90236.0,1056.15622,19560
2025-12-11 08:00:00,90236.0,90469.0,89943.0,90190.0,746.68555,19599
2025-12-11 10:00:00,90190.0,90380.0,90132.0,90202.0,387.5998,12332
2025-12-11 12:00:00,90201.0,90350.0,89849.0,90069.0,1113.95777,22534
2025-12-11 14:00:00,90069.0,90624.0,89229.0,89849.0,7181.60049,78611
2025-12-11 16:00:00,89848.0,90228.0,89289.0,89950.0,3113.55262,48253
2025-12-11 18:00:00,89949.0,91500.0,89866.0,90787.0,5621.94021,57827
2025-12-11 20:00:00,90787.0,93544.0,90744.0,92836.0,9311.11615,78304
2025-12-11 22:00:00,92836.0,93176.0,92064.0,92481.0,4508.97874,45884
2025-12-12 00:00:00,92482.0,92611.0,91394.0,92144.0,2405.18924,33698
2025-12-12 02:00:00,92144.0,92728.0,91913.0,92254.0,2070.08337,26194
2025-12-12 04:00:00,92254.0,92489.0,92050.0,92424.0,1266.15967,16309
2025-12-12 06:00:00,92424.0,92723.0,92228.0,92413.0,1896.37871,20576
2025-12-12 08:00:00,92412.0,92552.0,92059.0,92502.0,1162.95895,19276
2025-12-12 10:00:00,92501.0,92614.0,92268.0,92399.0,593.96048,13407
2025-12-12 12:00:00,92399.0,92490.0,92057.0,92281.0,435.00801,14790
2025-12-12 14:00:00,92282.0,92645.0,89746.0,89903.0,8675.11639,79814
2025-12-12 16:00:00,89898.0,90597.0,89448.0,90055.0,6266.37615,68729
2025-12-12 18:00:00,90054.0,90629.0,89967.0,90156.0,2353.85884,34524
2025-12-12 20:00:00,90156.0,90308.0,89837.0,90147.0,1376.44996,21041
2025-12-12 22:00:00,90154.0,90369.0,90149.0,90228.0,429.42301,10590
2025-12-13 00:00:00,90228.0,90397.0,90076.0,90194.0,494.11133,8917
2025-12-13 02:00:00,90195.0,90427.0,90166.0,90309.0,357.30329,7343
2025-12-13 04:00:00,90309.0,90379.0,90237.0,90303.0,230.64236,5533
2025-12-13 06:00:00,90303.0,90345.0,90238.0,90291.0,180.42855,5079
2025-12-13 08:00:00,90291.0,90542.0,90291.0,90392.0,716.43416,15047
2025-12-13 10:00:00,90392.0,90624.0,90260.0,90311.0,489.91465,9895
2025-12-13 12:00:00,90311.0,90446.0,90171.0,90230.0,336.05208,10134
2025-12-13 14:00:00,90229.0,90300.0,89909.0,90062.0,977.16595,15193
2025-12-13 16:00:00,90061.0,90231.0,89958.0,90025.0,363.10901,9149
2025-12-13 18:00:00,90026.0,90195.0,90021.0,90152.0,164.82023,6297
2025-12-13 20:00:00,90152.0,90178.0,89724.0,90151.0,925.93652,12098
2025-12-13 22:00:00,90151.0,90257.0,89974.0,90222.0,348.93905,11260
2025-12-14 00:00:00,90222.0,90443.0,90086.0,90269.0,669.59782,13746
2025-12-14 02:00:00,90269.0,90365.0,90210.0,90236.0,149.53503,6315
2025-12-14 04:00:00,90237.0,90303.0,90013.0,90162.0,584.22085,9252
2025-12-14 06:00:00,90163.0,90241.0,90042.0,90210.0,209.27317,5939
2025-12-14 08:00:00,90209.0,90244.0,89967.0,89985.0,544.47626,8000
2025-12-14 10:00:00,89985.0,90096.0,88587.0,89328.0,3939.50826,43154
2025-12-14 12:00:00,89320.0,89627.0,89043.0,89455.0,1279.3306,26385
2025-12-14 14:00:00,89455.0,89522.0,88833.0,88974.0,972.34573,25384
2025-12-14 16:00:00,88974.0,89359.0,88491.0,88767.0,1909.32496,32767
2025-12-14 18:00:00,88767.0,89039.0,88442.0,88608.0,1714.22775,22879
2025-12-14 20:00:00,88605.0,88786.0,88276.0,88401.0,1438.46592,22996
2025-12-14 22:00:00,88401.0,88576.0,87558.0,88128.0,3254.28744,44825
2025-12-15 00:00:00,88129.0,89322.0,88044.0,89214.0,3382.26253,43153
2025-12-15 02:00:00,89214.0,90007.0,89188.0,89243.0,3478.23137,38423
2025-12-15 04:00:00,89243.0,89768.0,89243.0,89564.0,3313.94667,27613
2025-12-15 06:00:00,89564.0,89878.0,89428.0,89694.0,1287.20058,22066
2025-12-15 08:00:00,89694.0,89973.0,89597.0,89827.0,900.45118,18369
2025-12-15 10:00:00,89827.0,89927.0,89534.0,89591.0,785.96918,17081
2025-12-15 12:00:00,89592.0,89745.0,89231.0,89378.0,1979.1239,28273
2025-12-15 14:00:00,89378.0,89824.0,86601.0,87007.0,11214.20456,131781
2025-12-15 16:00:00,87007.0,87202.0,85583.0,85731.0,7408.51452,78926
2025-12-15 18:00:00,85733.0,86539.0,85123.0,86143.0,6493.34441,78091
2025-12-15 20:00:00,86141.0,86303.0,85491.0,86226.0,3144.63282,55422
2025-12-15 22:00:00,86226.0,86462.0,85817.0,86427.0,1888.69699,29077
2025-12-16 00:00:00,86427.0,86508.0,85664.0,85882.0,2118.04207,30911
2025-12-16 02:00:00,85882.0,86225.0,85334.0,85849.0,2784.02661,28662
2025-12-16 04:00:00,85850.0,86170.0,85236.0,86006.0,1412.50703,22798
2025-12-16 06:00:00,86006.0,86592.0,85824.0,85981.0,2035.10934,24121
2025-12-16 08:00:00,85982.0,86397.0,85877.0,86310.0,1310.73411,23881
2025-12-16 10:00:00,86311.0,87306.0,86240.0,87236.0,2322.83094,36874
2025-12-16 12:00:00,87236.0,87728.0,86407.0,86407.0,4793.91072,65940
2025-12-16 14:00:00,86407.0,88142.0,86088.0,87939.0,5710.82162,104714
2025-12-16 16:00:00,87940.0,88000.0,87026.0,87079.0,2158.82734,52352
2025-12-16 18:00:00,87080.0,87969.0,87015.0,87536.0,2386.83479,41422
2025-12-16 20:00:00,87535.0,87871.0,87285.0,87726.0,1331.8978,25129
2025-12-16 22:00:00,87721.0,87886.0,87542.0,87814.0,818.13168,16826
2025-12-17 00:00:00,87814.0,87899.0,87364.0,87504.0,1354.76297,22176
2025-12-17 02:00:00,87504.0,87565.0,87100.0,87160.0,1381.98342,22521
2025-12-17 04:00:00,87160.0,87345.0,86150.0,86580.0,2425.54827,39150
2025-12-17 06:00:00,86579.0,87101.0,86525.0,87007.0,1434.43192,24804
2025-12-17 08:00:00,87007.0,87007.0,86211.0,86369.0,1319.54643,21021
2025-12-17 10:00:00,86369.0,87097.0,86206.0,86941.0,1383.80475,20751
2025-12-17 12:00:00,86939.0,87825.0,86766.0,87576.0,2215.82103,34525
2025-12-17 14:00:00,87577.0,90346.0,87079.0,87186.0,12493.30017,123993
2025-12-17 16:00:00,87188.0,87739.0,86100.0,86393.0,7548.00649,87579
2025-12-17 18:00:00,86393.0,86800.0,85270.0,85987.0,5815.37903,69023
2025-12-17 20:00:00,85988.0,86214.0,85626.0,85939.0,3162.86962,32689
2025-12-17 22:00:00,85950.0,86400.0,85862.0,86210.0,2293.19073,24948
2025-12-18 00:00:00,86210.0,86291.0,85833.0,86085.0,1569.86401,22555
2025-12-18 02:00:00,86086.0,86860.0,85981.0,86588.0,3240.74097,35199
2025-12-18 04:00:00,86587.0,86862.0,86341.0,86415.0,1306.33578,18350
2025-12-18 06:00:00,86414.0,86835.0,86377.0,86803.0,1253.90863,18405
2025-12-18 08:00:00,86802.0,87357.0,86652.0,87244.0,1250.17167,22984
2025-12-18 10:00:00,87245.0,87421.0,87028.0,87230.0,1118.67996,18138
2025-12-18 12:00:00,87232.0,89185.0,87072.0,88803.0,5707.06502,52478
2025-12-18 14:00:00,88804.0,89441.0,87700.0,88473.0,8941.50318,72114
2025-12-18 16:00:00,88473.0,88496.0,85429.0,86447.0,10037.52806,93078
2025-12-18 18:00:00,86448.0,86875.0,84410.0,84426.0,8199.66723,82354
2025-12-18 20:00:00,84426.0,85782.0,84395.0,85597.0,5921.46127,61362
2025-12-18 22:00:00,85597.0,85707.0,85262.0,85477.0,2182.02093,24731
2025-12-19 00:00:00,85477.0,85573.0,85092.0,85289.0,2481.5242,25275
2025-12-19 02:00:00,85289.0,87555.0,85090.0,86847.0,5715.36923,63339
2025-12-19 04:00:00,86848.0,87365.0,86650.0,87100.0,2566.28552,32489
2025-12-19 06:00:00,87100.0,88355.0,86863.0,87912.0,3556.28271,37817
2025-12-19 08:00:00,87912.0,88198.0,87696.0,88075.0,1658.31205,27918
2025-12-19 10:00:00,88073.0,88348.0,87888.0,88144.0,2840.74264,31754
2025-12-19 12:00:00,88144.0,88235.0,87786.0,87954.0,2491.08287,32593
2025-12-19 14:00:00,87955.0,89381.0,87489.0,87913.0,10048.93491,97432
2025-12-19 16:00:00,87913.0,88878.0,86661.0,86880.0,7072.29846,77684
2025-12-19 18:00:00,86881.0,88065.0,86780.0,87786.0,3485.64414,42576
2025-12-19 20:00:00,87787.0,88398.0,87544.0,87784.0,2644.57485,32907
2025-12-19 22:00:00,87785.0,88383.0,87785.0,88092.0,1017.05496,16991
2025-12-20 00:00:00,88093.0,88140.0,87908.0,88025.0,826.38166,13534
2025-12-20 02:00:00,88026.0,88289.0,87936.0,88162.0,864.12331,11123
2025-12-20 04:00:00,88162.0,88525.0,88053.0,88253.0,1082.14098,12549
2025-12-20 06:00:00,88252.0,88416.0,88135.0,88233.0,379.37962,7450
2025-12-20 08:00:00,88232.0,88392.0,88169.0,88173.0,472.38784,9247
2025-12-20 10:00:00,88173.0,88267.0,88046.0,88228.0,630.17882,8624
2025-12-20 12:00:00,88228.0,88302.0,87715.0,88226.0,1092.0129,14031
2025-12-20 14:00:00,88225.0,88279.0,87949.0,88131.0,1304.87878,12625
2025-12-20 16:00:00,88130.0,88214.0,88044.0,88135.0,487.53052,8337
2025-12-20 18:00:00,88135.0,88392.0,88113.0,88189.0,317.59775,7034
2025-12-20 20:00:00,88189.0,88404.0,88150.0,88169.0,354.41469,7219
2025-12-20 22:00:00,88169.0,88384.0,88097.0,88317.0,786.36991,9216
2025-12-21 00:00:00,88317.0,88383.0,87975.0,87975.0,637.29124,9634
2025-12-21 02:00:00,87976.0,88121.0,87828.0,88035.0,746.07308,12253
2025-12-21 04:00:00,88035.0,88109.0,88006.0,88096.0,176.13923,7154
2025-12-21 06:00:00,88096.0,88166.0,88011.0,88137.0,346.30078,7478
2025-12-21 08:00:00,88137.0,89048.0,88104.0,88843.0,1304.82168,22888
2025-12-21 10:00:00,88842.0,88928.0,88551.0,88563.0,811.94339,14061
2025-12-21 12:00:00,88563.0,88890.0,87600.0,87650.0,2604.97364,34027
2025-12-21 14:00:00,87650.0,88220.0,87597.0,88038.0,1066.16984,25202
2025-12-21 16:00:00,88037.0,88444.0,87944.0,88292.0,891.43183,14962
2025-12-21 18:00:00,88291.0,88570.0,87899.0,88456.0,1603.00972,16598
2025-12-21 20:00:00,88456.0,88472.0,88044.0,88117.0,810.38166,8728
2025-12-21 22:00:00,88117.0,88801.0,88085.0,88607.0,2508.75178,19532
2025-12-22 00:00:00,88608.0,89595.0,88489.0,88581.0,4517.26158,49338
2025-12-22 02:00:00,88583.0,88824.0,87829.0,88738.0,2692.50865,30847
2025-12-22 04:00:00,88739.0,88997.0,88683.0,88800.0,1084.57225,16502
2025-12-22 06:00:00,88800.0,89173.0,88698.0,89155.0,1164.48142,16205
2025-12-22 08:00:00,89155.0,89900.0,89076.0,89795.0,2507.38626,32866
2025-12-22 10:00:00,89795.0,90067.0,89590.0,89909.0,1216.59744,24602
2025-12-22 12:00:00,89909.0,90553.0,89694.0,89870.0,3286.96707,41653
2025-12-22 14:00:00,89870.0,90385.0,89140.0,89687.0,9020.99577,77479
2025-12-22 16:00:00,89687.0,90077.0,89000.0,89268.0,3402.19372,39400
2025-12-22 18:00:00,89268.0,89476.0,87916.0,88014.0,3500.59905,41130
2025-12-22 20:00:00,88014.0,88578.0,87863.0,88232.0,2486.59364,33559
2025-12-22 22:00:00,88226.0,88744.0,88106.0,88573.0,1709.09259,23932
2025-12-23 00:00:00,88567.0,88893.0,88371.0,88457.0,2323.03068,21013
2025-12-23 02:00:00,88456.0,88704.0,87714.0,88152.0,2488.13617,28262
2025-12-23 04:00:00,88152.0,88330.0,87600.0,87741.0,2312.14382,21565
2025-12-23 06:00:00,87742.0,87742.0,87035.0,87534.0,1966.74932,31983
2025-12-23 08:00:00,87534.0,87663.0,87270.0,87487.0,611.42704,17875
2025-12-23 10:00:00,87488.0,87872.0,87463.0,87825.0,1883.33542,19461
2025-12-23 12:00:00,87826.0,87944.0,87401.0,87590.0,2768.84478,29534
2025-12-23 14:00:00,87591.0,87809.0,86571.0,87426.0,5311.99638,64336
2025-12-23 16:00:00,87427.0,88256.0,87140.0,87153.0,2828.22741,48945
2025-12-23 18:00:00,87152.0,88148.0,87148.0,87738.0,1734.41067,30701
2025-12-23 20:00:00,87738.0,88355.0,87503.0,87706.0,3307.6292,33469
2025-12-23 22:00:00,87706.0,87772.0,87151.0,87459.0,2099.97413,23681
2025-12-24 00:00:00,87459.0,87825.0,87231.0,87598.0,1859.34669,18844
2025-12-24 02:00:00,87596.0,87618.0,86835.0,87302.0,2059.67348,23049
2025-12-24 04:00:00,87303.0,87441.0,86760.0,86921.0,933.94744,15270
2025-12-24 06:00:00,86922.0,87148.0,86762.0,86877.0,515.28807,12897
2025-12-24 08:00:00,86877.0,87046.0,86661.0,86789.0,1549.19848,18051
2025-12-24 10:00:00,86790.0,87351.0,86788.0,87191.0,1977.37515,29465
2025-12-24 12:00:00,87190.0,87490.0,87028.0,87275.0,1606.90223,21482
2025-12-24 14:00:00,87274.0,87443.0,86401.0,87036.0,3972.34035,54847
2025-12-24 16:00:00,87036.0,87665.0,86905.0,87304.0,1502.45512,29249
2025-12-24 18:00:00,87304.0,87576.0,87230.0,87546.0,544.85312,13808
2025-12-24 20:00:00,87546.0,87793.0,87506.0,87688.0,1044.03457,12276
2025-12-24 22:00:00,87687.0,88045.0,87579.0,87653.0,1671.24969,19374
2025-12-25 00:00:00,87652.0,87734.0,87504.0,87675.0,1200.67912,13020
2025-12-25 02:00:00,87675.0,87947.0,87554.0,87824.0,433.36251,9584
2025-12-25 04:00:00,87825.0,87825.0,87627.0,87728.0,334.38753,8042
2025-12-25 06:00:00,87729.0,87838.0,87660.0,87808.0,203.55967,7889
2025-12-25 08:00:00,87809.0,87858.0,87312.0,87481.0,632.673,17210
2025-12-25 10:00:00,87481.0,87586.0,87232.0,87493.0,884.64527,14058
2025-12-25 12:00:00,87493.0,87664.0,87385.0,87609.0,518.37021,14273
2025-12-25 14:00:00,87609.0,88575.0,87526.0,88319.0,2497.30766,32213
2025-12-25 16:00:00,88318.0,88450.0,87966.0,88118.0,1656.03789,23645
2025-12-25 18:00:00,88117.0,88282.0,88048.0,88123.0,497.21388,12707
2025-12-25 20:00:00,88124.0,88150.0,87600.0,87864.0,1240.89366,17417
2025-12-25 22:00:00,87864.0,87887.0,86910.0,87200.0,3758.6498,35573
2025-12-26 00:00:00,87201.0,87462.0,86848.0,87401.0,1938.42757,23155
2025-12-26 02:00:00,87401.0,89433.0,87393.0,88787.0,3942.11843,55403
2025-12-26 04:00:00,88787.0,89116.0,88485.0,88957.0,1964.26227,20881
2025-12-26 06:00:00,88958.0,89521.0,88309.0,88428.0,2497.12883,28912
2025-12-26 08:00:00,88427.0,88884.0,88400.0,88782.0,1126.68183,24821
2025-12-26 10:00:00,88781.0,88843.0,88483.0,88500.0,727.70059,15720
2025-12-26 12:00:00,88499.0,89016.0,88493.0,88964.0,610.00766,17170
2025-12-26 14:00:00,88965.0,89016.0,86633.0,87130.0,7851.24075,86209
2025-12-26 16:00:00,87131.0,87444.0,86782.0,87295.0,3427.46899,45847
2025-12-26 18:00:00,87296.0,87553.0,87125.0,87480.0,638.08868,18554
2025-12-26 20:00:00,87478.0,87772.0,87370.0,87440.0,1274.69649,21147
2025-12-26 22:00:00,87441.0,87568.0,87281.0,87339.0,1615.60506,15912
2025-12-27 00:00:00,87338.0,87453.0,87222.0,87448.0,507.35571,8388
2025-12-27 02:00:00,87448.0,87522.0,87356.0,87491.0,278.3639,6394
2025-12-27 04:00:00,87492.0,87502.0,87410.0,87481.0,170.06256,4958
2025-12-27 06:00:00,87481.0,87683.0,87388.0,87519.0,713.63331,8521
2025-12-27 08:00:00,87519.0,87650.0,87515.0,87600.0,401.37678,7837
2025-12-27 10:00:00,87600.0,87600.0,87350.0,87442.0,497.10017,8305
2025-12-27 12:00:00,87442.0,87483.0,87299.0,87422.0,177.06569,5823
2025-12-27 14:00:00,87423.0,87573.0,87378.0,87519.0,264.36838,6816
2025-12-27 16:00:00,87519.0,87543.0,87405.0,87526.0,347.91852,6265
2025-12-27 18:00:00,87527.0,87549.0,87439.0,87538.0,154.8745,4705
2025-12-27 20:00:00,87538.0,87649.0,87500.0,87644.0,212.77133,4944
2025-12-27 22:00:00,87645.0,87950.0,87472.0,87844.0,835.01153,14607
2025-12-28 00:00:00,87841.0,87940.0,87679.0,87753.0,539.74567,9745
2025-12-28 02:00:00,87753.0,87851.0,87707.0,87717.0,281.38725,4696
2025-12-28 04:00:00,87715.0,87809.0,87581.0,87626.0,498.97882,7182
2025-12-28 06:00:00,87627.0,87759.0,87614.0,87708.0,134.24661,4887
2025-12-28 08:00:00,87708.0,87940.0,87676.0,87768.0,764.54739,9191
2025-12-28 10:00:00,87768.0,87974.0,87767.0,87848.0,1006.52439,9123
2025-12-28 12:00:00,87848.0,87917.0,87770.0,87864.0,194.78785,5759
2025-12-28 14:00:00,87864.0,88059.0,87768.0,87797.0,421.89168,9475
2025-12-28 16:00:00,87797.0,87903.0,87701.0,87728.0,596.45077,8003
2025-12-28 18:00:00,87729.0,87742.0,87453.0,87502.0,1740.60048,14017
2025-12-28 20:00:00,87502.0,87641.0,87408.0,87562.0,591.65356,8792
2025-12-28 22:00:00,87562.0,88044.0,87454.0,87928.0,2284.70835,19591
2025-12-29 00:00:00,87927.0,88499.0,87792.0,88435.0,3861.2659,34364
2025-12-29 02:00:00,88435.0,90149.0,88434.0,90109.0,4214.08668,52101
2025-12-29 04:00:00,90109.0,90380.0,89903.0,89960.0,1803.12185,27584
2025-12-29 06:00:00,89961.0,90096.0,89463.0,89582.0,1492.04234,23433
2025-12-29 08:00:00,89582.0,89790.0,87716.0,88084.0,4423.41894,47277
2025-12-29 10:00:00,88085.0,88232.0,87524.0,87527.0,2817.49224,33522
2025-12-29 12:00:00,87527.0,87588.0,86736.0,87352.0,4590.99446,51158
2025-12-29 14:00:00,87351.0,88185.0,87200.0,87667.0,5780.28377,63962
2025-12-29 16:00:00,87666.0,87842.0,87318.0,87835.0,1780.91808,28677
2025-12-29 18:00:00,87833.0,88012.0,87284.0,87337.0,3640.27867,27474
2025-12-29 20:00:00,87338.0,87595.0,87069.0,87337.0,3387.19015,26387
2025-12-29 22:00:00,87337.0,87400.0,87069.0,87228.0,837.15756,10879
2025-12-30 00:00:00,87227.0,87351.0,87081.0,87298.0,1286.71874,13889
2025-12-30 02:00:00,87298.0,87418.0,86824.0,87356.0,1922.05095,22217
2025-12-30 04:00:00,87356.0,87480.0,87125.0,87240.0,1055.96535,11056
2025-12-30 06:00:00,87240.0,87593.0,87233.0,87482.0,517.41678,11350
2025-12-30 08:00:00,87482.0,88200.0,87482.0,87982.0,1336.41462,26287
2025-12-30 10:00:00,87981.0,88174.0,87742.0,87874.0,1165.62818,13583
2025-12-30 12:00:00,87875.0,88127.0,87874.0,88096.0,477.61383,13370
2025-12-30 14:00:00,88096.0,89141.0,87818.0,88973.0,4819.39451,70411
2025-12-30 16:00:00,88973.0,89376.0,88080.0,88338.0,3061.99125,49139
2025-12-30 18:00:00,88338.0,88470.0,87924.0,88184.0,1534.63264,24775
2025-12-30 20:00:00,88185.0,88317.0,87842.0,88251.0,1695.6201,17160
2025-12-30 22:00:00,88251.0,88549.0,88251.0,88466.0,1018.24194,13275
2025-12-31 00:00:00,88467.0,88768.0,88155.0,88629.0,1041.89576,15785
2025-12-31 02:00:00,88628.0,88793.0,88344.0,88422.0,758.29837,12117
2025-12-31 04:00:00,88422.0,88519.0,88306.0,88431.0,594.26709,9434
2025-12-31 06:00:00,88431.0,88613.0,88400.0,88578.0,362.95857,8390
2025-12-31 08:00:00,88579.0,88712.0,88358.0,88640.0,476.1278,12416
2025-12-31 10:00:00,88641.0,89000.0,88630.0,88985.0,728.54829,14684
2025-12-31 12:00:00,88982.0,89025.0,88708.0,88957.0,729.85781,13104
2025-12-31 14:00:00,88957.0,89178.0,87747.0,87927.0,4687.71178,51448
2025-12-31 16:00:00,87926.0,88030.0,87366.0,87599.0,3130.00843,34039
2025-12-31 18:00:00,87599.0,87978.0,87520.0,87534.0,1451.45428,16903
2025-12-31 20:00:00,87533.0,87875.0,87229.0,87794.0,1844.90941,20676
2025-12-31 22:00:00,87793.0,87886.0,87615.0,87632.0,738.37652,10706
2026-01-01 00:00:00,87631.0,88043.0,87628.0,87955.0,618.65881,10574
2026-01-01 02:00:00,87956.0,88096.0,87831.0,87839.0,530.48658,8834
2026-01-01 04:00:00,87839.0,87854.0,87550.0,87718.0,675.97659,11160
2026-01-01 06:00:00,87718.0,87718.0,87602.0,87642.0,193.03323,5291
2026-01-01 08:00:00,87641.0,87973.0,87632.0,87878.0,286.3738,9418
2026-01-01 10:00:00,87878.0,88023.0,87788.0,88022.0,351.62649,7706
2026-01-01 12:00:00,88022.0,88043.0,87855.0,87899.0,776.77176,9246
2026-01-01 14:00:00,87899.0,88096.0,87786.0,88011.0,1255.53927,12516
2026-01-01 16:00:00,88011.0,88495.0,87857.0,88293.0,1313.26973,17066
2026-01-01 18:00:00,88293.0,88420.0,88044.0,88377.0,1066.02803,12970
2026-01-01 20:00:00,88365.0,88424.0,88204.0,88365.0,649.89867,7715
2026-01-01 22:00:00,88365.0,88888.0,88364.0,88809.0,2436.67004,21573
2026-01-02 00:00:00,88810.0,88871.0,88494.0,88618.0,1932.93879,18679
2026-01-02 02:00:00,88618.0,89094.0,88350.0,88910.0,1803.31012,21414
2026-01-02 04:00:00,88911.0,88960.0,88538.0,88724.0,1282.22674,14223
2026-01-02 06:00:00,88724.0,89059.0,88701.0,88827.0,791.49571,13168
2026-01-02 08:00:00,88827.0,89475.0,88771.0,89436.0,3043.38713,27262
2026-01-02 10:00:00,89436.0,89899.0,89290.0,89459.0,4557.42006,39840
2026-01-02 12:00:00,89459.0,89642.0,89274.0,89297.0,1313.696,18701
2026-01-02 14:00:00,89298.0,90079.0,88444.0,89366.0,8367.01441,83966
2026-01-02 16:00:00,89367.0,90956.0,89161.0,90310.0,8490.18446,82477
2026-01-02 18:00:00,90310.0,90498.0,89508.0,89849.0,3450.64417,42819
2026-01-02 20:00:00,89848.0,90141.0,89573.0,90027.0,1568.05419,22888
2026-01-02 22:00:00,90026.0,90356.0,89851.0,89932.0,1217.03244,16659
2026-01-03 00:00:00,89932.0,90250.0,89915.0,90236.0,667.43766,11992
2026-01-03 02:00:00,90235.0,90369.0,90090.0,90274.0,810.15378,12351
2026-01-03 04:00:00,90273.0,90430.0,89886.0,90000.0,863.65977,12775
2026-01-03 06:00:00,90000.0,90088.0,89269.0,89528.0,2448.41273,20853
2026-01-03 08:00:00,89529.0,89952.0,89389.0,89751.0,2062.93441,22206
2026-01-03 10:00:00,89751.0,89836.0,89643.0,89720.0,373.81729,8978
2026-01-03 12:00:00,89721.0,90025.0,89630.0,89980.0,709.05759,13420
2026-01-03 14:00:00,89980.0,90214.0,89929.0,89934.0,884.05365,12578
2026-01-03 16:00:00,89933.0,90190.0,89881.0,90060.0,1253.10468,11214
2026-01-03 18:00:00,90060.0,90165.0,90000.0,90079.0,805.18217,9225
2026-01-03 20:00:00,90079.0,90711.0,89983.0,90527.0,2123.49494,21470
2026-01-03 22:00:00,90527.0,90711.0,90421.0,90600.0,1141.39826,15537
2026-01-04 00:00:00,90599.0,91555.0,90599.0,91182.0,4297.87254,43820
2026-01-04 02:00:00,91183.0,91313.0,91030.0,91190.0,789.53125,15977
2026-01-04 04:00:00,91189.0,91560.0,91148.0,91443.0,722.9379,12858
2026-01-04 06:00:00,91442.0,91834.0,91166.0,91494.0,1330.52564,21083
2026-01-04 08:00:00,91493.0,91526.0,91120.0,91419.0,966.36306,17267
2026-01-04 10:00:00,91419.0,91577.0,91187.0,91256.0,860.83325,15095
2026-01-04 12:00:00,91256.0,91312.0,90975.0,91226.0,984.7894,14599
2026-01-04 14:00:00,91226.0,91373.0,91053.0,91294.0,1155.88488,14797
2026-01-04 16:00:00,91294.0,91411.0,91196.0,91301.0,728.18512,12396
2026-01-04 18:00:00,91301.0,91301.0,90839.0,91101.0,1715.21833,19704
2026-01-04 20:00:00,91101.0,91392.0,91083.0,91242.0,805.90782,11595
2026-01-04 22:00:00,91243.0,91571.0,91115.0,91511.0,1621.15024,21435
2026-01-05 00:00:00,91510.0,93366.0,91479.0,92921.0,5654.53899,76091
2026-01-05 02:00:00,92922.0,93176.0,92701.0,92844.0,1571.92573,26137
2026-01-05 04:00:00,92843.0,92925.0,92307.0,92318.0,2725.97506,31631
2026-01-05 06:00:00,92319.0,92600.0,92109.0,92497.0,606.68558,14865
2026-01-05 08:00:00,92498.0,92817.0,92290.0,92660.0,1812.51046,22665
2026-01-05 10:00:00,92661.0,93146.0,92646.0,93114.0,4404.65154,30085
2026-01-05 12:00:00,93115.0,93193.0,92508.0,92716.0,1192.27044,25860
2026-01-05 14:00:00,92716.0,93983.0,92368.0,93929.0,6121.95945,71430
2026-01-05 16:00:00,93929.0,94443.0,93202.0,94257.0,6676.08358,60375
2026-01-05 18:00:00,94258.0,94472.0,93859.0,94263.0,5134.40585,50851
2026-01-05 20:00:00,94264.0,94753.0,93764.0,94045.0,2625.49894,41760
2026-01-05 22:00:00,94046.0,94366.0,93812.0,93832.0,1404.23008,20342
2026-01-06 00:00:00,93831.0,94123.0,93511.0,93743.0,1422.40283,23504
2026-01-06 02:00:00,93742.0,93901.0,93493.0,93725.0,881.19609,17778
2026-01-06 04:00:00,93726.0,93978.0,93528.0,93559.0,955.64839,14013
2026-01-06 06:00:00,93560.0,93906.0,93133.0,93234.0,2075.95741,25080
2026-01-06 08:00:00,93234.0,93547.0,93164.0,93443.0,1353.52209,21104
2026-01-06 10:00:00,93444.0,93890.0,93388.0,93825.0,1222.68342,20116
2026-01-06 12:00:00,93826.0,93987.0,93637.0,93709.0,975.36614,19494
2026-01-06 14:00:00,93710.0,94435.0,93327.0,93644.0,8675.64355,81420
2026-01-06 16:00:00,93643.0,93754.0,91537.0,91604.0,7884.67763,78862
2026-01-06 18:00:00,91605.0,92374.0,91316.0,92153.0,5290.44309,53885
2026-01-06 20:00:00,92151.0,93897.0,92150.0,93285.0,5331.70451,49844
2026-01-06 22:00:00,93286.0,93837.0,93000.0,93801.0,2685.41275,27405
2026-01-07 00:00:00,93801.0,93801.0,92356.0,92495.0,2615.9888,28958
2026-01-07 02:00:00,92492.0,93172.0,92285.0,92889.0,2253.56188,22945
2026-01-07 04:00:00,92889.0,93000.0,92561.0,92576.0,1872.66164,20115
2026-01-07 06:00:00,92577.0,92958.0,92570.0,92944.0,727.9773,11845
2026-01-07 08:00:00,92943.0,93024.0,91621.0,91771.0,3515.49559,28057
2026-01-07 10:00:00,91770.0,92342.0,91645.0,92162.0,2657.32059,26460
2026-01-07 12:00:00,92159.0,92351.0,91931.0,92106.0,1810.37,22849
2026-01-07 14:00:00,92106.0,92244.0,91133.0,91409.0,7312.98041,78239
2026-01-07 16:00:00,91408.0,91851.0,91096.0,91336.0,4169.38284,39886
2026-01-07 18:00:00,91336.0,91527.0,90677.0,91219.0,6256.33565,46625
2026-01-07 20:00:00,91219.0,91337.0,90804.0,91086.0,1659.73191,22669
2026-01-07 22:00:00,91114.0,91499.0,90884.0,91373.0,2659.99929,30942
2026-01-08 00:00:00,91373.0,91676.0,91071.0,91437.0,1261.70284,21194
2026-01-08 02:00:00,91438.0,91473.0,90591.0,90812.0,1795.02551,31725
2026-01-08 04:00:00,90812.0,91200.0,90706.0,90824.0,1103.94691,18718
2026-01-08 06:00:00,90824.0,90867.0,89622.0,90515.0,6543.37004,64236
2026-01-08 08:00:00,90514.0,90721.0,89915.0,89978.0,1596.91769,27841
2026-01-08 10:00:00,89979.0,90474.0,89750.0,90198.0,2750.72626,27779
2026-01-08 12:00:00,90198.0,90220.0,89772.0,89956.0,1751.95603,20409
2026-01-08 14:00:00,89950.0,90859.0,89300.0,90795.0,9238.75187,100367
2026-01-08 16:00:00,90800.0,91450.0,90336.0,91380.0,4646.84806,58235
2026-01-08 18:00:00,91380.0,91490.0,90812.0,90928.0,3762.36743,27408
2026-01-08 20:00:00,90928.0,91319.0,90542.0,91254.0,2595.88393,21242
2026-01-08 22:00:00,91253.0,91466.0,91008.0,91079.0,1549.43081,14549
2026-01-09 00:00:00,91079.0,91627.0,90815.0,91039.0,1587.55784,18469
2026-01-09 02:00:00,91037.0,91461.0,90934.0,91207.0,1140.7016,14448
2026-01-09 04:00:00,91207.0,91220.0,90902.0,91085.0,980.96844,9757
2026-01-09 06:00:00,91084.0,91148.0,90710.0,90733.0,2594.89865,16938
2026-01-09 08:00:00,90734.0,90849.0,89645.0,90326.0,7798.59751,49825
2026-01-09 10:00:00,90327.0,90683.0,90267.0,90434.0,829.76474,13427
2026-01-09 12:00:00,90434.0,90915.0,90204.0,90585.0,1384.19137,22988
2026-01-09 14:00:00,90585.0,92061.0,89834.0,91185.0,8231.38199,75939
2026-01-09 16:00:00,91185.0,91784.0,90999.0,91428.0,4498.12077,46666
2026-01-09 18:00:00,91427.0,91501.0,90143.0,90336.0,6309.57117,42745
2026-01-09 20:00:00,90334.0,90634.0,90131.0,90540.0,2494.81587,20750
2026-01-09 22:00:00,90541.0,90732.0,90350.0,90650.0,1040.61439,10511
2026-01-10 00:00:00,90651.0,90733.0,90520.0,90682.0,611.99956,7473
2026-01-10 02:00:00,90683.0,90790.0,90545.0,90631.0,427.90955,6373
2026-01-10 04:00:00,90631.0,90641.0,90400.0,90592.0,415.52439,6016
2026-01-10 06:00:00,90592.0,90684.0,90468.0,90657.0,409.07976,5429
2026-01-10 08:00:00,90657.0,90755.0,90603.0,90754.0,125.6755,5191
2026-01-10 10:00:00,90755.0,90800.0,90686.0,90715.0,242.29987,4278
2026-01-10 12:00:00,90715.0,90779.0,90628.0,90648.0,292.91594,4679
2026-01-10 14:00:00,90648.0,90657.0,90517.0,90646.0,460.34983,5303
2026-01-10 16:00:00,90646.0,90737.0,90514.0,90515.0,565.26759,6291
2026-01-10 18:00:00,90516.0,90603.0,90496.0,90603.0,192.43909,3814
2026-01-10 20:00:00,90603.0,90630.0,90466.0,90473.0,243.68186,5071
2026-01-10 22:00:00,90472.0,90568.0,90349.0,90485.0,713.8707,7848
2026-01-11 00:00:00,90485.0,90654.0,90420.0,90622.0,545.08429,5005
2026-01-11 02:00:00,90623.0,90715.0,90600.0,90712.0,129.60471,3435
2026-01-11 04:00:00,90715.0,90845.0,90650.0,90761.0,184.90202,4400
2026-01-11 06:00:00,90762.0,90789.0,90523.0,90676.0,913.32285,9001
2026-01-11 08:00:00,90676.0,90779.0,90573.0,90695.0,398.95385,7376
2026-01-11 10:00:00,90695.0,90713.0,90640.0,90703.0,350.23667,4443
2026-01-11 12:00:00,90704.0,90975.0,90685.0,90833.0,698.67056,8197
2026-01-11 14:00:00,90834.0,91157.0,90639.0,90837.0,2194.87011,16972
2026-01-11 16:00:00,90837.0,91250.0,90837.0,90953.0,1190.95801,11710
2026-01-11 18:00:00,90952.0,90954.0,90623.0,90661.0,1080.88446,10165
2026-01-11 20:00:00,90661.0,90816.0,90388.0,90732.0,2167.91017,16112
2026-01-11 22:00:00,90732.0,91050.0,90207.0,90997.0,3335.28809,26487
2026-01-12 00:00:00,90998.0,91796.0,90674.0,91400.0,2972.17911,28011
2026-01-12 02:00:00,91402.0,92505.0,91360.0,91793.0,3086.764,26338
2026-01-12 04:00:00,91794.0,92280.0,91736.0,92095.0,1324.50043,13233
2026-01-12 06:00:00,92095.0,92191.0,91366.0,91389.0,1812.58075,16277
2026-01-12 08:00:00,91389.0,91598.0,90358.0,90655.0,3203.23967,31439
2026-01-12 10:00:00,90655.0,90793.0,90330.0,90588.0,857.05014,12519
2026-01-12 12:00:00,90592.0,90840.0,90506.0,90597.0,1238.28595,11910
2026-01-12 14:00:00,90596.0,91640.0,90081.0,91640.0,5840.66247,44164
2026-01-12 16:00:00,91639.0,92291.0,90876.0,91476.0,10332.41996,63026
2026-01-12 18:00:00,91481.0,91920.0,91373.0,91808.0,4433.19747,34314
2026-01-12 20:00:00,91807.0,92013.0,90874.0,91007.0,3018.87628,19986
2026-01-12 22:00:00,91007.0,91390.0,91002.0,91249.0,1546.5086,14221
2026-01-13 00:00:00,91249.0,91500.0,90991.0,91148.0,2962.64937,16851
2026-01-13 02:00:00,91149.0,91410.0,91066.0,91382.0,1200.63254,17166
2026-01-13 04:00:00,91383.0,92293.0,91309.0,91906.0,5400.37048,34926
2026-01-13 06:00:00,91906.0,92271.0,91789.0,91950.0,2311.98616,34029
2026-01-13 08:00:00,91950.0,92686.0,91915.0,92261.0,2690.78555,54655
2026-01-13 10:00:00,92260.0,92351.0,91965.0,91992.0,1192.03306,13453
2026-01-13 12:00:00,91993.0,92600.0,91904.0,92071.0,2821.91271,21668
2026-01-13 14:00:00,92070.0,93434.0,91779.0,93434.0,6284.59513,48393
2026-01-13 16:00:00,93435.0,93724.0,93019.0,93210.0,4831.54961,38760
2026-01-13 18:00:00,93209.0,94200.0,93159.0,94176.0,4196.04684,40272
2026-01-13 20:00:00,94177.0,94484.0,94020.0,94041.0,5260.47847,42134
2026-01-13 22:00:00,94040.0,96626.0,94040.0,95374.0,13008.97568,93941
2026-01-14 00:00:00,95374.0,95600.0,95084.0,95189.0,2248.14285,36064
2026-01-14 02:00:00,95190.0,95681.0,95161.0,95681.0,1379.15973,25931
2026-01-14 04:00:00,95680.0,95754.0,94894.0,94958.0,2219.89111,31771
2026-01-14 06:00:00,94958.0,95212.0,94544.0,95183.0,3801.56656,37200
2026-01-14 08:00:00,95182.0,95302.0,94860.0,95058.0,965.87625,21723
2026-01-14 10:00:00,95058.0,95264.0,94714.0,94773.0,1342.07865,24545
2026-01-14 12:00:00,94773.0,95230.0,94647.0,94974.0,2293.78276,26633
2026-01-14 14:00:00,94975.0,97102.0,94966.0,96737.0,11223.75577,143528
2026-01-14 16:00:00,96737.0,97765.0,96712.0,96943.0,7315.94195,85401
2026-01-14 18:00:00,96943.0,97651.0,96263.0,97241.0,3794.21418,58979
2026-01-14 20:00:00,97241.0,97949.0,97186.0,97550.0,3339.01032,48455
2026-01-14 22:00:00,97551.0,97563.0,96799.0,96917.0,3375.42861,34082
2026-01-15 00:00:00,96917.0,96975.0,96280.0,96435.0,2457.23504,34033
2026-01-15 02:00:00,96435.0,96599.0,95747.0,95970.0,2827.26617,37484
2026-01-15 04:00:00,95970.0,96499.0,95948.0,96432.0,1396.53429,26168
2026-01-15 06:00:00,96437.0,96775.0,96156.0,96629.0,1007.44167,25887
2026-01-15 08:00:00,96629.0,97202.0,96269.0,97036.0,2307.83944,31050
2026-01-15 10:00:00,97036.0,97060.0,96578.0,96579.0,889.27912,21919
2026-01-15 12:00:00,96580.0,97052.0,96508.0,96858.0,1770.99077,28033
2026-01-15 14:00:00,96858.0,97176.0,95436.0,96791.0,8375.74225,92544
2026-01-15 16:00:00,96791.0,97088.0,96269.0,96625.0,3117.85848,62425
2026-01-15 18:00:00,96625.0,96629.0,95075.0,95486.0,7872.11545,75673
2026-01-15 20:00:00,95487.0,95634.0,95085.0,95569.0,2296.21326,34220
2026-01-15 22:00:00,95570.0,95827.0,95369.0,95588.0,1392.81116,21935
2026-01-16 00:00:00,95589.0,95835.0,95410.0,95656.0,1502.5352,19864
2026-01-16 02:00:00,95656.0,95692.0,95308.0,95333.0,1238.00224,18618
2026-01-16 04:00:00,95333.0,95691.0,95150.0,95653.0,1402.41753,23893
2026-01-16 06:00:00,95653.0,95832.0,95471.0,95650.0,1053.61793,21505
2026-01-16 08:00:00,95651.0,95860.0,95570.0,95605.0,832.94355,22253
2026-01-16 10:00:00,95605.0,95623.0,95288.0,95434.0,1047.73069,22714
2026-01-16 12:00:00,95434.0,95581.0,95322.0,95451.0,819.0733,22178
2026-01-16 14:00:00,95452.0,95808.0,94302.0,94608.0,6412.54183,99569
2026-01-16 16:00:00,94609.0,95180.0,94536.0,95123.0,1965.96155,45624
2026-01-16 18:00:00,95123.0,95258.0,94868.0,95022.0,1416.17048,27782
2026-01-16 20:00:00,95022.0,95634.0,94701.0,95552.0,1736.18377,31876
2026-01-16 22:00:00,95553.0,95615.0,95286.0,95586.0,591.19653,19193
2026-01-17 00:00:00,95586.0,95613.0,95395.0,95408.0,759.84676,18299
2026-01-17 02:00:00,95409.0,95430.0,95239.0,95399.0,806.16472,18602
2026-01-17 04:00:00,95398.0,95399.0,95281.0,95338.0,302.823,9170
2026-01-17 06:00:00,95338.0,95371.0,95059.0,95117.0,651.90675,11828
2026-01-17 08:00:00,95116.0,95310.0,95033.0,95288.0,286.24322,10428
2026-01-17 10:00:00,95287.0,95336.0,95087.0,95336.0,545.01786,9354
2026-01-17 12:00:00,95336.0,95455.0,95199.0,95447.0,397.22694,12082
2026-01-17 14:00:00,95447.0,95659.0,95376.0,95576.0,574.67889,16592
2026-01-17 16:00:00,95576.0,95583.0,95210.0,95369.0,685.20613,16465
2026-01-17 18:00:00,95369.0,95481.0,95273.0,95291.0,466.32056,9685
2026-01-17 20:00:00,95290.0,95413.0,95261.0,95316.0,639.84045,10290
2026-01-17 22:00:00,95316.0,95316.0,95034.0,95144.0,1105.54773,15805
2026-01-18 00:00:00,95143.0,95261.0,94847.0,94955.0,1161.79488,15755
2026-01-18 02:00:00,94955.0,95204.0,94859.0,95194.0,435.9061,12154
2026-01-18 04:00:00,95194.0,95240.0,95050.0,95179.0,364.54978,11693
2026-01-18 06:00:00,95179.0,95197.0,95009.0,95024.0,159.32264,9240
2026-01-18 08:00:00,95024.0,95285.0,95008.0,95268.0,444.08498,11232
2026-01-18 10:00:00,95267.0,95286.0,95054.0,95149.0,265.61505,9437
2026-01-18 12:00:00,95150.0,95206.0,94887.0,95152.0,502.39081,10977
2026-01-18 14:00:00,95153.0,95370.0,94915.0,95110.0,771.57478,13285
2026-01-18 16:00:00,95109.0,95269.0,95062.0,95263.0,363.42766,9659
2026-01-18 18:00:00,95262.0,95524.0,95165.0,95387.0,1094.92757,17255
2026-01-18 20:00:00,95387.0,95443.0,95284.0,95430.0,523.61725,9817
2026-01-18 22:00:00,95431.0,95537.0,93555.0,93621.0,6433.71137,57296
2026-01-19 00:00:00,93620.0,93621.0,91800.0,92551.0,10401.3957,130108
2026-01-19 02:00:00,92551.0,92768.0,92359.0,92682.0,1013.39038,23617
2026-01-19 04:00:00,92682.0,92776.0,92442.0,92465.0,989.089,20168
2026-01-19 06:00:00,92465.0,92810.0,92327.0,92783.0,1386.07172,24454
2026-01-19 08:00:00,92784.0,93338.0,92643.0,93005.0,2520.41451,32297
2026-01-19 10:00:00,93005.0,93284.0,92848.0,93152.0,747.38855,15151
2026-01-19 12:00:00,93151.0,93196.0,92788.0,92981.0,706.73432,17661
2026-01-19 14:00:00,92982.0,93033.0,92670.0,93010.0,1275.66536,24706
2026-01-19 16:00:00,93009.0,93384.0,92946.0,93199.0,1166.1666,22461
2026-01-19 18:00:00,93199.0,93219.0,92879.0,93065.0,1065.31392,15853
2026-01-19 20:00:00,93064.0,93331.0,92952.0,92952.0,1747.58111,17479
2026-01-19 22:00:00,92953.0,93013.0,92075.0,92581.0,4479.29373,48401
2026-01-20 00:00:00,92582.0,92821.0,92307.0,92664.0,1394.20246,24667
2026-01-20 02:00:00,92664.0,92676.0,92200.0,92379.0,2026.93841,27183
2026-01-20 04:00:00,92379.0,92424.0,91217.0,91561.0,4841.3746,57419
2026-01-20 06:00:00,91561.0,91572.0,90688.0,91122.0,6590.83893,68534
2026-01-20 08:00:00,91122.0,91186.0,90622.0,90980.0,2439.86108,34886
2026-01-20 10:00:00,90980.0,91376.0,90942.0,91162.0,1396.4695,19456
2026-01-20 12:00:00,91162.0,91250.0,90724.0,90894.0,2704.6811,31341
2026-01-20 14:00:00,90894.0,91309.0,89797.0,90633.0,9231.62902,100956
2026-01-20 16:00:00,90633.0,90924.0,89389.0,89746.0,6833.37751,74101
2026-01-20 18:00:00,89746.0,89933.0,89260.0,89704.0,4141.58138,57359
2026-01-20 20:00:00,89703.0,89838.0,89390.0,89469.0,1884.07889,40546
2026-01-20 22:00:00,89469.0,89632.0,87804.0,88404.0,7480.6727,81268
2026-01-21 00:00:00,88403.0,89131.0,88214.0,88992.0,1538.1915,36789
2026-01-21 02:00:00,88992.0,89581.0,88957.0,89395.0,1707.46229,29003
2026-01-21 04:00:00,89395.0,90107.0,89309.0,89919.0,1295.30171,22512
2026-01-21 06:00:00,89919.0,89919.0,89036.0,89174.0,1434.33724,24804
2026-01-21 08:00:00,89174.0,89458.0,88948.0,89068.0,1067.82852,26431
2026-01-21 10:00:00,89069.0,89351.0,88648.0,88741.0,991.18816,20457
2026-01-21 12:00:00,88741.0,88968.0,88129.0,88639.0,3873.01313,56614
2026-01-21 14:00:00,88636.0,90500.0,88543.0,90230.0,7100.34598,104479
2026-01-21 16:00:00,90230.0,90309.0,87200.0,87894.0,13023.26756,112977
2026-01-21 18:00:00,87890.0,90400.0,87539.0,90312.0,7677.03897,84113
2026-01-21 20:00:00,90312.0,90337.0,89411.0,90207.0,4918.07966,47657
2026-01-21 22:00:00,90207.0,90344.0,89293.0,89401.0,2844.7286,29554
2026-01-22 00:00:00,89400.0,90156.0,89393.0,90061.0,1195.40869,26068
2026-01-22 02:00:00,90061.0,90312.0,89646.0,89842.0,1316.91581,25116
2026-01-22 04:00:00,89842.0,90030.0,89769.0,89976.0,776.03596,17330
2026-01-22 06:00:00,89977.0,90167.0,89728.0,89764.0,1100.59066,22124
2026-01-22 08:00:00,89764.0,90086.0,89708.0,89978.0,907.75427,21057
2026-01-22 10:00:00,89979.0,90126.0,89852.0,89897.0,532.16917,19636
2026-01-22 12:00:00,89897.0,90300.0,89424.0,89551.0,1909.67746,31819
2026-01-22 14:00:00,89552.0,89679.0,88445.0,88956.0,5405.83257,88733
2026-01-22 16:00:00,88957.0,89593.0,88631.0,89513.0,4081.36661,68085
2026-01-22 18:00:00,89514.0,89917.0,89067.0,89738.0,3565.62065,56539
2026-01-22 20:00:00,89737.0,89900.0,89175.0,89201.0,2484.43185,36618
2026-01-22 22:00:00,89202.0,89532.0,89081.0,89500.0,3330.7295,40515
2026-01-23 00:00:00,89500.0,89892.0,89390.0,89891.0,1065.05805,22227
2026-01-23 02:00:00,89891.0,89918.0,89590.0,89878.0,1313.91094,26855
2026-01-23 04:00:00,89878.0,90035.0,89407.0,89550.0,1718.16364,22243
2026-01-23 06:00:00,89550.0,89766.0,89351.0,89490.0,1791.62744,22873
2026-01-23 08:00:00,89490.0,89575.0,88818.0,88918.0,2763.49583,34326
2026-01-23 10:00:00,88919.0,89312.0,88809.0,89160.0,1245.16196,18257
2026-01-23 12:00:00,89160.0,89409.0,89044.0,89292.0,849.01037,16281
2026-01-23 14:00:00,89293.0,89818.0,88510.0,89706.0,6755.96794,74552
2026-01-23 16:00:00,89706.0,91206.0,89434.0,90566.0,6974.68665,76606
2026-01-23 18:00:00,90567.0,90979.0,89554.0,89935.0,4566.22203,55675
2026-01-23 20:00:00,89934.0,90116.0,89159.0,89299.0,2417.74706,37429
2026-01-23 22:00:00,89298.0,89716.0,89280.0,89552.0,1362.72882,15089
2026-01-24 00:00:00,89552.0,89580.0,89369.0,89506.0,503.50996,10026
2026-01-24 02:00:00,89506.0,89883.0,89505.0,89719.0,368.30838,11577
2026-01-24 04:00:00,89719.0,89812.0,89669.0,89729.0,172.51583,7307
2026-01-24 06:00:00,89729.0,89751.0,89527.0,89584.0,396.85638,9244
2026-01-24 08:00:00,89584.0,89647.0,89541.0,89566.0,192.53462,7072
2026-01-24 10:00:00,89565.0,89635.0,89539.0,89559.0,259.25132,6349
2026-01-24 12:00:00,89560.0,89560.0,89317.0,89330.0,246.10833,6912
2026-01-24 14:00:00,89330.0,89471.0,89143.0,89222.0,437.98477,12376
2026-01-24 16:00:00,89222.0,89374.0,89115.0,89359.0,763.13231,13404
2026-01-24 18:00:00,89364.0,89411.0,89217.0,89275.0,376.88037,7262
2026-01-24 20:00:00,89275.0,89353.0,89226.0,89331.0,164.84254,5803
2026-01-24 22:00:00,89331.0,89447.0,89154.0,89171.0,396.41729,9839
2026-01-25 00:00:00,89172.0,89278.0,89057.0,89132.0,284.56458,9756
2026-01-25 02:00:00,89132.0,89222.0,88780.0,88913.0,902.06066,13010
2026-01-25 04:00:00,88914.0,89045.0,88824.0,88958.0,299.93047,7618
2026-01-25 06:00:00,88958.0,88958.0,88600.0,88615.0,865.82232,13692
2026-01-25 08:00:00,88616.0,88720.0,88069.0,88365.0,1644.65853,23645
2026-01-25 10:00:00,88366.0,88668.0,88366.0,88525.0,435.18567,13622
2026-01-25 12:00:00,88525.0,88964.0,88405.0,88893.0,1333.58482,19528
2026-01-25 14:00:00,88894.0,88908.0,88352.0,88417.0,1269.03314,17235
2026-01-25 16:00:00,88418.0,88418.0,87513.0,87851.0,6491.60902,62154
2026-01-25 18:00:00,87852.0,87947.0,86117.0,86449.0,8625.30833,92632
2026-01-25 20:00:00,86450.0,86965.0,86203.0,86543.0,4090.9437,50175
2026-01-25 22:00:00,86544.0,86791.0,86051.0,86637.0,4465.58028,48064
2026-01-26 00:00:00,86638.0,87788.0,86469.0,87654.0,4445.93003,45576
2026-01-26 02:00:00,87659.0,87921.0,87041.0,87235.0,1812.33577,26789
2026-01-26 04:00:00,87236.0,87903.0,87204.0,87772.0,1102.04262,20129
2026-01-26 06:00:00,87773.0,88033.0,87666.0,87961.0,852.98533,19578
2026-01-26 08:00:00,87962.0,88369.0,87560.0,87634.0,2299.94266,27266
2026-01-26 10:00:00,87634.0,87949.0,87627.0,87804.0,829.01695,14145
2026-01-26 12:00:00,87804.0,88012.0,87641.0,87911.0,1585.42587,20732
2026-01-26 14:00:00,87912.0,88840.0,87264.0,87602.0,9304.82272,82121
2026-01-26 16:00:00,87603.0,87913.0,86946.0,87649.0,3355.36989,47176
2026-01-26 18:00:00,87650.0,88512.0,87612.0,87968.0,2815.49298,35904
2026-01-26 20:00:00,87967.0,88205.0,87507.0,88017.0,1177.24173,23685
2026-01-26 22:00:00,88022.0,88651.0,87959.0,88299.0,2934.06629,24638
2026-01-27 00:00:00,88299.0,88676.0,88146.0,88524.0,1602.65199,21141
2026-01-27 02:00:00,88524.0,88873.0,88523.0,88751.0,1033.42888,22517
2026-01-27 04:00:00,88750.0,88977.0,88361.0,88422.0,773.56873,17798
2026-01-27 06:00:00,88422.0,88527.0,88241.0,88290.0,398.1783,12910
2026-01-27 08:00:00,88290.0,88360.0,87818.0,87851.0,1312.8254,18906
2026-01-27 10:00:00,87850.0,88061.0,87692.0,87955.0,785.87932,15691
2026-01-27 12:00:00,87955.0,88132.0,87753.0,87940.0,665.0789,16736
2026-01-27 14:00:00,87940.0,88418.0,87527.0,88006.0,3155.66184,52893
2026-01-27 16:00:00,88007.0,88780.0,87256.0,87514.0,5636.17551,65666
2026-01-27 18:00:00,87514.0,88509.0,87411.0,88372.0,1949.05425,36070
2026-01-27 20:00:00,88373.0,89499.0,88351.0,89039.0,4620.92076,50363
2026-01-27 22:00:00,89040.0,89494.0,88969.0,89215.0,1433.42259,23807
2026-01-28 00:00:00,89216.0,89469.0,89104.0,89380.0,1333.69298,20011
2026-01-28 02:00:00,89381.0,89426.0,88958.0,89093.0,1087.31693,18694
2026-01-28 04:00:00,89092.0,89121.0,88801.0,89061.0,1082.66724,15872
2026-01-28 06:00:00,89061.0,89374.0,89061.0,89110.0,1057.05223,17434
2026-01-28 08:00:00,89110.0,89553.0,88836.0,89552.0,1825.59349,24582
2026-01-28 10:00:00,89552.0,90150.0,89301.0,90071.0,5577.00332,44804
2026-01-28 12:00:00,90070.0,90497.0,89764.0,90238.0,4032.06781,45165
2026-01-28 14:00:00,90237.0,90245.0,88793.0,89446.0,7382.34499,67206
2026-01-28 16:00:00,89445.0,90587.0,89202.0,90138.0,5249.79438,40194
2026-01-28 18:00:00,90137.0,90156.0,88960.0,89370.0,4811.31292,41552
2026-01-28 20:00:00,89369.0,89874.0,88811.0,89377.0,3822.36103,35400
2026-01-28 22:00:00,89378.0,89451.0,89096.0,89276.0,1187.50936,17704
2026-01-29 00:00:00,89276.0,89316.0,88483.0,88555.0,4143.09126,34989
2026-01-29 02:00:00,88556.0,88720.0,87647.0,88019.0,9463.43408,61343
2026-01-29 04:00:00,88019.0,88384.0,87866.0,88156.0,1254.44428,19123
2026-01-29 06:00:00,88157.0,88411.0,88144.0,88327.0,2428.65459,21061
2026-01-29 08:00:00,88326.0,88567.0,87850.0,87850.0,8478.92758,41300
2026-01-29 10:00:00,87850.0,88028.0,87704.0,87795.0,1604.61885,20209
2026-01-29 12:00:00,87795.0,88129.0,87774.0,88029.0,1676.01413,18297
2026-01-29 14:00:00,88028.0,88054.0,84323.0,84911.0,19545.9683,151631
2026-01-29 16:00:00,84910.0,85626.0,84010.0,84252.0,15144.10694,119113
2026-01-29 18:00:00,84252.0,84619.0,83360.0,83995.0,8195.86474,93292
2026-01-29 20:00:00,83996.0,84649.0,83810.0,84509.0,3278.07247,47427
2026-01-29 22:00:00,84509.0,84720.0,84286.0,84641.0,1585.60082,22385
2026-01-30 00:00:00,84639.0,84709.0,81000.0,82426.0,10434.18315,91359
2026-01-30 02:00:00,82426.0,82707.0,81097.0,82641.0,6459.20901,80790
2026-01-30 04:00:00,82641.0,83319.0,82640.0,82850.0,3866.74966,40297
2026-01-30 06:00:00,82850.0,83057.0,82013.0,82776.0,2996.59305,45633
2026-01-30 08:00:00,82776.0,82930.0,82108.0,82317.0,1234.10909,38313
2026-01-30 10:00:00,82316.0,83284.0,82127.0,83119.0,2684.38628,39274
2026-01-30 12:00:00,83119.0,83322.0,82413.0,82708.0,3367.86826,43741
2026-01-30 14:00:00,82708.0,83803.0,82272.0,82846.0,9032.45579,100218
2026-01-30 16:00:00,82845.0,83467.0,82507.0,82909.0,4576.10526,66705
2026-01-30 18:00:00,82909.0,84600.0,81829.0,84216.0,11426.86733,113537
2026-01-30 20:00:00,84220.0,84500.0,83509.0,84288.0,6476.43318,69074
2026-01-30 22:00:00,84288.0,84310.0,83891.0,84241.0,2331.40745,25828
2026-01-31 00:00:00,84240.0,84251.0,83878.0,83970.0,1464.55231,20162
2026-01-31 02:00:00,83969.0,84202.0,83775.0,83991.0,1348.0467,16497
2026-01-31 04:00:00,83990.0,84128.0,83858.0,83963.0,699.97927,14742
2026-01-31 06:00:00,83963.0,84014.0,83360.0,83518.0,2484.49486,22118
2026-01-31 08:00:00,83517.0,83597.0,82521.0,83078.0,2650.59286,43849
2026-01-31 10:00:00,83078.0,83171.0,82812.0,82986.0,386.10647,21715
2026-01-31 12:00:00,82987.0,83121.0,82450.0,82736.0,1318.12292,29669
2026-01-31 14:00:00,82737.0,82898.0,80792.0,81269.0,9876.06839,107491
2026-01-31 16:00:00,81268.0,82123.0,78095.0,78866.0,21798.6996,190858
2026-01-31 18:00:00,78866.0,79102.0,75280.0,77730.0,19834.95585,162491
2026-01-31 20:00:00,77730.0,78383.0,77058.0,78292.0,6333.19583,107626
2026-01-31 22:00:00,78292.0,79222.0,77978.0,78728.0,5251.23746,88085
2026-02-01 00:00:00,78728.0,79417.0,78290.0,78503.0,3741.56335,62736
2026-02-01 02:00:00,78503.0,79039.0,78357.0,78841.0,1616.06602,40306
2026-02-01 04:00:00,78841.0,79116.0,78501.0,78586.0,1348.74195,31546
2026-02-01 06:00:00,78586.0,78785.0,77958.0,78333.0,2066.65795,42024
2026-02-01 08:00:00,78333.0,79109.0,78211.0,79007.0,1195.57974,33613
2026-02-01 10:00:00,79006.0,79203.0,78106.0,78714.0,2339.01624,43144
2026-02-01 12:00:00,78713.0,78743.0,78158.0,78275.0,1684.91592,34604
2026-02-01 14:00:00,78276.0,78489.0,76768.0,77546.0,11628.86077,124070
2026-02-01 16:00:00,77546.0,77800.0,77048.0,77716.0,3597.13282,69779
2026-02-01 18:00:00,77716.0,78404.0,76941.0,77133.0,3881.63722,64615
2026-02-01 20:00:00,77132.0,77700.0,76306.0,76489.0,5587.95098,72988
2026-02-01 22:00:00,76490.0,77730.0,75620.0,76928.0,13606.55115,118455
2026-02-02 00:00:00,76928.0,78098.0,76560.0,77481.0,5392.61887,91454
2026-02-02 02:00:00,77481.0,77524.0,74564.0,76248.0,9447.10112,100907
2026-02-02 04:00:00,76256.0,76573.0,74856.0,75463.0,4955.99427,56154
2026-02-02 06:00:00,75453.0,76920.0,74892.0,76603.0,4759.37062,57323
2026-02-02 08:00:00,76610.0,77770.0,76575.0,77658.0,2756.42437,63679
2026-02-02 10:00:00,77659.0,77925.0,77400.0,77718.0,1858.26772,45464
2026-02-02 12:00:00,77719.0,78375.0,77666.0,78182.0,2032.02625,48251
2026-02-02 14:00:00,78181.0,79286.0,77467.0,78784.0,10557.13322,127739
2026-02-02 16:00:00,78785.0,79233.0,78524.0,78927.0,3172.22822,68407
2026-02-02 18:00:00,78926.0,78927.0,78227.0,78283.0,2237.78348,48018
2026-02-02 20:00:00,78288.0,78616.0,77859.0,78478.0,2118.98397,43280
2026-02-02 22:00:00,78479.0,78913.0,78479.0,78684.0,1132.44072,26666
2026-02-03 00:00:00,78684.0,79154.0,78367.0,78972.0,1171.12199,35582
2026-02-03 02:00:00,78972.0,78972.0,77596.0,78691.0,4156.11308,50547
2026-02-03 04:00:00,78691.0,78957.0,78175.0,78194.0,1407.0216,29158
2026-02-03 06:00:00,78194.0,78880.0,77886.0,78743.0,2060.46234,36087
2026-02-03 08:00:00,78743.0,79042.0,77905.0,78356.0,1666.7962,41867
2026-02-03 10:00:00,78356.0,78517.0,77957.0,78034.0,1436.64549,31503
2026-02-03 12:00:00,78035.0,78415.0,77951.0,78277.0,1738.23432,30831
2026-02-03 14:00:00,78277.0,78395.0,77011.0,78095.0,7550.34606,101281
2026-02-03 16:00:00,78094.0,78107.0,74853.0,74866.0,8965.51866,93357
2026-02-03 18:00:00,74868.0,75294.0,72900.0,74897.0,21838.31964,150973
2026-02-03 20:00:00,74898.0,76918.0,74565.0,76205.0,10718.78255,80750
2026-02-03 22:00:00,76204.0,76273.0,75364.0,75731.0,4590.65405,45466
2026-02-04 00:00:00,75732.0,76772.0,75421.0,76400.0,2651.99946,32859
2026-02-04 02:00:00,76399.0,76947.0,75675.0,76672.0,3747.2772,30873
2026-02-04 04:00:00,76672.0,76803.0,76068.0,76249.0,1339.95107,19455
2026-02-04 06:00:00,76249.0,76756.0,76230.0,76477.0,1360.65003,21514
2026-02-04 08:00:00,76477.0,76565.0,75940.0,76097.0,2302.69455,30632
2026-02-04 10:00:00,76098.0,76300.0,75639.0,76020.0,1797.26864,28958
2026-02-04 12:00:00,76020.0,76244.0,74815.0,74829.0,3569.41582,43377
2026-02-04 14:00:00,74828.0,75746.0,73751.0,74092.0,14806.23656,125915
2026-02-04 16:00:00,74092.0,74206.0,72170.0,72547.0,14373.9296,110929
2026-02-04 18:00:00,72546.0,74107.0,72234.0,73916.0,9719.83559,80882
2026-02-04 20:00:00,73916.0,74144.0,72164.0,72780.0,4472.40501,54513
2026-02-04 22:00:00,72776.0,73675.0,71820.0,73147.0,7185.64576,67237
2026-02-05 00:00:00,73139.0,73310.0,71955.0,72371.0,4560.34484,50444
2026-02-05 02:00:00,72377.0,72804.0,71121.0,71202.0,7782.90689,67943
2026-02-05 04:00:00,71202.0,71410.0,70114.0,70715.0,9132.21228,72074
2026-02-05 06:00:00,70717.0,71594.0,70443.0,70725.0,5247.8065,55667
2026-02-05 08:00:00,70730.0,71956.0,70665.0,71552.0,3169.29022,49368
2026-02-05 10:00:00,71552.0,71716.0,69886.0,70298.0,6361.32713,74693
2026-02-05 12:00:00,70299.0,70577.0,69149.0,69680.0,11765.82798,97412
2026-02-05 14:00:00,69680.0,70853.0,66709.0,67465.0,34243.81369,200746
2026-02-05 16:00:00,67465.0,68700.0,66146.0,66175.0,19218.50765,124228
2026-02-05 18:00:00,66175.0,66605.0,65160.0,65235.0,17073.26698,123495
2026-02-05 20:00:00,65235.0,65671.0,62156.0,63216.0,39616.91242,203576
2026-02-05 22:00:00,63216.0,64888.0,62665.0,62894.0,16105.95842,98831
2026-02-06 00:00:00,62894.0,65730.0,60000.0,65667.0,28633.19517,189498
2026-02-06 02:00:00,65668.0,65968.0,63730.0,64133.0,9392.73824,73739
2026-02-06 04:00:00,64131.0,66794.0,63918.0,66374.0,5361.374,58765
2026-02-06 06:00:00,66369.0,66741.0,64612.0,64794.0,6945.91843,61965
2026-02-06 08:00:00,64794.0,66123.0,64468.0,65760.0,4030.58616,45295
2026-02-06 10:00:00,65761.0,66703.0,65509.0,66589.0,4008.96632,37230
2026-02-06 12:00:00,66590.0,67642.0,66076.0,67274.0,5062.48948,45703
2026-02-06 14:00:00,67274.0,69111.0,66600.0,68544.0,17862.67316,103220
2026-02-06 16:00:00,68544.0,71448.0,68356.0,70701.0,16256.8804,115488
2026-02-06 18:00:00,70701.0,70860.0,69274.0,70680.0,8628.13077,79028
2026-02-06 20:00:00,70678.0,70901.0,69755.0,70294.0,5549.24155,61092
2026-02-06 22:00:00,70293.0,71684.0,70213.0,70516.0,6400.99137,56018
2026-02-07 00:00:00,70516.0,70631.0,69658.0,70429.0,3283.79776,40649
2026-02-07 02:00:00,70429.0,70877.0,70102.0,70867.0,1601.0657,25771
2026-02-07 04:00:00,70869.0,71656.0,69911.0,70112.0,2911.35021,38109
2026-02-07 06:00:00,70112.0,70266.0,67244.0,68038.0,8797.24946,68567
2026-02-07 08:00:00,68039.0,68723.0,67720.0,68069.0,2766.98635,33057
2026-02-07 10:00:00,68068.0,68242.0,67535.0,67926.0,3221.83502,24743
2026-02-07 12:00:00,67926.0,69933.0,67869.0,69055.0,5093.51114,48014
2026-02-07 14:00:00,69055.0,69724.0,68328.0,69113.0,3081.43858,36214
2026-02-07 16:00:00,69113.0,69837.0,68518.0,69158.0,8359.05569,60130
2026-02-07 18:00:00,69157.0,69666.0,68964.0,69338.0,2368.17704,22396
2026-02-07 20:00:00,69339.0,69703.0,69219.0,69455.0,1115.66428,23483
2026-02-07 22:00:00,69455.0,69667.0,68740.0,69236.0,2575.35611,26421
2026-02-08 00:00:00,69237.0,69467.0,68840.0,69340.0,2105.82465,24859
2026-02-08 02:00:00,69345.0,69665.0,69023.0,69054.0,766.23832,19727
2026-02-08 04:00:00,69054.0,69380.0,68922.0,69179.0,804.1882,16192
2026-02-08 06:00:00,69180.0,69676.0,69040.0,69675.0,1055.72697,21118
2026-02-08 08:00:00,69670.0,70749.0,69477.0,70079.0,2688.39932,39906
2026-02-08 10:00:00,70073.0,71179.0,69855.0,70956.0,2336.46298,33473
2026-02-08 12:00:00,70956.0,71487.0,70657.0,71486.0,2347.25679,28918
2026-02-08 14:00:00,71486.0,71525.0,70759.0,71150.0,2532.5801,29894
2026-02-08 16:00:00,71149.0,71226.0,70203.0,70760.0,2829.4014,30336
2026-02-08 18:00:00,70760.0,71495.0,70722.0,71385.0,2376.63012,26697
2026-02-08 20:00:00,71389.0,71391.0,70514.0,70662.0,2542.87062,24233
2026-02-08 22:00:00,70668.0,72271.0,69929.0,70297.0,7754.29903,53453
2026-02-09 00:00:00,70290.0,70900.0,70021.0,70331.0,3109.69809,30221
2026-02-09 02:00:00,70332.0,71417.0,70180.0,71269.0,1956.44786,24640
2026-02-09 04:00:00,71269.0,71324.0,70775.0,71015.0,1118.9891,16090
2026-02-09 06:00:00,71013.0,71013.0,70278.0,70394.0,2193.49404,22338
2026-02-09 08:00:00,70396.0,70587.0,69364.0,69597.0,3473.81461,34333
2026-02-09 10:00:00,69597.0,69690.0,68366.0,68876.0,4257.17274,40735
2026-02-09 12:00:00,68880.0,69262.0,68550.0,68550.0,2423.73603,29958
2026-02-09 14:00:00,68550.0,69834.0,68263.0,69539.0,8240.53324,69863
2026-02-09 16:00:00,69540.0,70930.0,69060.0,70567.0,6163.57147,53847
2026-02-09 18:00:00,70572.0,71044.0,70054.0,70924.0,3515.63239,37335
2026-02-09 20:00:00,70919.0,71094.0,69773.0,70377.0,3619.48029,34242
2026-02-09 22:00:00,70377.0,70697.0,70050.0,70093.0,1550.65036,17718
2026-02-10 00:00:00,70093.0,70499.0,69710.0,70447.0,2124.52283,25386
2026-02-10 02:00:00,70445.0,70445.0,69172.0,69475.0,1853.80629,28408
2026-02-10 04:00:00,69474.0,69872.0,69173.0,69417.0,1247.59473,22220
2026-02-10 06:00:00,69416.0,69469.0,68640.0,68879.0,1639.58735,29503
2026-02-10 08:00:00,68882.0,69384.0,68690.0,69121.0,2061.22506,26676
2026-02-10 10:00:00,69122.0,69225.0,68407.0,68505.0,2428.86454,24986
2026-02-10 12:00:00,68506.0,69100.0,68332.0,68992.0,2594.23197,35505
2026-02-10 14:00:00,68992.0,69555.0,67887.0,69269.0,11040.33023,80045
2026-02-10 16:00:00,69259.0,69983.0,68929.0,69895.0,3592.06871,39799
2026-02-10 18:00:00,69896.0,69912.0,68569.0,69027.0,4037.86929,34767
2026-02-10 20:00:00,69027.0,69102.0,68332.0,68621.0,2209.07542,22356
2026-02-10 22:00:00,68621.0,68834.0,68465.0,68801.0,1701.51434,17976
2026-02-11 00:00:00,68802.0,69270.0,68754.0,68953.0,1265.83228,16273
2026-02-11 02:00:00,68953.0,69130.0,67969.0,68144.0,1615.68979,21505
2026-02-11 04:00:00,68145.0,68281.0,67316.0,67364.0,2402.16327,31453
2026-02-11 06:00:00,67364.0,67461.0,66518.0,67001.0,3577.27477,36841
2026-02-11 08:00:00,67001.0,67098.0,66692.0,66852.0,1479.13427,21183
2026-02-11 10:00:00,66852.0,67075.0,66350.0,67032.0,3801.75709,33264
2026-02-11 12:00:00,67033.0,67646.0,66771.0,67429.0,5686.99379,42182
2026-02-11 14:00:00,67429.0,68764.0,65700.0,66479.0,15200.76605,99211
2026-02-11 16:00:00,66482.0,67206.0,65839.0,66479.0,4536.07228,49368
2026-02-11 18:00:00,66480.0,67820.0,66119.0,67555.0,3439.19568,48077
2026-02-11 20:00:00,67555.0,68308.0,67142.0,67774.0,4175.93106,43198
2026-02-11 22:00:00,67775.0,67833.0,66733.0,67059.0,3259.05212,34038
2026-02-12 00:00:00,67058.0,68005.0,67017.0,67649.0,4723.06881,34968
2026-02-12 02:00:00,67650.0,67758.0,67273.0,67552.0,1013.59578,21642
2026-02-12 04:00:00,67551.0,67643.0,66623.0,67093.0,1214.53361,26427
2026-02-12 06:00:00,67094.0,67310.0,66882.0,67188.0,1053.64652,20277
2026-02-12 08:00:00,67180.0,67676.0,66861.0,67511.0,2368.08647,26113
2026-02-12 10:00:00,67510.0,68261.0,67382.0,68047.0,3131.28034,32647
2026-02-12 12:00:00,68046.0,68380.0,67645.0,68351.0,2572.14876,28835
2026-02-12 14:00:00,68349.0,68399.0,66963.0,67111.0,6291.41466,59744
2026-02-12 16:00:00,67111.0,67199.0,65335.0,65378.0,11012.335,97466
2026-02-12 18:00:00,65378.0,66100.0,65097.0,65777.0,4711.07609,59359
2026-02-12 20:00:00,65776.0,66022.0,65194.0,65825.0,3138.40403,34562
2026-02-12 22:00:00,65826.0,66461.0,65623.0,66244.0,2956.82664,33469
2026-02-13 00:00:00,66245.0,66579.0,65827.0,66425.0,2732.48268,31543
2026-02-13 02:00:00,66424.0,66750.0,66356.0,66518.0,914.93186,22059
2026-02-13 04:00:00,66518.0,66639.0,66140.0,66140.0,690.87777,19564
2026-02-13 06:00:00,66140.0,66538.0,65962.0,66175.0,1633.00942,23449
2026-02-13 08:00:00,66175.0,67029.0,66162.0,66920.0,1574.39175,22955
2026-02-13 10:00:00,66920.0,67184.0,66758.0,67127.0,1133.28149,21807
2026-02-13 12:00:00,67128.0,67617.0,66886.0,67241.0,2791.38762,33124
2026-02-13 14:00:00,67241.0,69282.0,66821.0,68663.0,10007.87668,89149
2026-02-13 16:00:00,68663.0,69456.0,68502.0,69000.0,5811.49718,55114
2026-02-13 18:00:00,69000.0,69387.0,68864.0,68906.0,2633.49355,45149
2026-02-13 20:00:00,68906.0,69055.0,68648.0,68866.0,1971.2043,36868
2026-02-13 22:00:00,68866.0,68980.0,68700.0,68822.0,608.47331,18970
2026-02-14 00:00:00,68823.0,69121.0,68745.0,68936.0,859.93169,17177
2026-02-14 02:00:00,68936.0,68989.0,68819.0,68953.0,446.65524,9989
2026-02-14 04:00:00,68952.0,68968.0,68750.0,68750.0,552.72438,9245
2026-02-14 06:00:00,68751.0,69330.0,68705.0,69193.0,703.52135,14925
2026-02-14 08:00:00,69194.0,69878.0,69187.0,69675.0,1389.21439,29132
2026-02-14 10:00:00,69679.0,70532.0,69550.0,70484.0,2467.42185,29504
2026-02-14 12:00:00,70484.0,70521.0,69200.0,69427.0,4096.90836,42575
2026-02-14 14:00:00,69428.0,70020.0,69312.0,69760.0,2223.99238,24870
2026-02-14 16:00:00,69762.0,69895.0,69263.0,69708.0,1588.21126,24005
2026-02-14 18:00:00,69708.0,69877.0,69579.0,69851.0,795.42262,13498
2026-02-14 20:00:00,69851.0,70226.0,69644.0,69906.0,2235.56502,25731
2026-02-14 22:00:00,69906.0,70081.0,69701.0,69792.0,759.75852,16775
2026-02-15 00:00:00,69792.0,69872.0,69324.0,69680.0,1218.20545,20691
2026-02-15 02:00:00,69680.0,69970.0,69226.0,69928.0,1127.82056,19736
2026-02-15 04:00:00,69929.0,70502.0,69928.0,70245.0,2646.96435,29389
2026-02-15 06:00:00,70246.0,70888.0,70137.0,70790.0,1930.40564,28664
2026-02-15 08:00:00,70790.0,70949.0,70156.0,70388.0,1508.73652,25746
2026-02-15 10:00:00,70388.0,70512.0,70185.0,70263.0,543.04019,16336
2026-02-15 12:00:00,70263.0,70384.0,68747.0,68901.0,3685.8134,44545
2026-02-15 14:00:00,68901.0,69217.0,68813.0,69059.0,2015.63999,25712
2026-02-15 16:00:00,69060.0,69066.0,68179.0,68611.0,1815.24693,27735
2026-02-15 18:00:00,68612.0,68753.0,68034.0,68264.0,1833.77119,29173
2026-02-15 20:00:00,68265.0,68935.0,68088.0,68817.0,1463.34196,20223
2026-02-15 22:00:00,68817.0,69065.0,68288.0,68798.0,1238.1934,22555
2026-02-16 00:00:00,68800.0,69036.0,68425.0,68598.0,1458.46092,21193
2026-02-16 02:00:00,68598.0,68704.0,68113.0,68389.0,831.13896,18801
2026-02-16 04:00:00,68389.0,68867.0,68259.0,68360.0,1224.6349,15646
2026-02-16 06:00:00,68359.0,68645.0,68201.0,68555.0,652.92903,11481
2026-02-16 08:00:00,68554.0,69024.0,68514.0,68962.0,982.44975,15039
2026-02-16 10:00:00,68962.0,68962.0,68300.0,68787.0,1185.21639,18476
2026-02-16 12:00:00,68787.0,70099.0,68193.0,68363.0,5091.64461,53106
2026-02-16 14:00:00,68360.0,68677.0,67270.0,67506.0,5107.99052,48499
2026-02-16 16:00:00,67506.0,68037.0,67480.0,67918.0,2059.74193,26787
2026-02-16 18:00:00,67916.0,68218.0,67783.0,67881.0,1418.89836,18052
2026-02-16 20:00:00,67877.0,68914.0,67800.0,68833.0,2083.27228,22212
2026-02-16 22:00:00,68829.0,68950.0,68480.0,68870.0,1319.30746,18379
2026-02-17 00:00:00,68870.0,69003.0,68537.0,68582.0,1207.35091,18534
2026-02-17 02:00:00,68581.0,69213.0,68363.0,68449.0,2227.00558,22336
2026-02-17 04:00:00,68448.0,68678.0,67857.0,68208.0,970.40615,20423
2026-02-17 06:00:00,68208.0,68484.0,68135.0,68355.0,829.86556,14788
2026-02-17 08:00:00,68356.0,68444.0,67959.0,68089.0,932.31869,15886
2026-02-17 10:00:00,68089.0,68164.0,67647.0,67821.0,2453.04321,21328
2026-02-17 12:00:00,67821.0,68322.0,67699.0,68106.0,3671.47566,24043
2026-02-17 14:00:00,68106.0,68303.0,66600.0,67357.0,6999.94644,61403
2026-02-17 16:00:00,67356.0,68116.0,66871.0,67228.0,6326.75995,56772
2026-02-17 18:00:00,67227.0,68219.0,67107.0,67768.0,2329.43613,32380
2026-02-17 20:00:00,67767.0,67913.0,67464.0,67659.0,2051.00232,23463
2026-02-17 22:00:00,67658.0,67773.0,67367.0,67480.0,981.58087,14665
2026-02-18 00:00:00,67481.0,67609.0,66858.0,67142.0,2313.80259,20516
2026-02-18 02:00:00,67142.0,67681.0,67136.0,67607.0,837.00113,16127
2026-02-18 04:00:00,67608.0,67917.0,67479.0,67616.0,1704.1064,17391
2026-02-18 06:00:00,67615.0,68181.0,67588.0,68087.0,779.72897,15642
2026-02-18 08:00:00,68086.0,68442.0,67972.0,68132.0,1589.31512,19409
2026-02-18 10:00:00,68132.0,68149.0,67049.0,67337.0,2241.11179,29326
2026-02-18 12:00:00,67337.0,67665.0,67008.0,67212.0,1687.0962,25512
2026-02-18 14:00:00,67211.0,68339.0,66678.0,67675.0,5164.32612,55979
2026-02-18 16:00:00,67676.0,67679.0,67000.0,67137.0,4790.67211,36858
2026-02-18 18:00:00,67138.0,67191.0,65834.0,66137.0,8052.13295,60334
2026-02-18 20:00:00,66137.0,66493.0,66054.0,66304.0,3335.98837,30523
2026-02-18 22:00:00,66305.0,66468.0,66200.0,66436.0,794.22371,21314
2026-02-19 00:00:00,66436.0,66847.0,66307.0,66835.0,991.70294,24855
2026-02-19 02:00:00,66835.0,66959.0,66612.0,66953.0,950.0967,22986
2026-02-19 04:00:00,66954.0,67050.0,66665.0,66845.0,1073.79699,21547
2026-02-19 06:00:00,66844.0,67300.0,66841.0,67190.0,1114.89517,29027
2026-02-19 08:00:00,67189.0,67189.0,66724.0,66808.0,2084.88654,25039
2026-02-19 10:00:00,66809.0,66935.0,66461.0,66480.0,1643.20838,21016
2026-02-19 12:00:00,66480.0,66645.0,65736.0,65898.0,4198.92178,50434
2026-02-19 14:00:00,65893.0,66712.0,65619.0,66377.0,6763.80072,70139
2026-02-19 16:00:00,66378.0,67038.0,65875.0,66351.0,3925.07337,62696
2026-02-19 18:00:00,66351.0,67190.0,66224.0,67043.0,2834.70388,52610
2026-02-19 20:00:00,67040.0,67158.0,66809.0,66903.0,1415.67231,25769
2026-02-19 22:00:00,66904.0,67008.0,66629.0,66981.0,1565.92195,23010
2026-02-20 00:00:00,66982.0,67491.0,66934.0,67260.0,1763.76575,27191
2026-02-20 02:00:00,67261.0,67483.0,67163.0,67347.0,602.34566,17294
2026-02-20 04:00:00,67348.0,67999.0,67095.0,67773.0,2460.1117,30206
2026-02-20 06:00:00,67772.0,67975.0,67644.0,67813.0,1190.62313,23972
2026-02-20 08:00:00,67813.0,68200.0,67733.0,68199.0,767.29752,20941
2026-02-20 10:00:00,68199.0,68300.0,67227.0,67285.0,3218.30534,41176
2026-02-20 12:00:00,67284.0,67560.0,66422.0,66800.0,6596.12885,63696
2026-02-20 14:00:00,66799.0,68101.0,66514.0,67549.0,11253.57319,113777
2026-02-20 16:00:00,67547.0,67891.0,66918.0,67590.0,6049.18367,83318
2026-02-20 18:00:00,67590.0,67978.0,67430.0,67601.0,3199.1475,58054
2026-02-20 20:00:00,67602.0,67804.0,67491.0,67790.0,1308.57066,31881
2026-02-20 22:00:00,67789.0,68225.0,67610.0,67980.0,2615.21365,37038
2026-02-21 00:00:00,67979.0,68004.0,67766.0,67916.0,672.09751,22831
2026-02-21 02:00:00,67917.0,68066.0,67481.0,67632.0,694.13782,25526
2026-02-21 04:00:00,67631.0,67852.0,67557.0,67826.0,495.79769,21386
2026-02-21 06:00:00,67826.0,67894.0,67715.0,67821.0,271.69446,19916
2026-02-21 08:00:00,67821.0,68264.0,67784.0,68113.0,1242.63468,19579
2026-02-21 10:00:00,68111.0,68244.0,68009.0,68055.0,957.29528,13564
2026-02-21 12:00:00,68055.0,68226.0,67877.0,68224.0,749.30077,17060
2026-02-21 14:00:00,68223.0,68661.0,68148.0,68578.0,1631.05626,29823
2026-02-21 16:00:00,68577.0,68598.0,68050.0,68399.0,2249.13745,29627
2026-02-21 18:00:00,68400.0,68620.0,68333.0,68511.0,1199.53322,17321
2026-02-21 20:00:00,68510.0,68562.0,68150.0,68339.0,675.01977,17110
2026-02-21 22:00:00,68338.0,68387.0,67869.0,67935.0,1165.9891,22384
2026-02-22 00:00:00,67932.0,68136.0,67763.0,68115.0,1058.26997,18648
2026-02-22 02:00:00,68114.0,68185.0,67785.0,68010.0,512.16313,18517
2026-02-22 04:00:00,68010.0,68045.0,67857.0,67945.0,402.46188,11080
2026-02-22 06:00:00,67945.0,68142.0,67933.0,67971.0,630.88612,12490
2026-02-22 08:00:00,67971.0,68062.0,67885.0,68019.0,529.97166,11596
2026-02-22 10:00:00,68020.0,68225.0,67992.0,68180.0,806.07466,13443
2026-02-22 12:00:00,68179.0,68200.0,67534.0,67622.0,1992.62339,26868
2026-02-22 14:00:00,67622.0,67783.0,67280.0,67657.0,1872.06897,32011
2026-02-22 16:00:00,67656.0,67685.0,67145.0,67351.0,1662.25616,22129
2026-02-22 18:00:00,67353.0,67457.0,67287.0,67391.0,1124.15193,13374
2026-02-22 20:00:00,67390.0,67606.0,67306.0,67571.0,612.92588,14139
2026-02-22 22:00:00,67570.0,67713.0,67427.0,67602.0,1171.80408,21938
2026-02-23 00:00:00,67602.0,67637.0,64260.0,64393.0,7582.87771,95331
2026-02-23 02:00:00,64394.0,65027.0,64284.0,64902.0,3497.67516,48856
2026-02-23 04:00:00,64902.0,65183.0,64656.0,65043.0,2414.28229,30354
2026-02-23 06:00:00,65044.0,65981.0,65003.0,65928.0,3900.39857,44600
2026-02-23 08:00:00,65929.0,66420.0,65540.0,66370.0,2692.24868,36033
2026-02-23 10:00:00,66372.0,66570.0,66065.0,66166.0,2313.43437,30688
2026-02-23 12:00:00,66166.0,66472.0,65857.0,66096.0,3005.91426,36762
2026-02-23 14:00:00,66096.0,66228.0,65500.0,65623.0,3747.72264,60962
2026-02-23 16:00:00,65621.0,65684.0,64122.0,64777.0,6504.88492,73373
2026-02-23 18:00:00,64779.0,65165.0,64072.0,64270.0,5898.67531,64301
2026-02-23 20:00:00,64270.0,64769.0,63859.0,64559.0,3160.45536,44818
2026-02-23 22:00:00,64559.0,65000.0,64504.0,64631.0,2990.86551,32179
2026-02-24 00:00:00,64631.0,64994.0,63416.0,64130.0,8071.13775,64126
2026-02-24 02:00:00,64129.0,64479.0,63313.0,63559.0,3720.89597,52041
2026-02-24 04:00:00,63560.0,63599.0,62667.0,63075.0,4351.72135,55799
2026-02-24 06:00:00,63075.0,63337.0,62865.0,63173.0,2152.88659,37501
2026-02-24 08:00:00,63171.0,63414.0,62909.0,63222.0,1690.60232,35639
2026-02-24 10:00:00,63223.0,63343.0,63035.0,63196.0,1519.99805,26420
2026-02-24 12:00:00,63197.0,63330.0,62468.0,62883.0,4085.37909,49635
2026-02-24 14:00:00,62884.0,64023.0,62747.0,63957.0,7110.97348,85495
2026-02-24 16:00:00,63956.0,64503.0,63650.0,64186.0,5804.5226,66098
2026-02-24 18:00:00,64186.0,64719.0,63880.0,64403.0,5680.57166,43025
2026-02-24 20:00:00,64403.0,64548.0,63781.0,63994.0,4567.08698,42181
2026-02-24 22:00:00,63993.0,64209.0,63800.0,64015.0,1822.92366,29568
2026-02-25 00:00:00,64015.0,66266.0,63852.0,65865.0,9927.16894,77647
2026-02-25 02:00:00,65866.0,66326.0,65329.0,65356.0,3435.4262,45201
2026-02-25 04:00:00,65357.0,65630.0,64726.0,64851.0,2099.40338,37082
2026-02-25 06:00:00,64852.0,65181.0,64758.0,64997.0,1620.76524,28388
2026-02-25 08:00:00,64997.0,65657.0,64931.0,65529.0,1456.51751,31951
2026-02-25 10:00:00,65529.0,65623.0,65163.0,65398.0,665.0064,22492
2026-02-25 12:00:00,65398.0,66648.0,65297.0,66210.0,3519.65865,53214
2026-02-25 14:00:00,66209.0,67534.0,66165.0,67368.0,5266.6159,83484
2026-02-25 16:00:00,67366.0,68847.0,67366.0,68624.0,8466.43749,90723
2026-02-25 18:00:00,68625.0,69495.0,68329.0,68994.0,7613.00172,82549
2026-02-25 20:00:00,68993.0,69984.0,68576.0,68881.0,5184.71819,71756
2026-02-25 22:00:00,68881.0,69140.0,67511.0,67944.0,5022.92603,61336
2026-02-26 00:00:00,67945.0,68662.0,67686.0,68210.0,3635.15176,49720
2026-02-26 02:00:00,68211.0,68336.0,67771.0,68193.0,1978.11202,36362
2026-02-26 04:00:00,68193.0,68816.0,68100.0,68407.0,3055.39137,39122
2026-02-26 06:00:00,68409.0,68496.0,67800.0,67800.0,1463.2923,28524
2026-02-26 08:00:00,67801.0,68622.0,67771.0,68560.0,2522.61862,33830
2026-02-26 10:00:00,68560.0,68692.0,67956.0,68012.0,2034.68247,27803
2026-02-26 12:00:00,68011.0,68259.0,67802.0,67871.0,2210.8731,28112
2026-02-26 14:00:00,67870.0,68219.0,66765.0,67354.0,8249.79587,93424
2026-02-26 16:00:00,67353.0,67519.0,66488.0,66813.0,5961.42903,65200
2026-02-26 18:00:00,66813.0,67910.0,66554.0,67567.0,4692.58421,54563
2026-02-26 20:00:00,67567.0,67797.0,67121.0,67437.0,1583.08589,28175
2026-02-26 22:00:00,67437.0,67626.0,67299.0,67453.0,1023.56637,21198
2026-02-27 00:00:00,67452.0,67510.0,66850.0,67312.0,1689.69396,34785
2026-02-27 02:00:00,67312.0,67695.0,67069.0,67572.0,2289.38055,29876
2026-02-27 04:00:00,67571.0,68178.0,67552.0,67690.0,2599.13819,34369
2026-02-27 06:00:00,67689.0,67798.0,67425.0,67654.0,1917.74811,27813
2026-02-27 08:00:00,67654.0,68127.0,67268.0,67337.0,2946.11309,37525
2026-02-27 10:00:00,67336.0,67381.0,65935.0,66103.0,5300.83192,61219
2026-02-27 12:00:00,66103.0,66318.0,65638.0,66246.0,3725.49692,46130
2026-02-27 14:00:00,66245.0,66298.0,65653.0,66081.0,3903.82208,53658
2026-02-27 16:00:00,66080.0,66097.0,65085.0,65664.0,4686.90062,52343
2026-02-27 18:00:00,65663.0,65749.0,65126.0,65362.0,1769.01928,35037
2026-02-27 20:00:00,65361.0,65696.0,65350.0,65490.0,1393.48531,22835
2026-02-27 22:00:00,65490.0,65924.0,64849.0,65837.0,2058.42915,31815
2026-02-28 00:00:00,65838.0,65983.0,65685.0,65744.0,1339.0761,19584
2026-02-28 02:00:00,65744.0,65973.0,65708.0,65754.0,557.49055,14327
2026-02-28 04:00:00,65754.0,65781.0,65452.0,65549.0,738.9925,15060
2026-02-28 06:00:00,65550.0,65553.0,62983.0,63783.0,9952.81181,103189
2026-02-28 08:00:00,63782.0,63888.0,63313.0,63612.0,2951.91143,46881
2026-02-28 10:00:00,63610.0,64258.0,63435.0,63782.0,4265.41882,39370
2026-02-28 12:00:00,63781.0,65200.0,63777.0,65063.0,6120.44139,51898
2026-02-28 14:00:00,65073.0,65333.0,64172.0,64800.0,4630.57876,57607
2026-02-28 16:00:00,64799.0,65549.0,64636.0,65412.0,2828.60544,39040
2026-02-28 18:00:00,65411.0,66620.0,65161.0,66326.0,5832.32866,68589
2026-02-28 20:00:00,66325.0,67120.0,66163.0,66681.0,6664.36816,69071
2026-02-28 22:00:00,66681.0,67760.0,66574.0,66931.0,6667.76191,58509
2026-03-01 00:00:00,66931.0,67687.0,66026.0,67316.0,4102.6338,57159
2026-03-01 02:00:00,67316.0,68173.0,67302.0,67479.0,5214.46084,65597
2026-03-01 04:00:00,67479.0,67574.0,67037.0,67270.0,2341.43869,29661
2026-03-01 06:00:00,67270.0,67321.0,66750.0,67113.0,1907.33978,28848
2026-03-01 08:00:00,67112.0,67267.0,66209.0,66368.0,2824.07113,43658
2026-03-01 10:00:00,66367.0,66696.0,66193.0,66430.0,1802.92777,25987
2026-03-01 12:00:00,66430.0,67275.0,66087.0,66904.0,2371.69049,35584
2026-03-01 14:00:00,66904.0,67263.0,66729.0,66796.0,2381.67114,45528
2026-03-01 16:00:00,66796.0,67073.0,65658.0,65950.0,3311.56581,54663
2026-03-01 18:00:00,65951.0,66624.0,65753.0,65919.0,2009.0781,36260
2026-03-01 20:00:00,65919.0,65923.0,65056.0,65626.0,2742.29258,48305
2026-03-01 22:00:00,65627.0,66500.0,65000.0,65734.0,5108.58003,70307
2026-03-02 00:00:00,65734.0,67027.0,65724.0,66496.0,2879.75675,63658
2026-03-02 02:00:00,66497.0,67000.0,65847.0,66789.0,2657.38249,45271
2026-03-02 04:00:00,66790.0,66959.0,66524.0,66699.0,2045.80594,33499
2026-03-02 06:00:00,66699.0,66700.0,65515.0,65968.0,2968.37426,39440
2026-03-02 08:00:00,65969.0,66692.0,65631.0,66131.0,3001.29343,40694
2026-03-02 10:00:00,66125.0,66427.0,65979.0,66337.0,1055.64384,29018
2026-03-02 12:00:00,66334.0,66360.0,65323.0,65414.0,2961.10617,39910
2026-03-02 14:00:00,65414.0,69597.0,65250.0,69093.0,15986.82634,143226
2026-03-02 16:00:00,69092.0,70067.0,68750.0,69159.0,8052.81007,96314
2026-03-02 18:00:00,69158.0,69232.0,68534.0,68916.0,3309.63194,52828
2026-03-02 20:00:00,68916.0,69492.0,68528.0,69367.0,4122.99013,53733
2026-03-02 22:00:00,69366.0,69462.0,68689.0,68774.0,2171.33549,37937
2026-03-03 00:00:00,68773.0,69199.0,68604.0,68716.0,1918.74269,40704
2026-03-03 02:00:00,68716.0,68722.0,68200.0,68327.0,2307.76293,39624
2026-03-03 04:00:00,68326.0,68546.0,67824.0,67919.0,2538.13298,35458
2026-03-03 06:00:00,67919.0,68237.0,67800.0,68148.0,2350.55929,34672
2026-03-03 08:00:00,68151.0,68279.0,66371.0,66643.0,8622.18951,78814
2026-03-03 10:00:00,66643.0,67151.0,66432.0,67012.0,3367.66678,51263
2026-03-03 12:00:00,67012.0,67968.0,66616.0,66917.0,4343.81807,59048
2026-03-03 14:00:00,66916.0,67818.0,66104.0,67691.0,8161.25452,95286
2026-03-03 16:00:00,67692.0,69000.0,67466.0,68282.0,12652.554,105354
2026-03-03 18:00:00,68288.0,68879.0,67950.0,68391.0,4455.64155,58028
2026-03-03 20:00:00,68393.0,68570.0,67791.0,67990.0,1894.52302,42647
2026-03-03 22:00:00,67990.0,68837.0,67983.0,68299.0,1978.86115,39654
2026-03-04 00:00:00,68298.0,68877.0,67817.0,68390.0,3949.91468,51881
2026-03-04 02:00:00,68390.0,68415.0,67351.0,67695.0,3446.33872,52131
2026-03-04 04:00:00,67694.0,68353.0,67407.0,68176.0,3533.2234,43404
2026-03-04 06:00:00,68176.0,69635.0,68000.0,69473.0,7268.82806,54224
2026-03-04 08:00:00,69474.0,71850.0,69123.0,71474.0,10844.93759,102062
2026-03-04 10:00:00,71474.0,71833.0,70900.0,71077.0,5075.18672,60603
2026-03-04 12:00:00,71077.0,71561.0,70548.0,71441.0,4108.96737,57576
2026-03-04 14:00:00,71441.0,73429.0,71249.0,73344.0,13774.79475,141499
2026-03-04 16:00:00,73344.0,73688.0,72479.0,73164.0,7393.63604,96344
2026-03-04 18:00:00,73164.0,73995.0,72841.0,73562.0,4717.05648,72264
2026-03-04 20:00:00,73562.0,73634.0,72822.0,73250.0,3399.43375,54111
2026-03-04 22:00:00,73249.0,73456.0,72255.0,72633.0,2429.90663,46453
2026-03-05 00:00:00,72634.0,73233.0,72356.0,72495.0,2827.09648,48375
2026-03-05 02:00:00,72493.0,72840.0,72286.0,72451.0,2825.19115,39391
2026-03-05 04:00:00,72451.0,73043.0,72221.0,72363.0,3208.7277,37845
2026-03-05 06:00:00,72363.0,72631.0,71750.0,72024.0,3923.28963,47530
2026-03-05 08:00:00,72025.0,72841.0,71720.0,72552.0,3917.48617,49170
2026-03-05 10:00:00,72551.0,73500.0,72480.0,72886.0,3652.76321,53850
2026-03-05 12:00:00,72885.0,73020.0,72141.0,72432.0,4068.70924,51033
2026-03-05 14:00:00,72432.0,72813.0,71138.0,71617.0,7639.53362,90329
2026-03-05 16:00:00,71617.0,71626.0,70610.0,70668.0,4730.2611,71500
2026-03-05 18:00:00,70668.0,71400.0,70620.0,70891.0,3527.95538,52132
2026-03-05 20:00:00,70891.0,71543.0,70828.0,71105.0,2551.20912,43564
2026-03-05 22:00:00,71105.0,71339.0,70748.0,70828.0,2196.81651,32454
2026-03-06 00:00:00,70827.0,71256.0,70333.0,71212.0,2526.93513,44140
2026-03-06 02:00:00,71212.0,71388.0,70962.0,71049.0,2103.10065,32965
2026-03-06 04:00:00,71049.0,71088.0,70087.0,70398.0,3933.40758,42191
2026-03-06 06:00:00,70398.0,71150.0,70231.0,71024.0,2646.87999,36550
2026-03-06 08:00:00,71024.0,71049.0,70268.0,70535.0,1749.53899,36796
2026-03-06 10:00:00,70535.0,70773.0,70166.0,70185.0,1889.27328,32026
2026-03-06 12:00:00,70184.0,70323.0,69162.0,69188.0,8582.38925,81352
2026-03-06 14:00:00,69188.0,69226.0,68124.0,68484.0,13584.99047,119416
2026-03-06 16:00:00,68484.0,68764.0,67720.0,67932.0,9358.95386,79914
2026-03-06 18:00:00,67932.0,68451.0,67918.0,68099.0,3690.99735,48523
2026-03-06 20:00:00,68100.0,68322.0,67749.0,68269.0,3679.88449,42243
2026-03-06 22:00:00,68269.0,68415.0,68065.0,68082.0,2375.02854,23843
2026-03-07 00:00:00,68082.0,68368.0,68067.0,68232.0,1183.06252,17641
2026-03-07 02:00:00,68232.0,68533.0,68019.0,68063.0,1210.06029,20515
2026-03-07 04:00:00,68064.0,68119.0,67790.0,67977.0,1033.09242,19376
2026-03-07 06:00:00,67977.0,67990.0,67401.0,67807.0,2844.32828,29930
2026-03-07 08:00:00,67808.0,68039.0,67681.0,67971.0,2320.54315,21300
2026-03-07 10:00:00,67971.0,68204.0,67799.0,67981.0,1361.23606,21755
2026-03-07 12:00:00,67980.0,68062.0,67829.0,67903.0,2155.20599,18197
2026-03-07 14:00:00,67903.0,68058.0,67590.0,67852.0,2399.28848,30142
2026-03-07 16:00:00,67852.0,67928.0,67691.0,67769.0,1336.7994,17811
2026-03-07 18:00:00,67770.0,67770.0,66898.0,67053.0,3673.36221,47152
2026-03-07 20:00:00,67053.0,67450.0,67036.0,67421.0,1529.28379,27165
2026-03-07 22:00:00,67421.0,67432.0,67050.0,67230.0,1497.14124,24218
2026-03-08 00:00:00,67230.0,67461.0,67055.0,67271.0,1508.65879,24853
2026-03-08 02:00:00,67270.0,67402.0,66800.0,67001.0,2017.04498,30570
2026-03-08 04:00:00,67001.0,67215.0,66514.0,67110.0,2550.75412,31686
2026-03-08 06:00:00,67110.0,67417.0,67004.0,67289.0,1413.45716,21829
2026-03-08 08:00:00,67288.0,67862.0,67120.0,67669.0,2292.40323,31942
2026-03-08 10:00:00,67670.0,68161.0,67364.0,67483.0,3228.39669,40303
2026-03-08 12:00:00,67482.0,67615.0,66782.0,67205.0,4017.8906,58351
2026-03-08 14:00:00,67206.0,67407.0,67018.0,67175.0,1574.23516,32726
2026-03-08 16:00:00,67174.0,67224.0,66756.0,67016.0,2048.36405,31661
2026-03-08 18:00:00,67016.0,67453.0,66700.0,67304.0,3067.20688,38801
2026-03-08 20:00:00,67304.0,67495.0,66677.0,66974.0,4050.07424,42147
2026-03-08 22:00:00,66975.0,66975.0,65573.0,65933.0,7373.507,98243
2026-03-09 00:00:00,65933.0,66719.0,65780.0,66181.0,4021.15875,68391
2026-03-09 02:00:00,66182.0,67632.0,65918.0,67170.0,5470.56688,72549
2026-03-09 04:00:00,67170.0,68041.0,67014.0,67871.0,6589.57508,56643
2026-03-09 06:00:00,67872.0,67896.0,66862.0,67513.0,4007.89745,48097
2026-03-09 08:00:00,67513.0,68426.0,67339.0,67949.0,4481.28567,58098
2026-03-09 10:00:00,67950.0,68046.0,67314.0,67732.0,2431.07941,39473
2026-03-09 12:00:00,67733.0,69249.0,67729.0,68961.0,5380.40917,68601
2026-03-09 14:00:00,68960.0,69444.0,68640.0,68832.0,6480.21836,67688
2026-03-09 16:00:00,68831.0,69214.0,68235.0,68563.0,4849.40551,50565
2026-03-09 18:00:00,68563.0,69460.0,68183.0,68953.0,5984.65268,59528
2026-03-09 20:00:00,68949.0,69092.0,68571.0,68884.0,4736.62192,41025
2026-03-09 22:00:00,68885.0,68989.0,68334.0,68389.0,1781.91408,31995
2026-03-10 00:00:00,68388.0,69341.0,68346.0,69230.0,2622.78675,51426
2026-03-10 02:00:00,69231.0,70598.0,69066.0,69394.0,7380.41271,80103
2026-03-10 04:00:00,69394.0,70338.0,69394.0,69940.0,3014.08235,46533
2026-03-10 06:00:00,69941.0,70500.0,69715.0,70363.0,2714.72287,45783
2026-03-10 08:00:00,70363.0,71269.0,70336.0,71024.0,5002.29833,56998
2026-03-10 10:00:00,71025.0,71037.0,70503.0,70555.0,3034.85556,28170
2026-03-10 12:00:00,70553.0,70877.0,69667.0,69881.0,2856.43914,53382
2026-03-10 14:00:00,69880.0,71760.0,69250.0,71307.0,8495.22908,99002
2026-03-10 16:00:00,71308.0,71650.0,70461.0,70825.0,4315.75101,51078
2026-03-10 18:00:00,70824.0,70862.0,69691.0,69997.0,4515.65798,64638
2026-03-10 20:00:00,69994.0,70358.0,69467.0,69705.0,2819.48232,38586
2026-03-10 22:00:00,69704.0,69924.0,69400.0,69898.0,1383.12673,28640
2026-03-11 00:00:00,69897.0,70128.0,69707.0,70026.0,2330.79473,32409
2026-03-11 02:00:00,70026.0,70074.0,69434.0,69511.0,1197.33255,23673
2026-03-11 04:00:00,69511.0,70244.0,69364.0,69465.0,2520.80213,32465
2026-03-11 06:00:00,69460.0,69982.0,69454.0,69614.0,1618.03355,24000
2026-03-11 08:00:00,69619.0,69747.0,69346.0,69429.0,1415.53153,24739
2026-03-11 10:00:00,69428.0,69680.0,69126.0,69129.0,1568.36158,22560
2026-03-11 12:00:00,69128.0,71046.0,68947.0,70143.0,7186.05835,84938
2026-03-11 14:00:00,70143.0,70918.0,69634.0,70180.0,7815.51356,86731
2026-03-11 16:00:00,70180.0,71294.0,70124.0,70738.0,5589.42716,60906
2026-03-11 18:00:00,70733.0,70854.0,70339.0,70598.0,2961.05558,26396
2026-03-11 20:00:00,70597.0,70737.0,70349.0,70711.0,1802.99703,23782
2026-03-11 22:00:00,70712.0,70898.0,70068.0,70135.0,2338.96116,33100
2026-03-12 00:00:00,70136.0,70312.0,69703.0,69780.0,1336.41026,35540
2026-03-12 02:00:00,69780.0,69836.0,69176.0,69379.0,2440.81667,42856
2026-03-12 04:00:00,69380.0,69618.0,69163.0,69437.0,1374.9572,27649
2026-03-12 06:00:00,69436.0,69819.0,69320.0,69786.0,1926.30888,25107
2026-03-12 08:00:00,69787.0,70349.0,69538.0,69918.0,2630.21799,41425
2026-03-12 10:00:00,69917.0,70770.0,69825.0,70388.0,2570.91758,47183
2026-03-12 12:00:00,70389.0,70577.0,69655.0,69936.0,4075.12889,64681
2026-03-12 14:00:00,69936.0,70608.0,69303.0,70278.0,5858.96122,97268
2026-03-12 16:00:00,70279.0,70520.0,69865.0,70167.0,3471.32981,68810
2026-03-12 18:00:00,70167.0,70537.0,69725.0,70400.0,3752.65831,57219
2026-03-12 20:00:00,70403.0,70518.0,70080.0,70248.0,2262.36827,32343
2026-03-12 22:00:00,70248.0,70700.0,69981.0,70500.0,1993.84068,38613
2026-03-13 00:00:00,70500.0,71986.0,70353.0,71640.0,7307.72101,94512
2026-03-13 02:00:00,71639.0,71677.0,70926.0,71376.0,3107.75124,41616
2026-03-13 04:00:00,71375.0,71614.0,71215.0,71520.0,1604.7093,29363
2026-03-13 06:00:00,71519.0,71655.0,71156.0,71598.0,1813.6025,34955
2026-03-13 08:00:00,71599.0,72127.0,71363.0,71992.0,4272.87145,49009
2026-03-13 10:00:00,71991.0,72570.0,71979.0,72202.0,3568.84683,52733
2026-03-13 12:00:00,72202.0,73560.0,72186.0,73350.0,6218.54789,80334
2026-03-13 14:00:00,73349.0,73869.0,71703.0,71801.0,7637.2977,116033
2026-03-13 16:00:00,71802.0,72216.0,70865.0,71004.0,6912.46728,96772
2026-03-13 18:00:00,71004.0,71328.0,70776.0,71135.0,3445.90955,55269
2026-03-13 20:00:00,71135.0,71462.0,71018.0,71053.0,1836.95409,33183
2026-03-13 22:00:00,71052.0,71140.0,70519.0,70901.0,3207.46489,42199
2026-03-14 00:00:00,70900.0,70911.0,70449.0,70795.0,2247.64727,34346
2026-03-14 02:00:00,70794.0,71124.0,70696.0,71039.0,1439.03492,23295
2026-03-14 04:00:00,71039.0,71262.0,70864.0,70978.0,1067.13475,22218
2026-03-14 06:00:00,70977.0,70977.0,70276.0,70564.0,2285.61588,34008
2026-03-14 08:00:00,70563.0,70688.0,70370.0,70480.0,913.58522,19710
2026-03-14 10:00:00,70480.0,70734.0,70352.0,70709.0,817.01117,20138
2026-03-14 12:00:00,70708.0,70891.0,70573.0,70828.0,1067.92611,20649
2026-03-14 14:00:00,70828.0,70911.0,70444.0,70545.0,2197.52673,24170
2026-03-14 16:00:00,70544.0,70698.0,70431.0,70582.0,585.97581,15980
2026-03-14 18:00:00,70582.0,70693.0,70515.0,70660.0,421.2676,12352
2026-03-14 20:00:00,70661.0,70815.0,70604.0,70765.0,737.61566,15468
2026-03-14 22:00:00,70765.0,71216.0,70655.0,71180.0,1242.91262,25085
2026-03-15 00:00:00,71181.0,71188.0,70822.0,70968.0,930.77542,25080
2026-03-15 02:00:00,70968.0,71590.0,70968.0,71313.0,1898.76951,36931
2026-03-15 04:00:00,71313.0,71750.0,71301.0,71463.0,962.03087,24770
2026-03-15 06:00:00,71463.0,71633.0,71344.0,71420.0,712.39908,18177
2026-03-15 08:00:00,71419.0,71931.0,71419.0,71755.0,1263.23758,26535
2026-03-15 10:00:00,71756.0,71879.0,71625.0,71809.0,893.91445,16322
2026-03-15 12:00:00,71809.0,71809.0,71205.0,71571.0,1088.01396,27002
2026-03-15 14:00:00,71570.0,71587.0,71301.0,71444.0,1073.74848,20156
2026-03-15 16:00:00,71445.0,71950.0,71256.0,71780.0,1860.55734,27592
2026-03-15 18:00:00,71783.0,71842.0,71276.0,71516.0,1558.80745,26988
2026-03-15 20:00:00,71516.0,72257.0,71382.0,72072.0,2309.40506,37235
2026-03-15 22:00:00,72072.0,73182.0,71684.0,72778.0,6146.97146,90032
2026-03-16 00:00:00,72778.0,72978.0,72237.0,72727.0,2338.89039,48586
2026-03-16 02:00:00,72728.0,74263.0,72331.0,73535.0,3677.69875,65900
2026-03-16 04:00:00,73536.0,74395.0,73535.0,74166.0,3632.41255,62883
2026-03-16 06:00:00,74170.0,74171.0,73357.0,73413.0,1667.82774,37157
2026-03-16 08:00:00,73414.0,73733.0,72856.0,73226.0,2042.67996,40063
2026-03-16 10:00:00,73227.0,73794.0,73168.0,73519.0,1597.49086,36481
2026-03-16 12:00:00,73520.0,74472.0,73421.0,74074.0,4259.54985,69920
2026-03-16 14:00:00,74076.0,74421.0,72947.0,73235.0,6811.83209,90757
2026-03-16 16:00:00,73235.0,74009.0,73128.0,73905.0,3399.19253,59301
2026-03-16 18:00:00,73904.0,74381.0,73757.0,73930.0,4372.55688,63589
2026-03-16 20:00:00,73931.0,74760.0,73816.0,74358.0,4320.62848,52870
2026-03-16 22:00:00,74358.0,74898.0,74200.0,74854.0,5659.55,55949
2026-03-17 00:00:00,74854.0,75972.0,74576.0,75585.0,9853.1804,91591
2026-03-17 02:00:00,75586.0,75642.0,74233.0,74426.0,3888.19368,47793
2026-03-17 04:00:00,74427.0,74649.0,73735.0,73999.0,4449.57073,54330
2026-03-17 06:00:00,74000.0,74413.0,73836.0,74210.0,2281.62737,35160
2026-03-17 08:00:00,74211.0,74415.0,73813.0,73897.0,2203.0231,39208
2026-03-17 10:00:00,73898.0,74177.0,73479.0,73996.0,2147.43502,38636
2026-03-17 12:00:00,73996.0,74144.0,73318.0,73569.0,4176.75836,57869
2026-03-17 14:00:00,73569.0,74866.0,73383.0,73881.0,5334.22032,87863
2026-03-17 16:00:00,73881.0,74574.0,73833.0,74488.0,3566.44481,54770
2026-03-17 18:00:00,74489.0,74774.0,74336.0,74477.0,2175.30333,47324
2026-03-17 20:00:00,74477.0,74775.0,74304.0,74654.0,1711.17042,31443
2026-03-17 22:00:00,74655.0,74743.0,73826.0,73864.0,2054.21517,36503
2026-03-18 00:00:00,73863.0,74177.0,73500.0,74037.0,2154.12384,39415
2026-03-18 02:00:00,74037.0,74638.0,74013.0,74416.0,2031.57462,27023
2026-03-18 04:00:00,74416.0,74457.0,73785.0,73907.0,1660.8687,21492
2026-03-18 06:00:00,73906.0,74196.0,73655.0,73850.0,1266.09052,23539
2026-03-18 08:00:00,73850.0,74250.0,73832.0,74146.0,1014.65761,20099
2026-03-18 10:00:00,74146.0,74229.0,72746.0,72915.0,3550.60243,52930
2026-03-18 12:00:00,72915.0,72935.0,71946.0,72108.0,5089.73589,76840
2026-03-18 14:00:00,72108.0,72188.0,70811.0,71442.0,8851.4233,95313
2026-03-18 16:00:00,71442.0,71729.0,71000.0,71563.0,3759.42278,55372
2026-03-18 18:00:00,71563.0,71951.0,70900.0,71032.0,4893.47106,62627
2026-03-18 20:00:00,71033.0,71390.0,70440.0,71226.0,3656.70563,48803
2026-03-18 22:00:00,71226.0,71332.0,70899.0,71213.0,2300.43221,30500
2026-03-19 00:00:00,71213.0,71289.0,70921.0,71082.0,2260.92764,27277
2026-03-19 02:00:00,71082.0,71570.0,70851.0,71181.0,2282.57388,30225
2026-03-19 04:00:00,71182.0,71182.0,70600.0,70794.0,2408.19988,31646
2026-03-19 06:00:00,70793.0,70973.0,69425.0,70151.0,5025.48726,60963
2026-03-19 08:00:00,70151.0,70527.0,69852.0,70467.0,2568.46896,47169
2026-03-19 10:00:00,70466.0,70483.0,69850.0,69896.0,2114.26891,39978
2026-03-19 12:00:00,69896.0,70034.0,69044.0,69859.0,5002.68484,75326
2026-03-19 14:00:00,69860.0,70111.0,68750.0,69376.0,6102.67572,82073
2026-03-19 16:00:00,69376.0,69916.0,69068.0,69824.0,4250.41655,61090
2026-03-19 18:00:00,69824.0,70603.0,69539.0,70254.0,6469.65078,79112
2026-03-19 20:00:00,70260.0,70701.0,70178.0,70408.0,2579.46127,46821
2026-03-19 22:00:00,70409.0,70500.0,69697.0,69919.0,3260.13575,72642
2026-03-20 00:00:00,69920.0,70581.0,69830.0,70386.0,1425.37508,67488
2026-03-20 02:00:00,70386.0,70824.0,70068.0,70715.0,1848.11794,33885
2026-03-20 04:00:00,70716.0,70950.0,70508.0,70566.0,1688.02138,32603
2026-03-20 06:00:00,70566.0,70919.0,70200.0,70829.0,1697.41186,33211
2026-03-20 08:00:00,70830.0,71360.0,70390.0,70558.0,2277.89637,45552
2026-03-20 10:00:00,70559.0,70801.0,70187.0,70446.0,2565.37135,40323
2026-03-20 12:00:00,70445.0,70650.0,69739.0,69825.0,3789.86281,63830
2026-03-20 14:00:00,69825.0,70229.0,69441.0,69829.0,5597.07111,87200
2026-03-20 16:00:00,69829.0,70071.0,69344.0,69976.0,2823.68549,56102
2026-03-20 18:00:00,69975.0,70161.0,69488.0,70137.0,4207.99306,59170
2026-03-20 20:00:00,70138.0,70673.0,69700.0,70511.0,4957.05891,48073
2026-03-20 22:00:00,70511.0,70882.0,70381.0,70474.0,2614.24626,33691
2026-03-21 00:00:00,70474.0,70787.0,70417.0,70440.0,863.86207,20172
2026-03-21 02:00:00,70439.0,70755.0,70414.0,70637.0,476.73771,14017
2026-03-21 04:00:00,70636.0,70798.0,70585.0,70676.0,890.139,15687
2026-03-21 06:00:00,70676.0,70849.0,70637.0,70688.0,573.9621,15313
2026-03-21 08:00:00,70687.0,70727.0,70464.0,70616.0,967.32311,16753
2026-03-21 10:00:00,70616.0,70634.0,70523.0,70610.0,838.49658,10237
2026-03-21 12:00:00,70610.0,70775.0,70609.0,70699.0,875.51997,12222
2026-03-21 14:00:00,70699.0,71076.0,70416.0,70594.0,1386.29373,28616
2026-03-21 16:00:00,70594.0,70623.0,70175.0,70279.0,1370.73303,22441
2026-03-21 18:00:00,70279.0,70490.0,70257.0,70358.0,743.16687,13413
2026-03-21 20:00:00,70358.0,70475.0,70233.0,70323.0,879.72709,23642
2026-03-21 22:00:00,70322.0,70354.0,68507.0,68874.0,3803.73531,40937
2026-03-22 00:00:00,68875.0,69106.0,68190.0,68925.0,5385.13923,56823
2026-03-22 02:00:00,68924.0,69554.0,68904.0,69300.0,1841.79969,29772
2026-03-22 04:00:00,69300.0,69475.0,69102.0,69111.0,760.04567,19316
2026-03-22 06:00:00,69112.0,69206.0,68850.0,68874.0,867.73181,18914
2026-03-22 08:00:00,68874.0,68943.0,68503.0,68792.0,1168.88091,27459
2026-03-22 10:00:00,68790.0,68808.0,68059.0,68172.0,1695.16134,29751
2026-03-22 12:00:00,68174.0,68913.0,68141.0,68660.0,2545.09731,37532
2026-03-22 14:00:00,68660.0,68960.0,68500.0,68805.0,1749.13825,33957
2026-03-22 16:00:00,68806.0,68842.0,68625.0,68633.0,783.86419,20620
2026-03-22 18:00:00,68633.0,68709.0,68098.0,68160.0,1891.74769,32991
2026-03-22 20:00:00,68160.0,68465.0,67313.0,67864.0,5791.5675,63700
2026-03-22 22:00:00,67864.0,68438.0,67542.0,67831.0,5163.26057,64608
2026-03-23 00:00:00,67831.0,68133.0,67404.0,67889.0,2966.87509,60693
2026-03-23 02:00:00,67888.0,68570.0,67774.0,68043.0,1651.61693,43499
2026-03-23 04:00:00,68043.0,68880.0,68020.0,68870.0,2182.99542,40856
2026-03-23 06:00:00,68871.0,68871.0,67474.0,68286.0,3525.35537,58202
2026-03-23 08:00:00,68287.0,68665.0,67889.0,68311.0,1836.35712,42831
2026-03-23 10:00:00,68311.0,71502.0,68259.0,70075.0,14196.71815,135282
2026-03-23 12:00:00,70076.0,71573.0,69635.0,71443.0,8860.81077,115257
2026-03-23 14:00:00,71444.0,71785.0,70051.0,70088.0,6900.65149,105079
2026-03-23 16:00:00,70087.0,71081.0,70087.0,71045.0,4036.30526,69806
2026-03-23 18:00:00,71044.0,71218.0,70603.0,70636.0,3097.96136,48442
2026-03-23 20:00:00,70638.0,70966.0,70526.0,70804.0,1542.85846,24382
2026-03-23 22:00:00,70803.0,70963.0,70369.0,70860.0,3229.70011,40816
2026-03-24 00:00:00,70861.0,71074.0,70250.0,70473.0,2365.36271,47444
2026-03-24 02:00:00,70473.0,70664.0,70330.0,70499.0,1008.58905,25383
2026-03-24 04:00:00,70500.0,70711.0,70097.0,70242.0,1029.67185,27612
2026-03-24 06:00:00,70242.0,71385.0,70216.0,71266.0,2689.70017,36068
2026-03-24 08:00:00,71267.0,71336.0,70817.0,71291.0,1326.14543,31254
2026-03-24 10:00:00,71291.0,71304.0,70926.0,71126.0,1500.99305,29852
2026-03-24 12:00:00,71126.0,71153.0,69903.0,70057.0,4485.23071,63686
2026-03-24 14:00:00,70056.0,70418.0,69466.0,69837.0,7204.33911,104949
2026-03-24 16:00:00,69836.0,69973.0,68904.0,69217.0,5756.44582,78658
2026-03-24 18:00:00,69216.0,69718.0,69152.0,69335.0,3196.87751,49913
2026-03-24 20:00:00,69335.0,70407.0,69265.0,70313.0,4949.33777,68883
2026-03-24 22:00:00,70314.0,70824.0,70108.0,70553.0,2613.33316,48256
2026-03-25 00:00:00,70554.0,71045.0,70454.0,70655.0,2107.41729,43410
2026-03-25 02:00:00,70655.0,70792.0,70387.0,70691.0,2636.04534,33760
2026-03-25 04:00:00,70690.0,71338.0,70678.0,71094.0,3445.93425,36203
2026-03-25 06:00:00,71095.0,71259.0,70851.0,70900.0,1650.40555,26887
2026-03-25 08:00:00,70900.0,71487.0,70771.0,71308.0,3358.46483,41510
2026-03-25 10:00:00,71307.0,71998.0,71243.0,71656.0,3996.2546,43495
2026-03-25 12:00:00,71655.0,72034.0,71080.0,71561.0,6096.3876,64766
2026-03-25 14:00:00,71562.0,71661.0,70538.0,70814.0,4165.23593,71028
2026-03-25 16:00:00,70814.0,71770.0,70685.0,70743.0,4263.18316,67948
2026-03-25 18:00:00,70743.0,71106.0,70665.0,70845.0,2109.92424,44899
2026-03-25 20:00:00,70846.0,71154.0,70605.0,71005.0,1490.08231,30952
2026-03-25 22:00:00,71006.0,71546.0,70911.0,71303.0,1695.36738,36288
2026-03-26 00:00:00,71302.0,71411.0,71084.0,71216.0,1298.92616,31525
2026-03-26 02:00:00,71216.0,71258.0,70640.0,70871.0,2088.92203,35020
2026-03-26 04:00:00,70872.0,70877.0,69897.0,69981.0,2286.77346,34955
2026-03-26 06:00:00,69980.0,70140.0,69770.0,70066.0,2142.19787,32955
2026-03-26 08:00:00,70066.0,70106.0,69371.0,69538.0,2304.78051,42742
2026-03-26 10:00:00,69538.0,69675.0,69151.0,69221.0,2054.17369,40851
2026-03-26 12:00:00,69221.0,69848.0,69184.0,69618.0,3948.20253,54158
2026-03-26 14:00:00,69616.0,69798.0,68654.0,69063.0,5077.06296,74199
2026-03-26 16:00:00,69064.0,69149.0,68321.0,68463.0,3180.45964,46339
2026-03-26 18:00:00,68463.0,68678.0,68123.0,68524.0,4452.25307,53139
2026-03-26 20:00:00,68520.0,69477.0,68424.0,68893.0,5242.62367,53408
2026-03-26 22:00:00,68892.0,68998.0,68578.0,68806.0,1741.77463,34646
2026-03-27 00:00:00,68806.0,69047.0,68500.0,69022.0,1428.48561,32624
2026-03-27 02:00:00,69021.0,69152.0,68650.0,68735.0,975.26939,24023
2026-03-27 04:00:00,68735.0,68833.0,68267.0,68599.0,1576.66248,32678
2026-03-27 06:00:00,68599.0,68926.0,68441.0,68507.0,1890.17695,28207
2026-03-27 08:00:00,68507.0,68600.0,67513.0,67663.0,3774.97567,53997
2026-03-27 10:00:00,67663.0,67744.0,66144.0,66676.0,6417.41813,70038
2026-03-27 12:00:00,66675.0,66755.0,66010.0,66164.0,4755.79844,58778
2026-03-27 14:00:00,66164.0,66627.0,65703.0,66097.0,5465.62799,80579
2026-03-27 16:00:00,66097.0,66281.0,65579.0,65612.0,4116.35069,58882
2026-03-27 18:00:00,65613.0,66140.0,65550.0,66032.0,2840.48203,48670
2026-03-27 20:00:00,66032.0,66167.0,65801.0,66063.0,2277.94558,30972
2026-03-27 22:00:00,66064.0,66399.0,65890.0,66396.0,1102.81543,22453
2026-03-28 00:00:00,66397.0,66489.0,66035.0,66142.0,1029.05322,21788
2026-03-28 02:00:00,66143.0,66219.0,65903.0,66203.0,642.86674,16553
2026-03-28 04:00:00,66203.0,66360.0,66088.0,66328.0,767.59501,13550
2026-03-28 06:00:00,66328.0,66548.0,66296.0,66537.0,575.69455,17408
2026-03-28 08:00:00,66538.0,66551.0,66219.0,66280.0,632.95249,16689
2026-03-28 10:00:00,66280.0,66385.0,66108.0,66302.0,727.80508,15602
2026-03-28 12:00:00,66303.0,67128.0,66217.0,66817.0,2605.17384,35860
2026-03-28 14:00:00,66817.0,67280.0,66660.0,66997.0,2404.91811,39544
2026-03-28 16:00:00,66996.0,67086.0,66672.0,66826.0,1243.58902,32354
2026-03-28 18:00:00,66825.0,66940.0,66785.0,66888.0,818.52421,25981
2026-03-28 20:00:00,66889.0,66995.0,66555.0,66657.0,1256.20684,28157
2026-03-28 22:00:00,66657.0,66768.0,66261.0,66353.0,1447.48994,27281
2026-03-29 00:00:00,66353.0,66603.0,66267.0,66552.0,980.89099,21965
2026-03-29 02:00:00,66551.0,67096.0,66517.0,66886.0,770.24337,21191
2026-03-29 04:00:00,66885.0,66921.0,66580.0,66754.0,693.79879,15475
2026-03-29 06:00:00,66754.0,66861.0,66531.0,66649.0,710.32458,16370
2026-03-29 08:00:00,66648.0,66755.0,66517.0,66604.0,515.44571,15209
2026-03-29 10:00:00,66605.0,66942.0,66378.0,66782.0,976.88655,23930
2026-03-29 12:00:00,66782.0,66844.0,66501.0,66543.0,991.79765,24798
2026-03-29 14:00:00,66542.0,66767.0,66295.0,66493.0,1406.32695,38397
2026-03-29 16:00:00,66494.0,66633.0,66115.0,66351.0,1219.43925,36761
2026-03-29 18:00:00,66351.0,66500.0,66291.0,66318.0,748.81908,26781
2026-03-29 20:00:00,66318.0,66793.0,66317.0,66675.0,1022.00907,32555
2026-03-29 22:00:00,66674.0,66675.0,64904.0,65970.0,7513.87361,110029
2026-03-30 00:00:00,65969.0,67040.0,65759.0,66606.0,4229.39855,77518
2026-03-30 02:00:00,66607.0,67400.0,66538.0,67133.0,2239.16148,46142
2026-03-30 04:00:00,67135.0,67773.0,67129.0,67461.0,1888.86785,46521
2026-03-30 06:00:00,67461.0,67600.0,67200.0,67600.0,1158.42361,37437
2026-03-30 08:00:00,67599.0,67890.0,67417.0,67463.0,1668.00513,41922
2026-03-30 10:00:00,67463.0,67971.0,67325.0,67632.0,1786.69599,37337
2026-03-30 12:00:00,67632.0,68127.0,67403.0,67480.0,3315.59008,47915
2026-03-30 14:00:00,67479.0,67849.0,67043.0,67587.0,4259.00077,63540
2026-03-30 16:00:00,67586.0,67606.0,66600.0,66797.0,3280.71074,55429
2026-03-30 18:00:00,66797.0,66899.0,66184.0,66515.0,3018.65801,62909
2026-03-30 20:00:00,66515.0,66957.0,66492.0,66769.0,1732.55862,42950
2026-03-30 22:00:00,66768.0,66956.0,66361.0,66766.0,1250.41875,30309
2026-03-31 00:00:00,66766.0,68370.0,66491.0,67910.0,5003.41341,67367
2026-03-31 02:00:00,67910.0,68061.0,67613.0,67671.0,1919.80772,36676
2026-03-31 04:00:00,67672.0,67837.0,67352.0,67646.0,2417.29718,35585
2026-03-31 06:00:00,67646.0,67679.0,67069.0,67343.0,3163.04915,62617
2026-03-31 08:00:00,67342.0,67468.0,65951.0,66079.0,5906.72375,52594
2026-03-31 10:00:00,66078.0,66827.0,66056.0,66652.0,4076.63787,44032
2026-03-31 12:00:00,66652.0,67387.0,66489.0,67266.0,2944.53485,52720
2026-03-31 14:00:00,67267.0,67749.0,66395.0,66691.0,6900.76078,88765
2026-03-31 16:00:00,66690.0,68559.0,66690.0,67484.0,9283.00179,119907
2026-03-31 18:00:00,67484.0,67996.0,67479.0,67803.0,2853.57393,69868
2026-03-31 20:00:00,67803.0,68375.0,67782.0,68241.0,4411.55623,64424
2026-03-31 22:00:00,68241.0,68341.0,67912.0,68244.0,2161.45296,53817
2026-04-01 00:00:00,68243.0,68321.0,67733.0,67744.0,2021.01543,50911
2026-04-01 02:00:00,67745.0,68218.0,67553.0,68136.0,1477.61355,37023
2026-04-01 04:00:00,68136.0,68730.0,67992.0,68430.0,2714.12202,48488
2026-04-01 06:00:00,68431.0,69265.0,68430.0,68653.0,5275.72001,54354
2026-04-01 08:00:00,68653.0,68835.0,68350.0,68614.0,3194.4138,40461
2026-04-01 10:00:00,68615.0,68703.0,68361.0,68675.0,1708.35175,29394
2026-04-01 12:00:00,68676.0,68726.0,67845.0,68075.0,4291.83307,63112
2026-04-01 14:00:00,68075.0,68914.0,68026.0,68878.0,3590.65702,63594
2026-04-01 16:00:00,68878.0,69117.0,68203.0,68228.0,3766.55851,71928
2026-04-01 18:00:00,68228.0,68284.0,67904.0,68137.0,3329.79205,72716
2026-04-01 20:00:00,68136.0,68499.0,67914.0,68319.0,3053.07878,57146
2026-04-01 22:00:00,68319.0,68320.0,67956.0,68084.0,2058.79399,44001
2026-04-02 00:00:00,68083.0,68624.0,67009.0,67315.0,8027.20242,101639
2026-04-02 02:00:00,67315.0,67315.0,66445.0,66538.0,3589.11689,56766
2026-04-02 04:00:00,66538.0,66612.0,66179.0,66548.0,3135.67034,39428
2026-04-02 06:00:00,66547.0,66888.0,66509.0,66878.0,2243.27574,33953
2026-04-02 08:00:00,66878.0,66878.0,66263.0,66422.0,2205.27907,74608
2026-04-02 10:00:00,66422.0,66464.0,66103.0,66171.0,1661.57816,37162
2026-04-02 12:00:00,66172.0,66244.0,65697.0,66240.0,3937.88005,67044
2026-04-02 14:00:00,66240.0,67070.0,66130.0,66798.0,7609.27979,95757
2026-04-02 16:00:00,66798.0,67390.0,66620.0,66638.0,3994.28227,68582
2026-04-02 18:00:00,66638.0,67080.0,66549.0,66930.0,3362.12874,50306
2026-04-02 20:00:00,66937.0,67078.0,66673.0,66906.0,1822.20837,33960
2026-04-02 22:00:00,66905.0,67057.0,66790.0,66866.0,757.19511,26902
2026-04-03 00:00:00,66866.0,66971.0,66426.0,66589.0,1614.22282,33981
2026-04-03 02:00:00,66588.0,66710.0,66246.0,66558.0,1859.99032,41491
2026-04-03 04:00:00,66558.0,66783.0,66384.0,66575.0,1301.11828,22976
2026-04-03 06:00:00,66574.0,67229.0,66526.0,67013.0,1936.81053,33389
2026-04-03 08:00:00,67013.0,67268.0,66706.0,66832.0,2256.8384,28948
2026-04-03 10:00:00,66833.0,67031.0,66631.0,66975.0,1829.17249,23879
2026-04-03 12:00:00,66976.0,67371.0,66480.0,66640.0,3497.78199,41346
2026-04-03 14:00:00,66639.0,66987.0,66601.0,66806.0,2303.81688,32050
2026-04-03 16:00:00,66806.0,67053.0,66720.0,66817.0,1716.03727,29888
2026-04-03 18:00:00,66818.0,66900.0,66736.0,66856.0,703.12412,23394
2026-04-03 20:00:00,66856.0,66950.0,66785.0,66937.0,896.51959,17386
2026-04-03 22:00:00,66938.0,66943.0,66793.0,66942.0,1006.00067,18203
2026-04-04 00:00:00,66930.0,66942.0,66787.0,66810.0,558.58934,15013
2026-04-04 02:00:00,66810.0,66889.0,66772.0,66794.0,457.66304,12358
2026-04-04 04:00:00,66795.0,66905.0,66728.0,66866.0,339.52001,14414
2026-04-04 06:00:00,66866.0,67019.0,66866.0,66977.0,796.1994,15867
2026-04-04 08:00:00,66977.0,67015.0,66864.0,66944.0,611.95386,20487
2026-04-04 10:00:00,66944.0,67198.0,66880.0,67126.0,1251.93273,25362
2026-04-04 12:00:00,67125.0,67241.0,67000.0,67167.0,1010.47475,29480
2026-04-04 14:00:00,67166.0,67493.0,66989.0,67337.0,1194.09274,31202
2026-04-04 16:00:00,67336.0,67483.0,67242.0,67293.0,953.90469,29669
2026-04-04 18:00:00,67292.0,67513.0,67227.0,67256.0,637.11732,31534
2026-04-04 20:00:00,67256.0,67430.0,67151.0,67316.0,871.78656,30339
2026-04-04 22:00:00,67315.0,67429.0,67221.0,67264.0,459.23679,25864
2026-04-05 00:00:00,67263.0,67264.0,67043.0,67051.0,559.81858,16152
2026-04-05 02:00:00,67050.0,67152.0,66922.0,67095.0,720.82983,13649
2026-04-05 04:00:00,67095.0,67154.0,66845.0,66885.0,1035.95802,14527
2026-04-05 06:00:00,66886.0,66901.0,66565.0,66770.0,2141.60916,25121
2026-04-05 08:00:00,66770.0,67007.0,66770.0,66987.0,1080.1454,16212
2026-04-05 10:00:00,66987.0,67119.0,66919.0,66953.0,794.49808,15640
2026-04-05 12:00:00,66953.0,66953.0,66637.0,66853.0,1062.45335,23983
2026-04-05 14:00:00,66853.0,67809.0,66776.0,67259.0,3010.17645,42349
2026-04-05 16:00:00,67259.0,67372.0,67134.0,67333.0,1158.57607,37445
2026-04-05 18:00:00,67332.0,67525.0,67234.0,67320.0,971.76984,46924
2026-04-05 20:00:00,67320.0,67653.0,67290.0,67498.0,1526.8124,53446
2026-04-05 22:00:00,67497.0,69096.0,67305.0,68988.0,6986.51004,93864
2026-04-06 00:00:00,68989.0,69700.0,68763.0,68779.0,6198.94024,56599
2026-04-06 02:00:00,68771.0,69379.0,68753.0,69085.0,2587.74755,38286
2026-04-06 04:00:00,69085.0,69204.0,68943.0,69166.0,1109.37551,20277
2026-04-06 06:00:00,69167.0,69324.0,68752.0,69082.0,2483.64116,32477
2026-04-06 08:00:00,69083.0,70243.0,69051.0,69695.0,4933.31311,51629
2026-04-06 10:00:00,69696.0,69919.0,69512.0,69585.0,2290.49783,32719
2026-04-06 12:00:00,69585.0,69598.0,69195.0,69402.0,2411.59259,44843
2026-04-06 14:00:00,69402.0,69926.0,69120.0,69926.0,3799.04018,73859
2026-04-06 16:00:00,69925.0,70316.0,69223.0,69529.0,4802.48441,68070
2026-04-06 18:00:00,69529.0,69922.0,69436.0,69706.0,2322.21975,44688
2026-04-06 20:00:00,69705.0,69941.0,69391.0,69469.0,2496.04965,45148
2026-04-06 22:00:00,69469.0,69541.0,68282.0,68818.0,5116.29739,81665
2026-04-07 00:00:00,68817.0,69080.0,68306.0,68363.0,2573.69525,51098
2026-04-07 02:00:00,68363.0,68772.0,68230.0,68744.0,1639.00982,29660
2026-04-07 04:00:00,68744.0,68966.0,68506.0,68628.0,1249.70119,26247
2026-04-07 06:00:00,68628.0,68673.0,68399.0,68590.0,1647.80144,28366
2026-04-07 08:00:00,68589.0,69220.0,68564.0,69111.0,1584.37258,36304
2026-04-07 10:00:00,69111.0,69169.0,68026.0,68316.0,3444.04455,56097
2026-04-07 12:00:00,68315.0,68600.0,68028.0,68204.0,3056.65248,54890
2026-04-07 14:00:00,68204.0,68217.0,67695.0,68134.0,3533.85108,71942
2026-04-07 16:00:00,68133.0,68998.0,68045.0,68668.0,2738.11698,59619
2026-04-07 18:00:00,68669.0,69084.0,68315.0,68999.0,4412.9254,65805
2026-04-07 20:00:00,68999.0,70211.0,68997.0,69889.0,8062.14825,97004
2026-04-07 22:00:00,69890.0,72772.0,69890.0,71919.0,15239.85407,177182
2026-04-08 00:00:00,71920.0,72111.0,71425.0,71458.0,3980.29892,63390
2026-04-08 02:00:00,71459.0,71720.0,71235.0,71283.0,1661.50612,37814
2026-04-08 04:00:00,71284.0,71844.0,71272.0,71729.0,1701.68904,40689
2026-04-08 06:00:00,71730.0,71945.0,71573.0,71630.0,1807.44884,35744
2026-04-08 08:00:00,71630.0,71963.0,71580.0,71670.0,1046.48001,32948
2026-04-08 10:00:00,71671.0,71771.0,71378.0,71657.0,1484.64092,26357
2026-04-08 12:00:00,71656.0,72851.0,71488.0,71581.0,7590.9367,101527
2026-04-08 14:00:00,71581.0,71738.0,70676.0,71288.0,4459.0856,92189
2026-04-08 16:00:00,71288.0,71941.0,71226.0,71858.0,2929.76002,73204
2026-04-08 18:00:00,71859.0,71859.0,70979.0,71288.0,3672.67302,82928
2026-04-08 20:00:00,71288.0,71726.0,71227.0,71516.0,1735.59012,55833
2026-04-08 22:00:00,71516.0,71532.0,70845.0,71036.0,2361.84415,65974
2026-04-09 00:00:00,71036.0,71098.0,70425.0,70895.0,2989.6116,72734
2026-04-09 02:00:00,70895.0,71167.0,70780.0,70961.0,1285.09443,54188
2026-04-09 04:00:00,70961.0,71060.0,70646.0,70950.0,1352.9724,33846
2026-04-09 06:00:00,70950.0,71076.0,70765.0,70941.0,1157.80999,23234
2026-04-09 08:00:00,70942.0,71535.0,70830.0,71500.0,2072.55691,34236
2026-04-09 10:00:00,71499.0,71501.0,71009.0,71100.0,1702.64642,33063
2026-04-09 12:00:00,71099.0,71317.0,70586.0,70763.0,2477.28733,52808
2026-04-09 14:00:00,70764.0,72359.0,70495.0,72108.0,8299.75378,110501
2026-04-09 16:00:00,72109.0,72525.0,71710.0,72317.0,6371.54466,75860
2026-04-09 18:00:00,72317.0,72341.0,71714.0,72071.0,4409.33927,65958
2026-04-09 20:00:00,72070.0,72680.0,71956.0,72246.0,2683.68217,57377
2026-04-09 22:00:00,72245.0,73158.0,71513.0,71758.0,6561.85099,105273
2026-04-10 00:00:00,71757.0,72367.0,71564.0,72128.0,2505.75327,53248
2026-04-10 02:00:00,72129.0,72271.0,71781.0,71847.0,863.94335,25906
2026-04-10 04:00:00,71848.0,72259.0,71800.0,72098.0,1146.99746,24853
2026-04-10 06:00:00,72099.0,72153.0,71388.0,71457.0,1382.95022,27154
2026-04-10 08:00:00,71457.0,71842.0,71405.0,71763.0,1778.38468,28770
2026-04-10 10:00:00,71762.0,72230.0,71685.0,72096.0,974.62555,27728
2026-04-10 12:00:00,72095.0,72434.0,71870.0,72276.0,3533.45771,62176
2026-04-10 14:00:00,72276.0,73282.0,72224.0,72415.0,6222.37058,94878
2026-04-10 16:00:00,72416.0,73104.0,72355.0,73095.0,2631.90497,54924
2026-04-10 18:00:00,73095.0,73231.0,72836.0,73209.0,2095.28448,43279
2026-04-10 20:00:00,73208.0,73479.0,72910.0,73160.0,2642.44003,48898
2026-04-10 22:00:00,73160.0,73200.0,72726.0,72926.0,1320.0988,33012
2026-04-11 00:00:00,72926.0,72973.0,72650.0,72919.0,711.32065,27786
2026-04-11 02:00:00,72921.0,73071.0,72783.0,72839.0,429.92689,17573
2026-04-11 04:00:00,72839.0,72921.0,72631.0,72689.0,497.74887,19590
2026-04-11 06:00:00,72688.0,72805.0,72592.0,72705.0,434.44496,17893
2026-04-11 08:00:00,72705.0,72881.0,72593.0,72880.0,687.53461,21541
2026-04-11 10:00:00,72881.0,72887.0,72734.0,72880.0,470.72609,15812
2026-04-11 12:00:00,72880.0,72957.0,72500.0,72633.0,1085.62276,32096
2026-04-11 14:00:00,72633.0,72880.0,72571.0,72830.0,730.37308,28308
2026-04-11 16:00:00,72830.0,73200.0,72786.0,73080.0,2116.50501,43739
2026-04-11 18:00:00,73079.0,73773.0,73011.0,73659.0,3143.817,56600
2026-04-11 20:00:00,73658.0,73669.0,73188.0,73408.0,1680.6261,40077
2026-04-11 22:00:00,73408.0,73553.0,72886.0,73015.0,1294.73032,38367
2026-04-12 00:00:00,73015.0,73115.0,71258.0,71596.0,5443.22928,79256
2026-04-12 02:00:00,71596.0,71897.0,71291.0,71570.0,3070.17122,46131
2026-04-12 04:00:00,71569.0,71767.0,71380.0,71680.0,1709.73649,28689
2026-04-12 06:00:00,71680.0,71726.0,71552.0,71643.0,1028.60327,19431
2026-04-12 08:00:00,71642.0,71727.0,71464.0,71498.0,747.91923,17575
2026-04-12 10:00:00,71498.0,71656.0,71316.0,71438.0,1691.27641,21538
2026-04-12 12:00:00,71438.0,71475.0,70833.0,70855.0,2952.96852,44566
2026-04-12 14:00:00,70855.0,71064.0,70590.0,70849.0,1852.81285,38396
2026-04-12 16:00:00,70848.0,71178.0,70784.0,71099.0,1141.48831,26857
2026-04-12 18:00:00,71100.0,71194.0,71019.0,71044.0,1018.06605,18339
2026-04-12 20:00:00,71044.0,71413.0,70904.0,71331.0,1995.40648,46400
2026-04-12 22:00:00,71332.0,71332.0,70450.0,70705.0,4380.59019,63811
2026-04-13 00:00:00,70708.0,71222.0,70585.0,71171.0,2071.87301,36268
2026-04-13 02:00:00,71171.0,71248.0,70877.0,70952.0,1706.73057,31229
2026-04-13 04:00:00,70952.0,71105.0,70614.0,70846.0,2050.40141,29554
2026-04-13 06:00:00,70845.0,71079.0,70650.0,70791.0,1534.35627,25981
2026-04-13 08:00:00,70792.0,70876.0,70529.0,70757.0,1529.2454,26363
2026-04-13 10:00:00,70757.0,70955.0,70654.0,70888.0,678.29109,18479
2026-04-13 12:00:00,70888.0,71696.0,70731.0,71626.0,3764.92947,58519
2026-04-13 14:00:00,71625.0,72436.0,71364.0,71830.0,6976.69401,85591
2026-04-13 16:00:00,71829.0,72592.0,71648.0,72113.0,4110.56799,62003
2026-04-13 18:00:00,72108.0,73425.0,72008.0,73267.0,4728.40502,67014
2026-04-13 20:00:00,73267.0,73340.0,72945.0,73141.0,3833.35081,45814
2026-04-13 22:00:00,73141.0,74907.0,73134.0,74387.0,8494.01151,108651
2026-04-14 00:00:00,74387.0,74492.0,73950.0,74358.0,2652.36222,44065
2026-04-14 02:00:00,74357.0,74545.0,74216.0,74417.0,1156.51384,27977
2026-04-14 04:00:00,74417.0,74484.0,74113.0,74174.0,1479.36164,20471
2026-04-14 06:00:00,74174.0,74893.0,74174.0,74508.0,2454.028,30619
2026-04-14 08:00:00,74509.0,74876.0,74392.0,74449.0,3672.20713,38988
2026-04-14 10:00:00,74448.0,74569.0,74242.0,74339.0,1222.98438,25591
2026-04-14 12:00:00,74338.0,75459.0,74226.0,75459.0,5559.95739,68189
2026-04-14 14:00:00,75458.0,76000.0,74480.0,75264.0,10000.34716,145291
2026-04-14 16:00:00,75265.0,75634.0,74181.0,74690.0,4072.50386,68924
2026-04-14 18:00:00,74690.0,74753.0,73800.0,74158.0,4479.51822,75210
2026-04-14 20:00:00,74158.0,74381.0,73888.0,74228.0,2600.42046,41325
2026-04-14 22:00:00,74228.0,74324.0,73800.0,74098.0,3066.21899,38737
2026-04-15 00:00:00,74097.0,74726.0,74079.0,74559.0,2505.28237,46275
2026-04-15 02:00:00,74558.0,74647.0,74125.0,74300.0,1267.35536,28831
2026-04-15 04:00:00,74300.0,74400.0,73826.0,73976.0,2031.55749,32657
2026-04-15 06:00:00,73975.0,74006.0,73451.0,73687.0,1425.16422,32506
2026-04-15 08:00:00,73688.0,74153.0,73635.0,73970.0,2144.58487,29704
2026-04-15 10:00:00,73971.0,74220.0,73752.0,74161.0,2521.29612,35023
2026-04-15 12:00:00,74161.0,74417.0,73772.0,74020.0,2706.67411,52812
2026-04-15 14:00:00,74020.0,74470.0,73550.0,73797.0,3190.03434,66046
2026-04-15 16:00:00,73797.0,74209.0,73722.0,74087.0,1436.12354,42562
2026-04-15 18:00:00,74086.0,75255.0,74032.0,74930.0,4189.30198,60006
2026-04-15 20:00:00,74931.0,74979.0,74444.0,74700.0,3119.13967,43918
2026-04-15 22:00:00,74700.0,75400.0,74587.0,74774.0,2767.14801,44099
2026-04-16 00:00:00,74775.0,74848.0,74414.0,74605.0,2615.99936,36498
2026-04-16 02:00:00,74605.0,75228.0,74554.0,74849.0,2227.70848,42307
2026-04-16 04:00:00,74849.0,75147.0,74664.0,75008.0,2243.50108,31668
2026-04-16 06:00:00,75009.0,75076.0,74584.0,74671.0,1384.9999,28066
2026-04-16 08:00:00,74671.0,74880.0,74468.0,74555.0,1948.10539,29705
2026-04-16 10:00:00,74555.0,74609.0,74232.0,74531.0,2633.14404,38104
2026-04-16 12:00:00,74531.0,74974.0,73254.0,73750.0,6217.1581,71027
2026-04-16 14:00:00,73749.0,74869.0,73371.0,74653.0,7254.09937,85639
2026-04-16 16:00:00,74653.0,74896.0,73816.0,74301.0,3902.7392,60120
2026-04-16 18:00:00,74301.0,75386.0,74193.0,75316.0,4294.55257,62322
2026-04-16 20:00:00,75316.0,75499.0,74761.0,74900.0,2613.73058,37235
2026-04-16 22:00:00,74900.0,75149.0,74791.0,75130.0,1492.95166,24738
2026-04-17 00:00:00,75129.0,75129.0,74529.0,74708.0,1137.64161,23900
2026-04-17 02:00:00,74709.0,74808.0,74501.0,74578.0,685.90327,21044
2026-04-17 04:00:00,74578.0,74812.0,74509.0,74604.0,760.38408,17611
2026-04-17 06:00:00,74604.0,75066.0,74561.0,75042.0,1087.72645,23034
2026-04-17 08:00:00,75041.0,76316.0,74953.0,75729.0,5359.90405,72610
2026-04-17 10:00:00,75729.0,75840.0,75050.0,75541.0,2765.95235,40098
2026-04-17 12:00:00,75542.0,77407.0,75479.0,77286.0,11441.08304,129698
2026-04-17 14:00:00,77287.0,78000.0,76961.0,77717.0,8863.63019,106080
2026-04-17 16:00:00,77717.0,78279.0,77050.0,77473.0,5786.67979,79995
2026-04-17 18:00:00,77474.0,77519.0,76975.0,77345.0,3167.9304,49972
2026-04-17 20:00:00,77357.0,77555.0,77108.0,77398.0,1575.8832,30453
2026-04-17 22:00:00,77398.0,77476.0,76835.0,77021.0,1720.39197,28881
2026-04-18 00:00:00,77021.0,77289.0,76930.0,77168.0,1344.22752,24714
2026-04-18 02:00:00,77167.0,77369.0,76924.0,76954.0,658.5672,18542
2026-04-18 04:00:00,76955.0,77228.0,76850.0,77085.0,803.87349,18477
2026-04-18 06:00:00,77085.0,77175.0,76860.0,76956.0,693.30936,14051
2026-04-18 08:00:00,76956.0,77000.0,76370.0,76559.0,2736.34419,41076
2026-04-18 10:00:00,76559.0,76560.0,75728.0,76004.0,2785.73897,48193
2026-04-18 12:00:00,76005.0,76263.0,75750.0,76079.0,1955.09746,34475
2026-04-18 14:00:00,76079.0,76315.0,75926.0,76120.0,1566.01145,25991
2026-04-18 16:00:00,76121.0,76164.0,75619.0,75772.0,1440.02037,30584
2026-04-18 18:00:00,75772.0,75799.0,75402.0,75608.0,2619.01933,40966
2026-04-18 20:00:00,75608.0,75794.0,75532.0,75766.0,1044.97069,21271
2026-04-18 22:00:00,75766.0,75836.0,75550.0,75642.0,1518.81708,32542
2026-04-19 00:00:00,75642.0,75802.0,75408.0,75572.0,1319.19261,21846
2026-04-19 02:00:00,75572.0,75685.0,75308.0,75467.0,1141.59981,23048
2026-04-19 04:00:00,75466.0,75728.0,75378.0,75508.0,1074.30454,19516
2026-04-19 06:00:00,75508.0,75508.0,74851.0,75210.0,2174.56513,32327
2026-04-19 08:00:00,75209.0,75262.0,74877.0,74973.0,1683.92268,24057
2026-04-19 10:00:00,74973.0,75597.0,74889.0,75565.0,1742.55348,28712
2026-04-19 12:00:00,75565.0,76195.0,75385.0,75884.0,2620.1756,45589
2026-04-19 14:00:00,75885.0,76119.0,75374.0,75811.0,2714.92639,47293
2026-04-19 16:00:00,75810.0,75818.0,74577.0,74737.0,2835.12691,70810
2026-04-19 18:00:00,74737.0,75033.0,74558.0,74926.0,2607.74978,52510
2026-04-19 20:00:00,74927.0,74927.0,74317.0,74375.0,2072.43989,45853
2026-04-19 22:00:00,74376.0,74380.0,73718.0,73741.0,4987.05364,70906
2026-04-20 00:00:00,73741.0,74722.0,73690.0,74556.0,2824.39642,39555
2026-04-20 02:00:00,74557.0,74619.0,74265.0,74606.0,1501.96563,27195
2026-04-20 04:00:00,74606.0,74607.0,74067.0,74234.0,912.06512,20012
2026-04-20 06:00:00,74234.0,75522.0,74222.0,74797.0,3021.50819,54428
2026-04-20 08:00:00,74797.0,75208.0,74578.0,75030.0,1211.73095,41650
2026-04-20 10:00:00,75030.0,75375.0,74909.0,75154.0,1629.77073,36633
2026-04-20 12:00:00,75154.0,75652.0,74811.0,75233.0,2973.2624,65995
2026-04-20 14:00:00,75232.0,75722.0,74661.0,75668.0,4676.08211,89172
2026-04-20 16:00:00,75668.0,75949.0,75244.0,75861.0,2752.45973,54920
2026-04-20 18:00:00,75860.0,76444.0,75860.0,76260.0,3900.77362,53160
2026-04-20 20:00:00,76259.0,76540.0,75738.0,75910.0,2185.39699,33118
2026-04-20 22:00:00,75910.0,76100.0,75576.0,75802.0,1472.37047,26646
2026-04-21 00:00:00,75801.0,76223.0,75653.0,75880.0,2755.38274,31037
2026-04-21 02:00:00,75880.0,75883.0,75409.0,75669.0,1885.13009,32507
2026-04-21 04:00:00,75670.0,75950.0,75560.0,75767.0,1271.45534,21922
2026-04-21 06:00:00,75768.0,76278.0,75664.0,76054.0,2257.16855,35572
2026-04-21 08:00:00,76054.0,76881.0,76033.0,76330.0,2571.98202,44147
2026-04-21 10:00:00,76331.0,76848.0,76300.0,76410.0,2622.32225,42122
2026-04-21 12:00:00,76411.0,76492.0,75666.0,75859.0,4338.16528,66696
2026-04-21 14:00:00,75860.0,76592.0,75408.0,75802.0,5797.13201,89468
2026-04-21 16:00:00,75801.0,76146.0,75021.0,75494.0,4133.48502,73699
2026-04-21 18:00:00,75501.0,75871.0,74770.0,74972.0,3755.46949,66030
2026-04-21 20:00:00,74972.0,75832.0,74931.0,75508.0,4865.89546,50353
2026-04-21 22:00:00,75507.0,76398.0,75256.0,76288.0,2221.13941,50772
2026-04-22 00:00:00,76289.0,76486.0,76098.0,76266.0,2134.80178,33054
2026-04-22 02:00:00,76266.0,77697.0,76188.0,77497.0,5702.48468,78093
2026-04-22 04:00:00,77497.0,78419.0,77337.0,77944.0,4011.5568,56880
2026-04-22 06:00:00,77944.0,78074.0,77777.0,77965.0,2049.90494,34748
2026-04-22 08:00:00,77965.0,78176.0,77888.0,77958.0,1938.06579,38799
2026-04-22 10:00:00,77958.0,78344.0,77894.0,78261.0,1461.89822,36193
2026-04-22 12:00:00,78261.0,78794.0,78049.0,78791.0,4715.71453,73976
2026-04-22 14:00:00,78792.0,79350.0,78534.0,79223.0,5114.78598,91200
2026-04-22 16:00:00,79224.0,79400.0,78592.0,78853.0,2619.32699,46791
2026-04-22 18:00:00,78852.0,79122.0,78655.0,78798.0,2263.23959,41243
2026-04-22 20:00:00,78797.0,78865.0,78362.0,78723.0,2203.67459,55356
2026-04-22 22:00:00,78722.0,78785.0,78090.0,78137.0,1760.53403,32389
2026-04-23 00:00:00,78138.0,78530.0,77533.0,78318.0,5261.40769,68007
2026-04-23 02:00:00,78320.0,78323.0,77459.0,77722.0,3548.94584,50534
2026-04-23 04:00:00,77715.0,78059.0,77638.0,77982.0,1116.0319,27342
2026-04-23 06:00:00,77982.0,78311.0,77945.0,78012.0,1295.45178,29627
2026-04-23 08:00:00,78012.0,78145.0,77398.0,77619.0,2395.14069,42143
2026-04-23 10:00:00,77619.0,77712.0,77152.0,77659.0,2631.97089,45948
2026-04-23 12:00:00,77659.0,77877.0,77358.0,77492.0,2794.43552,50067
2026-04-23 14:00:00,77492.0,78649.0,77388.0,78343.0,4554.80834,74651
2026-04-23 16:00:00,78343.0,78479.0,76910.0,77732.0,6104.04847,82672
2026-04-23 18:00:00,77733.0,78109.0,77554.0,77688.0,4685.74881,54359
2026-04-23 20:00:00,77688.0,78067.0,77615.0,77852.0,1880.61947,70387
2026-04-23 22:00:00,77851.0,78316.0,77842.0,78226.0,1902.83573,48626
2026-04-24 00:00:00,78226.0,78472.0,77933.0,78401.0,2052.09905,35783
2026-04-24 02:00:00,78401.0,78548.0,77505.0,77710.0,2267.20555,39210
2026-04-24 04:00:00,77709.0,78000.0,77423.0,77927.0,1301.11352,27566
2026-04-24 06:00:00,77927.0,77968.0,77520.0,77631.0,1225.5979,20558
2026-04-24 08:00:00,77631.0,78003.0,77365.0,77499.0,2363.6292,31038
2026-04-24 10:00:00,77499.0,78350.0,77418.0,78207.0,3349.05014,40580
2026-04-24 12:00:00,78207.0,78424.0,77867.0,78050.0,3789.16548,43227
2026-04-24 14:00:00,78049.0,78193.0,77514.0,78021.0,2713.70215,49168
2026-04-24 16:00:00,78021.0,78031.0,77455.0,77659.0,2226.22553,33806
2026-04-24 18:00:00,77659.0,77701.0,77322.0,77594.0,1295.29344,26538
2026-04-24 20:00:00,77594.0,77736.0,77421.0,77507.0,954.64373,31983
2026-04-24 22:00:00,77507.0,77582.0,77225.0,77402.0,1156.02459,31104
2026-04-25 00:00:00,77402.0,77580.0,77273.0,77507.0,433.4302,10559
2026-04-25 02:00:00,77507.0,77679.0,77464.0,77634.0,894.90258,11424
2026-04-25 04:00:00,77634.0,77663.0,77444.0,77474.0,296.65683,8318
2026-04-25 06:00:00,77474.0,77539.0,77412.0,77467.0,549.08451,10522
2026-04-25 08:00:00,77467.0,77749.0,77451.0,77700.0,796.82021,13158
2026-04-25 10:00:00,77700.0,77854.0,77573.0,77642.0,798.6181,14306
2026-04-25 12:00:00,77642.0,77687.0,77504.0,77664.0,1213.078,13801
2026-04-25 14:00:00,77663.0,77734.0,77269.0,77294.0,1470.68478,18085
2026-04-25 16:00:00,77294.0,77419.0,77100.0,77213.0,1272.14433,33695
2026-04-25 18:00:00,77212.0,77361.0,77153.0,77296.0,728.582,17092
2026-04-25 20:00:00,77297.0,77500.0,77272.0,77496.0,610.21724,13613
2026-04-25 22:00:00,77497.0,77608.0,77458.0,77582.0,372.43238,9590
2026-04-26 00:00:00,77582.0,77604.0,77403.0,77414.0,399.89811,11379
2026-04-26 02:00:00,77414.0,77565.0,77279.0,77359.0,622.03795,10769
2026-04-26 04:00:00,77359.0,78172.0,77347.0,77941.0,1875.13143,27440
2026-04-26 06:00:00,77942.0,78083.0,77861.0,78071.0,703.62328,14812
2026-04-26 08:00:00,78071.0,78170.0,77888.0,77968.0,1156.13063,15687
2026-04-26 10:00:00,77968.0,78128.0,77933.0,78050.0,679.11742,19225
2026-04-26 12:00:00,78050.0,78064.0,77724.0,77940.0,1203.89956,19401
2026-04-26 14:00:00,77940.0,78140.0,77842.0,78010.0,830.47053,22622
2026-04-26 16:00:00,78011.0,78040.0,77810.0,77983.0,417.46817,13433
2026-04-26 18:00:00,77983.0,78469.0,77954.0,78186.0,1871.57693,30315
2026-04-26 20:00:00,78187.0,78916.0,77815.0,78377.0,2299.72629,27383
2026-04-26 22:00:00,78376.0,78862.0,77898.0,78615.0,3259.6152,125057
2026-04-27 00:00:00,78616.0,79434.0,78354.0,79249.0,3958.96667,84529
2026-04-27 02:00:00,79249.0,79270.0,78996.0,79061.0,1579.73209,36618
2026-04-27 04:00:00,79061.0,79122.0,77549.0,77756.0,3974.55168,54548
2026-04-27 06:00:00,77756.0,77848.0,77436.0,77568.0,1732.89297,31828
2026-04-27 08:00:00,77569.0,77949.0,77517.0,77866.0,1424.15316,27153
2026-04-27 10:00:00,77866.0,77911.0,77701.0,77814.0,634.38585,16124
2026-04-27 12:00:00,77814.0,77926.0,77528.0,77709.0,2600.02495,37448
2026-04-27 14:00:00,77710.0,78222.0,76516.0,76765.0,7120.29672,93065
2026-04-27 16:00:00,76765.0,76896.0,76495.0,76705.0,3088.76445,35594
2026-04-27 18:00:00,76701.0,76873.0,76363.0,76822.0,2061.66383,28519
2026-04-27 20:00:00,76822.0,77015.0,76739.0,76739.0,1029.73419,37308
2026-04-27 22:00:00,76740.0,77414.0,76722.0,77320.0,1350.01394,20455
2026-04-28 00:00:00,77320.0,77440.0,76987.0,77042.0,2052.94719,26319
2026-04-28 02:00:00,77043.0,77200.0,76627.0,76773.0,2482.278,28979
2026-04-28 04:00:00,76765.0,77109.0,76641.0,76828.0,3840.89298,24828
2026-04-28 06:00:00,76828.0,76992.0,76352.0,76834.0,2886.81199,30893
2026-04-28 08:00:00,76834.0,76957.0,76440.0,76550.0,1465.73756,23259
2026-04-28 10:00:00,76550.0,76650.0,76078.0,76193.0,2138.55008,32761
2026-04-28 12:00:00,76193.0,76382.0,75917.0,76157.0,3969.26507,45978
2026-04-28 14:00:00,76156.0,76163.0,75649.0,76024.0,4410.91974,52445
2026-04-28 16:00:00,76024.0,76239.0,75852.0,76148.0,1448.59678,31117
2026-04-28 18:00:00,76148.0,76350.0,76028.0,76294.0,822.81864,21701
2026-04-28 20:00:00,76294.0,76451.0,76224.0,76321.0,1501.55009,18901
2026-04-28 22:00:00,76321.0,76408.0,76147.0,76297.0,466.77124,13391
2026-04-29 00:00:00,76297.0,76585.0,76144.0,76525.0,1334.47502,25951
2026-04-29 02:00:00,76526.0,77090.0,76341.0,76945.0,2277.5156,36652
2026-04-29 04:00:00,76944.0,77414.0,76842.0,77246.0,2212.64434,30650
2026-04-29 06:00:00,77247.0,77288.0,76888.0,77004.0,1892.77552,24037
2026-04-29 08:00:00,77006.0,77757.0,76919.0,77590.0,2758.9284,33091
2026-04-29 10:00:00,77591.0,77866.0,77436.0,77548.0,2416.83716,29843
2026-04-29 12:00:00,77548.0,77549.0,76387.0,76747.0,3978.16607,50707
2026-04-29 14:00:00,76745.0,76828.0,75648.0,75867.0,4195.53204,55087
2026-04-29 16:00:00,75868.0,76162.0,75657.0,76140.0,3697.59709,43754
2026-04-29 18:00:00,76140.0,76226.0,74894.0,75528.0,6963.75373,74266
2026-04-29 20:00:00,75527.0,76068.0,75459.0,75891.0,2557.55562,61041
2026-04-29 22:00:00,75890.0,75972.0,75626.0,75727.0,2352.19463,108641
2026-04-30 00:00:00,75727.0,76424.0,75610.0,76196.0,4263.72488,43533
2026-04-30 02:00:00,76196.0,76325.0,75429.0,75881.0,2677.64503,39657
2026-04-30 04:00:00,75880.0,75912.0,75286.0,75566.0,1580.97824,29854
2026-04-30 06:00:00,75566.0,76161.0,75536.0,76139.0,2010.62934,27803
2026-04-30 08:00:00,76138.0,76321.0,75970.0,76065.0,2225.00148,32292
2026-04-30 10:00:00,76065.0,76204.0,75834.0,76018.0,1883.80139,28701
2026-04-30 12:00:00,76019.0,76622.0,76000.0,76369.0,2765.43326,39577
2026-04-30 14:00:00,76368.0,76616.0,76030.0,76424.0,3385.95158,43677
2026-04-30 16:00:00,76423.0,76443.0,76062.0,76200.0,1393.78399,23429
2026-04-30 18:00:00,76201.0,76478.0,76159.0,76372.0,1371.59807,22991
2026-04-30 20:00:00,76371.0,76526.0,76191.0,76201.0,1200.29316,21782
2026-04-30 22:00:00,76200.0,76421.0,76155.0,76300.0,1660.52504,17545
2026-05-01 00:00:00,76300.0,76723.0,76283.0,76642.0,1941.53132,25768
2026-05-01 02:00:00,76642.0,77404.0,76483.0,77076.0,2777.11496,37385
2026-05-01 04:00:00,77076.0,77158.0,76932.0,77126.0,954.42854,21798
2026-05-01 06:00:00,77126.0,77136.0,76837.0,77095.0,1122.98589,23373
2026-05-01 08:00:00,77095.0,77465.0,77005.0,77225.0,1373.69137,26383
2026-05-01 10:00:00,77224.0,77619.0,77116.0,77425.0,1687.18461,27515
2026-05-01 12:00:00,77425.0,78900.0,77369.0,78684.0,7681.38102,84544
2026-05-01 14:00:00,78684.0,78826.0,78013.0,78414.0,4701.84382,61841
2026-05-01 16:00:00,78413.0,78624.0,78068.0,78507.0,3430.24689,47718
2026-05-01 18:00:00,78507.0,78586.0,78263.0,78308.0,1569.02385,31221
2026-05-01 20:00:00,78307.0,78373.0,77710.0,78155.0,2383.4379,34946
2026-05-01 22:00:00,78155.0,78370.0,77982.0,78189.0,2021.42692,46244
2026-05-02 00:00:00,78189.0,78385.0,78127.0,78300.0,1330.89347,25084
2026-05-02 02:00:00,78300.0,78498.0,78190.0,78379.0,978.37233,35344
2026-05-02 04:00:00,78380.0,78413.0,77981.0,78139.0,1197.56568,20587
2026-05-02 06:00:00,78139.0,78360.0,78102.0,78184.0,1012.07333,16956
2026-05-02 08:00:00,78185.0,78367.0,78119.0,78257.0,653.56564,14650
2026-05-02 10:00:00,78257.0,78269.0,78061.0,78105.0,494.63778,13940
2026-05-02 12:00:00,78105.0,78390.0,78077.0,78332.0,911.11305,17374
2026-05-02 14:00:00,78332.0,78456.0,78265.0,78448.0,939.51469,17303
2026-05-02 16:00:00,78449.0,78545.0,78333.0,78351.0,684.75227,19367
2026-05-02 18:00:00,78351.0,78485.0,78270.0,78445.0,520.735,15376
2026-05-02 20:00:00,78446.0,79133.0,78385.0,78694.0,1705.90728,27850
2026-05-02 22:00:00,78694.0,78839.0,78570.0,78651.0,1303.99034,23485
2026-05-03 00:00:00,78651.0,78719.0,78113.0,78204.0,1341.57305,29450
2026-05-03 02:00:00,78205.0,78273.0,78071.0,78162.0,908.20227,19398
2026-05-03 04:00:00,78163.0,78218.0,78073.0,78212.0,339.12547,13793
2026-05-03 06:00:00,78213.0,78415.0,78032.0,78329.0,935.83358,21575
2026-05-03 08:00:00,78329.0,78582.0,78318.0,78500.0,622.87414,19193
2026-05-03 10:00:00,78500.0,78806.0,78343.0,78618.0,1072.82348,23571
2026-05-03 12:00:00,78618.0,78847.0,78553.0,78636.0,1559.08619,27385
2026-05-03 14:00:00,78635.0,78774.0,78576.0,78624.0,922.34379,19489
2026-05-03 16:00:00,78623.0,78798.0,78545.0,78698.0,632.61402,21948
2026-05-03 18:00:00,78698.0,78816.0,78590.0,78741.0,766.32568,16318
2026-05-03 20:00:00,78740.0,79242.0,78614.0,78801.0,2582.89599,33376
2026-05-03 22:00:00,78801.0,79400.0,78443.0,78533.0,4922.66187,58323
2026-05-04 00:00:00,78533.0,79830.0,78244.0,79736.0,4221.37466,62558
2026-05-04 02:00:00,79737.0,80418.0,79502.0,80279.0,7956.6562,93278
2026-05-04 04:00:00,80279.0,80591.0,79903.0,79978.0,2594.73177,51057
2026-05-04 06:00:00,79977.0,80000.0,79460.0,79656.0,2206.17569,40109
2026-05-04 08:00:00,79656.0,79896.0,79557.0,79801.0,1818.76832,31553
2026-05-04 10:00:00,79800.0,79832.0,78156.0,78751.0,6758.31468,90500
2026-05-04 12:00:00,78752.0,79085.0,78537.0,78747.0,2645.74576,47150
2026-05-04 14:00:00,78747.0,80496.0,78472.0,79984.0,9443.81447,129021
2026-05-04 16:00:00,79985.0,80762.0,79572.0,80330.0,5512.32007,78091
2026-05-04 18:00:00,80331.0,80394.0,79841.0,79998.0,2809.15682,43689
2026-05-04 20:00:00,79998.0,80332.0,79832.0,80214.0,2094.12344,31538
2026-05-04 22:00:00,80214.0,80365.0,79697.0,79803.0,1188.85919,35687
2026-05-05 00:00:00,79803.0,80345.0,79754.0,80297.0,1330.66656,31309
2026-05-05 02:00:00,80298.0,81073.0,80259.0,80851.0,4738.99681,59341
2026-05-05 04:00:00,80850.0,81294.0,80678.0,80933.0,2100.3263,40410
2026-05-05 06:00:00,80934.0,81100.0,80750.0,80819.0,1563.46353,32872
2026-05-05 08:00:00,80820.0,80870.0,80505.0,80550.0,1762.92427,30512
2026-05-05 10:00:00,80550.0,81073.0,80504.0,80983.0,2127.35427,40390
2026-05-05 12:00:00,80983.0,81680.0,80893.0,81304.0,4718.12702,68828
2026-05-05 14:00:00,81303.0,81659.0,80907.0,81486.0,2964.8662,66506
2026-05-05 16:00:00,81486.0,81580.0,81008.0,81230.0,2713.46355,49631
2026-05-05 18:00:00,81229.0,81652.0,81229.0,81565.0,1742.45294,42351
2026-05-05 20:00:00,81564.0,81767.0,81267.0,81362.0,3084.61398,50610
2026-05-05 22:00:00,81362.0,81587.0,80749.0,80862.0,5171.04693,65370
2026-05-06 00:00:00,80863.0,81485.0,80711.0,81400.0,3272.81708,54015
2026-05-06 02:00:00,81399.0,81718.0,81010.0,81547.0,2226.04315,43814
2026-05-06 04:00:00,81547.0,81607.0,81030.0,81291.0,1414.99548,40448
2026-05-06 06:00:00,81291.0,81587.0,81171.0,81343.0,2071.36698,42137
2026-05-06 08:00:00,81343.0,82047.0,81297.0,81961.0,5188.18699,63070
2026-05-06 10:00:00,81962.0,82799.0,81928.0,82479.0,5063.71337,70356
2026-05-06 12:00:00,82480.0,82497.0,81568.0,81642.0,4877.87631,65465
2026-05-06 14:00:00,81635.0,81977.0,81088.0,81680.0,4423.28701,80017
2026-05-06 16:00:00,81679.0,81866.0,81351.0,81408.0,2222.80273,48598
2026-05-06 18:00:00,81407.0,81518.0,81144.0,81430.0,1427.9546,39718
2026-05-06 20:00:00,81430.0,81654.0,81257.0,81505.0,1081.15213,32197
2026-05-06 22:00:00,81505.0,81510.0,80888.0,81401.0,2069.29108,36201
2026-05-07 00:00:00,81402.0,81457.0,80797.0,81135.0,3249.72641,52615
2026-05-07 02:00:00,81135.0,81141.0,80780.0,80798.0,1955.59375,40383
2026-05-07 04:00:00,80797.0,81139.0,80700.0,81056.0,2254.1548,41461
2026-05-07 06:00:00,81055.0,81675.0,80834.0,81480.0,2179.88377,43172
2026-05-07 08:00:00,81480.0,81553.0,80814.0,80890.0,1972.83328,45392
2026-05-07 10:00:00,80890.0,81000.0,80526.0,80826.0,2197.36026,45240
2026-05-07 12:00:00,80825.0,81148.0,80229.0,80474.0,2649.57575,54415
2026-05-07 14:00:00,80473.0,80657.0,79720.0,79868.0,6135.30406,80630
2026-05-07 16:00:00,79868.0,80135.0,79500.0,80084.0,3543.44947,53815
2026-05-07 18:00:00,80084.0,80257.0,79919.0,80107.0,1788.81912,34191
2026-05-07 20:00:00,80110.0,80343.0,79619.0,79692.0,3026.89622,34353
2026-05-07 22:00:00,79691.0,80058.0,79550.0,79992.0,1923.66846,29658
2026-05-08 00:00:00,79991.0,80100.0,79575.0,79699.0,1970.71709,27191
2026-05-08 02:00:00,79699.0,79700.0,79176.0,79543.0,2601.08585,36210
2026-05-08 04:00:00,79543.0,79752.0,79510.0,79581.0,1188.81717,18901
2026-05-08 06:00:00,79580.0,79712.0,79220.0,79669.0,1820.33292,25938
2026-05-08 08:00:00,79670.0,80025.0,79649.0,79840.0,2246.87933,25378
2026-05-08 10:00:00,79841.0,80300.0,79754.0,80189.0,3092.23977,34246
2026-05-08 12:00:00,80190.0,80485.0,79507.0,79613.0,3429.281,50218
2026-05-08 14:00:00,79614.0,80406.0,79576.0,80093.0,4392.21128,61789
2026-05-08 16:00:00,80094.0,80232.0,79693.0,80041.0,2947.39404,38802
2026-05-08 18:00:00,80042.0,80276.0,79912.0,80141.0,1327.9656,27716
2026-05-08 20:00:00,80141.0,80270.0,80043.0,80231.0,1301.39916,18277
2026-05-08 22:00:00,80232.0,80382.0,80066.0,80152.0,1492.5858,18158
2026-05-09 00:00:00,80153.0,80418.0,80087.0,80301.0,723.55797,15703
2026-05-09 02:00:00,80300.0,80514.0,80280.0,80354.0,869.75811,18145
2026-05-09 04:00:00,80354.0,80600.0,80320.0,80356.0,1362.85561,18520
2026-05-09 06:00:00,80355.0,80411.0,80107.0,80187.0,903.99951,18625
2026-05-09 08:00:00,80187.0,80416.0,80168.0,80193.0,714.78863,16394
2026-05-09 10:00:00,80192.0,80328.0,80128.0,80310.0,851.64564,15785
2026-05-09 12:00:00,80310.0,80391.0,80223.0,80352.0,752.30649,14717
2026-05-09 14:00:00,80352.0,80566.0,80193.0,80480.0,2307.47237,24973
2026-05-09 16:00:00,80480.0,80879.0,80448.0,80757.0,1893.01115,31589
2026-05-09 18:00:00,80757.0,81038.0,80732.0,80895.0,1122.85217,23757
2026-05-09 20:00:00,80894.0,80897.0,80689.0,80728.0,440.80335,14451
2026-05-09 22:00:00,80727.0,80801.0,80577.0,80620.0,649.30148,13888
2026-05-10 00:00:00,80619.0,80734.0,80519.0,80653.0,908.6493,17444
2026-05-10 02:00:00,80653.0,80855.0,80570.0,80742.0,456.58459,12703
2026-05-10 04:00:00,80742.0,80804.0,80635.0,80656.0,399.63849,11907
2026-05-10 06:00:00,80657.0,80766.0,80604.0,80700.0,339.94751,9977
2026-05-10 08:00:00,80701.0,80889.0,80681.0,80770.0,1015.21513,13021
2026-05-10 10:00:00,80770.0,80949.0,80682.0,80799.0,508.05405,13327
2026-05-10 12:00:00,80799.0,80986.0,80766.0,80946.0,464.8481,13207
2026-05-10 14:00:00,80946.0,81400.0,80788.0,81375.0,3267.40312,30947
2026-05-10 16:00:00,81376.0,81567.0,81149.0,81421.0,1995.70288,29839
2026-05-10 18:00:00,81421.0,81454.0,81082.0,81381.0,1519.95328,25557
2026-05-10 20:00:00,81381.0,81415.0,80203.0,80675.0,4177.11051,54472
2026-05-10 22:00:00,80674.0,82436.0,80619.0,82164.0,5172.15724,83149
2026-05-11 00:00:00,82165.0,82344.0,81250.0,81465.0,3280.17459,52260
2026-05-11 02:00:00,81464.0,81530.0,80491.0,80720.0,2846.0642,42187
2026-05-11 04:00:00,80719.0,80957.0,80621.0,80814.0,1016.16117,22149
2026-05-11 06:00:00,80814.0,81032.0,80656.0,80715.0,1079.22018,22316
2026-05-11 08:00:00,80715.0,80989.0,80592.0,80936.0,869.75134,21288
2026-05-11 10:00:00,80935.0,81185.0,80871.0,81162.0,2161.75432,25267
2026-05-11 12:00:00,81164.0,81327.0,80710.0,81034.0,3020.59295,43110
2026-05-11 14:00:00,81034.0,81414.0,80401.0,81405.0,4079.13302,57012
2026-05-11 16:00:00,81405.0,81999.0,81311.0,81894.0,3887.60884,50583
2026-05-11 18:00:00,81894.0,82087.0,81691.0,81906.0,2529.68215,32975
2026-05-11 20:00:00,81907.0,82039.0,81550.0,81772.0,1932.62622,24247
2026-05-11 22:00:00,81772.0,81927.0,81577.0,81703.0,1027.79746,17785
2026-05-12 00:00:00,81704.0,81747.0,80700.0,81173.0,3114.71668,39322
2026-05-12 02:00:00,81173.0,81301.0,81000.0,81025.0,1273.74437,19247
2026-05-12 04:00:00,81026.0,81295.0,80974.0,81194.0,986.69256,16322
2026-05-12 06:00:00,81194.0,81278.0,80795.0,80843.0,864.3426,19315
2026-05-12 08:00:00,80843.0,80930.0,80676.0,80806.0,1371.24918,23840
2026-05-12 10:00:00,80806.0,80807.0,80475.0,80750.0,1232.92999,22452
2026-05-12 12:00:00,80750.0,80975.0,80363.0,80422.0,2669.29023,40574
2026-05-12 14:00:00,80422.0,80847.0,80153.0,80301.0,4670.77099,55413
2026-05-12 16:00:00,80301.0,80547.0,79804.0,80482.0,2936.91851,42515
2026-05-12 18:00:00,80482.0,80830.0,80399.0,80802.0,1694.64751,26691
2026-05-12 20:00:00,80802.0,80843.0,80454.0,80543.0,1226.91601,17747
2026-05-12 22:00:00,80543.0,80759.0,80389.0,80459.0,571.98297,15969
2026-05-13 00:00:00,80459.0,81158.0,80372.0,80957.0,1270.06831,28088
2026-05-13 02:00:00,80957.0,81268.0,80889.0,81222.0,1241.52272,24136
2026-05-13 04:00:00,81222.0,81254.0,80961.0,80979.0,670.10638,15796
2026-05-13 06:00:00,80980.0,81122.0,80849.0,80988.0,826.97894,17648
2026-05-13 08:00:00,80987.0,81271.0,80912.0,81256.0,875.80756,20861
2026-05-13 10:00:00,81257.0,81264.0,80433.0,80459.0,2322.13042,30624
2026-05-13 12:00:00,80459.0,80554.0,79529.0,79620.0,4764.96395,65079
2026-05-13 14:00:00,79621.0,79875.0,78800.0,78801.0,5489.69153,58788
2026-05-13 16:00:00,78800.0,79547.0,78735.0,79494.0,4138.34159,42946
2026-05-13 18:00:00,79494.0,79780.0,79357.0,79611.0,1806.06117,27288
2026-05-13 20:00:00,79612.0,79731.0,79307.0,79363.0,1078.26247,19718
2026-05-13 22:00:00,79363.0,79468.0,79191.0,79283.0,983.27765,21965
2026-05-14 00:00:00,79283.0,79656.0,79282.0,79569.0,852.27795,22371
2026-05-14 02:00:00,79569.0,79633.0,78880.0,79000.0,1943.23913,31883
2026-05-14 04:00:00,79000.0,79959.0,78931.0,79776.0,1355.23085,27564
2026-05-14 06:00:00,79776.0,79908.0,79652.0,79702.0,1110.71728,23671
2026-05-14 08:00:00,79701.0,79900.0,79541.0,79600.0,865.27498,23024
2026-05-14 10:00:00,79600.0,79734.0,79176.0,79208.0,2746.44563,34055
2026-05-14 12:00:00,79207.0,80022.0,79200.0,79672.0,3481.72555,43959
2026-05-14 14:00:00,79673.0,81297.0,79520.0,81264.0,7632.85273,82617
2026-05-14 16:00:00,81264.0,81992.0,81026.0,81616.0,10379.95735,85614
2026-05-14 18:00:00,81617.0,81899.0,81272.0,81368.0,2272.08395,40053
2026-05-14 20:00:00,81369.0,81538.0,81107.0,81354.0,2227.49942,31416
2026-05-14 22:00:00,81353.0,81515.0,81015.0,81044.0,1523.67713,21907
2026-05-15 00:00:00,81044.0,81623.0,81026.0,81088.0,1888.65412,36452
2026-05-15 02:00:00,81088.0,81323.0,80709.0,81015.0,2318.36822,39034
2026-05-15 04:00:00,81016.0,81064.0,80279.0,80324.0,1684.26449,34331
2026-05-15 06:00:00,80324.0,80973.0,80274.0,80782.0,2069.9526,27925
2026-05-15 08:00:00,80783.0,80793.0,80319.0,80441.0,1517.42285,26865
2026-05-15 10:00:00,80442.0,80741.0,80362.0,80591.0,936.03352,20515
2026-05-15 12:00:00,80590.0,80598.0,78648.0,78715.0,7524.54089,69971
2026-05-15 14:00:00,78715.0,79338.0,78608.0,79118.0,5841.35211,62643
2026-05-15 16:00:00,79119.0,79464.0,79097.0,79430.0,1578.92527,27261
2026-05-15 18:00:00,79429.0,79518.0,79021.0,79100.0,1661.70699,26028
2026-05-15 20:00:00,79100.0,79174.0,78824.0,78921.0,1787.34269,18740
2026-05-15 22:00:00,78921.0,79108.0,78921.0,79063.0,827.88244,11632
2026-05-16 00:00:00,79062.0,79177.0,78955.0,79122.0,883.86157,15109
2026-05-16 02:00:00,79122.0,79169.0,79009.0,79048.0,916.43697,12333
2026-05-16 04:00:00,79048.0,79076.0,78806.0,78984.0,1348.47337,12853
2026-05-16 06:00:00,78984.0,79000.0,78000.0,78331.0,4708.8851,42657
2026-05-16 08:00:00,78332.0,78487.0,77852.0,78043.0,2727.61212,31745
2026-05-16 10:00:00,78044.0,78132.0,77600.0,78034.0,2879.5488,31217
2026-05-16 12:00:00,78035.0,78071.0,77795.0,77972.0,1287.05656,17686
2026-05-16 14:00:00,77971.0,78297.0,77851.0,78198.0,2339.85535,22272
2026-05-16 16:00:00,78198.0,78336.0,78093.0,78175.0,1462.22798,14958
2026-05-16 18:00:00,78176.0,78294.0,78112.0,78226.0,599.54361,10155
2026-05-16 20:00:00,78226.0,78265.0,78166.0,78223.0,500.81445,8137
2026-05-16 22:00:00,78222.0,78244.0,78079.0,78104.0,585.04273,9062
2026-05-17 00:00:00,78104.0,78200.0,77676.0,77697.0,2089.76157,22978
2026-05-17 02:00:00,77697.0,78045.0,77690.0,77989.0,1079.10474,14749
2026-05-17 04:00:00,77988.0,78264.0,77962.0,78082.0,1025.9145,13308
2026-05-17 06:00:00,78083.0,78167.0,77971.0,78138.0,939.73631,11594
2026-05-17 08:00:00,78138.0,78266.0,77983.0,78211.0,593.22001,11231
2026-05-17 10:00:00,78211.0,78562.0,78210.0,78369.0,1825.0487,21865
2026-05-17 12:00:00,78370.0,78519.0,78113.0,78164.0,1076.96748,16612
2026-05-17 14:00:00,78164.0,78171.0,77796.0,78015.0,1202.57819,24233
2026-05-17 16:00:00,78015.0,78141.0,77812.0,78050.0,1099.50849,16439
2026-05-17 18:00:00,78050.0,78444.0,77966.0,78381.0,1498.52875,19302
2026-05-17 20:00:00,78382.0,78450.0,78195.0,78368.0,1322.57691,20794
2026-05-17 22:00:00,78368.0,78378.0,76700.0,77431.0,6016.01463,69794
2026-05-18 00:00:00,77430.0,77448.0,76712.0,77076.0,3240.82492,62869
2026-05-18 02:00:00,77076.0,77190.0,76667.0,76897.0,2085.40626,36290
2026-05-18 04:00:00,76896.0,77049.0,76744.0,76879.0,1169.88593,23853
2026-05-18 06:00:00,76878.0,77048.0,76552.0,77039.0,1464.23683,30343
2026-05-18 08:00:00,77039.0,77142.0,76836.0,76903.0,775.17183,21711
2026-05-18 10:00:00,76902.0,77374.0,76631.0,77253.0,1868.74405,32574
2026-05-18 12:00:00,77254.0,77754.0,76659.0,76903.0,4936.72179,69837
2026-05-18 14:00:00,76904.0,76922.0,76037.0,76394.0,5682.78005,70906
2026-05-18 16:00:00,76393.0,76739.0,76171.0,76683.0,2492.06925,39422
2026-05-18 18:00:00,76683.0,76977.0,76122.0,76882.0,3518.58596,48806
2026-05-18 20:00:00,76882.0,77167.0,76763.0,77082.0,2754.48346,32579
2026-05-18 22:00:00,77082.0,77213.0,76921.0,76984.0,1073.32865,20606
2026-05-19 00:00:00,76984.0,77399.0,76634.0,76635.0,2605.13048,35907
2026-05-19 02:00:00,76635.0,76974.0,76443.0,76756.0,1225.77585,25563
2026-05-19 04:00:00,76757.0,77003.0,76620.0,76886.0,1030.10412,20521
2026-05-19 06:00:00,76887.0,77264.0,76861.0,77199.0,666.94674,18364
2026-05-19 08:00:00,77199.0,77291.0,76669.0,76786.0,1641.81031,24528
2026-05-19 10:00:00,76785.0,77085.0,76597.0,76694.0,1689.11616,22451
2026-05-19 12:00:00,76694.0,77038.0,76564.0,76846.0,2210.22781,33201
2026-05-19 14:00:00,76846.0,76984.0,76125.0,76489.0,3753.39029,53081
2026-05-19 16:00:00,76490.0,76996.0,76386.0,76827.0,2030.98849,28184
2026-05-19 18:00:00,76827.0,77055.0,76715.0,76792.0,1040.82607,19145
2026-05-19 20:00:00,76792.0,77017.0,76792.0,76956.0,736.87023,12710
2026-05-19 22:00:00,76957.0,76957.0,76612.0,76806.0,1289.84427,19975
2026-05-20 00:00:00,76807.0,76886.0,76490.0,76784.0,1581.49811,30878
2026-05-20 02:00:00,76785.0,76880.0,76570.0,76692.0,691.76066,16240
2026-05-20 04:00:00,76693.0,77299.0,76663.0,77173.0,1781.48468,21089
2026-05-20 06:00:00,77173.0,77441.0,77165.0,77248.0,864.87812,17477
2026-05-20 08:00:00,77249.0,77616.0,77179.0,77456.0,1303.96519,19133
2026-05-20 10:00:00,77456.0,77636.0,77287.0,77359.0,829.47798,16431
2026-05-20 12:00:00,77359.0,77722.0,76933.0,77185.0,2867.62157,37925
2026-05-20 14:00:00,77186.0,77839.0,76851.0,77439.0,7640.82782,52060
2026-05-20 16:00:00,77439.0,77704.0,77013.0,77555.0,2035.26086,30673
2026-05-20 18:00:00,77556.0,77706.0,77329.0,77646.0,1094.54972,21079
2026-05-20 20:00:00,77646.0,77768.0,77454.0,77489.0,2494.13574,23777
2026-05-20 22:00:00,77489.0,77540.0,77205.0,77533.0,1428.87773,19688
2026-05-21 00:00:00,77533.0,78174.0,77500.0,77847.0,3128.89403,33921
2026-05-21 02:00:00,77846.0,78095.0,77809.0,78075.0,1269.65742,17489
2026-05-21 04:00:00,78074.0,78158.0,77700.0,77801.0,1879.18976,16271
2026-05-21 06:00:00,77800.0,77874.0,77476.0,77853.0,1714.12587,18098
2026-05-21 08:00:00,77853.0,78157.0,77603.0,77604.0,2805.04604,24504
2026-05-21 10:00:00,77603.0,77649.0,77106.0,77147.0,3435.73216,30685
2026-05-21 12:00:00,77148.0,77342.0,76700.0,77099.0,2698.60477,38701
2026-05-21 14:00:00,77099.0,77374.0,76746.0,77229.0,2577.45014,36776
2026-05-21 16:00:00,77230.0,78053.0,76969.0,77828.0,4969.22024,42408
2026-05-21 18:00:00,77828.0,77885.0,77207.0,77667.0,3812.0975,33184
2026-05-21 20:00:00,77667.0,77787.0,77604.0,77641.0,1499.34512,16899
2026-05-21 22:00:00,77640.0,77724.0,77501.0,77587.0,550.8737,14044
2026-05-22 00:00:00,77587.0,77636.0,77290.0,77581.0,1084.34881,17707
2026-05-22 02:00:00,77582.0,77779.0,77555.0,77740.0,948.33779,12005
2026-05-22 04:00:00,77739.0,77870.0,77418.0,77446.0,744.72132,12037
2026-05-22 06:00:00,77447.0,77505.0,77247.0,77363.0,879.31194,15296
2026-05-22 08:00:00,77363.0,77507.0,77161.0,77285.0,1481.75267,21029
2026-05-22 10:00:00,77285.0,77406.0,77136.0,77406.0,883.50687,12559
2026-05-22 12:00:00,77406.0,77540.0,77091.0,77262.0,2027.17175,25470
2026-05-22 14:00:00,77262.0,77262.0,76517.0,76770.0,4474.42433,45872
2026-05-22 16:00:00,76770.0,77084.0,76730.0,76731.0,1763.53107,24358
2026-05-22 18:00:00,76731.0,76880.0,75621.0,75823.0,7651.55769,56802
2026-05-22 20:00:00,75828.0,76051.0,75782.0,75943.0,2119.01083,24122
2026-05-22 22:00:00,75943.0,75945.0,75350.0,75500.0,2606.67677,29260
2026-05-23 00:00:00,75500.0,75598.0,75173.0,75452.0,1651.414,27611
2026-05-23 02:00:00,75452.0,75631.0,75382.0,75602.0,990.78293,14703
2026-05-23 04:00:00,75601.0,75613.0,75432.0,75447.0,797.90921,9169
2026-05-23 06:00:00,75447.0,75464.0,74234.0,74568.0,4216.94729,36261
2026-05-23 08:00:00,74569.0,74714.0,74290.0,74610.0,2803.36601,31463
2026-05-23 10:00:00,74611.0,74831.0,74611.0,74761.0,938.64885,13041
2026-05-23 12:00:00,74761.0,75223.0,74615.0,75172.0,1602.08507,22458
2026-05-23 14:00:00,75173.0,75664.0,75050.0,75478.0,2267.79373,34337
2026-05-23 16:00:00,75478.0,75582.0,75323.0,75439.0,900.76935,16668
2026-05-23 18:00:00,75439.0,75962.0,75414.0,75947.0,2671.85838,30975
2026-05-23 20:00:00,75947.0,77375.0,75907.0,76769.0,11956.27428,92200
2026-05-23 22:00:00,76769.0,76858.0,76356.0,76712.0,2417.01626,30596
2026-05-24 00:00:00,76711.0,76908.0,76600.0,76852.0,765.52581,20325
2026-05-24 02:00:00,76851.0,76969.0,76659.0,76706.0,645.17176,14473
2026-05-24 04:00:00,76706.0,76834.0,76597.0,76780.0,630.77205,11963
2026-05-24 06:00:00,76780.0,77042.0,76668.0,76759.0,1059.54811,17725
2026-05-24 08:00:00,76760.0,77000.0,76689.0,76986.0,786.44624,14156
2026-05-24 10:00:00,76987.0,77534.0,76881.0,77286.0,2102.02432,25897
2026-05-24 12:00:00,77287.0,77287.0,76639.0,76752.0,1785.17222,24195
2026-05-24 14:00:00,76751.0,76795.0,76086.0,76318.0,3940.83398,43870
2026-05-24 16:00:00,76317.0,76742.0,76317.0,76651.0,2655.29815,25488
2026-05-24 18:00:00,76650.0,76751.0,76548.0,76719.0,929.01604,16394
2026-05-24 20:00:00,76719.0,76754.0,76060.0,76096.0,1611.18124,27414
2026-05-24 22:00:00,76096.0,77185.0,76089.0,77015.0,3251.7797,47812
2026-05-25 00:00:00,77015.0,77243.0,76867.0,76891.0,1717.94707,30108
2026-05-25 02:00:00,76891.0,77445.0,76891.0,76977.0,1928.60538,25569
2026-05-25 04:00:00,76977.0,77446.0,76943.0,77361.0,1082.12821,20398
2026-05-25 06:00:00,77360.0,77591.0,77123.0,77366.0,1345.24008,24985
2026-05-25 08:00:00,77365.0,77673.0,77235.0,77567.0,1197.8437,19021
2026-05-25 10:00:00,77567.0,77645.0,77274.0,77306.0,1071.70811,15567
2026-05-25 12:00:00,77305.0,77398.0,77239.0,77295.0,1112.18549,17894
2026-05-25 14:00:00,77294.0,77865.0,77270.0,77590.0,1849.32947,34815
2026-05-25 16:00:00,77589.0,77773.0,77464.0,77537.0,868.49748,17996
2026-05-25 18:00:00,77536.0,77625.0,77299.0,77404.0,879.85156,15679
2026-05-25 20:00:00,77404.0,77468.0,77175.0,77325.0,1268.92566,18052
2026-05-25 22:00:00,77324.0,77400.0,76987.0,77282.0,1486.42418,21329
2026-05-26 00:00:00,77281.0,77310.0,76520.0,76711.0,2525.60504,35022
2026-05-26 02:00:00,76711.0,76775.0,76414.0,76619.0,1521.39967,20355
2026-05-26 04:00:00,76620.0,76941.0,76564.0,76877.0,1098.94665,13876
2026-05-26 06:00:00,76878.0,77009.0,76556.0,76671.0,1254.88876,16631
2026-05-26 08:00:00,76671.0,76807.0,76601.0,76632.0,506.8049,15096
2026-05-26 10:00:00,76632.0,77595.0,76524.0,77144.0,4559.08403,43130
2026-05-26 12:00:00,77144.0,77439.0,76638.0,77181.0,2473.69839,37837
2026-05-26 14:00:00,77181.0,78060.0,76234.0,76482.0,8310.02575,90708
2026-05-26 16:00:00,76482.0,76683.0,75802.0,75901.0,5143.13295,44897
2026-05-26 18:00:00,75901.0,76240.0,75754.0,76015.0,2113.31628,23159
2026-05-26 20:00:00,76019.0,76141.0,75804.0,75838.0,1458.88737,14955
2026-05-26 22:00:00,75838.0,75961.0,75623.0,75894.0,1962.64196,17098
2026-05-27 00:00:00,75895.0,76067.0,75784.0,75838.0,795.56183,13138
2026-05-27 02:00:00,75838.0,75933.0,75590.0,75628.0,2020.13984,18087
2026-05-27 04:00:00,75629.0,75693.0,75251.0,75668.0,2690.89181,29028
2026-05-27 06:00:00,75669.0,75933.0,75628.0,75927.0,710.37687,19201
2026-05-27 08:00:00,75927.0,76030.0,75667.0,75879.0,987.52827,18723
2026-05-27 10:00:00,75880.0,75998.0,75711.0,75724.0,743.74473,17559
2026-05-27 12:00:00,75724.0,76120.0,74832.0,75043.0,5289.91759,59671
2026-05-27 14:00:00,75042.0,75480.0,74738.0,75300.0,4640.85728,48404
2026-05-27 16:00:00,75300.0,75390.0,74630.0,74830.0,3115.31728,35152
2026-05-27 18:00:00,74830.0,75069.0,74628.0,75027.0,1819.6735,21643
2026-05-27 20:00:00,75031.0,75378.0,74310.0,74443.0,4524.49099,34219
2026-05-27 22:00:00,74443.0,74744.0,74202.0,74420.0,3061.61526,32841
2026-05-28 00:00:00,74420.0,74557.0,74119.0,74300.0,2215.91062,27162
2026-05-28 02:00:00,74301.0,74350.0,73035.0,73234.0,6438.33466,52470
2026-05-28 04:00:00,73234.0,73235.0,72684.0,72950.0,5676.56296,40922
2026-05-28 06:00:00,72951.0,73471.0,72729.0,73461.0,2655.61854,25239
2026-05-28 08:00:00,73462.0,73537.0,73175.0,73514.0,1994.0455,21344
2026-05-28 10:00:00,73514.0,73586.0,73293.0,73474.0,896.5242,15370
2026-05-28 12:00:00,73474.0,73541.0,72745.0,72999.0,3190.37905,34620
2026-05-28 14:00:00,72999.0,73549.0,72555.0,72924.0,7713.81229,66983
2026-05-28 16:00:00,72925.0,73756.0,72724.0,73519.0,4346.89501,37918
2026-05-28 18:00:00,73519.0,73723.0,73356.0,73392.0,2138.49011,25278
2026-05-28 20:00:00,73392.0,73904.0,73215.0,73807.0,2627.57592,28582
2026-05-28 22:00:00,73807.0,73932.0,73431.0,73587.0,1038.99671,19235
2026-05-29 00:00:00,73588.0,73847.0,73418.0,73563.0,1535.58957,22892
2026-05-29 02:00:00,73563.0,73626.0,73151.0,73261.0,2157.94466,21666
2026-05-29 04:00:00,73261.0,73696.0,73182.0,73678.0,678.05041,18203
2026-05-29 06:00:00,73676.0,73924.0,73340.0,73494.0,1998.54207,20382
2026-05-29 08:00:00,73493.0,73866.0,73493.0,73697.0,1176.30059,20207
2026-05-29 10:00:00,73697.0,73700.0,73299.0,73428.0,586.4174,16547
2026-05-29 12:00:00,73428.0,73428.0,72863.0,73107.0,3281.76578,36277
2026-05-29 14:00:00,73110.0,74210.0,72476.0,73776.0,10539.46373,96680
2026-05-29 16:00:00,73777.0,74300.0,73528.0,73942.0,4147.75966,52428
2026-05-29 18:00:00,73941.0,74032.0,73150.0,73487.0,4154.16684,47295
2026-05-29 20:00:00,73487.0,73820.0,73365.0,73375.0,1431.40037,23946
2026-05-29 22:00:00,73375.0,73527.0,73269.0,73431.0,1078.30537,19528
2026-05-30 00:00:00,73432.0,73625.0,73372.0,73618.0,634.89463,14286
2026-05-30 02:00:00,73618.0,73765.0,73484.0,73493.0,1165.49057,12971
2026-05-30 04:00:00,73494.0,73614.0,73163.0,73569.0,1538.61433,21166
2026-05-30 06:00:00,73569.0,73678.0,73439.0,73511.0,901.96064,12583
2026-05-30 08:00:00,73512.0,73581.0,73470.0,73576.0,703.72009,10756
2026-05-30 10:00:00,73577.0,73652.0,73532.0,73574.0,603.00978,11195
2026-05-30 12:00:00,73574.0,73828.0,73563.0,73801.0,1566.98586,17938
2026-05-30 14:00:00,73801.0,74065.0,73794.0,73885.0,2804.50485,26300
2026-05-30 16:00:00,73886.0,73994.0,73777.0,73985.0,1129.7971,14800
2026-05-30 18:00:00,73986.0,74095.0,73896.0,73980.0,719.61092,12459
2026-05-30 20:00:00,73980.0,74018.0,73888.0,73950.0,331.87824,10023
2026-05-30 22:00:00,73950.0,73968.0,73745.0,73853.0,654.22634,14144
2026-05-31 00:00:00,73853.0,74250.0,73827.0,74017.0,2914.47612,22161
2026-05-31 02:00:00,74018.0,74208.0,73839.0,74118.0,1528.6616,18925
2026-05-31 04:00:00,74118.0,74195.0,74030.0,74037.0,485.48217,12573
2026-05-31 06:00:00,74037.0,74067.0,73802.0,73843.0,528.65422,11140
2026-05-31 08:00:00,73843.0,74000.0,73774.0,73806.0,481.99138,11668
2026-05-31 10:00:00,73806.0,73943.0,73708.0,73915.0,648.83702,11372
2026-05-31 12:00:00,73914.0,73984.0,73780.0,73835.0,909.25317,11508
2026-05-31 14:00:00,73835.0,73837.0,73424.0,73631.0,1932.90614,27449
2026-05-31 16:00:00,73632.0,73710.0,73377.0,73683.0,1486.09532,19141
2026-05-31 18:00:00,73684.0,73702.0,73426.0,73541.0,1326.70073,14543
2026-05-31 20:00:00,73541.0,73920.0,73541.0,73874.0,1576.39602,28041
2026-05-31 22:00:00,73874.0,74180.0,73462.0,73658.0,3754.15512,41091
2026-06-01 00:00:00,73658.0,74075.0,73250.0,73268.0,2759.44021,41330
2026-06-01 02:00:00,73269.0,74000.0,73204.0,73737.0,3262.07706,47750
2026-06-01 04:00:00,73737.0,73810.0,73300.0,73327.0,1526.37676,21183
2026-06-01 06:00:00,73327.0,73347.0,72684.0,72792.0,3117.18107,36715
2026-06-01 08:00:00,72793.0,73090.0,72606.0,72864.0,1633.9532,26954
2026-06-01 10:00:00,72864.0,72888.0,72258.0,72456.0,2374.43087,29314
2026-06-01 12:00:00,72456.0,72606.0,71327.0,71700.0,11446.10619,96024
2026-06-01 14:00:00,71699.0,71877.0,71060.0,71128.0,7614.24584,74167
2026-06-01 16:00:00,71129.0,71788.0,70683.0,71648.0,5862.90853,60071
2026-06-01 18:00:00,71647.0,71683.0,71359.0,71586.0,3161.26803,32733
2026-06-01 20:00:00,71586.0,71691.0,70914.0,71022.0,3669.32327,32352
2026-06-01 22:00:00,71023.0,71589.0,70828.0,71411.0,6099.15936,40279
2026-06-02 00:00:00,71411.0,71412.0,70620.0,70633.0,2988.53709,34470
2026-06-02 02:00:00,70641.0,71027.0,70127.0,70943.0,6451.83848,55559
2026-06-02 04:00:00,70944.0,71032.0,70240.0,70253.0,2622.71572,36836
2026-06-02 06:00:00,70253.0,70422.0,69709.0,70089.0,6461.41911,62340
2026-06-02 08:00:00,70096.0,70142.0,69300.0,69409.0,4343.52329,55883
2026-06-02 10:00:00,69409.0,69747.0,69330.0,69452.0,2073.17209,35528
2026-06-02 12:00:00,69453.0,69529.0,68734.0,68785.0,8114.45784,75097
2026-06-02 14:00:00,68785.0,68812.0,67050.0,67288.0,19021.59035,150459
2026-06-02 16:00:00,67288.0,68132.0,67221.0,67471.0,8027.91126,84089
2026-06-02 18:00:00,67472.0,67636.0,66356.0,67291.0,11065.73386,87968
2026-06-02 20:00:00,67291.0,67899.0,66877.0,67532.0,8266.24998,69929
2026-06-02 22:00:00,67533.0,67533.0,66169.0,66732.0,15018.94304,99103
2026-06-03 00:00:00,66732.0,67155.0,66437.0,66881.0,5008.17737,60690
2026-06-03 02:00:00,66881.0,66904.0,65417.0,65812.0,7345.21902,68948
2026-06-03 04:00:00,65811.0,67367.0,65792.0,67295.0,7357.45894,69246
2026-06-03 06:00:00,67295.0,67479.0,66836.0,67192.0,3989.11081,47257
2026-06-03 08:00:00,67193.0,67300.0,66615.0,67051.0,2147.98178,41162
2026-06-03 10:00:00,67050.0,67442.0,67017.0,67044.0,3843.62558,40149
2026-06-03 12:00:00,67045.0,67230.0,66618.0,66887.0,4825.93067,61897
2026-06-03 14:00:00,66888.0,66981.0,66053.0,66055.0,5453.66522,79334
2026-06-03 16:00:00,66054.0,66365.0,65535.0,65945.0,8365.95912,92129
2026-06-03 18:00:00,65944.0,66148.0,65204.0,65465.0,4577.17251,65781
2026-06-03 20:00:00,65461.0,65853.0,64688.0,65750.0,10897.19852,98312
2026-06-03 22:00:00,65749.0,65822.0,64061.0,64118.0,11924.20978,110293
2026-06-04 00:00:00,64118.0,64413.0,62076.0,62148.0,15761.0618,161206
2026-06-04 02:00:00,62148.0,64508.0,61350.0,64342.0,18984.18407,165442
2026-06-04 04:00:00,64341.0,64752.0,63615.0,63927.0,6211.15497,78533
2026-06-04 06:00:00,63927.0,64468.0,63456.0,63566.0,4261.04984,71323
2026-06-04 08:00:00,63565.0,63878.0,62680.0,63230.0,6640.47482,87257
2026-06-04 10:00:00,63231.0,63250.0,62160.0,62514.0,7102.31845,92616
2026-06-04 12:00:00,62515.0,64244.0,62360.0,64184.0,13675.63765,124605
2026-06-04 14:00:00,64185.0,64464.0,63662.0,63862.0,5541.88737,92942
2026-06-04 16:00:00,63861.0,63891.0,62935.0,63518.0,7182.06833,87358
2026-06-04 18:00:00,63514.0,64138.0,63108.0,63596.0,7342.12595,84034
2026-06-04 20:00:00,63597.0,63848.0,63071.0,63255.0,7456.1864,72411
2026-06-04 22:00:00,63255.0,63896.0,63160.0,63855.0,4522.34992,58205
2026-06-05 00:00:00,63854.0,63949.0,63017.0,63341.0,3419.53472,61103
2026-06-05 02:00:00,63342.0,63414.0,62293.0,62707.0,5830.82943,73801
2026-06-05 04:00:00,62706.0,63707.0,62222.0,62274.0,7834.35787,75321
2026-06-05 06:00:00,62280.0,63094.0,61095.0,63091.0,14516.14423,128136
2026-06-05 08:00:00,63091.0,63258.0,62260.0,62838.0,6484.91046,71040
2026-06-05 10:00:00,62838.0,62907.0,61929.0,61930.0,4507.24957,55649
2026-06-05 12:00:00,61930.0,62426.0,60685.0,60700.0,9785.23389,104127
2026-06-05 14:00:00,60700.0,61203.0,60006.0,60405.0,17290.17648,147044
2026-06-05 16:00:00,60406.0,61536.0,59738.0,60780.0,16961.23108,143262
2026-06-05 18:00:00,60779.0,60932.0,59100.0,60272.0,15166.41677,138426
2026-06-05 20:00:00,60272.0,61998.0,59909.0,61666.0,16308.31613,111387
2026-06-05 22:00:00,61666.0,61994.0,60482.0,61033.0,16385.93992,100350
2026-06-06 00:00:00,61033.0,61508.0,60931.0,61045.0,4250.89406,53878
2026-06-06 02:00:00,61046.0,61170.0,60498.0,60663.0,2627.3626,47103
2026-06-06 04:00:00,60665.0,61046.0,59459.0,60926.0,14246.04057,102091
2026-06-06 06:00:00,60923.0,61240.0,60656.0,60975.0,6215.36584,49895
2026-06-06 08:00:00,60976.0,61475.0,60855.0,60953.0,2715.39626,41146
2026-06-06 10:00:00,60953.0,60953.0,60176.0,60774.0,4070.21502,52170
2026-06-06 12:00:00,60774.0,61166.0,60603.0,60771.0,3281.92811,48480
2026-06-06 14:00:00,60771.0,60978.0,60323.0,60751.0,4019.93186,55663
2026-06-06 16:00:00,60751.0,60936.0,60458.0,60559.0,3641.68177,43651
2026-06-06 18:00:00,60559.0,60766.0,60382.0,60571.0,1804.77263,31687
2026-06-06 20:00:00,60570.0,60988.0,60500.0,60722.0,2102.52601,28291
2026-06-06 22:00:00,60723.0,60937.0,60400.0,60861.0,2505.19017,35319
2026-06-07 00:00:00,60860.0,61636.0,60714.0,61455.0,4887.52277,49526
2026-06-07 02:00:00,61455.0,61754.0,61136.0,61686.0,3376.08228,38174
2026-06-07 04:00:00,61685.0,62130.0,61463.0,61721.0,3110.22121,42681
2026-06-07 06:00:00,61721.0,62401.0,61599.0,62384.0,2766.70179,43816
2026-06-07 08:00:00,62384.0,62955.0,62238.0,62521.0,3065.28353,52954
2026-06-07 10:00:00,62521.0,62763.0,62302.0,62615.0,1897.89696,34293
2026-06-07 12:00:00,62615.0,62636.0,61558.0,61701.0,5124.22712,63141
2026-06-07 14:00:00,61701.0,62300.0,61661.0,62072.0,2862.65979,46590
2026-06-07 16:00:00,62072.0,62308.0,61938.0,62138.0,2254.41157,33169
2026-06-07 18:00:00,62137.0,62284.0,61145.0,61300.0,5290.88829,53651
2026-06-07 20:00:00,61299.0,61986.0,61192.0,61749.0,2898.39389,42331
2026-06-07 22:00:00,61750.0,64228.0,61696.0,63309.0,10092.94827,91946
2026-06-08 00:00:00,63309.0,63862.0,62700.0,63192.0,4480.27929,55239
2026-06-08 02:00:00,63191.0,63464.0,62885.0,63100.0,2807.56787,31280
2026-06-08 04:00:00,63100.0,63158.0,62375.0,62739.0,3466.10471,39298
2026-06-08 06:00:00,62739.0,63329.0,62711.0,63263.0,2406.11146,38350
2026-06-08 08:00:00,63261.0,63575.0,62959.0,63480.0,3906.273,41210
2026-06-08 10:00:00,63479.0,63854.0,63021.0,63454.0,3616.13613,39029
2026-06-08 12:00:00,63454.0,63927.0,62676.0,63728.0,9081.00288,88174
2026-06-08 14:00:00,63729.0,64196.0,63541.0,63755.0,3742.13532,56878
2026-06-08 16:00:00,63755.0,64030.0,63262.0,63536.0,4009.90381,39761
2026-06-08 18:00:00,63536.0,63665.0,63303.0,63349.0,1482.3618,25819
2026-06-08 20:00:00,63350.0,63835.0,63143.0,63693.0,2076.14107,29912
2026-06-08 22:00:00,63694.0,63694.0,62951.0,63058.0,3258.05447,35916
2026-06-09 00:00:00,63058.0,63151.0,62395.0,62730.0,4803.48727,45073
2026-06-09 02:00:00,62731.0,62947.0,62506.0,62847.0,2932.90534,28448
2026-06-09 04:00:00,62846.0,63514.0,62723.0,63323.0,3298.45099,33494
2026-06-09 06:00:00,63323.0,63500.0,62977.0,63178.0,1873.47248,22953
2026-06-09 08:00:00,63177.0,63196.0,62566.0,62687.0,2474.98206,27505
2026-06-09 10:00:00,62688.0,62811.0,62461.0,62682.0,2329.36971,24307
2026-06-09 12:00:00,62681.0,62882.0,62136.0,62254.0,5220.99481,43408
2026-06-09 14:00:00,62254.0,62369.0,61003.0,61111.0,10593.58965,91888
2026-06-09 16:00:00,61110.0,61870.0,60765.0,61671.0,9485.35609,80962
2026-06-09 18:00:00,61670.0,62084.0,61566.0,62074.0,3796.31439,36575
2026-06-09 20:00:00,62076.0,62250.0,61663.0,61728.0,2409.87555,29804
2026-06-09 22:00:00,61729.0,61950.0,61528.0,61695.0,1725.40583,24617
2026-06-10 00:00:00,61699.0,61947.0,61413.0,61684.0,1711.22848,33377
2026-06-10 02:00:00,61685.0,61809.0,61201.0,61521.0,2545.46372,28314
2026-06-10 04:00:00,61521.0,61536.0,61043.0,61316.0,2473.74609,22308
2026-06-10 06:00:00,61316.0,61777.0,61111.0,61645.0,1432.37507,23235
2026-06-10 08:00:00,61650.0,61700.0,60733.0,61299.0,3799.01327,36493
2026-06-10 10:00:00,61300.0,61432.0,60832.0,61000.0,2533.11412,33061
2026-06-10 12:00:00,61000.0,62436.0,60930.0,62115.0,8281.47172,69201
2026-06-10 14:00:00,62115.0,62827.0,61786.0,62609.0,8528.47651,75517
2026-06-10 16:00:00,62609.0,62621.0,61625.0,61954.0,5900.954,54675
2026-06-10 18:00:00,61953.0,62130.0,61594.0,61921.0,3805.35658,39534
2026-06-10 20:00:00,61919.0,61933.0,61150.0,61325.0,4599.96081,41531
2026-06-10 22:00:00,61325.0,61578.0,61069.0,61481.0,3626.29351,43674
2026-06-11 00:00:00,61484.0,62345.0,61484.0,62181.0,3895.37156,39218
2026-06-11 02:00:00,62181.0,62800.0,61900.0,62659.0,2461.67856,32044
2026-06-11 04:00:00,62659.0,62825.0,62516.0,62574.0,2035.93678,26196
2026-06-11 06:00:00,62575.0,62971.0,62508.0,62689.0,2404.71504,29153
2026-06-11 08:00:00,62690.0,63026.0,62685.0,62895.0,1887.25252,24842
2026-06-11 10:00:00,62902.0,63244.0,62772.0,63072.0,3299.10496,30843
2026-06-11 12:00:00,63073.0,63201.0,62475.0,63042.0,4987.83575,58178
2026-06-11 14:00:00,63043.0,63056.0,62510.0,62717.0,3369.39936,53287
2026-06-11 16:00:00,62717.0,63638.0,62314.0,63631.0,8358.54225,66938
2026-06-11 18:00:00,63631.0,63919.0,63306.0,63581.0,6587.13424,59825
2026-06-11 20:00:00,63580.0,63641.0,63240.0,63493.0,3246.62637,24780
2026-06-11 22:00:00,63493.0,63685.0,63334.0,63621.0,1759.27002,24685
2026-06-12 00:00:00,63621.0,63775.0,63277.0,63399.0,1463.46628,27480
2026-06-12 02:00:00,63400.0,63760.0,63322.0,63496.0,1068.72757,17681
2026-06-12 04:00:00,63496.0,63846.0,63265.0,63328.0,2085.83592,25049
2026-06-12 06:00:00,63329.0,63394.0,62801.0,63062.0,3301.54434,26003
2026-06-12 08:00:00,63064.0,63928.0,63064.0,63723.0,3839.0619,30774
2026-06-12 10:00:00,63723.0,63865.0,63552.0,63724.0,2294.79623,23496
2026-06-12 12:00:00,63723.0,63740.0,63016.0,63215.0,2813.25985,38430
2026-06-12 14:00:00,63205.0,64383.0,63176.0,63575.0,12039.10465,80741
2026-06-12 16:00:00,63570.0,64093.0,63490.0,63841.0,4152.36272,39987
2026-06-12 18:00:00,63841.0,63909.0,63567.0,63567.0,1148.67301,25197
2026-06-12 20:00:00,63567.0,63673.0,63375.0,63460.0,1878.48913,23888
2026-06-12 22:00:00,63461.0,63670.0,63409.0,63561.0,1669.16738,19282
2026-06-13 00:00:00,63560.0,63854.0,63484.0,63813.0,949.91531,16369
2026-06-13 02:00:00,63813.0,63815.0,63420.0,63510.0,1210.81046,13172
2026-06-13 04:00:00,63509.0,63634.0,63453.0,63563.0,1141.31632,12695
2026-06-13 06:00:00,63564.0,63861.0,63526.0,63829.0,964.40702,13275
2026-06-13 08:00:00,63829.0,63910.0,63712.0,63713.0,1029.18848,13742
2026-06-13 10:00:00,63713.0,63965.0,63705.0,63945.0,1977.16624,16110
2026-06-13 12:00:00,63944.0,64219.0,63883.0,64084.0,1895.58036,23227
2026-06-13 14:00:00,64084.0,64332.0,64063.0,64288.0,977.28241,22236
2026-06-13 16:00:00,64289.0,64298.0,63899.0,63957.0,2146.42068,22928
2026-06-13 18:00:00,63958.0,64315.0,63953.0,64271.0,1472.55531,17931
2026-06-13 20:00:00,64272.0,64750.0,64201.0,64450.0,1853.21399,21739
2026-06-13 22:00:00,64449.0,64574.0,64350.0,64427.0,1258.32362,16303
2026-06-14 00:00:00,64427.0,64697.0,64351.0,64555.0,1990.234,18851
2026-06-14 02:00:00,64555.0,64617.0,64445.0,64525.0,970.82629,12674
2026-06-14 04:00:00,64526.0,64540.0,64275.0,64320.0,915.84202,11802
2026-06-14 06:00:00,64321.0,64461.0,64207.0,64408.0,4343.79963,25336
2026-06-14 08:00:00,64409.0,64600.0,64283.0,64600.0,1312.3749,14544
2026-06-14 10:00:00,64600.0,64655.0,64431.0,64518.0,1308.84894,12965
2026-06-14 12:00:00,64518.0,64540.0,64221.0,64281.0,1453.69264,16432
2026-06-14 14:00:00,64282.0,64317.0,63838.0,63996.0,1935.98632,26918
2026-06-14 16:00:00,63997.0,64184.0,63648.0,63702.0,1900.53992,22431
2026-06-14 18:00:00,63702.0,63836.0,63648.0,63786.0,946.23555,17829
2026-06-14 20:00:00,63787.0,65650.0,63776.0,65303.0,8504.09457,61403
2026-06-14 22:00:00,65305.0,65780.0,64923.0,65720.0,6852.75537,62581
2026-06-15 00:00:00,65719.0,65872.0,65325.0,65487.0,3358.53136,38740
2026-06-15 02:00:00,65487.0,65980.0,65407.0,65898.0,1628.73783,28169
2026-06-15 04:00:00,65897.0,65898.0,65583.0,65834.0,2914.04441,22253
2026-06-15 06:00:00,65834.0,66020.0,65620.0,65648.0,1798.4894,23983
2026-06-15 08:00:00,65647.0,65776.0,65487.0,65570.0,1618.11023,19895
2026-06-15 10:00:00,65570.0,66353.0,65554.0,66221.0,3782.55138,36802
2026-06-15 12:00:00,66220.0,66940.0,66086.0,66412.0,5374.46081,50694
2026-06-15 14:00:00,66413.0,67261.0,66270.0,67261.0,3136.39884,36502
2026-06-15 16:00:00,67250.0,67283.0,66644.0,66825.0,2811.17649,38311
2026-06-15 18:00:00,66825.0,66904.0,66323.0,66561.0,2005.89644,30261
2026-06-15 20:00:00,66562.0,66649.0,66285.0,66338.0,1584.60013,24338
2026-06-15 22:00:00,66339.0,66442.0,66057.0,66294.0,1769.36876,28078
2026-06-16 00:00:00,66293.0,66441.0,66206.0,66314.0,1320.1177,21396
2026-06-16 02:00:00,66315.0,66330.0,65603.0,66128.0,3623.29868,36009
2026-06-16 04:00:00,66127.0,66245.0,65771.0,66032.0,1267.64554,23565
2026-06-16 06:00:00,66033.0,66552.0,66032.0,66343.0,2157.28383,25447
2026-06-16 08:00:00,66343.0,66964.0,66314.0,66482.0,3095.64238,35153
2026-06-16 10:00:00,66482.0,66745.0,66336.0,66456.0,1403.15485,24190
2026-06-16 12:00:00,66456.0,66792.0,65907.0,66019.0,3459.90368,47511
2026-06-16 14:00:00,66020.0,66240.0,65320.0,65851.0,4808.45008,57868
2026-06-16 16:00:00,65851.0,65995.0,65677.0,65958.0,1649.80455,27323
2026-06-16 18:00:00,65958.0,66216.0,65545.0,65642.0,2674.34665,29655
2026-06-16 20:00:00,65642.0,65919.0,65567.0,65749.0,1929.30874,19106
2026-06-16 22:00:00,65749.0,65863.0,65587.0,65639.0,884.27679,15092
2026-06-17 00:00:00,65640.0,65931.0,65450.0,65913.0,1422.52009,22128
2026-06-17 02:00:00,65914.0,66121.0,65686.0,65822.0,884.74644,19902
2026-06-17 04:00:00,65823.0,66020.0,65731.0,65813.0,1304.98584,15468
2026-06-17 06:00:00,65813.0,65889.0,65215.0,65511.0,2399.23603,22743
2026-06-17 08:00:00,65512.0,65550.0,64813.0,64886.0,3477.00925,35836
2026-06-17 10:00:00,64887.0,64986.0,64518.0,64796.0,3055.00459,35098
2026-06-17 12:00:00,64797.0,65354.0,64572.0,65271.0,2604.44721,39609
2026-06-17 14:00:00,65271.0,65848.0,64754.0,65731.0,3381.90486,52725
2026-06-17 16:00:00,65730.0,66429.0,65702.0,66050.0,5420.03445,54887
2026-06-17 18:00:00,66051.0,66066.0,64000.0,64287.0,14395.12722,121847
2026-06-17 20:00:00,64286.0,64456.0,64106.0,64227.0,3245.93288,36017
2026-06-17 22:00:00,64228.0,64493.0,63878.0,64470.0,3233.21164,31949
2026-06-18 00:00:00,64470.0,64771.0,64421.0,64513.0,1979.19522,26547
2026-06-18 02:00:00,64514.0,64714.0,64222.0,64247.0,1805.12884,22182
2026-06-18 04:00:00,64247.0,64296.0,63655.0,63961.0,5220.37661,42869
2026-06-18 06:00:00,63961.0,64478.0,63812.0,64476.0,1823.61084,25328
2026-06-18 08:00:00,64476.0,64617.0,64148.0,64162.0,2024.29994,31477
2026-06-18 10:00:00,64163.0,64190.0,63846.0,63952.0,3646.35214,26054
2026-06-18 12:00:00,63952.0,64420.0,63760.0,63945.0,3838.38306,36939
2026-06-18 14:00:00,63944.0,64176.0,62254.0,62339.0,10766.99126,96787
2026-06-18 16:00:00,62338.0,62784.0,62235.0,62580.0,6056.20487,44515
2026-06-18 18:00:00,62579.0,62980.0,62560.0,62917.0,3821.95637,32033
2026-06-18 20:00:00,62917.0,63253.0,62841.0,62945.0,2917.59981,35023
2026-06-18 22:00:00,62945.0,62969.0,62709.0,62935.0,2755.50923,22463
2026-06-19 00:00:00,62936.0,63077.0,62809.0,62999.0,1666.4408,23339
2026-06-19 02:00:00,62998.0,63088.0,62350.0,62753.0,3801.52586,31584
2026-06-19 04:00:00,62752.0,62900.0,62386.0,62708.0,1682.05547,24972
2026-06-19 06:00:00,62707.0,62894.0,62468.0,62599.0,1181.98838,21293
2026-06-19 08:00:00,62598.0,62759.0,62292.0,62360.0,2430.07942,25169
2026-06-19 10:00:00,62359.0,62663.0,62355.0,62604.0,1388.19329,21878
2026-06-19 12:00:00,62605.0,63423.0,62312.0,63189.0,4236.62844,44154
2026-06-19 14:00:00,63188.0,63386.0,62980.0,63184.0,2203.23538,42609
2026-06-19 16:00:00,63183.0,63380.0,62835.0,63180.0,1882.35086,31974
2026-06-19 18:00:00,63180.0,63180.0,62915.0,62995.0,957.3165,16998
2026-06-19 20:00:00,62995.0,63263.0,62930.0,63044.0,1016.5731,14823
2026-06-19 22:00:00,63044.0,63630.0,63030.0,63512.0,1806.35224,18112
2026-06-20 00:00:00,63513.0,63762.0,63376.0,63550.0,1133.83068,20033
2026-06-20 02:00:00,63551.0,63551.0,63285.0,63444.0,703.2474,13170
2026-06-20 04:00:00,63444.0,63878.0,63368.0,63653.0,1293.06274,19033
2026-06-20 06:00:00,63653.0,63776.0,63570.0,63617.0,1455.99057,17892
2026-06-20 08:00:00,63618.0,63764.0,63354.0,63704.0,1381.39942,16122
2026-06-20 10:00:00,63705.0,63773.0,63564.0,63658.0,858.54978,11779
2026-06-20 12:00:00,63659.0,63766.0,63248.0,63373.0,2393.76879,20536
2026-06-20 14:00:00,63373.0,64361.0,63170.0,64120.0,4357.10726,47828
2026-06-20 16:00:00,64121.0,64136.0,63725.0,63814.0,1421.23832,22873
2026-06-20 18:00:00,63815.0,63947.0,63753.0,63906.0,423.90632,11554
2026-06-20 20:00:00,63907.0,64068.0,63828.0,63989.0,457.86218,10926
2026-06-20 22:00:00,63989.0,64336.0,63957.0,64276.0,1078.02776,16524
2026-06-21 00:00:00,64276.0,64312.0,64187.0,64229.0,1662.50856,14346
2026-06-21 02:00:00,64228.0,64449.0,64196.0,64399.0,1160.70156,13520
2026-06-21 04:00:00,64399.0,64555.0,64196.0,64221.0,2097.02654,18433
2026-06-21 06:00:00,64221.0,64301.0,64117.0,64160.0,1109.6485,11083
2026-06-21 08:00:00,64160.0,64220.0,63864.0,64175.0,1378.709,18678
2026-06-21 10:00:00,64176.0,64452.0,64067.0,64130.0,1985.23403,21562
2026-06-21 12:00:00,64134.0,64197.0,63910.0,64105.0,1098.79877,18183
2026-06-21 14:00:00,64106.0,64306.0,63968.0,64185.0,740.46736,17726
2026-06-21 16:00:00,64186.0,64219.0,64007.0,64111.0,572.70859,15339
2026-06-21 18:00:00,64111.0,64255.0,63922.0,64168.0,765.30437,18268
2026-06-21 20:00:00,64168.0,64232.0,63461.0,63760.0,4292.92095,36370
2026-06-21 22:00:00,63760.0,63820.0,63242.0,63270.0,2779.44791,35890
2026-06-22 00:00:00,63270.0,64775.0,63270.0,64576.0,5073.6136,53703
2026-06-22 02:00:00,64575.0,64636.0,63884.0,63937.0,4794.22505,39243
2026-06-22 04:00:00,63936.0,64313.0,63832.0,64204.0,1251.5463,20372
2026-06-22 06:00:00,64204.0,64363.0,63919.0,64178.0,1264.55988,17586
2026-06-22 08:00:00,64177.0,64320.0,64009.0,64108.0,691.30483,16756
2026-06-22 10:00:00,64108.0,64741.0,64042.0,64630.0,2638.30847,27553
2026-06-22 12:00:00,64630.0,65555.0,64558.0,65537.0,9003.95704,72237
2026-06-22 14:00:00,65536.0,65587.0,64722.0,64802.0,4557.44194,71807
2026-06-22 16:00:00,64802.0,64826.0,64363.0,64587.0,3157.04757,37382
2026-06-22 18:00:00,64586.0,64710.0,64268.0,64482.0,3279.19093,35905
2026-06-22 20:00:00,64482.0,64653.0,64131.0,64298.0,3056.73724,24275
2026-06-22 22:00:00,64298.0,64375.0,63785.0,64012.0,4015.56353,33188
2026-06-23 00:00:00,64012.0,64254.0,63820.0,64131.0,2517.29457,25967
2026-06-23 02:00:00,64132.0,64236.0,63936.0,64035.0,1831.41404,17932
2026-06-23 04:00:00,64035.0,64068.0,63331.0,63371.0,2950.06775,29609
2026-06-23 06:00:00,63372.0,63372.0,62532.0,62852.0,7231.68231,53042
2026-06-23 08:00:00,62851.0,62910.0,61901.0,62349.0,6114.33542,51900
2026-06-23 10:00:00,62349.0,62617.0,62202.0,62481.0,2766.6751,30605
2026-06-23 12:00:00,62482.0,62537.0,61935.0,62449.0,5317.39831,47785
2026-06-23 14:00:00,62449.0,62818.0,62157.0,62460.0,4424.16295,58156
2026-06-23 16:00:00,62461.0,62794.0,62300.0,62330.0,3019.36793,36478
2026-06-23 18:00:00,62331.0,62453.0,62080.0,62381.0,1686.54645,31138
2026-06-23 20:00:00,62381.0,62638.0,62357.0,62568.0,1081.94103,21758
2026-06-23 22:00:00,62568.0,62768.0,62500.0,62706.0,1995.9687,23498
2026-06-24 00:00:00,62706.0,63087.0,62706.0,62910.0,2241.1609,30642
2026-06-24 02:00:00,62910.0,62984.0,62441.0,62703.0,2043.42567,24481
2026-06-24 04:00:00,62704.0,63065.0,62511.0,62857.0,2475.11455,21322
2026-06-24 06:00:00,62857.0,62885.0,62568.0,62616.0,1400.81261,18918
2026-06-24 08:00:00,62616.0,62791.0,62578.0,62657.0,1008.31911,16846
2026-06-24 10:00:00,62658.0,63196.0,62293.0,62884.0,3098.94003,31618
2026-06-24 12:00:00,62883.0,62939.0,61223.0,61308.0,8224.84512,77561
2026-06-24 14:00:00,61309.0,61444.0,60227.0,60245.0,9023.86164,92744
2026-06-24 16:00:00,60245.0,60639.0,59060.0,59373.0,14032.88173,115898
2026-06-24 18:00:00,59373.0,59966.0,59280.0,59943.0,5438.42533,65513
2026-06-24 20:00:00,59942.0,61181.0,59823.0,61083.0,8419.92422,73825
2026-06-24 22:00:00,61082.0,61231.0,60780.0,61047.0,1446.30929,27432
2026-06-25 00:00:00,61048.0,61128.0,60692.0,60895.0,2226.20597,30037
2026-06-25 02:00:00,60896.0,60930.0,60661.0,60854.0,1216.17964,21269
2026-06-25 04:00:00,60855.0,61777.0,60758.0,61572.0,3988.46878,38665
2026-06-25 06:00:00,61573.0,61927.0,61572.0,61874.0,2542.93003,27820
2026-06-25 08:00:00,61875.0,61884.0,61571.0,61703.0,1827.67104,21080
2026-06-25 10:00:00,61704.0,61719.0,61028.0,61249.0,2418.0711,31345
2026-06-25 12:00:00,61249.0,61700.0,58062.0,58234.0,15086.39142,108086
2026-06-25 14:00:00,58242.0,60465.0,58236.0,59530.0,20848.79912,162867
2026-06-25 16:00:00,59530.0,60030.0,59102.0,59649.0,6971.21346,69801
2026-06-25 18:00:00,59649.0,59759.0,59136.0,59283.0,3747.92148,44303
2026-06-25 20:00:00,59284.0,60210.0,59284.0,60180.0,3439.63586,38865
2026-06-25 22:00:00,60180.0,60180.0,59691.0,59759.0,2402.44197,36241
2026-06-26 00:00:00,59760.0,59871.0,59192.0,59405.0,1925.74563,35954
2026-06-26 02:00:00,59405.0,60091.0,58308.0,60025.0,7661.89533,75699
2026-06-26 04:00:00,60024.0,60212.0,59697.0,59920.0,4682.06355,47638
2026-06-26 06:00:00,59920.0,60726.0,59670.0,60500.0,4753.46882,53157
2026-06-26 08:00:00,60500.0,60542.0,59554.0,59705.0,3419.78016,42810
2026-06-26 10:00:00,59704.0,59831.0,59207.0,59387.0,2233.35734,38234
2026-06-26 12:00:00,59388.0,60188.0,58482.0,60143.0,11753.90767,105427
2026-06-26 14:00:00,60142.0,60477.0,59354.0,60300.0,6680.77922,88601
2026-06-26 16:00:00,60300.0,60543.0,59920.0,59992.0,2268.66768,49803
2026-06-26 18:00:00,59991.0,60127.0,59522.0,59736.0,2331.37926,40943
2026-06-26 20:00:00,59752.0,60027.0,59560.0,59882.0,1778.33551,30209
2026-06-26 22:00:00,59883.0,60097.0,59718.0,60074.0,1784.78306,21700
2026-06-27 00:00:00,60074.0,60159.0,59837.0,59915.0,975.16987,16784
2026-06-27 02:00:00,59916.0,60391.0,59887.0,60280.0,1765.52621,23991
2026-06-27 04:00:00,60281.0,60457.0,60103.0,60213.0,980.24162,18185
2026-06-27 06:00:00,60214.0,60546.0,60082.0,60518.0,1394.5742,20079
2026-06-27 08:00:00,60519.0,60519.0,60249.0,60393.0,1192.37211,18120
2026-06-27 10:00:00,60393.0,60459.0,60166.0,60338.0,963.64809,16373
2026-06-27 12:00:00,60338.0,60628.0,60224.0,60553.0,1414.47318,20205
2026-06-27 14:00:00,60554.0,60935.0,60473.0,60813.0,1950.19176,29822
2026-06-27 16:00:00,60814.0,60820.0,60402.0,60498.0,1441.95184,22125
2026-06-27 18:00:00,60498.0,60580.0,60058.0,60145.0,1554.66796,22741
2026-06-27 20:00:00,60145.0,60455.0,60110.0,60174.0,1106.92057,17983
2026-06-27 22:00:00,60174.0,60291.0,59825.0,59996.0,1890.25802,26473
2026-06-28 00:00:00,59996.0,60245.0,59938.0,60191.0,1208.66862,16388
2026-06-28 02:00:00,60190.0,60311.0,60014.0,60172.0,616.33448,12128
2026-06-28 04:00:00,60172.0,60208.0,59732.0,59962.0,1184.39674,16675
2026-06-28 06:00:00,59963.0,60233.0,59785.0,60190.0,853.51578,14872
2026-06-28 08:00:00,60191.0,60500.0,60110.0,60224.0,2413.55214,18085
2026-06-28 10:00:00,60225.0,60343.0,60032.0,60310.0,1011.69927,15352
2026-06-28 12:00:00,60311.0,60418.0,59946.0,60043.0,1033.83581,20352
2026-06-28 14:00:00,60044.0,60212.0,59790.0,59854.0,1146.26915,24086
2026-06-28 16:00:00,59855.0,59912.0,59370.0,59559.0,3148.0667,39042
2026-06-28 18:00:00,59559.0,59680.0,59230.0,59450.0,1991.69197,27675
2026-06-28 20:00:00,59451.0,59758.0,59297.0,59418.0,2176.87203,25849
2026-06-28 22:00:00,59418.0,59884.0,58875.0,59549.0,5274.20931,64323
2026-06-29 00:00:00,59549.0,59683.0,58976.0,59411.0,3464.64942,53614
2026-06-29 02:00:00,59411.0,60188.0,58871.0,60015.0,2895.097,48204
2026-06-29 04:00:00,60016.0,60076.0,59353.0,60075.0,1912.85014,31394
2026-06-29 06:00:00,60075.0,60313.0,59894.0,59996.0,1738.23375,31250
2026-06-29 08:00:00,59997.0,60085.0,59708.0,60024.0,1508.86081,29374
2026-06-29 10:00:00,60025.0,60285.0,59761.0,59941.0,2534.72237,32362
2026-06-29 12:00:00,59935.0,60767.0,59297.0,59556.0,9227.68689,103942
2026-06-29 14:00:00,59556.0,59931.0,58990.0,59792.0,6995.0249,88599
2026-06-29 16:00:00,59792.0,60648.0,59552.0,60386.0,4545.33833,53600
2026-06-29 18:00:00,60386.0,60537.0,60129.0,60404.0,2296.7394,35113
2026-06-29 20:00:00,60405.0,60570.0,60227.0,60453.0,2044.49453,22969
2026-06-29 22:00:00,60453.0,60493.0,60175.0,60227.0,1106.62088,17958
2026-06-30 00:00:00,60228.0,60248.0,59671.0,59915.0,2390.49522,35995
2026-06-30 02:00:00,59915.0,60003.0,59565.0,59589.0,2586.10545,24177
2026-06-30 04:00:00,59589.0,59668.0,59334.0,59626.0,2810.30946,28891
2026-06-30 06:00:00,59627.0,59690.0,59422.0,59508.0,2016.40772,23119
2026-06-30 08:00:00,59508.0,59528.0,59170.0,59351.0,1805.52234,27017
2026-06-30 10:00:00,59351.0,59400.0,59100.0,59158.0,2089.51039,24831
2026-06-30 12:00:00,59159.0,59159.0,58194.0,58711.0,8011.50588,72626
2026-06-30 14:00:00,58712.0,59293.0,58160.0,58356.0,11671.92915,92288
2026-06-30 16:00:00,58356.0,58600.0,58236.0,58400.0,2831.14066,32837
2026-06-30 18:00:00,58400.0,58815.0,58335.0,58796.0,2460.19774,26751
2026-06-30 20:00:00,58797.0,58857.0,58474.0,58610.0,1703.49493,21362
2026-06-30 22:00:00,58611.0,58765.0,58479.0,58603.0,835.70871,13726
2026-07-01 00:00:00,58604.0,58975.0,57768.0,58739.0,7350.55096,58132
2026-07-01 02:00:00,58739.0,59293.0,58627.0,59171.0,3574.33942,40665
2026-07-01 04:00:00,59172.0,59433.0,59039.0,59119.0,3015.36289,30713
2026-07-01 06:00:00,59119.0,59128.0,58507.0,58745.0,3310.17092,30230
2026-07-01 08:00:00,58744.0,59070.0,58468.0,58923.0,2927.43835,27086
2026-07-01 10:00:00,58922.0,58925.0,58524.0,58591.0,1765.15556,20412
2026-07-01 12:00:00,58591.0,59500.0,58306.0,59468.0,6790.40967,63774
2026-07-01 14:00:00,59467.0,60569.0,59255.0,60123.0,11928.88928,107040
2026-07-01 16:00:00,60122.0,60239.0,59764.0,60174.0,3347.73934,43716
2026-07-01 18:00:00,60174.0,60340.0,59975.0,59996.0,3123.27535,37496
2026-07-01 20:00:00,59996.0,60825.0,59853.0,60801.0,4742.30104,51412
2026-07-01 22:00:00,60801.0,61357.0,59965.0,60010.0,4631.08375,53942
2026-07-02 00:00:00,60010.0,60308.0,59561.0,60169.0,4027.50321,47351
2026-07-02 02:00:00,60169.0,61152.0,60010.0,61067.0,3741.75523,44030
2026-07-02 04:00:00,61068.0,61068.0,60476.0,60497.0,2433.8653,34647
2026-07-02 06:00:00,60497.0,60661.0,60102.0,60150.0,2577.93549,36180
2026-07-02 08:00:00,60150.0,61465.0,60135.0,61188.0,4270.9847,49898
2026-07-02 10:00:00,61188.0,61391.0,61048.0,61365.0,2651.93007,42045
2026-07-02 12:00:00,61364.0,62043.0,61166.0,61932.0,8938.40073,83512
2026-07-02 14:00:00,61933.0,62224.0,61381.0,61593.0,9047.68445,81860
2026-07-02 16:00:00,61601.0,61947.0,61131.0,61669.0,5147.35717,52055
2026-07-02 18:00:00,61669.0,61868.0,61423.0,61482.0,2312.77127,28608
2026-07-02 20:00:00,61483.0,61679.0,61354.0,61612.0,1995.50736,27761
2026-07-02 22:00:00,61612.0,61636.0,61357.0,61587.0,2223.0515,25121
2026-07-03 00:00:00,61587.0,61762.0,61264.0,61620.0,1252.86167,27686
2026-07-03 02:00:00,61621.0,61697.0,61300.0,61451.0,1898.61151,26082
2026-07-03 04:00:00,61452.0,61840.0,61353.0,61729.0,2520.82414,27158
2026-07-03 06:00:00,61730.0,61911.0,61629.0,61788.0,1873.63709,25621
2026-07-03 08:00:00,61788.0,61951.0,61531.0,61745.0,2342.03063,28430
2026-07-03 10:00:00,61744.0,62127.0,61693.0,62046.0,2384.20814,31179
2026-07-03 12:00:00,62044.0,62279.0,61886.0,62125.0,2060.18301,32840
2026-07-03 14:00:00,62126.0,62400.0,61708.0,61934.0,3257.75769,45066
2026-07-03 16:00:00,61933.0,62301.0,61915.0,62189.0,1152.68155,21108
2026-07-03 18:00:00,62191.0,62320.0,62122.0,62210.0,1093.77426,16859
2026-07-03 20:00:00,62210.0,62949.0,62190.0,62737.0,5744.17784,52447
2026-07-03 22:00:00,62738.0,62753.0,62522.0,62576.0,2873.11275,21914
2026-07-04 00:00:00,62575.0,62939.0,62388.0,62454.0,3356.85636,29785
2026-07-04 02:00:00,62454.0,62730.0,62414.0,62621.0,983.32245,15622
2026-07-04 04:00:00,62620.0,62743.0,62433.0,62464.0,899.56985,15661
2026-07-04 06:00:00,62463.0,62621.0,62319.0,62570.0,1326.21258,17192
2026-07-04 08:00:00,62570.0,62668.0,62401.0,62484.0,987.85003,15110
2026-07-04 10:00:00,62483.0,62541.0,62434.0,62473.0,414.97786,9830
2026-07-04 12:00:00,62472.0,62772.0,62472.0,62578.0,658.6955,12881
2026-07-04 14:00:00,62578.0,63051.0,62578.0,62921.0,1570.5948,28021
2026-07-04 16:00:00,62921.0,63419.0,62772.0,63258.0,3238.0561,37255
2026-07-04 18:00:00,63258.0,63460.0,63094.0,63292.0,3398.40983,35245
2026-07-04 20:00:00,63291.0,63460.0,63143.0,63305.0,3599.01768,31302
2026-07-04 22:00:00,63304.0,63311.0,62923.0,63127.0,2345.48091,23952
2026-07-05 00:00:00,63128.0,63128.0,62794.0,62891.0,1647.34107,23380
2026-07-05 02:00:00,62891.0,62926.0,62589.0,62764.0,1531.23088,20232
2026-07-05 04:00:00,62765.0,62961.0,62640.0,62738.0,1150.08112,16587
2026-07-05 06:00:00,62737.0,63063.0,62659.0,63024.0,819.10656,14084
2026-07-05 08:00:00,63024.0,63100.0,62434.0,62609.0,1390.81254,19872
2026-07-05 10:00:00,62615.0,62810.0,62540.0,62644.0,645.74619,13730
2026-07-05 12:00:00,62645.0,62828.0,62550.0,62801.0,1465.85171,15640
2026-07-05 14:00:00,62802.0,62953.0,62650.0,62735.0,1358.68101,19672
2026-07-05 16:00:00,62736.0,62822.0,62600.0,62627.0,831.86614,14547
2026-07-05 18:00:00,62628.0,62879.0,62612.0,62772.0,1158.30323,15740
2026-07-05 20:00:00,62772.0,63233.0,62592.0,63092.0,2301.43765,24432
2026-07-05 22:00:00,63092.0,63997.0,63008.0,63635.0,4188.10962,59232
2026-07-06 00:00:00,63635.0,63919.0,63323.0,63564.0,3111.62328,39535
2026-07-06 02:00:00,63564.0,63663.0,63123.0,63292.0,1879.26942,27900
2026-07-06 04:00:00,63292.0,63390.0,62939.0,63107.0,1122.29112,22114
2026-07-06 06:00:00,63107.0,63140.0,62880.0,63104.0,1372.37937,20109
2026-07-06 08:00:00,63104.0,63253.0,62625.0,62668.0,1820.36554,24562
2026-07-06 10:00:00,62668.0,63046.0,62500.0,62501.0,2718.68818,28235
2026-07-06 12:00:00,62501.0,62501.0,61342.0,61780.0,11763.66422,108676
2026-07-06 14:00:00,61781.0,63558.0,61728.0,63538.0,8956.51269,98888
2026-07-06 16:00:00,63539.0,63962.0,63390.0,63586.0,6569.72811,69037
2026-07-06 18:00:00,63586.0,63893.0,63556.0,63741.0,2621.14954,32836
2026-07-06 20:00:00,63741.0,64698.0,63582.0,64499.0,5120.07645,54772
2026-07-06 22:00:00,64500.0,64515.0,64031.0,64054.0,1533.60175,26348
2026-07-07 00:00:00,64054.0,64331.0,63798.0,63844.0,1520.78747,33845
2026-07-07 02:00:00,63844.0,63910.0,63155.0,63189.0,2208.50312,33916
2026-07-07 04:00:00,63190.0,63294.0,62800.0,63138.0,2421.78505,30008
2026-07-07 06:00:00,63137.0,63460.0,63000.0,63088.0,2396.81726,27690
2026-07-07 08:00:00,63088.0,63354.0,63003.0,63268.0,1244.87499,21924
2026-07-07 10:00:00,63269.0,63485.0,63125.0,63420.0,1896.01177,23428
2026-07-07 12:00:00,63421.0,63892.0,62993.0,63059.0,4722.49992,58276
2026-07-07 14:00:00,63059.0,64100.0,62667.0,63942.0,6824.78218,84033
2026-07-07 16:00:00,63942.0,64260.0,63820.0,64194.0,2441.04615,41694
2026-07-07 18:00:00,64194.0,64203.0,63397.0,63825.0,3050.42934,47759
2026-07-07 20:00:00,63826.0,63912.0,63310.0,63421.0,3227.08593,33216
2026-07-07 22:00:00,63421.0,63718.0,63198.0,63355.0,2507.77354,29890
2026-07-08 00:00:00,63355.0,63750.0,62879.0,63015.0,3573.86765,40344
2026-07-08 02:00:00,63016.0,63091.0,62510.0,62746.0,3214.72683,39519
2026-07-08 04:00:00,62747.0,62900.0,62535.0,62621.0,2058.36647,25331
2026-07-08 06:00:00,62622.0,62893.0,62458.0,62887.0,3063.898,34718
2026-07-08 08:00:00,62888.0,62933.0,61731.0,62064.0,5285.26671,65116
2026-07-08 10:00:00,62063.0,62378.0,61894.0,62301.0,1712.09451,27724
2026-07-08 12:00:00,62300.0,62443.0,61626.0,61948.0,3415.12297,45316
2026-07-08 14:00:00,61947.0,62175.0,61550.0,61705.0,2774.63552,52345
2026-07-08 16:00:00,61706.0,62390.0,61680.0,62105.0,2960.75693,39383
2026-07-08 18:00:00,62106.0,62349.0,62029.0,62272.0,1687.37048,26573
2026-07-08 20:00:00,62272.0,62295.0,61955.0,62185.0,1752.246,23128
2026-07-08 22:00:00,62186.0,62350.0,62158.0,62283.0,904.57903,17847
2026-07-09 00:00:00,62283.0,62628.0,61802.0,61895.0,4261.49592,46221
2026-07-09 02:00:00,61895.0,62100.0,61695.0,61963.0,2128.4013,28722
2026-07-09 04:00:00,61964.0,62620.0,61952.0,62591.0,2657.45181,30102
2026-07-09 06:00:00,62591.0,63263.0,62478.0,63001.0,2923.68506,43259
2026-07-09 08:00:00,63001.0,63087.0,62782.0,62943.0,1818.07909,27035
2026-07-09 10:00:00,62943.0,63051.0,62604.0,62770.0,1476.26455,24381
2026-07-09 12:00:00,62769.0,63239.0,62456.0,63026.0,3486.53782,55349
2026-07-09 14:00:00,63026.0,63247.0,62659.0,62848.0,2491.89438,47414
2026-07-09 16:00:00,62847.0,63158.0,62546.0,63129.0,1921.27528,28790
2026-07-09 18:00:00,63129.0,63500.0,63060.0,63244.0,2857.22168,34653
2026-07-09 20:00:00,63244.0,63403.0,63184.0,63275.0,1010.88992,19610
2026-07-09 22:00:00,63275.0,63412.0,63055.0,63225.0,929.58121,19319
2026-07-10 00:00:00,63224.0,63945.0,62922.0,63754.0,3631.80477,39137
2026-07-10 02:00:00,63753.0,64038.0,63691.0,63949.0,2588.46769,30335
2026-07-10 04:00:00,63948.0,64200.0,63845.0,64109.0,1847.9592,23274
2026-07-10 06:00:00,64110.0,64155.0,63811.0,63989.0,2598.97485,23261
2026-07-10 08:00:00,63988.0,64496.0,63979.0,64383.0,2397.89498,35232
2026-07-10 10:00:00,64383.0,64494.0,64271.0,64423.0,1146.68031,20920
2026-07-10 12:00:00,64423.0,64690.0,64153.0,64477.0,2623.96674,39942
2026-07-10 14:00:00,64477.0,64512.0,63810.0,64039.0,4474.6779,55008
2026-07-10 16:00:00,64039.0,64220.0,63808.0,63815.0,2963.81313,34500
2026-07-10 18:00:00,63816.0,64045.0,63725.0,63920.0,1852.1133,25563
2026-07-10 20:00:00,63921.0,64088.0,63647.0,64006.0,1541.38573,21352
2026-07-10 22:00:00,64006.0,64200.0,63981.0,64155.0,1252.73934,16064
2026-07-11 00:00:00,64156.0,64297.0,63981.0,63999.0,1193.72099,14424
2026-07-11 02:00:00,64000.0,64184.0,63965.0,64147.0,810.86653,13569
2026-07-11 04:00:00,64147.0,64217.0,64065.0,64159.0,466.06575,11098
2026-07-11 06:00:00,64159.0,64261.0,64109.0,64145.0,1082.72665,15127
2026-07-11 08:00:00,64146.0,64289.0,64139.0,64163.0,554.59404,10344
2026-07-11 10:00:00,64163.0,64209.0,64131.0,64191.0,286.91811,7280
2026-07-11 12:00:00,64191.0,64264.0,64123.0,64230.0,587.9253,9278
2026-07-11 14:00:00,64231.0,64494.0,63950.0,64175.0,2159.18303,26012
2026-07-11 16:00:00,64175.0,64400.0,64085.0,64319.0,1128.68598,16650
2026-07-11 18:00:00,64318.0,64390.0,64241.0,64287.0,569.53953,12596
2026-07-11 20:00:00,64287.0,64482.0,64286.0,64362.0,557.52712,12143
2026-07-11 22:00:00,64363.0,64440.0,63818.0,63823.0,1844.20382,25955
2026-07-12 00:00:00,63823.0,64179.0,63713.0,64135.0,1032.45739,22832
2026-07-12 02:00:00,64135.0,64226.0,64030.0,64218.0,910.63886,13121
2026-07-12 04:00:00,64218.0,64250.0,63892.0,63969.0,880.77794,12296
2026-07-12 06:00:00,63968.0,63968.0,63642.0,63883.0,954.19978,15340
2026-07-12 08:00:00,63883.0,64129.0,63769.0,63963.0,1333.59422,15831
2026-07-12 10:00:00,63963.0,64043.0,63837.0,64027.0,464.54424,9776
2026-07-12 12:00:00,64026.0,64141.0,63978.0,64032.0,710.101,11278
2026-07-12 14:00:00,64031.0,64297.0,63964.0,64167.0,1328.4641,20431
2026-07-12 16:00:00,64168.0,64211.0,64037.0,64082.0,702.04204,12235
2026-07-12 18:00:00,64082.0,64267.0,64015.0,64240.0,803.32936,11571
2026-07-12 20:00:00,64240.0,64261.0,63883.0,63926.0,1355.67858,16338
2026-07-12 22:00:00,63925.0,63927.0,63675.0,63780.0,2221.19074,26897
2026-07-13 00:00:00,63780.0,64420.0,63364.0,63404.0,4920.25764,57780
2026-07-13 02:00:00,63405.0,63550.0,62740.0,62811.0,3655.27542,47557
2026-07-13 04:00:00,62811.0,62931.0,62499.0,62814.0,2189.88897,29666
2026-07-13 06:00:00,62814.0,63080.0,62731.0,63003.0,1083.8906,18520
2026-07-13 08:00:00,63003.0,63320.0,62954.0,63098.0,2034.21931,18462
2026-07-13 10:00:00,63099.0,63150.0,62874.0,62910.0,1097.35119,11968
2026-07-13 12:00:00,62911.0,62991.0,62172.0,62326.0,4147.68282,39885
2026-07-13 14:00:00,62327.0,63000.0,62120.0,62635.0,4544.51958,46128
2026-07-13 16:00:00,62635.0,62647.0,61896.0,61908.0,3355.08322,34477
2026-07-13 18:00:00,61907.0,62289.0,61821.0,62287.0,2486.41436,25464
2026-07-13 20:00:00,62287.0,62322.0,61879.0,62054.0,2392.0935,20310
2026-07-13 22:00:00,62054.0,62346.0,61867.0,62331.0,2681.1777,21734
2026-07-14 00:00:00,62331.0,62641.0,62264.0,62521.0,1320.89324,22016
2026-07-14 02:00:00,62521.0,62631.0,62294.0,62554.0,909.59108,15147
2026-07-14 04:00:00,62555.0,62866.0,62517.0,62717.0,1793.85924,17695
2026-07-14 06:00:00,62717.0,62762.0,62492.0,62536.0,996.17928,13189
2026-07-14 08:00:00,62537.0,62790.0,62490.0,62609.0,1413.53008,14339
2026-07-14 10:00:00,62609.0,62910.0,62587.0,62833.0,1879.2887,19360
2026-07-14 12:00:00,62833.0,64140.0,62771.0,63815.0,11492.61694,89166
2026-07-14 14:00:00,63815.0,64970.0,63596.0,64727.0,10151.68163,78305
2026-07-14 16:00:00,64727.0,64877.0,64268.0,64609.0,4608.67352,38113
2026-07-14 18:00:00,64609.0,64698.0,64464.0,64543.0,1576.45748,18334
2026-07-14 20:00:00,64543.0,64883.0,64414.0,64656.0,2679.24582,24435
2026-07-14 22:00:00,64656.0,65079.0,64522.0,65000.0,4053.74877,30865
2026-07-15 00:00:00,65000.0,65032.0,64647.0,64672.0,2304.08208,23664
2026-07-15 02:00:00,64673.0,64847.0,64483.0,64789.0,1879.34046,17307
2026-07-15 04:00:00,64788.0,64997.0,64611.0,64954.0,1802.6516,15866
2026-07-15 06:00:00,64954.0,65271.0,64491.0,64554.0,3716.72134,29216
2026-07-15 08:00:00,64554.0,64922.0,64554.0,64660.0,1032.45874,18153
2026-07-15 10:00:00,64661.0,64838.0,64605.0,64729.0,739.29886,13143
2026-07-15 12:00:00,64729.0,65572.0,64601.0,65106.0,4838.92836,54278
2026-07-15 14:00:00,65106.0,65577.0,65049.0,65407.0,4396.75595,42888
2026-07-15 16:00:00,65406.0,65453.0,64768.0,65049.0,2554.52761,32990
2026-07-15 18:00:00,65048.0,65136.0,64721.0,64947.0,1505.65002,20596
2026-07-15 20:00:00,64948.0,65036.0,64756.0,64802.0,1613.75509,12463
2026-07-15 22:00:00,64803.0,64944.0,64675.0,64738.0,1207.23649,13027
2026-07-16 00:00:00,64738.0,64836.0,64357.0,64713.0,1853.27698,20806
2026-07-16 02:00:00,64713.0,64737.0,64532.0,64602.0,763.95798,9957
2026-07-16 04:00:00,64602.0,64999.0,64532.0,64912.0,2046.38388,15250
2026-07-16 06:00:00,64913.0,64967.0,64052.0,64222.0,2250.38681,25748
2026-07-16 08:00:00,64222.0,64349.0,63865.0,64070.0,2828.74927,25687
2026-07-16 10:00:00,64071.0,64250.0,64064.0,64235.0,1067.54568,18344
2026-07-16 12:00:00,64235.0,64451.0,63845.0,64363.0,3475.59203,31351
2026-07-16 14:00:00,64363.0,64885.0,64294.0,64689.0,4809.22181,43173
2026-07-16 16:00:00,64688.0,64700.0,63977.0,64057.0,2440.35932,27061
2026-07-16 18:00:00,64057.0,64315.0,64040.0,64263.0,1431.83985,16487
2026-07-16 20:00:00,64262.0,64268.0,64085.0,64153.0,1031.61058,12201
2026-07-16 22:00:00,64154.0,64240.0,63723.0,63815.0,1998.76277,23076
2026-07-17 00:00:00,63815.0,64048.0,63473.0,63539.0,3422.98861,27143
2026-07-17 02:00:00,63539.0,63729.0,63377.0,63572.0,1879.54833,20139
2026-07-17 04:00:00,63572.0,63581.0,62812.0,62844.0,2618.58334,24518
2026-07-17 06:00:00,62845.0,63030.0,62725.0,62839.0,2632.12136,25232
2026-07-17 08:00:00,62839.0,63091.0,62684.0,63013.0,1522.90025,20162
2026-07-17 10:00:00,63014.0,63379.0,63013.0,63301.0,1908.7405,21631
2026-07-17 12:00:00,63300.0,63366.0,62550.0,63182.0,3090.68448,37252
2026-07-17 14:00:00,63181.0,63547.0,62859.0,63478.0,3447.54856,38395
2026-07-17 16:00:00,63478.0,64233.0,63329.0,64049.0,4692.79872,43172
2026-07-17 18:00:00,64050.0,64398.0,63887.0,64156.0,2436.20826,33351
2026-07-17 20:00:00,64153.0,64231.0,63965.0,64106.0,1940.38943,16460
2026-07-17 22:00:00,64106.0,64158.0,63876.0,63928.0,1132.6767,12054
2026-07-18 00:00:00,63927.0,64000.0,63873.0,63948.0,587.76505,9327
2026-07-18 02:00:00,63947.0,64029.0,63921.0,64009.0,357.78987,7707
2026-07-18 04:00:00,64009.0,64010.0,63914.0,63942.0,684.62848,7843
2026-07-18 06:00:00,63943.0,64020.0,63930.0,63995.0,334.14745,5971
2026-07-18 08:00:00,63993.0,64014.0,63924.0,63973.0,473.3096,8498
2026-07-18 10:00:00,63973.0,64088.0,63969.0,64049.0,520.03682,5875
2026-07-18 12:00:00,64048.0,64250.0,63943.0,64094.0,1362.98388,15754
2026-07-18 14:00:00,64095.0,64181.0,64020.0,64104.0,491.79636,11267
2026-07-18 16:00:00,64105.0,64505.0,64070.0,64477.0,1705.71123,18404
2026-07-18 18:00:00,64477.0,64619.0,64455.0,64546.0,2252.86948,22912
2026-07-18 20:00:00,64545.0,64847.0,64500.0,64729.0,2436.39633,21034
2026-07-18 22:00:00,64730.0,64873.0,64703.0,64827.0,878.49523,12417
2026-07-19 00:00:00,64828.0,64901.0,64749.0,64757.0,1153.34405,12091
2026-07-19 02:00:00,64758.0,64957.0,64616.0,64694.0,1086.38764,12956
2026-07-19 04:00:00,64695.0,64810.0,64601.0,64715.0,671.16009,8679
2026-07-19 06:00:00,64716.0,64776.0,64665.0,64713.0,467.03824,8723
2026-07-19 08:00:00,64714.0,64740.0,64488.0,64507.0,1244.50792,10380
2026-07-19 10:00:00,64508.0,64686.0,64424.0,64452.0,1062.62194,11177
2026-07-19 12:00:00,64453.0,64515.0,64275.0,64482.0,1538.06226,15010
2026-07-19 14:00:00,64482.0,64641.0,64410.0,64574.0,1077.92026,15327
2026-07-19 16:00:00,64575.0,64762.0,64401.0,64536.0,1193.33005,17554
2026-07-19 18:00:00,64536.0,64545.0,64285.0,64456.0,987.87713,12704
2026-07-19 20:00:00,64456.0,64559.0,64339.0,64404.0,697.34087,11281
2026-07-19 22:00:00,64404.0,64890.0,64345.0,64718.0,2890.44131,24897
2026-07-20 00:00:00,64719.0,65082.0,64400.0,64604.0,3859.9117,31979
2026-07-20 02:00:00,64604.0,64900.0,64560.0,64841.0,3032.8159,20949
2026-07-20 04:00:00,64840.0,64841.0,64060.0,64099.0,2809.3694,23571
2026-07-20 06:00:00,64100.0,64275.0,63730.0,64241.0,3133.58835,24749
2026-07-20 08:00:00,64241.0,64334.0,63808.0,64187.0,2247.48155,22231
2026-07-20 10:00:00,64187.0,65057.0,64139.0,64989.0,3101.99632,29683
2026-07-20 12:00:00,64989.0,64989.0,64199.0,64327.0,3110.35103,33004
2026-07-20 14:00:00,64326.0,65600.0,64031.0,65565.0,6620.26413,56044
2026-07-20 16:00:00,65564.0,65600.0,65315.0,65558.0,2808.43645,31674
2026-07-20 18:00:00,65557.0,65778.0,65010.0,65100.0,7279.48977,48831
2026-07-20 20:00:00,65100.0,65427.0,65020.0,65262.0,3077.78343,21674
2026-07-20 22:00:00,65261.0,65262.0,65051.0,65226.0,1654.46457,16502
2026-07-21 00:00:00,65227.0,65635.0,65124.0,65205.0,1608.64441,22260
2026-07-21 02:00:00,65205.0,65565.0,65137.0,65539.0,2186.06592,18494
2026-07-21 04:00:00,65538.0,65860.0,65451.0,65720.0,2575.35605,24246
2026-07-21 06:00:00,65720.0,66215.0,65608.0,66170.0,3499.73924,31401
2026-07-21 08:00:00,66168.0,66329.0,66102.0,66259.0,2598.58736,30218
2026-07-21 10:00:00,66260.0,66382.0,66110.0,66320.0,1502.59994,21720
2026-07-21 12:00:00,66321.0,66778.0,66238.0,66748.0,4643.79002,40153
2026-07-21 14:00:00,66748.0,66918.0,66489.0,66644.0,4203.38954,47151
2026-07-21 16:00:00,66645.0,66729.0,66100.0,66189.0,3090.3221,34094
2026-07-21 18:00:00,66188.0,66469.0,66065.0,66417.0,2724.85222,25750
2026-07-21 20:00:00,66417.0,66469.0,66248.0,66352.0,1473.15842,18811
2026-07-21 22:00:00,66353.0,66553.0,66185.0,66527.0,1367.96835,19428
2026-07-22 00:00:00,66526.0,66714.0,66261.0,66399.0,2471.81083,27342
2026-07-22 02:00:00,66400.0,66513.0,66152.0,66180.0,1142.72628,17739
2026-07-22 04:00:00,66179.0,66400.0,65917.0,65955.0,2637.65573,24948
2026-07-22 06:00:00,65954.0,66000.0,65663.0,65808.0,2438.04239,26725
2026-07-22 08:00:00,65808.0,66142.0,65808.0,65902.0,1561.52489,25209
2026-07-22 10:00:00,65903.0,66097.0,65868.0,65990.0,848.07974,22244
2026-07-22 12:00:00,65989.0,65993.0,65534.0,65939.0,2578.71993,33961
2026-07-22 14:00:00,65939.0,66190.0,65555.0,66022.0,6086.14814,51446
2026-07-22 16:00:00,66022.0,66358.0,65891.0,66000.0,4063.04982,33369
2026-07-22 18:00:00,66000.0,66058.0,65666.0,65906.0,2618.19946,28883
2026-07-22 20:00:00,65902.0,66107.0,65770.0,66040.0,1346.44011,20518
2026-07-22 22:00:00,66040.0,66125.0,65809.0,66086.0,2174.33525,19621
2026-07-23 00:00:00,66086.0,66295.0,65703.0,65803.0,3358.58994,29989
2026-07-23 02:00:00,65802.0,65811.0,65540.0,65626.0,2019.80742,22015
2026-07-23 04:00:00,65625.0,65768.0,65539.0,65662.0,679.07836,15632
2026-07-23 06:00:00,65661.0,65794.0,65323.0,65416.0,1751.42513,21755
2026-07-23 08:00:00,65417.0,65739.0,65390.0,65611.0,1686.69488,25066
2026-07-23 10:00:00,65611.0,65774.0,65502.0,65523.0,1704.59996,17456
2026-07-23 12:00:00,65523.0,65566.0,64848.0,64860.0,4683.79933,48444
2026-07-23 14:00:00,64860.0,65194.0,64700.0,64942.0,3961.54376,42348
2026-07-23 16:00:00,64941.0,64942.0,64637.0,64656.0,2150.29283,26834
2026-07-23 18:00:00,64657.0,64929.0,64656.0,64834.0,1199.43249,19383
2026-07-23 20:00:00,64837.0,65181.0,64810.0,65144.0,1983.03131,21318
2026-07-23 22:00:00,65144.0,65187.0,64985.0,65069.0,1263.48414,15858
2026-07-24 00:00:00,65070.0,65144.0,64721.0,65054.0,2001.66052,21904
2026-07-24 02:00:00,65054.0,65440.0,64887.0,65426.0,3246.02935,25679
2026-07-24 04:00:00,65426.0,65426.0,65216.0,65287.0,1403.94414,14043
2026-07-24 06:00:00,65287.0,65795.0,65254.0,65483.0,3031.50259,28575
2026-07-24 08:00:00,65488.0,65496.0,64923.0,65089.0,3267.8804,28881
2026-07-24 10:00:00,65089.0,65141.0,64828.0,65065.0,2452.88733,24419
2026-07-24 12:00:00,65065.0,65125.0,63900.0,64138.0,6210.82286,50753
2026-07-24 14:00:00,64140.0,64323.0,63730.0,64085.0,5605.8472,51196
2026-07-24 16:00:00,64087.0,64194.0,63862.0,64169.0,2572.82992,23487
2026-07-24 18:00:00,64169.0,64280.0,64110.0,64199.0,1682.89492,19777
2026-07-24 20:00:00,64199.0,64264.0,64099.0,64125.0,1138.9539,13275
2026-07-24 22:00:00,64125.0,64205.0,64111.0,64123.0,508.43328,9235
2026-07-25 00:00:00,64122.0,64155.0,63983.0,64041.0,961.37537,11614
2026-07-25 02:00:00,64040.0,64072.0,63990.0,64062.0,545.69564,8975
2026-07-25 04:00:00,64060.0,64173.0,63949.0,63995.0,764.86665,9226
2026-07-25 06:00:00,63995.0,64037.0,63926.0,63984.0,1348.70871,11708
2026-07-25 08:00:00,63985.0,64000.0,63736.0,63975.0,2572.37291,17639
2026-07-25 10:00:00,63976.0,64087.0,63971.0,64032.0,780.12318,11948
2026-07-25 12:00:00,64032.0,64233.0,64010.0,64155.0,757.51367,9259
2026-07-25 14:00:00,64155.0,64250.0,64101.0,64157.0,518.50427,9305
2026-07-25 16:00:00,64157.0,64314.0,64094.0,64240.0,744.64975,10052
2026-07-25 18:00:00,64241.0,64434.0,64240.0,64368.0,1086.98182,12742
2026-07-25 20:00:00,64369.0,64400.0,64234.0,64318.0,523.49784,8401
2026-07-25 22:00:00,64318.0,64410.0,64318.0,64361.0,376.14868,5600
2026-07-26 00:00:00,64361.0,64530.0,64334.0,64436.0,554.7939,8292
2026-07-26 02:00:00,64436.0,64558.0,64399.0,64520.0,439.22444,6846
2026-07-26 04:00:00,64520.0,64571.0,64387.0,64388.0,513.63012,6721
2026-07-26 06:00:00,64388.0,64433.0,64262.0,64346.0,663.59291,8127
2026-07-26 08:00:00,64347.0,64528.0,64333.0,64508.0,391.83736,8531
2026-07-26 10:00:00,64508.0,64543.0,64467.0,64476.0,237.77554,5631
2026-07-26 12:00:00,64477.0,64630.0,64377.0,64490.0,895.77914,12176
2026-07-26 14:00:00,64490.0,64780.0,64489.0,64737.0,1353.10838,16728
2026-07-26 16:00:00,64737.0,64907.0,64638.0,64666.0,1393.90446,14014
2026-07-26 18:00:00,64666.0,64746.0,64637.0,64669.0,478.44306,11618
2026-07-26 20:00:00,64670.0,64895.0,64599.0,64819.0,916.49004,14988
2026-07-26 22:00:00,64819.0,65561.0,64819.0,65366.0,3646.3565,35004
2026-07-27 00:00:00,65372.0,65395.0,64866.0,65180.0,1470.44664,24408
2026-07-27 02:00:00,65180.0,65342.0,65083.0,65261.0,911.51045,15086
2026-07-27 04:00:00,65261.0,65470.0,65225.0,65437.0,928.8859,14603
2026-07-27 06:00:00,65438.0,65715.0,65180.0,65191.0,1583.25648,20195
2026-07-27 08:00:00,65190.0,65316.0,65069.0,65234.0,984.0365,19463
2026-07-27 10:00:00,65232.0,65411.0,65058.0,65074.0,876.91602,16799
2026-07-27 12:00:00,65073.0,65680.0,64796.0,65182.0,5051.10441,44715
2026-07-27 14:00:00,65181.0,65395.0,64394.0,64514.0,6431.36961,58616
2026-07-27 16:00:00,64515.0,65059.0,64500.0,64984.0,3154.11303,34485
2026-07-27 18:00:00,64985.0,65046.0,64718.0,64949.0,1532.00526,22590
2026-07-27 20:00:00,64948.0,65027.0,64755.0,64787.0,1114.1632,17338
2026-07-27 22:00:00,64787.0,64788.0,63576.0,63736.0,6992.62903,51612
2026-07-28 00:00:00,63737.0,63804.0,63026.0,63200.0,4679.46678,41495
2026-07-28 02:00:00,63200.0,63355.0,63069.0,63320.0,2436.06865,21801
2026-07-28 04:00:00,63320.0,63600.0,63200.0,63429.0,1195.17138,15736
2026-07-28 06:00:00,63430.0,63641.0,63377.0,63480.0,983.16151,14410
2026-07-28 08:00:00,63480.0,63557.0,63345.0,63374.0,644.75908,14110
2026-07-28 10:00:00,63374.0,63567.0,63265.0,63441.0,1008.24116,20598
2026-07-28 12:00:00,63440.0,63567.0,62703.0,63089.0,3723.30136,36303
2026-07-28 14:00:00,63089.0,64000.0,62946.0,63911.0,5838.07,51604
2026-07-28 16:00:00,63910.0,64100.0,63476.0,63664.0,3340.88642,29402
2026-07-28 18:00:00,63663.0,63875.0,63628.0,63870.0,1738.25176,23096
2026-07-28 20:00:00,63873.0,64039.0,63847.0,63946.0,1394.97116,22182
2026-07-28 22:00:00,63947.0,63995.0,63525.0,63906.0,2769.91362,29042
2026-07-29 00:00:00,63907.0,64164.0,63663.0,63677.0,1972.01783,27409
2026-07-29 02:00:00,63678.0,64106.0,63635.0,63721.0,1338.00958,22239
2026-07-29 04:00:00,63722.0,64073.0,63565.0,64042.0,1381.33779,21682
2026-07-29 06:00:00,64041.0,64548.0,64002.0,64530.0,1776.15878,25958
2026-07-29 08:00:00,64531.0,64696.0,64250.0,64659.0,1973.54695,28494
2026-07-29 10:00:00,64660.0,64685.0,64378.0,64482.0,1700.13976,22447
2026-07-29 12:00:00,64483.0,64640.0,64116.0,64627.0,2313.78627,33205
2026-07-29 14:00:00,64628.0,64689.0,63848.0,63943.0,3229.91132,39338
2026-07-29 16:00:00,63943.0,64255.0,63581.0,64254.0,4072.78956,40193
2026-07-29 18:00:00,64254.0,64690.0,63478.0,63563.0,10057.69493,88881
2026-07-29 20:00:00,63562.0,63853.0,63245.0,63848.0,4862.18489,46987
2026-07-29 22:00:00,63848.0,64094.0,63838.0,63962.0,2762.45807,26505
2026-07-30 00:00:00,63961.0,64345.0,63588.0,64243.0,2568.17228,28875
2026-07-30 02:00:00,64243.0,64390.0,64108.0,64138.0,888.19863,17779
2026-07-30 04:00:00,64141.0,64156.0,63877.0,64009.0,1272.01615,16264
2026-07-30 06:00:00,64009.0,64115.0,63904.0,63977.0,501.32264,10262
2026-07-30 08:00:00,63979.0,64600.0,63954.0,64540.0,1875.37896,23798
2026-07-30 10:00:00,64540.0,64850.0,64516.0,64747.0,1408.20731,17104
2026-07-30 12:00:00,64748.0,65153.0,64657.0,64986.0,2690.63244,32082
2026-07-30 14:00:00,64987.0,65006.0,64569.0,64692.0,3143.26084,32770
2026-07-30 16:00:00,64692.0,64951.0,64690.0,64836.0,1516.13264,18796
2026-07-30 18:00:00,64837.0,64879.0,64642.0,64769.0,1116.34969,14895
2026-07-30 20:00:00,64768.0,64905.0,64669.0,64701.0,945.94129,12241
2026-07-30 22:00:00,64701.0,65066.0,64623.0,64754.0,1708.78714,18458
2026-07-31 00:00:00,64755.0,65385.0,64469.0,64530.0,2431.17032,26733
2026-07-31 02:00:00,64531.0,64583.0,64150.0,64347.0,3713.23567,25260
2026-07-31 04:00:00,64345.0,64413.0,64195.0,64330.0,1376.34301,12496
2026-07-31 06:00:00,64331.0,64470.0,63849.0,63918.0,2591.75848,23482
2026-07-31 08:00:00,63919.0,63956.0,63601.0,63696.0,1625.5263,22130
2026-07-31 10:00:00,63697.0,63983.0,63582.0,63771.0,1676.381,18895
2026-07-31 12:00:00,63771.0,63807.0,63205.0,63258.0,4143.19033,30355
2026-07-31 14:00:00,63258.0,63295.0,62440.0,62705.0,7200.36166,59653
2026-07-31 16:00:00,62705.0,63279.0,62693.0,63209.0,4713.02366,28536
2026-07-31 18:00:00,63210.0,63267.0,62902.0,62935.0,1493.80099,20233
2026-07-31 20:00:00,62938.0,63025.0,62813.0,62920.0,956.47583,11127
2026-07-31 22:00:00,62921.0,63003.0,62821.0,62856.0,874.51737,9993
2026-08-01 00:00:00,62857.0,62993.0,62856.0,62940.0,414.31668,7356
2026-08-01 02:00:00,62940.0,63078.0,62939.0,62975.0,639.53611,7209
2026-08-01 04:00:00,62976.0,63115.0,62967.0,63008.0,241.17673,6028
2026-08-01 06:00:00,63008.0,63073.0,62965.0,63018.0,432.36087,5160
2026-08-01 08:00:00,63018.0,63114.0,63015.0,63024.0,227.90634,5950
2026-08-01 10:00:00,63024.0,63083.0,62951.0,63046.0,264.77138,6111
2026-08-01 12:00:00,63046.0,63093.0,63025.0,63041.0,229.57218,4769
2026-08-01 14:00:00,63042.0,63099.0,62982.0,62982.0,592.72892,6646
2026-08-01 16:00:00,62982.0,62995.0,62630.0,62675.0,1803.14345,17311
2026-08-01 18:00:00,62675.0,62700.0,62237.0,62503.0,3312.48375,31064
2026-08-01 20:00:00,62503.0,62840.0,62456.0,62792.0,1780.5785,18985
2026-08-01 22:00:00,62791.0,62852.0,62739.0,62790.0,712.42448,8986
2026-08-02 00:00:00,62789.0,63064.0,62786.0,62971.0,1248.25388,13452
2026-08-02 02:00:00,62970.0,63550.0,62939.0,63436.0,3958.62053,25917
2026-08-02 04:00:00,63436.0,63617.0,63398.0,63432.0,1110.34889,11615
2026-08-02 06:00:00,63431.0,63524.0,63408.0,63467.0,423.93622,7484
2026-08-02 08:00:00,63466.0,63517.0,63070.0,63256.0,1431.8963,13746
2026-08-02 10:00:00,63255.0,63256.0,62960.0,63011.0,795.67079,10968
2026-08-02 12:00:00,63010.0,63214.0,62989.0,63099.0,974.9102,11331
2026-08-02 14:00:00,63099.0,63168.0,63029.0,63102.0,936.46286,9944
2026-08-02 16:00:00,63102.0,63340.0,63044.0,63297.0,1002.65539,11989
2026-08-02 18:00:00,63296.0,63611.0,63271.0,63443.0,1312.94958,14423
2026-08-02 20:00:00,63442.0,63777.0,63382.0,63560.0,1478.31796,16729
2026-08-02 22:00:00,63560.0,63784.0,63320.0,63556.0,3230.74642,21303
2026-08-03 00:00:00,63557.0,63590.0,63100.0,63196.0,1151.79702,14575
2026-08-03 02:00:00,63197.0,63267.0,62764.0,62846.0,1148.55316,14132
2026-08-03 04:00:00,62847.0,62983.0,62720.0,62808.0,1499.49023,14352
2026-08-03 06:00:00,62809.0,62852.0,62535.0,62597.0,1186.65523,17376
2026-08-03 08:00:00,62596.0,62835.0,62270.0,62812.0,2428.94727,24632
2026-08-03 10:00:00,62813.0,62835.0,62511.0,62534.0,1172.54631,15909
2026-08-03 12:00:00,62534.0,63377.0,62423.0,63340.0,3648.61755,41157
2026-08-03 14:00:00,63341.0,63955.0,63120.0,63661.0,8042.77047,64325
2026-08-03 16:00:00,63661.0,64017.0,63630.0,63874.0,2041.78912,26018
2026-08-03 18:00:00,63875.0,64050.0,63728.0,63832.0,2146.50823,18786
2026-08-03 20:00:00,63832.0,64006.0,63521.0,63560.0,1687.41146,17807
2026-08-03 22:00:00,63560.0,63651.0,63367.0,63492.0,1280.29268,18146
2026-08-04 00:00:00,63492.0,63905.0,63287.0,63823.0,2720.43367,26854
2026-08-04 02:00:00,63823.0,63948.0,63629.0,63777.0,1338.62883,17491
2026-08-04 04:00:00,63776.0,64220.0,63719.0,63777.0,4000.33998,27040
2026-08-04 06:00:00,63778.0,63828.0,63486.0,63659.0,1659.76205,21317
2026-08-04 08:00:00,63660.0,63712.0,63492.0,63569.0,1249.5347,21022
2026-08-04 10:00:00,63569.0,63930.0,63423.0,63899.0,1811.64701,25475
2026-08-04 12:00:00,63900.0,64076.0,63621.0,63655.0,2351.54222,28294
2026-08-04 14:00:00,63655.0,64195.0,63587.0,64091.0,3237.91447,39961
2026-08-04 16:00:00,64090.0,64153.0,63853.0,63943.0,1273.42323,23085
2026-08-04 18:00:00,63944.0,64385.0,63943.0,64202.0,2889.07063,32785
2026-08-04 20:00:00,64202.0,64400.0,63974.0,64163.0,1872.7466,24098
2026-08-04 22:00:00,64163.0,64500.0,64047.0,64068.0,3211.05238,31158
2026-08-05 00:00:00,64068.0,64321.0,63921.0,64304.0,3469.83043,27594
2026-08-05 02:00:00,64304.0,64469.0,64030.0,64157.0,1820.96396,19923
2026-08-05 04:00:00,64157.0,64490.0,64070.0,64315.0,968.05325,15128
2026-08-05 06:00:00,64315.0,64344.0,63971.0,64138.0,1638.4926,18731
2026-08-05 08:00:00,64139.0,64250.0,64062.0,64127.0,1127.81398,17686
2026-08-05 10:00:00,64127.0,64212.0,63990.0,64041.0,1461.94808,18704
2026-08-05 12:00:00,64042.0,64540.0,63850.0,64381.0,4817.80911,52205
2026-08-05 14:00:00,64381.0,64700.0,64268.0,64351.0,4369.58106,49232
2026-08-05 16:00:00,64352.0,64755.0,64351.0,64730.0,2781.56368,23796
2026-08-05 18:00:00,64729.0,64901.0,64650.0,64796.0,2881.05114,24392
2026-08-05 20:00:00,64797.0,64986.0,64621.0,64699.0,2490.70248,22297
2026-08-05 22:00:00,64699.0,64746.0,64546.0,64625.0,1036.58031,12297
2026-08-06 00:00:00,64625.0,64690.0,64478.0,64565.0,1043.04061,11167
2026-08-06 02:00:00,64563.0,64627.0,64425.0,64511.0,810.54081,9376
2026-08-06 04:00:00,64511.0,64966.0,64473.0,64865.0,1259.95812,14651
2026-08-06 06:00:00,64865.0,64938.0,64710.0,64784.0,1294.70774,10849
2026-08-06 08:00:00,64784.0,64967.0,64600.0,64654.0,981.61052,15227
2026-08-06 10:00:00,64653.0,64653.0,64466.0,64598.0,1123.70533,13912
2026-08-06 12:00:00,64597.0,64610.0,64156.0,64405.0,3314.92207,25646
2026-08-06 14:00:00,64405.0,64945.0,64333.0,64598.0,2709.95129,31848
2026-08-06 16:00:00,64599.0,64801.0,64512.0,64585.0,1117.28118,17760
2026-08-06 18:00:00,64586.0,64586.0,64318.0,64416.0,1821.89987,16471
2026-08-06 20:00:00,64423.0,64505.0,64375.0,64414.0,1182.66121,11672
2026-08-06 22:00:00,64414.0,64421.0,64171.0,64293.0,1095.28036,11177
2026-08-07 00:00:00,64294.0,64442.0,64205.0,64393.0,522.61709,10555
2026-08-07 02:00:00,64394.0,64518.0,64227.0,64259.0,1109.87912,10818
2026-08-07 04:00:00,64260.0,64364.0,64137.0,64306.0,962.16635,9904
2026-08-07 06:00:00,64306.0,64444.0,64231.0,64288.0,810.50626,8929
2026-08-07 08:00:00,64288.0,64925.0,64270.0,64795.0,1963.49467,21673
2026-08-07 10:00:00,64795.0,65183.0,64764.0,64994.0,2526.06247,25342
2026-08-07 12:00:00,64995.0,65356.0,64936.0,64985.0,4398.3812,36480
2026-08-07 14:00:00,64985.0,65237.0,64746.0,64876.0,2629.6784,34216
2026-08-07 16:00:00,64877.0,65044.0,64484.0,64736.0,2072.26404,21788
2026-08-07 18:00:00,64736.0,64990.0,64644.0,64919.0,1880.76216,20106
2026-08-07 20:00:00,64920.0,65063.0,64884.0,64884.0,747.41738,18517
2026-08-07 22:00:00,64885.0,64913.0,64813.0,64885.0,485.76731,13895
2026-08-08 00:00:00,64886.0,64923.0,64778.0,64885.0,371.8022,16028
2026-08-08 02:00:00,64886.0,65045.0,64860.0,64998.0,408.14005,15160
2026-08-08 04:00:00,64997.0,65041.0,64939.0,64967.0,456.30812,15074
2026-08-08 06:00:00,64967.0,64989.0,64914.0,64926.0,363.63945,13797
2026-08-08 08:00:00,64926.0,65025.0,64919.0,64959.0,262.70046,14299
2026-08-08 10:00:00,64959.0,64995.0,64927.0,64939.0,356.60376,13037
2026-08-08 12:00:00,64940.0,65015.0,64883.0,64988.0,346.56687,11796
2026-08-08 14:00:00,64987.0,65168.0,64976.0,65051.0,1216.85759,20231
2026-08-08 16:00:00,65051.0,65125.0,65006.0,65088.0,668.99663,15661
2026-08-08 18:00:00,65087.0,65097.0,64977.0,65044.0,560.66445,12214
2026-08-08 20:00:00,65044.0,65061.0,64981.0,64987.0,583.76513,12426
2026-08-08 22:00:00,64987.0,65009.0,64901.0,64933.0,536.51062,12587
2026-08-09 00:00:00,64933.0,64979.0,64817.0,64838.0,400.07876,14521
2026-08-09 02:00:00,64838.0,64838.0,64700.0,64759.0,477.01369,13739
2026-08-09 04:00:00,64760.0,64800.0,64748.0,64775.0,235.71375,11081
2026-08-09 06:00:00,64776.0,64836.0,64775.0,64795.0,278.61612,10449
2026-08-09 08:00:00,64795.0,64909.0,64758.0,64854.0,580.36084,12550
2026-08-09 10:00:00,64854.0,64969.0,64853.0,64914.0,515.25945,9118
2026-08-09 12:00:00,64914.0,65236.0,64884.0,65191.0,1164.03042,21295
2026-08-09 14:00:00,65192.0,65266.0,65121.0,65200.0,1086.64673,20919
2026-08-09 16:00:00,65200.0,65241.0,65148.0,65161.0,772.36133,16232
2026-08-09 18:00:00,65162.0,65192.0,65141.0,65149.0,438.2331,14194
2026-08-09 20:00:00,65150.0,65225.0,65042.0,65174.0,1152.25934,18915
2026-08-09 22:00:00,65174.0,65475.0,64805.0,64868.0,2808.8818,37933
2026-08-10 00:00:00,64868.0,65365.0,64779.0,65166.0,3187.23502,22675
2026-08-10 02:00:00,65166.0,65191.0,64869.0,64952.0,1311.54812,12799
2026-08-10 04:00:00,64952.0,65127.0,64899.0,65100.0,813.86959,8114
2026-08-10 06:00:00,65101.0,65344.0,65099.0,65182.0,900.2278,12189
2026-08-10 08:00:00,65181.0,65295.0,64934.0,64946.0,597.23774,12005
2026-08-10 10:00:00,64945.0,65113.0,64944.0,65107.0,746.30787,10604
2026-08-10 12:00:00,65107.0,65220.0,64500.0,64542.0,3018.2407,26996
2026-08-10 14:00:00,64542.0,64863.0,64170.0,64275.0,5389.41808,36384
2026-08-10 16:00:00,64276.0,64334.0,63797.0,63934.0,5128.88949,38439
2026-08-10 18:00:00,63934.0,64101.0,63783.0,64030.0,2371.55805,18680
2026-08-10 20:00:00,64030.0,64194.0,63956.0,63959.0,1500.21234,14776
2026-08-10 22:00:00,63959.0,64046.0,63896.0,63952.0,804.3013,9023
2026-08-11 00:00:00,63951.0,64065.0,63874.0,64039.0,941.45027,9739
2026-08-11 02:00:00,64040.0,64164.0,64012.0,64127.0,471.32985,7496
2026-08-11 04:00:00,64126.0,64139.0,63946.0,63979.0,820.3491,9479
2026-08-11 06:00:00,63980.0,64088.0,63850.0,64044.0,855.98404,11095
2026-08-11 08:00:00,64045.0,64278.0,64030.0,64277.0,969.49348,12894
2026-08-11 10:00:00,64278.0,64373.0,64172.0,64359.0,1387.07621,13974
2026-08-11 12:00:00,64360.0,64460.0,64019.0,64168.0,2181.2943,20878
2026-08-11 14:00:00,64168.0,64238.0,63410.0,63584.0,4917.24562,40385
2026-08-11 16:00:00,63585.0,63631.0,63427.0,63577.0,1805.55754,20917
2026-08-11 18:00:00,63578.0,63599.0,63195.0,63507.0,2338.95651,25487
2026-08-11 20:00:00,63508.0,63736.0,63507.0,63636.0,1689.52264,18836
2026-08-11 22:00:00,63636.0,63742.0,63513.0,63560.0,934.90149,12485
2026-08-12 00:00:00,63560.0,63832.0,63514.0,63791.0,1249.40625,12964
2026-08-12 02:00:00,63792.0,63879.0,63672.0,63799.0,1051.29433,9882
2026-08-12 04:00:00,63799.0,63864.0,63698.0,63821.0,985.30614,9646
2026-08-12 06:00:00,63817.0,63818.0,63574.0,63810.0,1364.30363,12494
2026-08-12 08:00:00,63809.0,64086.0,63740.0,64082.0,2362.66388,17899
2026-08-12 10:00:00,64083.0,64217.0,64037.0,64207.0,1703.93595,15670
2026-08-12 12:00:00,64207.0,64487.0,63811.0,63820.0,6979.46391,40522
2026-08-12 14:00:00,63819.0,63904.0,63297.0,63424.0,5511.96448,40839
2026-08-12 16:00:00,63424.0,63571.0,63350.0,63456.0,1114.54168,14731
2026-08-12 18:00:00,63456.0,63501.0,63286.0,63417.0,1295.91519,14461
2026-08-12 20:00:00,63416.0,63636.0,63408.0,63457.0,2012.11332,16201
2026-08-12 22:00:00,63457.0,63528.0,63353.0,63468.0,1035.0385,11426
2026-08-13 00:00:00,63467.0,63700.0,63364.0,63434.0,2444.6537,15827
2026-08-13 02:00:00,63434.0,63658.0,63365.0,63622.0,1802.75034,9747
2026-08-13 04:00:00,63621.0,63978.0,63565.0,63850.0,1275.93806,13238
2026-08-13 06:00:00,63849.0,63917.0,63726.0,63831.0,971.94921,12859
2026-08-13 08:00:00,63831.0,63889.0,63560.0,63751.0,1001.02115,14002
2026-08-13 10:00:00,63751.0,63789.0,63318.0,63462.0,1903.7565,15049
2026-08-13 12:00:00,63462.0,63828.0,63415.0,63695.0,3778.86407,29893
2026-08-13 14:00:00,63696.0,63953.0,63381.0,63381.0,2972.81011,31649
2026-08-13 16:00:00,63397.0,63547.0,62816.0,63129.0,7366.1178,47009
2026-08-13 18:00:00,63129.0,63520.0,63096.0,63395.0,3127.01065,22401
2026-08-13 20:00:00,63395.0,63501.0,63356.0,63475.0,1041.25838,13744
2026-08-13 22:00:00,63474.0,63650.0,63395.0,63480.0,1229.48356,12918
2026-08-14 00:00:00,63479.0,63590.0,63411.0,63574.0,655.46989,10801
2026-08-14 02:00:00,63574.0,63615.0,63305.0,63319.0,1175.90918,11148
2026-08-14 04:00:00,63319.0,63473.0,63281.0,63387.0,670.6402,9053
2026-08-14 06:00:00,63386.0,63387.0,62909.0,62909.0,1844.86875,22042
2026-08-14 08:00:00,62909.0,62980.0,62680.0,62777.0,2071.15462,24801
2026-08-14 10:00:00,62776.0,62936.0,62727.0,62851.0,1082.58454,17485
2026-08-14 12:00:00,62851.0,62895.0,62581.0,62642.0,3265.50204,30201
2026-08-14 14:00:00,62641.0,63068.0,62523.0,62969.0,3236.78577,36664
2026-08-14 16:00:00,62969.0,63224.0,62948.0,62988.0,2657.54001,28899
2026-08-14 18:00:00,62988.0,63066.0,62820.0,62952.0,1477.58361,20559
2026-08-14 20:00:00,62951.0,63013.0,62867.0,62917.0,903.75123,14374
2026-08-14 22:00:00,62917.0,63058.0,62778.0,63029.0,1198.33358,14634
2026-08-15 00:00:00,63029.0,63043.0,62979.0,63022.0,495.10701,8721
2026-08-15 02:00:00,63023.0,63176.0,63022.0,63037.0,408.71482,9359
2026-08-15 04:00:00,63037.0,63144.0,63032.0,63069.0,330.59846,6386
2026-08-15 06:00:00,63069.0,63109.0,63014.0,63050.0,285.86995,8163
2026-08-15 08:00:00,63051.0,63064.0,62890.0,63010.0,640.5389,10254
2026-08-15 10:00:00,63011.0,63033.0,62973.0,63000.0,159.15103,5903
2026-08-15 12:00:00,63000.0,63066.0,62923.0,63020.0,466.93273,9274
2026-08-15 14:00:00,63021.0,63112.0,62967.0,63074.0,405.31309,10970
2026-08-15 16:00:00,63075.0,63092.0,63037.0,63043.0,459.14775,8464
2026-08-15 18:00:00,63043.0,63103.0,63017.0,63097.0,302.38806,6229
2026-08-15 20:00:00,63097.0,63144.0,63047.0,63135.0,431.44807,6101
2026-08-15 22:00:00,63135.0,63143.0,63056.0,63056.0,461.85749,6271
2026-08-16 00:00:00,63057.0,63069.0,62977.0,63053.0,304.90156,5696
2026-08-16 02:00:00,63053.0,63130.0,63000.0,63101.0,220.04096,4895
2026-08-16 04:00:00,63101.0,63128.0,63010.0,63037.0,255.19041,4493
2026-08-16 06:00:00,63036.0,63062.0,63030.0,63040.0,98.22733,3006
2026-08-16 08:00:00,63040.0,63052.0,62950.0,62964.0,141.26464,5153
2026-08-16 10:00:00,62964.0,63000.0,62942.0,62992.0,441.66402,5534
2026-08-16 12:00:00,62992.0,63047.0,62966.0,63040.0,410.05356,8992
2026-08-16 14:00:00,63040.0,63115.0,63035.0,63113.0,509.28184,11158
2026-08-16 16:00:00,63114.0,63368.0,63095.0,63135.0,1975.88732,16915
2026-08-16 18:00:00,63136.0,63207.0,63062.0,63081.0,774.53586,7816
2026-08-16 20:00:00,63082.0,63110.0,62737.0,62900.0,1266.95899,13473
2026-08-16 22:00:00,62899.0,62982.0,62678.0,62873.0,3556.24309,21037
2026-08-17 00:00:00,62874.0,63222.0,62730.0,63077.0,5038.95546,25091
2026-08-17 02:00:00,63078.0,63489.0,62996.0,63402.0,2780.80108,17660
2026-08-17 04:00:00,63403.0,63559.0,63402.0,63488.0,1207.65961,11942
2026-08-17 06:00:00,63489.0,63685.0,63446.0,63492.0,1573.70324,13279
2026-08-17 08:00:00,63492.0,63514.0,63252.0,63282.0,988.18564,14883
2026-08-17 10:00:00,63283.0,63750.0,63266.0,63599.0,1767.75613,21585
2026-08-17 12:00:00,63598.0,63756.0,63407.0,63637.0,1978.01261,41119
2026-08-17 14:00:00,63638.0,64196.0,63550.0,64164.0,5084.96125,38386
2026-08-17 16:00:00,64164.0,64401.0,63938.0,64298.0,3972.76751,35349
2026-08-17 18:00:00,64298.0,64580.0,64240.0,64275.0,3990.88888,32753
2026-08-17 20:00:00,64274.0,64400.0,64226.0,64341.0,1073.87946,13616
2026-08-17 22:00:00,64341.0,64543.0,64236.0,64494.0,1056.47653,12963
2026-08-18 00:00:00,64494.0,64523.0,64107.0,64165.0,1678.33789,16319
2026-08-18 02:00:00,64166.0,64239.0,64000.0,64147.0,1202.5805,14461
2026-08-18 04:00:00,64147.0,64242.0,64050.0,64199.0,704.53615,8975
2026-08-18 06:00:00,64198.0,64418.0,64120.0,64166.0,1490.59997,13951
2026-08-18 08:00:00,64167.0,64303.0,64049.0,64145.0,1068.96891,13602
2026-08-18 10:00:00,64145.0,64376.0,64083.0,64324.0,972.9293,12763
2026-08-18 12:00:00,64324.0,64324.0,64016.0,64190.0,1229.57334,19952
2026-08-18 14:00:00,64191.0,65018.0,64190.0,64820.0,7147.4372,53863
2026-08-18 16:00:00,64821.0,64861.0,64633.0,64634.0,2083.19276,18865
2026-08-18 18:00:00,64633.0,64795.0,64612.0,64621.0,1616.78937,12692
2026-08-18 20:00:00,64621.0,64631.0,64530.0,64571.0,980.2839,12438
2026-08-18 22:00:00,64572.0,64760.0,64529.0,64696.0,1239.6507,12325
2026-08-19 00:00:00,64696.0,64710.0,64361.0,64368.0,2301.49381,19041
2026-08-19 02:00:00,64369.0,64388.0,64239.0,64300.0,1233.42481,11358
2026-08-19 04:00:00,64300.0,64388.0,64202.0,64203.0,743.31403,8574
2026-08-19 06:00:00,64203.0,64369.0,64122.0,64266.0,1293.8851,13850
2026-08-19 08:00:00,64267.0,64492.0,64216.0,64398.0,590.8003,11945
2026-08-19 10:00:00,64397.0,64500.0,64337.0,64479.0,1200.48485,13081
2026-08-19 12:00:00,64479.0,65200.0,64437.0,64980.0,7304.16003,53969
2026-08-19 14:00:00,64979.0,70224.0,64977.0,68532.0,34308.61807,190511
2026-08-19 16:00:00,68533.0,68956.0,67792.0,68170.0,14154.39548,82587
2026-08-19 18:00:00,68170.0,68459.0,68001.0,68404.0,4676.42312,40809
2026-08-19 20:00:00,68403.0,70046.0,68354.0,69714.0,11658.21361,86202
2026-08-19 22:00:00,69713.0,69830.0,68967.0,69323.0,4045.9868,49943
2026-08-20 00:00:00,69323.0,69874.0,69256.0,69701.0,2797.46175,31074
2026-08-20 02:00:00,69702.0,69813.0,68898.0,69188.0,2225.3179,23936
2026-08-20 04:00:00,69188.0,69661.0,69161.0,69407.0,1847.04014,18517
2026-08-20 06:00:00,69413.0,69999.0,69352.0,69838.0,2916.34062,25798
2026-08-20 08:00:00,69839.0,72055.0,69792.0,71792.0,16582.3399,94753
2026-08-20 10:00:00,71790.0,72501.0,71691.0,71902.0,9273.95304,58813
2026-08-20 12:00:00,71902.0,72068.0,71134.0,71650.0,7779.90595,57783
2026-08-20 14:00:00,71650.0,72824.0,71349.0,72453.0,9669.79687,72284
2026-08-20 16:00:00,72454.0,72969.0,72191.0,72717.0,3910.347,44323
2026-08-20 18:00:00,72718.0,72800.0,72303.0,72609.0,2887.36713,34355
2026-08-20 20:00:00,72613.0,73028.0,72522.0,72699.0,2609.67618,26624
2026-08-20 22:00:00,72700.0,73370.0,72448.0,72996.0,4427.00494,32076
2026-08-21 00:00:00,73001.0,75816.0,73001.0,75121.0,17086.99288,97236
2026-08-21 02:00:00,75121.0,75184.0,74227.0,74516.0,9162.25056,52403
2026-08-21 04:00:00,74515.0,75499.0,74515.0,75463.0,5264.95546,41006
2026-08-21 06:00:00,75462.0,76941.0,75083.0,76339.0,9780.91029,67942
2026-08-21 08:00:00,76338.0,79584.0,76287.0,77936.0,20275.56868,150606
2026-08-21 10:00:00,77935.0,78301.0,76444.0,76768.0,7722.42228,69776
2026-08-21 12:00:00,76768.0,77730.0,76256.0,77278.0,8419.89036,74781
2026-08-21 14:00:00,77278.0,77894.0,76549.0,77242.0,6586.33537,65322
2026-08-21 16:00:00,77243.0,77727.0,76814.0,77400.0,3939.57559,40193
2026-08-21 18:00:00,77401.0,77559.0,76620.0,77018.0,3006.52397,38769
2026-08-21 20:00:00,77019.0,78745.0,76853.0,78556.0,6050.44915,50905
2026-08-21 22:00:00,78557.0,78800.0,78131.0,78383.0,4901.89205,47042
2026-08-22 00:00:00,78382.0,78566.0,77686.0,77859.0,3818.73015,39553
2026-08-22 02:00:00,77859.0,78885.0,77817.0,78463.0,3044.9376,34880
2026-08-22 04:00:00,78463.0,78874.0,76600.0,77421.0,8905.83762,71221
2026-08-22 06:00:00,77437.0,77715.0,77013.0,77326.0,3695.06995,33359
2026-08-22 08:00:00,77326.0,77497.0,76828.0,77072.0,5314.3079,37416
2026-08-22 10:00:00,77071.0,77253.0,76558.0,77163.0,3008.00784,32387
2026-08-22 12:00:00,77164.0,77434.0,77108.0,77341.0,2225.51324,20214
2026-08-22 14:00:00,77342.0,77371.0,76932.0,77035.0,1735.57451,21628
2026-08-22 16:00:00,77035.0,77608.0,77009.0,77322.0,2350.91363,26982
2026-08-22 18:00:00,77323.0,77536.0,77187.0,77473.0,1068.7744,15573
2026-08-22 20:00:00,77473.0,77522.0,76844.0,76903.0,2366.36037,23734
2026-08-22 22:00:00,76903.0,77217.0,76811.0,77133.0,1431.12703,16300
2026-08-23 00:00:00,77132.0,77470.0,77106.0,77247.0,1021.23339,15717
2026-08-23 02:00:00,77246.0,77266.0,76886.0,76976.0,1554.51771,18396
2026-08-23 04:00:00,76977.0,77090.0,75608.0,76104.0,6613.02455,47808
2026-08-23 06:00:00,76101.0,76379.0,75921.0,76058.0,2825.31115,23674
2026-08-23 08:00:00,76060.0,76707.0,76000.0,76595.0,2171.9826,22135
2026-08-23 10:00:00,76595.0,77442.0,76587.0,77353.0,2517.47436,33907
2026-08-23 12:00:00,77354.0,77848.0,77049.0,77531.0,3295.52721,31280
2026-08-23 14:00:00,77531.0,77718.0,76801.0,77185.0,3324.44824,35641
2026-08-23 16:00:00,77186.0,77507.0,77178.0,77241.0,1597.91788,17919
2026-08-23 18:00:00,77234.0,77511.0,77150.0,77375.0,873.74538,14349
2026-08-23 20:00:00,77375.0,78118.0,77225.0,77902.0,4102.50067,32400
2026-08-23 22:00:00,77902.0,78050.0,77347.0,77804.0,2708.38721,29515
2026-08-24 00:00:00,77805.0,77820.0,76943.0,76944.0,2993.03245,30483
2026-08-24 02:00:00,76943.0,77578.0,76901.0,76975.0,3108.82379,23813
2026-08-24 04:00:00,76976.0,77300.0,76693.0,77207.0,2706.79553,28835
2026-08-24 06:00:00,77208.0,77859.0,77115.0,77362.0,1475.0706,25527
2026-08-24 08:00:00,77362.0,77633.0,76862.0,77584.0,2634.40714,30330
2026-08-24 10:00:00,77585.0,78708.0,77486.0,78521.0,6032.71056,55314
2026-08-24 12:00:00,78521.0,79479.0,77923.0,78648.0,11102.66079,102472
2026-08-24 14:00:00,78647.0,80035.0,78647.0,79120.0,15349.03375,115280
2026-08-24 16:00:00,79119.0,79880.0,78450.0,78760.0,9476.46712,69431
2026-08-24 18:00:00,78759.0,79123.0,78569.0,78740.0,3878.07367,39939
2026-08-24 20:00:00,78740.0,79041.0,78554.0,78971.0,2318.56469,20985
2026-08-24 22:00:00,78970.0,79017.0,78622.0,78996.0,2201.99258,20481
2026-08-25 00:00:00,78995.0,79999.0,78708.0,79838.0,5789.21544,45968
2026-08-25 02:00:00,79837.0,81299.0,79755.0,80490.0,11562.12371,74183
2026-08-25 04:00:00,80490.0,80843.0,80168.0,80753.0,4066.72834,32460
2026-08-25 06:00:00,80753.0,80941.0,79335.0,79713.0,5444.85672,42306
2026-08-25 08:00:00,79713.0,80254.0,78822.0,79170.0,5703.85591,44198
2026-08-25 10:00:00,79171.0,79482.0,78971.0,79108.0,3868.19412,33624
2026-08-25 12:00:00,79107.0,79207.0,78060.0,78617.0,6543.25509,57472
2026-08-25 14:00:00,78622.0,79538.0,78527.0,79490.0,6924.682,51397
2026-08-25 16:00:00,79491.0,79560.0,78664.0,79217.0,4883.93248,34477
2026-08-25 18:00:00,79217.0,79338.0,78706.0,78901.0,2677.93989,24169
2026-08-25 20:00:00,78905.0,78944.0,77794.0,78547.0,7313.40361,50178
2026-08-25 22:00:00,78546.0,78998.0,78346.0,78494.0,4580.44079,36069
2026-08-26 00:00:00,78494.0,78928.0,78270.0,78792.0,2748.84503,28136
2026-08-26 02:00:00,78791.0,79226.0,78728.0,79071.0,2267.88581,21814
2026-08-26 04:00:00,79072.0,79182.0,78616.0,79079.0,2540.53191,24436
2026-08-26 06:00:00,79081.0,79206.0,78792.0,78917.0,2644.9165,20213
2026-08-26 08:00:00,78917.0,79108.0,78203.0,78433.0,3743.40993,32380
2026-08-26 10:00:00,78432.0,78858.0,78267.0,78474.0,2502.4986,25313
2026-08-26 12:00:00,78474.0,78699.0,77875.0,78437.0,6374.85579,49156
2026-08-26 14:00:00,78429.0,78602.0,77618.0,77998.0,6711.80223,49445
2026-08-26 16:00:00,77998.0,78606.0,77832.0,78435.0,3167.67341,27916
2026-08-26 18:00:00,78436.0,78659.0,78263.0,78445.0,2728.81434,19999
2026-08-26 20:00:00,78454.0,78831.0,78170.0,78718.0,2941.92219,24362
2026-08-26 22:00:00,78719.0,79173.0,78542.0,79026.0,4126.52198,27814
2026-08-27 00:00:00,79025.0,79034.0,78547.0,78881.0,2570.34409,21923
2026-08-27 02:00:00,78881.0,78971.0,78621.0,78809.0,661.22084,13166
2026-08-27 04:00:00,78809.0,78936.0,78585.0,78897.0,2201.4248,17255
2026-08-27 06:00:00,78897.0,79080.0,78596.0,79066.0,1846.90678,16188
2026-08-27 08:00:00,79066.0,80542.0,79029.0,79995.0,8121.30709,57197
2026-08-27 10:00:00,79996.0,80171.0,79167.0,79477.0,6099.15452,41943
2026-08-27 12:00:00,79477.0,79588.0,78881.0,79521.0,3948.56329,32372
2026-08-27 14:00:00,79520.0,80786.0,79335.0,80271.0,8554.59652,64598
2026-08-27 16:00:00,80270.0,80801.0,80148.0,80414.0,4567.80422,36145
2026-08-27 18:00:00,80414.0,80414.0,79705.0,79859.0,3299.25052,31516
2026-08-27 20:00:00,79876.0,80166.0,79839.0,80154.0,1517.76082,14732
2026-08-27 22:00:00,80156.0,80400.0,80092.0,80221.0,2780.67521,20469
2026-08-28 00:00:00,80220.0,81483.0,80106.0,80472.0,6578.86685,47298
2026-08-28 02:00:00,80472.0,80473.0,79703.0,79791.0,3871.8647,33739
2026-08-28 04:00:00,79790.0,79940.0,79534.0,79650.0,2013.98695,20652
2026-08-28 06:00:00,79649.0,79979.0,79552.0,79641.0,2092.9807,18830
2026-08-28 08:00:00,79642.0,79819.0,79218.0,79252.0,2884.71935,23646
2026-08-28 10:00:00,79252.0,79742.0,78975.0,79567.0,2882.47965,24267
2026-08-28 12:00:00,79568.0,79686.0,78993.0,79319.0,2604.68284,29754
2026-08-28 14:00:00,79319.0,79830.0,78275.0,78297.0,13997.90607,97547
2026-08-28 16:00:00,78296.0,78368.0,76831.0,77873.0,12099.9832,92178
2026-08-28 18:00:00,77873.0,77914.0,77231.0,77550.0,4601.19426,33090
2026-08-28 20:00:00,77534.0,77582.0,77234.0,77345.0,1786.74888,18581
2026-08-28 22:00:00,77346.0,77834.0,77308.0,77832.0,2352.17889,20358
2026-08-29 00:00:00,77832.0,77924.0,77603.0,77763.0,1121.2267,13399
2026-08-29 02:00:00,77763.0,77788.0,77468.0,77469.0,1082.12129,11842
2026-08-29 04:00:00,77469.0,77698.0,77469.0,77613.0,487.25136,8988
2026-08-29 06:00:00,77613.0,77648.0,77341.0,77591.0,1176.96891,11839
2026-08-29 08:00:00,77591.0,77727.0,77444.0,77624.0,677.88107,10035
2026-08-29 10:00:00,77625.0,77702.0,77485.0,77564.0,297.23314,8021
2026-08-29 12:00:00,77564.0,77698.0,77467.0,77681.0,521.86434,9211
2026-08-29 14:00:00,77681.0,78162.0,77634.0,77827.0,1964.63045,20650
2026-08-29 16:00:00,77827.0,78110.0,77827.0,78070.0,2416.02906,17762
2026-08-29 18:00:00,78069.0,78331.0,77987.0,78160.0,2037.29657,17510
2026-08-29 20:00:00,78160.0,78272.0,78025.0,78145.0,724.66152,11094
2026-08-29 22:00:00,78145.0,78264.0,78055.0,78228.0,555.26075,9633
2026-08-30 00:00:00,78229.0,78312.0,77955.0,78050.0,1135.84973,12983
2026-08-30 02:00:00,78050.0,78220.0,77981.0,78124.0,598.68307,8926
2026-08-30 04:00:00,78118.0,78202.0,77962.0,78099.0,800.92508,8961
2026-08-30 06:00:00,78099.0,78288.0,78084.0,78086.0,752.30592,8874
2026-08-30 08:00:00,78086.0,78177.0,77964.0,77982.0,290.49627,8937
2026-08-30 10:00:00,77983.0,78221.0,77936.0,78149.0,339.33993,8687
2026-08-30 12:00:00,78149.0,78950.0,78149.0,78851.0,3814.58242,32059
2026-08-30 14:00:00,78851.0,78940.0,78622.0,78809.0,1223.56256,18451
2026-08-30 16:00:00,78809.0,79389.0,78724.0,79000.0,3275.82804,36552
2026-08-30 18:00:00,79001.0,79172.0,78699.0,78841.0,1783.513,18801
2026-08-30 20:00:00,78842.0,78915.0,78199.0,78644.0,2397.65515,25744
2026-08-30 22:00:00,78645.0,78806.0,76971.0,77659.0,5821.84693,47165
2026-08-31 00:00:00,77660.0,78163.0,77409.0,77622.0,3128.06409,31396
2026-08-31 02:00:00,77623.0,78004.0,77353.0,77738.0,2499.54112,20993
2026-08-31 04:00:00,77738.0,78155.0,77436.0,78012.0,2384.24092,22854
2026-08-31 06:00:00,78012.0,78318.0,77857.0,78195.0,1257.45624,18142
2026-08-31 08:00:00,78196.0,78790.0,77967.0,78505.0,2394.17367,25545
2026-08-31 10:00:00,78505.0,78733.0,78280.0,78300.0,1641.58791,19360
2026-08-31 12:00:00,78300.0,78533.0,77678.0,77855.0,5214.70633,48409
2026-08-31 14:00:00,77856.0,78773.0,77740.0,78566.0,4248.39254,42836
2026-08-31 16:00:00,78566.0,78985.0,78471.0,78885.0,3405.79453,28554
2026-08-31 18:00:00,78886.0,79250.0,78761.0,78872.0,3600.94849,28073
2026-08-31 20:00:00,78872.0,79164.0,78715.0,78950.0,1702.38373,15650
2026-08-31 22:00:00,78950.0,79008.0,78373.0,78574.0,990.69392,13646
2026-09-01 00:00:00,78575.0,78889.0,78360.0,78382.0,2055.98221,17658
2026-09-01 02:00:00,78382.0,78871.0,78153.0,78665.0,1951.44728,18104
2026-09-01 04:00:00,78665.0,79233.0,78643.0,79182.0,4119.80727,29134
2026-09-01 06:00:00,79182.0,79183.0,78499.0,78642.0,1508.51328,22179
2026-09-01 08:00:00,78642.0,78663.0,77773.0,77899.0,3005.35036,35833
2026-09-01 10:00:00,77899.0,78193.0,77740.0,78094.0,1987.90681,22748
2026-09-01 12:00:00,78095.0,78204.0,77500.0,78049.0,3828.38061,38071
2026-09-01 14:00:00,78050.0,78418.0,77718.0,77910.0,3163.83855,36271
2026-09-01 16:00:00,77910.0,77968.0,77219.0,77238.0,4017.8039,34376
2026-09-01 18:00:00,77246.0,77453.0,76397.0,77290.0,8359.28809,62545
2026-09-01 20:00:00,77298.0,77501.0,76897.0,77195.0,1847.14581,24460
2026-09-01 22:00:00,77195.0,77611.0,77010.0,77419.0,1298.90241,18718
2026-09-02 00:00:00,77420.0,77506.0,76687.0,77000.0,1907.3148,23861
2026-09-02 02:00:00,77001.0,77777.0,76925.0,77549.0,2908.17459,28866
2026-09-02 04:00:00,77550.0,77777.0,77274.0,77635.0,1982.83574,22069
2026-09-02 06:00:00,77636.0,77715.0,77446.0,77579.0,817.49968,9297
