t,open,high,low,close,volume,trades
2025-09-02 04:00:00,4364.4,4414.7,4358.7,4376.3,74020.333,33850
2025-09-02 08:00:00,4376.1,4407.2,4340.0,4346.7,81324.5113,40090
2025-09-02 12:00:00,4346.1,4396.2,4270.7,4293.7,306299.9521,126992
2025-09-02 16:00:00,4293.8,4330.1,4256.3,4272.4,191194.65,57736
2025-09-02 20:00:00,4272.4,4335.0,4265.4,4324.7,82280.5183,30587
2025-09-03 00:00:00,4324.6,4354.1,4281.6,4332.9,112657.3193,30704
2025-09-03 04:00:00,4332.9,4340.0,4288.0,4308.7,57092.6468,26517
2025-09-03 08:00:00,4308.6,4384.9,4301.0,4370.6,91687.0521,48669
2025-09-03 12:00:00,4370.7,4483.9,4341.0,4477.5,262228.9663,86398
2025-09-03 16:00:00,4477.6,4489.1,4453.1,4474.0,89038.9121,34840
2025-09-03 20:00:00,4473.6,4480.0,4438.1,4448.2,69169.216,27767
2025-09-04 00:00:00,4448.2,4481.0,4388.4,4396.9,146939.0515,43992
2025-09-04 04:00:00,4396.9,4413.1,4355.0,4369.9,103496.7034,42946
2025-09-04 08:00:00,4370.0,4431.0,4364.5,4408.0,116418.7441,37662
2025-09-04 12:00:00,4408.1,4428.7,4293.3,4304.6,218281.4348,81663
2025-09-04 16:00:00,4304.6,4322.0,4264.1,4277.3,150653.7348,53625
2025-09-04 20:00:00,4276.6,4350.7,4271.8,4296.0,86726.771,36801
2025-09-05 00:00:00,4295.9,4334.4,4289.1,4327.5,173746.1089,40101
2025-09-05 04:00:00,4327.5,4427.5,4315.3,4415.0,118821.8309,41270
2025-09-05 08:00:00,4415.0,4425.4,4371.0,4416.7,115523.8034,50109
2025-09-05 12:00:00,4416.7,4491.7,4252.4,4281.4,545972.8604,177645
2025-09-05 16:00:00,4281.7,4330.8,4271.0,4329.3,113990.4359,45264
2025-09-05 20:00:00,4328.8,4341.0,4288.0,4304.7,127683.4576,45779
2025-09-06 00:00:00,4304.7,4327.2,4300.7,4318.3,31248.709,19138
2025-09-06 04:00:00,4318.3,4318.7,4289.0,4311.0,20885.2066,15831
2025-09-06 08:00:00,4310.9,4313.8,4285.0,4298.4,14668.2268,14774
2025-09-06 12:00:00,4298.3,4306.8,4261.0,4267.7,52549.6786,24414
2025-09-06 16:00:00,4267.6,4300.0,4226.7,4253.3,99795.2062,56328
2025-09-06 20:00:00,4253.2,4285.6,4252.6,4271.2,36196.5204,18511
2025-09-07 00:00:00,4271.6,4302.1,4268.1,4294.5,51085.7488,23132
2025-09-07 04:00:00,4294.6,4304.7,4276.0,4292.9,41723.899,21351
2025-09-07 08:00:00,4292.9,4313.0,4288.8,4307.9,54823.4945,22408
2025-09-07 12:00:00,4307.9,4308.8,4287.3,4297.0,41850.5703,21342
2025-09-07 16:00:00,4296.9,4299.0,4267.2,4291.3,42459.7723,24977
2025-09-07 20:00:00,4291.2,4333.0,4278.4,4303.4,99931.3794,26085
2025-09-08 00:00:00,4303.5,4329.0,4279.0,4309.4,111255.6703,31461
2025-09-08 04:00:00,4309.3,4311.4,4285.1,4289.5,54166.2016,20159
2025-09-08 08:00:00,4289.7,4335.0,4286.1,4310.1,137596.0799,38847
2025-09-08 12:00:00,4310.1,4383.7,4304.8,4371.0,194993.2218,76325
2025-09-08 16:00:00,4370.9,4372.9,4283.0,4289.7,98810.2017,51777
2025-09-08 20:00:00,4289.7,4330.5,4281.2,4304.0,76190.9547,32341
2025-09-09 00:00:00,4304.0,4314.5,4276.2,4306.7,68164.9174,26553
2025-09-09 04:00:00,4306.7,4381.1,4302.2,4360.7,75974.8467,38207
2025-09-09 08:00:00,4360.8,4367.0,4341.3,4347.2,69579.2038,26967
2025-09-09 12:00:00,4347.3,4367.4,4277.4,4285.0,170143.9458,70488
2025-09-09 16:00:00,4285.0,4299.5,4278.5,4295.5,57876.8467,23219
2025-09-09 20:00:00,4295.5,4321.2,4281.4,4310.9,55301.8647,22816
2025-09-10 00:00:00,4310.9,4326.2,4285.0,4320.5,71958.8164,25220
2025-09-10 04:00:00,4320.5,4333.9,4295.6,4330.6,40131.4197,20282
2025-09-10 08:00:00,4330.6,4335.0,4309.3,4331.7,53728.3386,22377
2025-09-10 12:00:00,4331.6,4453.2,4330.0,4405.6,273746.0665,97524
2025-09-10 16:00:00,4406.1,4410.2,4300.6,4323.4,168177.1331,58176
2025-09-10 20:00:00,4323.4,4355.9,4320.9,4349.4,66740.6639,29305
2025-09-11 00:00:00,4349.3,4409.7,4339.1,4405.5,105412.8138,39814
2025-09-11 04:00:00,4405.4,4451.8,4396.7,4442.8,99241.5014,38683
2025-09-11 08:00:00,4442.8,4444.0,4408.4,4431.7,66455.4242,23786
2025-09-11 12:00:00,4431.7,4479.7,4356.1,4413.4,284507.7012,87304
2025-09-11 16:00:00,4413.5,4443.1,4408.5,4425.2,56956.6267,25228
2025-09-11 20:00:00,4425.2,4471.0,4416.5,4460.0,74213.9796,29579
2025-09-12 00:00:00,4460.1,4539.4,4452.2,4507.6,134920.3392,53435
2025-09-12 04:00:00,4507.5,4564.0,4501.8,4527.6,101074.0929,38423
2025-09-12 08:00:00,4527.6,4538.9,4508.2,4522.3,60570.4708,28877
2025-09-12 12:00:00,4522.3,4572.5,4506.0,4543.5,108353.5825,45656
2025-09-12 16:00:00,4543.6,4661.9,4534.5,4660.2,203251.6896,61398
2025-09-12 20:00:00,4660.0,4750.6,4632.0,4713.5,230684.9524,67123
2025-09-13 00:00:00,4713.5,4767.0,4693.8,4757.2,86746.464,38679
2025-09-13 04:00:00,4757.2,4757.6,4704.5,4713.5,61850.5517,26553
2025-09-13 08:00:00,4713.6,4741.0,4709.8,4720.7,50990.2918,20551
2025-09-13 12:00:00,4720.7,4731.7,4646.4,4656.1,102647.2813,35524
2025-09-13 16:00:00,4656.2,4672.2,4610.5,4640.9,162450.1021,58019
2025-09-13 20:00:00,4641.0,4676.1,4640.1,4670.4,28435.501,23582
2025-09-14 00:00:00,4670.5,4695.0,4654.6,4666.1,47728.0916,25520
2025-09-14 04:00:00,4666.2,4685.4,4635.6,4652.4,73442.0388,26306
2025-09-14 08:00:00,4652.4,4676.9,4628.2,4636.2,79970.4782,26444
2025-09-14 12:00:00,4636.1,4647.0,4577.8,4584.9,166761.2835,58300
2025-09-14 16:00:00,4585.0,4632.0,4581.7,4618.8,49815.9884,29034
2025-09-14 20:00:00,4618.8,4640.1,4600.9,4607.9,54384.1902,29309
2025-09-15 00:00:00,4607.8,4647.1,4583.9,4639.6,56132.207,33046
2025-09-15 04:00:00,4639.8,4673.6,4592.0,4601.1,141879.7992,44297
2025-09-15 08:00:00,4601.2,4601.2,4503.0,4533.1,174494.2933,76482
2025-09-15 12:00:00,4533.1,4544.0,4466.4,4501.8,184635.8014,72862
2025-09-15 16:00:00,4501.8,4515.3,4476.8,4497.1,66694.6843,30233
2025-09-15 20:00:00,4495.8,4532.4,4490.9,4526.4,50246.2102,21389
2025-09-16 00:00:00,4526.4,4539.0,4507.1,4524.0,41299.1056,17435
2025-09-16 04:00:00,4524.0,4538.5,4488.6,4515.0,106379.518,25408
2025-09-16 08:00:00,4515.3,4534.0,4493.8,4503.2,131032.7701,26551
2025-09-16 12:00:00,4503.2,4513.9,4425.8,4470.5,195181.651,62856
2025-09-16 16:00:00,4470.6,4511.6,4448.9,4492.0,104578.2905,39867
2025-09-16 20:00:00,4491.9,4527.8,4484.6,4501.5,72305.2085,28154
2025-09-17 00:00:00,4501.4,4552.7,4494.3,4497.4,72007.8954,35880
2025-09-17 04:00:00,4497.4,4555.4,4464.7,4543.7,61568.5811,34076
2025-09-17 08:00:00,4543.7,4545.8,4479.2,4491.8,36314.2193,22618
2025-09-17 12:00:00,4491.9,4513.6,4467.5,4490.2,57932.0393,35497
2025-09-17 16:00:00,4489.8,4533.5,4408.7,4519.6,385704.3069,121188
2025-09-17 20:00:00,4520.1,4616.7,4488.9,4590.8,173525.5362,54187
2025-09-18 00:00:00,4590.8,4645.0,4580.6,4613.9,145653.4559,43399
2025-09-18 04:00:00,4613.8,4619.9,4554.2,4575.9,73227.7667,31748
2025-09-18 08:00:00,4575.9,4609.0,4570.0,4577.3,43030.2126,24769
2025-09-18 12:00:00,4577.5,4625.9,4561.0,4600.3,75382.1637,38203
2025-09-18 16:00:00,4600.3,4637.5,4582.6,4588.7,81735.232,32220
2025-09-18 20:00:00,4589.5,4607.6,4570.7,4588.9,57342.9923,22317
2025-09-19 00:00:00,4588.9,4622.5,4541.9,4550.9,88180.3343,28569
2025-09-19 04:00:00,4550.9,4561.6,4520.4,4540.7,111484.0451,30429
2025-09-19 08:00:00,4540.6,4551.8,4510.0,4515.4,61355.3224,25660
2025-09-19 12:00:00,4515.4,4546.0,4448.2,4476.4,173221.3516,55781
2025-09-19 16:00:00,4476.5,4491.7,4439.0,4443.8,66906.2107,27457
2025-09-19 20:00:00,4443.6,4481.8,4441.1,4471.4,49581.2186,17850
2025-09-20 00:00:00,4471.4,4478.3,4456.1,4467.3,32128.0926,12221
2025-09-20 04:00:00,4467.2,4485.6,4464.4,4484.1,37343.3759,16519
2025-09-20 08:00:00,4484.0,4484.1,4456.6,4470.3,18117.6258,18828
2025-09-20 12:00:00,4470.4,4508.2,4463.4,4498.5,30978.0323,17146
2025-09-20 16:00:00,4498.5,4509.8,4471.1,4480.6,29904.1291,19254
2025-09-20 20:00:00,4480.6,4502.7,4478.7,4480.6,30688.5486,14815
2025-09-21 00:00:00,4480.6,4491.2,4458.4,4478.5,18067.9494,14563
2025-09-21 04:00:00,4478.6,4492.4,4467.7,4478.0,13264.2972,13459
2025-09-21 08:00:00,4478.0,4480.0,4443.8,4461.3,53404.4475,15417
2025-09-21 12:00:00,4461.3,4486.7,4460.6,4483.8,25284.8472,11920
2025-09-21 16:00:00,4483.7,4499.1,4465.0,4494.7,47737.2048,18548
2025-09-21 20:00:00,4494.7,4495.0,4443.3,4445.2,46189.6159,16585
2025-09-22 00:00:00,4444.7,4454.9,4262.0,4304.9,227331.2984,76711
2025-09-22 04:00:00,4304.8,4310.0,3909.2,4191.2,371794.02,136622
2025-09-22 08:00:00,4191.1,4205.8,4133.9,4179.6,165040.6046,53811
2025-09-22 12:00:00,4179.7,4217.4,4157.9,4165.9,120677.2598,42967
2025-09-22 16:00:00,4166.0,4181.0,4117.6,4132.5,106480.4183,35612
2025-09-22 20:00:00,4132.6,4206.6,4132.3,4197.3,121664.2043,32702
2025-09-23 00:00:00,4197.3,4209.9,4112.1,4185.9,134201.5472,37000
2025-09-23 04:00:00,4185.9,4213.3,4151.6,4203.2,102168.1042,30717
2025-09-23 08:00:00,4203.5,4226.6,4176.1,4190.1,49197.018,22109
2025-09-23 12:00:00,4190.1,4209.0,4161.0,4179.1,87199.3576,34840
2025-09-23 16:00:00,4179.1,4205.0,4135.0,4151.1,112641.164,37050
2025-09-23 20:00:00,4151.1,4189.3,4137.6,4162.7,78539.8385,26927
2025-09-24 00:00:00,4162.6,4193.2,4128.2,4145.4,112964.7403,29599
2025-09-24 04:00:00,4145.3,4181.9,4076.1,4172.8,130713.0725,38681
2025-09-24 08:00:00,4172.7,4195.0,4161.9,4180.1,49163.1293,21237
2025-09-24 12:00:00,4180.0,4205.8,4146.2,4163.5,87586.3758,34385
2025-09-24 16:00:00,4163.9,4193.1,4152.8,4159.8,52032.6379,25063
2025-09-24 20:00:00,4159.8,4170.8,4130.4,4151.5,55592.2133,29552
2025-09-25 00:00:00,4151.2,4160.0,4023.0,4061.2,278771.9437,70609
2025-09-25 04:00:00,4061.0,4069.3,3962.3,4006.7,215579.6157,64435
2025-09-25 08:00:00,4006.7,4050.9,3991.2,4001.3,77171.3503,34641
2025-09-25 12:00:00,4001.3,4020.0,3924.1,4000.0,272702.8687,77731
2025-09-25 16:00:00,3999.9,4004.3,3821.7,3909.1,348316.3177,110210
2025-09-25 20:00:00,3909.1,3935.0,3849.6,3872.4,137182.4037,51782
2025-09-26 00:00:00,3872.4,3968.6,3865.7,3963.0,107256.6485,49587
2025-09-26 04:00:00,3963.0,3974.3,3905.9,3936.3,54863.8582,35585
2025-09-26 08:00:00,3936.3,3942.6,3870.8,3903.7,62139.2829,35071
2025-09-26 12:00:00,3903.7,3981.2,3873.1,3944.0,133874.9647,63789
2025-09-26 16:00:00,3944.0,4066.9,3941.0,4022.9,157959.6103,56373
2025-09-26 20:00:00,4022.8,4038.0,4002.5,4030.8,47228.987,22634
2025-09-27 00:00:00,4030.7,4031.0,4005.7,4017.5,28380.6285,15180
2025-09-27 04:00:00,4017.5,4026.7,4004.4,4006.1,9428.1981,8980
2025-09-27 08:00:00,4006.2,4016.3,3971.3,4000.7,55013.514,17632
2025-09-27 12:00:00,4000.8,4037.8,3992.9,4016.9,37026.9352,15167
2025-09-27 16:00:00,4016.9,4018.4,3981.0,4001.0,17320.6828,14522
2025-09-27 20:00:00,4001.0,4033.0,3999.4,4017.4,25074.7967,12051
2025-09-28 00:00:00,4017.5,4031.2,3993.0,4001.4,30416.0355,12391
2025-09-28 04:00:00,4001.5,4019.0,3995.1,4013.4,25639.1466,10060
2025-09-28 08:00:00,4013.1,4014.8,3983.1,3991.4,19900.0214,10655
2025-09-28 12:00:00,3991.0,4027.4,3963.9,4019.4,46267.9537,18270
2025-09-28 16:00:00,4019.4,4052.7,4019.4,4037.8,45858.6871,15742
2025-09-28 20:00:00,4037.9,4144.2,4033.6,4141.6,129089.5915,39906
2025-09-29 00:00:00,4141.1,4143.8,4101.4,4118.8,71776.5658,25489
2025-09-29 04:00:00,4119.0,4121.4,4087.1,4106.3,26252.0187,15896
2025-09-29 08:00:00,4106.3,4137.9,4092.1,4100.9,89308.8997,27165
2025-09-29 12:00:00,4100.9,4202.7,4081.4,4163.5,152770.1698,57622
2025-09-29 16:00:00,4163.4,4192.7,4126.5,4186.5,57136.5105,32485
2025-09-29 20:00:00,4186.5,4234.7,4180.9,4213.6,77837.0944,32051
2025-09-30 00:00:00,4213.5,4243.9,4187.4,4197.0,71622.4114,29433
2025-09-30 04:00:00,4197.1,4205.7,4167.6,4180.5,46276.3026,21266
2025-09-30 08:00:00,4180.4,4181.6,4132.5,4163.8,58803.9711,24331
2025-09-30 12:00:00,4163.8,4174.3,4093.1,4117.4,119088.7839,43660
2025-09-30 16:00:00,4117.5,4167.7,4091.0,4159.5,56770.598,26762
2025-09-30 20:00:00,4159.4,4200.0,4117.1,4143.6,62748.7218,27951
2025-10-01 00:00:00,4143.6,4173.4,4122.3,4126.4,54926.7138,25351
2025-10-01 04:00:00,4126.5,4155.8,4121.7,4145.2,35286.1198,17620
2025-10-01 08:00:00,4145.3,4325.0,4142.1,4296.8,162827.2742,57774
2025-10-01 12:00:00,4297.0,4343.0,4280.0,4326.2,124792.1976,44491
2025-10-01 16:00:00,4326.2,4339.5,4287.1,4332.7,91382.7319,31339
2025-10-01 20:00:00,4332.7,4351.6,4288.4,4346.0,63359.1266,27097
2025-10-02 00:00:00,4346.0,4398.8,4331.4,4376.2,128536.7654,56434
2025-10-02 04:00:00,4376.2,4420.0,4360.0,4375.3,78079.2555,34705
2025-10-02 08:00:00,4375.3,4396.1,4369.6,4379.1,21994.9949,23311
2025-10-02 12:00:00,4379.1,4443.3,4338.7,4436.6,132800.4333,57751
2025-10-02 16:00:00,4436.5,4515.8,4426.4,4495.8,106828.9208,48707
2025-10-02 20:00:00,4494.9,4496.4,4457.1,4483.7,62598.5961,23542
2025-10-03 00:00:00,4483.7,4559.9,4460.6,4501.2,67777.1215,32707
2025-10-03 04:00:00,4501.0,4510.4,4455.0,4462.7,28666.031,21770
2025-10-03 08:00:00,4462.6,4495.0,4428.4,4479.2,33104.9987,22335
2025-10-03 12:00:00,4479.3,4543.3,4437.0,4536.4,91253.5049,39070
2025-10-03 16:00:00,4536.4,4590.9,4451.9,4520.1,199254.3471,68457
2025-10-03 20:00:00,4520.5,4544.0,4494.7,4512.7,38533.3829,18777
2025-10-04 00:00:00,4513.0,4517.9,4466.0,4487.2,33960.4256,16464
2025-10-04 04:00:00,4487.2,4517.7,4480.0,4498.7,26167.7622,15272
2025-10-04 08:00:00,4498.7,4503.5,4480.6,4484.0,14450.1386,16966
2025-10-04 12:00:00,4484.1,4511.3,4444.0,4454.5,51262.8319,25661
2025-10-04 16:00:00,4454.8,4477.6,4440.6,4467.1,31564.4803,18486
2025-10-04 20:00:00,4467.1,4494.6,4467.1,4487.2,15540.0042,14781
2025-10-05 00:00:00,4487.3,4574.4,4466.3,4531.6,103299.5483,50544
2025-10-05 04:00:00,4531.6,4614.0,4527.9,4606.6,84564.2649,40842
2025-10-05 08:00:00,4606.6,4618.0,4524.9,4551.5,109357.1346,52871
2025-10-05 12:00:00,4551.6,4551.8,4527.9,4533.8,50058.1379,24652
2025-10-05 16:00:00,4533.7,4542.6,4484.2,4488.6,49937.1748,29981
2025-10-05 20:00:00,4488.6,4524.9,4476.6,4516.2,22373.7855,17005
2025-10-06 00:00:00,4516.3,4554.0,4491.1,4539.5,51304.6061,27058
2025-10-06 04:00:00,4539.5,4580.4,4512.0,4536.2,71205.5288,22963
2025-10-06 08:00:00,4536.1,4597.4,4536.1,4574.5,66941.5986,25130
2025-10-06 12:00:00,4574.4,4695.8,4573.5,4676.2,200337.7212,66238
2025-10-06 16:00:00,4676.2,4734.1,4661.3,4723.5,118252.2788,47333
2025-10-06 20:00:00,4724.1,4736.4,4673.5,4686.0,68991.3005,31300
2025-10-07 00:00:00,4686.0,4700.0,4665.7,4693.0,39274.0378,22009
2025-10-07 04:00:00,4692.8,4733.7,4666.9,4679.9,79091.2276,30399
2025-10-07 08:00:00,4679.9,4714.0,4641.0,4710.0,77278.8782,31656
2025-10-07 12:00:00,4709.9,4757.6,4481.7,4515.2,358964.394,113753
2025-10-07 16:00:00,4515.2,4526.2,4450.2,4481.8,210225.9634,65542
2025-10-07 20:00:00,4481.9,4520.0,4435.0,4450.7,110035.4908,40165
2025-10-08 00:00:00,4450.7,4502.0,4436.4,4446.6,89584.3676,33030
2025-10-08 04:00:00,4446.5,4468.5,4415.7,4466.3,72529.6883,29001
2025-10-08 08:00:00,4466.3,4510.2,4461.2,4489.9,53260.135,28513
2025-10-08 12:00:00,4489.9,4523.6,4438.5,4448.9,104535.1692,49966
2025-10-08 16:00:00,4448.9,4560.9,4440.0,4517.6,170431.7664,51223
2025-10-08 20:00:00,4517.3,4541.4,4501.9,4528.7,68308.8211,22930
2025-10-09 00:00:00,4528.7,4534.0,4406.2,4452.7,133687.7914,38651
2025-10-09 04:00:00,4452.7,4462.3,4412.1,4427.6,76502.0897,28599
2025-10-09 08:00:00,4427.5,4428.6,4321.1,4373.8,169319.8655,67451
2025-10-09 12:00:00,4373.7,4412.4,4292.1,4315.6,144190.186,61103
2025-10-09 16:00:00,4315.4,4345.5,4266.3,4338.1,137922.8952,50875
2025-10-09 20:00:00,4338.1,4384.8,4328.5,4369.2,50081.5579,35681
2025-10-10 00:00:00,4369.2,4395.0,4342.3,4346.7,101814.5234,40274
2025-10-10 04:00:00,4346.7,4377.1,4313.2,4321.6,110201.5281,90479
2025-10-10 08:00:00,4321.6,4349.6,4312.0,4341.8,31196.6492,31389
2025-10-10 12:00:00,4341.9,4388.6,4072.1,4100.7,324683.0747,103182
2025-10-10 16:00:00,4100.8,4136.1,3948.0,3994.2,364253.1234,102975
2025-10-10 20:00:00,3994.1,4021.6,3241.2,3822.3,927978.8494,377149
2025-10-11 00:00:00,3822.4,3874.5,3725.0,3789.9,184106.812,130219
2025-10-11 04:00:00,3789.8,3830.0,3731.7,3757.4,110026.7758,69503
2025-10-11 08:00:00,3757.4,3854.7,3746.3,3837.8,86911.9184,48030
2025-10-11 12:00:00,3837.8,3852.9,3785.1,3822.7,63909.1844,35860
2025-10-11 16:00:00,3822.7,3846.1,3729.6,3758.0,80907.4788,38651
2025-10-11 20:00:00,3758.1,3763.7,3641.6,3744.5,145292.1033,53746
2025-10-12 00:00:00,3744.7,3816.5,3692.4,3779.7,107541.5073,44101
2025-10-12 04:00:00,3779.7,3842.4,3774.2,3826.1,78743.5816,35883
2025-10-12 08:00:00,3825.9,3861.6,3803.4,3818.5,54860.8117,34330
2025-10-12 12:00:00,3818.5,4077.0,3792.1,4032.4,298574.4342,107815
2025-10-12 16:00:00,4032.5,4161.7,4032.4,4133.5,175410.6711,86913
2025-10-12 20:00:00,4133.6,4192.5,4080.7,4150.2,123930.3069,55976
2025-10-13 00:00:00,4150.2,4217.2,4123.0,4138.9,79010.3242,44100
2025-10-13 04:00:00,4138.8,4196.7,4115.2,4177.0,73126.9325,32661
2025-10-13 08:00:00,4176.9,4194.2,4038.7,4078.9,81479.3931,46995
2025-10-13 12:00:00,4078.4,4177.2,4054.3,4133.6,122371.8159,64329
2025-10-13 16:00:00,4133.9,4268.9,4128.4,4248.8,130818.476,56048
2025-10-13 20:00:00,4249.6,4288.4,4234.3,4238.9,80573.0406,44146
2025-10-14 00:00:00,4238.9,4261.9,4136.3,4151.6,102337.2929,43131
2025-10-14 04:00:00,4151.6,4158.1,3961.6,3979.6,187205.4079,72932
2025-10-14 08:00:00,3979.7,4012.2,3882.1,3970.2,170108.2125,68620
2025-10-14 12:00:00,3970.2,4089.2,3894.8,4083.7,218662.906,97604
2025-10-14 16:00:00,4083.8,4160.0,4047.7,4101.3,279920.5178,140587
2025-10-14 20:00:00,4101.3,4144.8,4073.5,4124.8,82447.5555,44121
2025-10-15 00:00:00,4124.2,4145.0,4061.7,4080.5,78063.7441,41151
2025-10-15 04:00:00,4080.7,4129.2,4071.4,4121.7,77993.1683,40567
2025-10-15 08:00:00,4121.1,4217.1,4087.1,4099.6,102660.5985,55810
2025-10-15 12:00:00,4099.7,4106.1,3955.5,3979.6,227574.6229,100255
2025-10-15 16:00:00,3979.5,4011.8,3927.1,3979.4,162006.0038,66608
2025-10-15 20:00:00,3979.6,3994.1,3926.8,3983.7,120270.3026,47937
2025-10-16 00:00:00,3983.9,4034.9,3974.0,4012.9,47660.6927,26319
2025-10-16 04:00:00,4012.9,4045.4,3977.5,4003.0,49184.9349,28514
2025-10-16 08:00:00,4002.6,4077.3,3938.2,4061.4,110033.2023,47170
2025-10-16 12:00:00,4061.5,4086.0,3890.1,3904.7,194251.0634,74665
2025-10-16 16:00:00,3904.7,3965.0,3849.3,3864.9,279694.445,100452
2025-10-16 20:00:00,3864.7,3895.8,3822.8,3893.0,94247.0497,44773
2025-10-17 00:00:00,3893.1,3948.6,3886.7,3930.9,52185.0115,28812
2025-10-17 04:00:00,3931.0,3934.5,3753.0,3756.4,213881.573,81051
2025-10-17 08:00:00,3756.2,3815.3,3675.0,3777.1,253467.8142,125142
2025-10-17 12:00:00,3777.0,3810.4,3714.0,3797.3,192049.9639,83932
2025-10-17 16:00:00,3797.3,3849.6,3778.1,3825.7,124332.18,79406
2025-10-17 20:00:00,3826.7,3882.5,3818.2,3830.7,77643.372,34546
2025-10-18 00:00:00,3830.7,3881.2,3818.5,3869.7,51559.6034,27195
2025-10-18 04:00:00,3869.6,3925.7,3839.9,3891.4,52065.2289,37946
2025-10-18 08:00:00,3890.9,3903.5,3861.0,3880.7,35332.9841,23222
2025-10-18 12:00:00,3880.8,3892.5,3848.7,3876.2,39856.7064,23962
2025-10-18 16:00:00,3876.2,3896.9,3851.8,3892.2,40304.6876,20354
2025-10-18 20:00:00,3892.0,3906.7,3867.5,3887.4,35720.7013,15103
2025-10-19 00:00:00,3887.5,3905.3,3854.0,3904.7,34670.7843,15761
2025-10-19 04:00:00,3904.6,3919.5,3871.9,3886.0,43582.1753,17305
2025-10-19 08:00:00,3886.0,3948.0,3827.2,3922.2,150950.9542,78171
2025-10-19 12:00:00,3921.9,3998.0,3907.4,3977.1,61520.1085,33800
2025-10-19 16:00:00,3977.0,4025.5,3957.3,3983.7,59795.656,30991
2025-10-19 20:00:00,3983.7,4026.8,3969.9,3980.4,62850.8936,32560
2025-10-20 00:00:00,3980.3,4037.1,3906.6,4025.5,125261.6451,50950
2025-10-20 04:00:00,4025.5,4082.8,4022.2,4053.4,105432.9383,41549
2025-10-20 08:00:00,4053.2,4069.6,4010.4,4033.5,69229.7932,36862
2025-10-20 12:00:00,4033.4,4049.0,4002.4,4003.1,56655.3879,34792
2025-10-20 16:00:00,4002.5,4002.6,3922.0,3980.4,145651.5026,50384
2025-10-20 20:00:00,3980.0,4002.8,3969.3,3978.1,56059.4554,23217
2025-10-21 00:00:00,3978.2,3984.0,3921.1,3922.6,85409.344,40649
2025-10-21 04:00:00,3922.7,3922.7,3839.5,3891.9,109088.524,69962
2025-10-21 08:00:00,3891.8,3895.4,3850.0,3890.1,80567.5429,39231
2025-10-21 12:00:00,3890.1,4086.0,3852.2,4082.9,231760.4615,100433
2025-10-21 16:00:00,4082.7,4110.6,3964.5,3993.3,266139.2027,88163
2025-10-21 20:00:00,3994.3,3998.8,3854.5,3870.3,141710.9182,78250
2025-10-22 00:00:00,3870.4,3887.0,3820.0,3857.1,75753.4276,40372
2025-10-22 04:00:00,3857.7,3881.8,3836.2,3866.9,33166.1124,26176
2025-10-22 08:00:00,3867.0,3867.4,3771.8,3827.6,97031.6268,46766
2025-10-22 12:00:00,3827.6,3876.7,3777.0,3839.2,142148.2064,74636
2025-10-22 16:00:00,3838.8,3858.1,3783.4,3802.3,87553.1751,59135
2025-10-22 20:00:00,3801.6,3814.3,3710.1,3803.6,138709.7834,48949
2025-10-23 00:00:00,3803.6,3833.0,3794.9,3825.1,50658.2339,21863
2025-10-23 04:00:00,3825.2,3895.9,3820.9,3879.1,53373.4661,30371
2025-10-23 08:00:00,3879.1,3905.3,3860.4,3863.1,90785.7301,40405
2025-10-23 12:00:00,3862.6,3887.2,3810.0,3877.1,135873.3099,52678
2025-10-23 16:00:00,3877.1,3936.5,3844.6,3859.4,147977.2789,53367
2025-10-23 20:00:00,3859.1,3859.8,3820.0,3857.0,56303.3175,30408
2025-10-24 00:00:00,3856.9,3897.2,3846.4,3892.3,56509.8814,34081
2025-10-24 04:00:00,3892.2,3990.1,3887.2,3950.1,124509.6594,60806
2025-10-24 08:00:00,3949.6,3969.7,3927.6,3947.7,41868.9634,29671
2025-10-24 12:00:00,3947.8,4020.0,3876.1,3890.0,150280.0487,73577
2025-10-24 16:00:00,3890.1,3938.2,3867.2,3927.2,73873.1091,32088
2025-10-24 20:00:00,3927.2,3946.8,3925.3,3935.9,35181.2608,20259
2025-10-25 00:00:00,3936.0,3940.0,3913.7,3921.8,17091.2246,16138
2025-10-25 04:00:00,3921.8,3959.9,3921.0,3929.0,23107.1661,17362
2025-10-25 08:00:00,3928.9,3957.0,3928.2,3941.0,15596.0124,14402
2025-10-25 12:00:00,3941.1,3957.0,3925.8,3933.3,28631.8253,17632
2025-10-25 16:00:00,3933.3,3969.5,3928.5,3957.6,28811.9574,17732
2025-10-25 20:00:00,3957.7,3965.7,3937.9,3953.8,19018.6507,16880
2025-10-26 00:00:00,3953.9,3962.2,3920.1,3931.3,26620.2922,14878
2025-10-26 04:00:00,3931.4,3956.6,3928.8,3951.5,13427.8798,11819
2025-10-26 08:00:00,3951.5,4053.0,3950.8,4045.2,64216.6048,40206
2025-10-26 12:00:00,4045.2,4099.0,4041.5,4074.9,61862.5383,47070
2025-10-26 16:00:00,4074.8,4079.5,4046.5,4067.3,51850.7588,31198
2025-10-26 20:00:00,4067.0,4178.0,4054.4,4160.4,128703.9099,61282
2025-10-27 00:00:00,4160.2,4227.3,4151.1,4206.1,85679.3524,52479
2025-10-27 04:00:00,4206.1,4255.0,4196.0,4203.8,64291.3307,37543
2025-10-27 08:00:00,4203.8,4203.8,4136.4,4162.8,69935.1332,38055
2025-10-27 12:00:00,4163.0,4190.1,4126.4,4173.9,122372.4611,53977
2025-10-27 16:00:00,4173.9,4235.6,4173.7,4194.4,83281.5627,53933
2025-10-27 20:00:00,4194.6,4196.5,4095.3,4119.8,125507.6757,73176
2025-10-28 00:00:00,4119.9,4141.7,4070.0,4093.4,78023.7101,43860
2025-10-28 04:00:00,4093.4,4125.4,4065.6,4116.3,31493.9587,31991
2025-10-28 08:00:00,4115.9,4134.9,4102.9,4111.8,37542.7537,23580
2025-10-28 12:00:00,4111.6,4175.6,4076.1,4096.0,116906.7629,56721
2025-10-28 16:00:00,4096.0,4151.7,4025.1,4037.6,129837.7861,57974
2025-10-28 20:00:00,4037.7,4040.3,3929.0,3978.0,158821.078,66316
2025-10-29 00:00:00,3978.0,4006.8,3962.6,3996.9,45198.839,28811
2025-10-29 04:00:00,3997.0,4034.1,3995.3,4022.8,57803.4737,31370
2025-10-29 08:00:00,4023.2,4024.7,3976.0,4008.7,119202.1626,61389
2025-10-29 12:00:00,4008.8,4027.3,3940.4,3949.5,92662.3041,45621
2025-10-29 16:00:00,3949.7,4016.3,3841.8,3903.3,293984.7591,126030
2025-10-29 20:00:00,3903.3,3962.3,3875.0,3902.0,106127.3326,52276
2025-10-30 00:00:00,3902.0,3947.2,3884.0,3933.4,38850.751,34849
2025-10-30 04:00:00,3933.1,3943.9,3838.9,3938.9,115734.6291,54090
2025-10-30 08:00:00,3938.8,3939.4,3876.6,3880.7,28732.2418,25879
2025-10-30 12:00:00,3880.7,3883.2,3757.3,3772.7,231564.6715,97167
2025-10-30 16:00:00,3772.4,3800.6,3677.0,3688.0,142809.4915,73825
2025-10-30 20:00:00,3687.7,3805.4,3677.9,3803.7,74297.1467,48458
2025-10-31 00:00:00,3803.6,3858.7,3795.3,3828.4,69479.0902,38321
2025-10-31 04:00:00,3828.4,3872.8,3819.3,3829.7,46894.7688,31146
2025-10-31 08:00:00,3829.8,3880.9,3816.8,3872.7,37878.5786,35321
2025-10-31 12:00:00,3872.8,3885.7,3830.7,3858.7,63101.8821,42258
2025-10-31 16:00:00,3858.3,3903.7,3804.1,3884.3,75835.2669,44115
2025-10-31 20:00:00,3884.3,3891.2,3838.6,3846.0,29627.4514,18106
2025-11-01 00:00:00,3845.9,3863.0,3828.4,3859.6,16214.3084,14996
2025-11-01 04:00:00,3859.5,3867.4,3850.9,3858.9,18779.9233,13123
2025-11-01 08:00:00,3858.8,3881.3,3858.8,3875.9,25594.2287,16237
2025-11-01 12:00:00,3876.0,3900.3,3856.5,3893.0,26420.9989,16913
2025-11-01 16:00:00,3892.9,3906.8,3860.6,3877.8,35679.711,19390
2025-11-01 20:00:00,3877.8,3890.0,3862.7,3872.2,14659.5579,10510
2025-11-02 00:00:00,3872.1,3885.4,3860.4,3878.4,14456.2116,10913
2025-11-02 04:00:00,3878.5,3917.3,3874.3,3905.5,27422.9578,15422
2025-11-02 08:00:00,3905.5,3909.6,3852.1,3888.6,32427.94,18392
2025-11-02 12:00:00,3888.8,3893.2,3837.5,3850.9,43651.2055,21309
2025-11-02 16:00:00,3851.0,3865.0,3838.1,3854.4,17385.7236,14054
2025-11-02 20:00:00,3854.4,3914.4,3842.2,3904.7,39213.0418,18751
2025-11-03 00:00:00,3904.6,3912.2,3725.9,3733.7,155226.3127,53149
2025-11-03 04:00:00,3734.0,3763.1,3681.6,3712.8,163812.9574,46530
2025-11-03 08:00:00,3712.8,3738.6,3658.0,3709.9,72205.8377,36655
2025-11-03 12:00:00,3709.9,3745.3,3547.8,3586.1,234443.795,101957
2025-11-03 16:00:00,3586.4,3680.2,3558.6,3629.4,175083.8943,81585
2025-11-03 20:00:00,3629.3,3634.7,3556.4,3602.4,86817.6567,46601
2025-11-04 00:00:00,3602.4,3652.2,3565.1,3640.2,88866.9615,37119
2025-11-04 04:00:00,3640.2,3646.2,3472.1,3492.5,174654.141,82765
2025-11-04 08:00:00,3492.6,3532.4,3457.1,3528.2,142396.3553,58040
2025-11-04 12:00:00,3528.3,3586.2,3472.2,3504.8,145192.3915,64011
2025-11-04 16:00:00,3504.8,3519.2,3224.8,3230.4,537099.8697,197271
2025-11-04 20:00:00,3229.7,3303.0,3057.5,3285.9,485262.1297,181714
2025-11-05 00:00:00,3285.9,3347.6,3166.2,3333.7,214576.1052,92279
2025-11-05 04:00:00,3333.6,3350.8,3303.3,3330.1,62965.6759,40982
2025-11-05 08:00:00,3330.0,3330.1,3273.3,3321.4,68133.7017,40677
2025-11-05 12:00:00,3321.4,3396.9,3311.3,3396.3,155219.0516,66501
2025-11-05 16:00:00,3396.4,3478.8,3368.6,3454.5,163321.663,75504
2025-11-05 20:00:00,3454.6,3478.9,3414.3,3423.7,84291.2607,40119
2025-11-06 00:00:00,3423.6,3450.4,3374.0,3432.3,96857.7568,31948
2025-11-06 04:00:00,3432.3,3456.4,3366.0,3379.8,77805.1627,31430
2025-11-06 08:00:00,3379.3,3413.5,3366.1,3398.6,50987.2519,24027
2025-11-06 12:00:00,3398.6,3404.6,3276.7,3299.2,168228.666,66424
2025-11-06 16:00:00,3299.2,3351.1,3242.9,3324.1,286407.1229,108249
2025-11-06 20:00:00,3324.2,3334.9,3285.8,3313.5,84605.5878,30669
2025-11-07 00:00:00,3313.5,3364.4,3273.5,3343.2,116895.7043,43714
2025-11-07 04:00:00,3343.2,3368.5,3318.5,3356.7,69972.8266,31536
2025-11-07 08:00:00,3356.7,3359.3,3224.0,3258.8,115496.6899,39118
2025-11-07 12:00:00,3258.5,3317.2,3193.0,3295.8,215108.4851,78673
2025-11-07 16:00:00,3295.8,3448.6,3273.0,3442.7,184016.3521,77438
2025-11-07 20:00:00,3442.6,3473.0,3430.3,3434.9,92343.9631,42609
2025-11-08 00:00:00,3434.9,3466.7,3407.6,3453.8,84201.6075,27929
2025-11-08 04:00:00,3453.9,3486.0,3419.1,3447.9,54048.4085,33796
2025-11-08 08:00:00,3447.9,3469.6,3406.3,3412.6,40386.6482,21191
2025-11-08 12:00:00,3412.6,3417.8,3370.5,3376.4,50780.3337,27650
2025-11-08 16:00:00,3376.5,3407.5,3355.3,3389.4,42345.966,24590
2025-11-08 20:00:00,3389.3,3414.9,3380.8,3401.6,24454.2683,15525
2025-11-09 00:00:00,3401.6,3403.9,3358.2,3375.0,39713.1187,21058
2025-11-09 04:00:00,3375.0,3425.6,3368.8,3421.5,59904.3768,32920
2025-11-09 08:00:00,3421.5,3434.1,3381.6,3428.1,34865.7995,21905
2025-11-09 12:00:00,3428.1,3563.3,3424.2,3515.2,113248.3904,49883
2025-11-09 16:00:00,3515.1,3579.7,3501.2,3579.7,59214.7485,40207
2025-11-09 20:00:00,3579.7,3620.8,3562.1,3582.3,87034.2927,55115
2025-11-10 00:00:00,3582.4,3658.8,3554.6,3627.8,104847.52,45896
2025-11-10 04:00:00,3627.7,3632.4,3588.6,3608.9,68065.1259,31494
2025-11-10 08:00:00,3609.0,3631.3,3586.5,3610.9,66481.8788,33019
2025-11-10 12:00:00,3610.7,3623.1,3508.6,3520.3,167760.7834,61518
2025-11-10 16:00:00,3519.9,3578.0,3508.3,3559.3,104060.4164,46344
2025-11-10 20:00:00,3559.8,3585.2,3529.8,3568.1,78275.3572,35460
2025-11-11 00:00:00,3568.0,3647.9,3553.3,3606.7,110635.5282,56364
2025-11-11 04:00:00,3606.0,3610.7,3531.4,3543.0,96041.0906,43375
2025-11-11 08:00:00,3543.1,3585.8,3542.3,3572.5,69178.6542,32899
2025-11-11 12:00:00,3572.9,3591.9,3465.5,3479.5,236439.4024,120946
2025-11-11 16:00:00,3479.4,3498.4,3443.7,3455.1,110111.0198,51907
2025-11-11 20:00:00,3455.4,3460.0,3401.5,3416.2,119369.4523,63145
2025-11-12 00:00:00,3416.1,3453.9,3406.9,3437.1,63908.1384,44669
2025-11-12 04:00:00,3437.2,3455.0,3421.9,3426.0,37666.2896,22354
2025-11-12 08:00:00,3426.2,3566.9,3426.1,3547.8,55471.7202,43461
2025-11-12 12:00:00,3548.0,3586.4,3416.6,3425.7,185945.5135,76610
2025-11-12 16:00:00,3425.7,3452.8,3370.3,3406.4,167449.9588,81373
2025-11-12 20:00:00,3406.5,3438.0,3391.1,3413.2,61211.0909,37661
2025-11-13 00:00:00,3413.3,3472.3,3375.8,3450.1,108425.2283,59686
2025-11-13 04:00:00,3450.4,3564.5,3431.6,3537.3,86246.7965,49421
2025-11-13 08:00:00,3537.4,3548.3,3476.1,3499.6,50058.8948,34192
2025-11-13 12:00:00,3499.7,3509.1,3364.9,3385.7,239688.3009,93770
2025-11-13 16:00:00,3385.7,3397.3,3175.8,3197.4,362203.6489,144276
2025-11-13 20:00:00,3197.3,3272.5,3154.2,3231.3,175839.6963,100244
2025-11-14 00:00:00,3231.3,3251.8,3186.1,3228.5,128278.7878,54891
2025-11-14 04:00:00,3228.5,3241.0,3110.1,3215.3,165640.0509,95760
2025-11-14 08:00:00,3215.3,3218.8,3117.3,3144.2,83866.6867,64005
2025-11-14 12:00:00,3144.2,3234.4,3069.0,3197.1,299131.2842,150010
2025-11-14 16:00:00,3197.2,3256.0,3155.4,3208.4,118286.7279,74972
2025-11-14 20:00:00,3208.6,3213.4,3090.0,3112.9,109897.7066,60560
2025-11-15 00:00:00,3112.9,3195.0,3111.1,3180.1,48462.797,36516
2025-11-15 04:00:00,3180.1,3192.7,3160.6,3177.0,27923.8419,26779
2025-11-15 08:00:00,3177.1,3178.8,3135.9,3152.7,20805.2636,20443
2025-11-15 12:00:00,3152.9,3197.7,3147.7,3186.8,24034.1218,23431
2025-11-15 16:00:00,3186.8,3231.3,3164.5,3198.7,43933.1873,30933
2025-11-15 20:00:00,3198.7,3201.0,3153.3,3168.0,36558.1447,26084
2025-11-16 00:00:00,3168.0,3210.0,3132.1,3202.9,69429.0255,34422
2025-11-16 04:00:00,3202.9,3221.4,3187.0,3220.0,25318.5392,19449
2025-11-16 08:00:00,3220.4,3249.0,3160.0,3169.2,47023.3461,34488
2025-11-16 12:00:00,3169.3,3182.4,3099.3,3105.8,66805.7338,43785
2025-11-16 16:00:00,3105.9,3129.2,3027.5,3092.1,168984.7194,78962
2025-11-16 20:00:00,3092.2,3118.0,3007.0,3096.9,133136.0559,57875
2025-11-17 00:00:00,3096.4,3181.8,3070.0,3177.8,82024.8139,44073
2025-11-17 04:00:00,3177.9,3209.2,3167.6,3200.0,50906.2511,28914
2025-11-17 08:00:00,3200.1,3223.3,3181.3,3205.1,28236.9747,27465
2025-11-17 12:00:00,3205.1,3212.0,3096.1,3121.4,222673.1643,83124
2025-11-17 16:00:00,3122.0,3146.5,2975.0,2982.9,308032.3646,116761
2025-11-17 20:00:00,2982.7,3033.3,2959.4,3033.0,153729.9138,69365
2025-11-18 00:00:00,3033.0,3051.5,2947.1,3026.0,214548.9673,80624
2025-11-18 04:00:00,3026.2,3037.1,2960.3,3027.7,111227.3559,53332
2025-11-18 08:00:00,3027.1,3075.4,3026.5,3059.3,95990.6239,62356
2025-11-18 12:00:00,3059.3,3125.2,3022.9,3108.6,164238.5654,81312
2025-11-18 16:00:00,3108.5,3171.4,3100.6,3147.5,143851.865,57070
2025-11-18 20:00:00,3147.5,3152.3,3098.1,3124.8,70137.8035,29402
2025-11-19 00:00:00,3124.8,3126.8,3070.7,3074.4,66929.9086,38572
2025-11-19 04:00:00,3074.4,3088.8,2992.7,3086.4,123289.5159,57215
2025-11-19 08:00:00,3086.1,3113.3,3056.0,3084.5,63907.0596,33217
2025-11-19 12:00:00,3084.4,3108.5,2968.0,2974.0,203989.8907,79574
2025-11-19 16:00:00,2972.9,2986.9,2874.4,2882.0,246053.5229,94124
2025-11-19 20:00:00,2882.0,3028.3,2875.1,3025.5,237621.0001,82146
2025-11-20 00:00:00,3025.8,3059.0,3004.6,3039.4,85881.5895,42956
2025-11-20 04:00:00,3039.5,3063.4,3007.2,3039.2,86530.3731,38532
2025-11-20 08:00:00,3039.2,3045.3,2993.5,3023.3,72273.893,42617
2025-11-20 12:00:00,3023.3,3047.0,2952.8,2954.7,148420.8724,74746
2025-11-20 16:00:00,2954.7,2960.2,2780.1,2847.8,532165.6619,167695
2025-11-20 20:00:00,2847.8,2905.7,2820.0,2834.5,171279.7603,60926
2025-11-21 00:00:00,2834.4,2887.4,2772.9,2809.5,162337.9765,63093
2025-11-21 04:00:00,2809.5,2833.2,2643.7,2719.2,197204.2852,80087
2025-11-21 08:00:00,2719.2,2752.8,2662.5,2688.3,151474.8053,81079
2025-11-21 12:00:00,2688.4,2779.4,2621.4,2703.5,309117.4037,135082
2025-11-21 16:00:00,2703.8,2805.4,2674.3,2750.9,215581.6614,97338
2025-11-21 20:00:00,2750.7,2775.2,2707.6,2764.7,120881.9385,45569
2025-11-22 00:00:00,2764.7,2783.1,2738.0,2751.0,38905.5763,28955
2025-11-22 04:00:00,2751.1,2769.0,2725.2,2755.1,40695.8875,23330
2025-11-22 08:00:00,2755.1,2755.2,2703.7,2734.0,48146.0737,25982
2025-11-22 12:00:00,2733.8,2753.1,2710.6,2738.0,67782.9312,45337
2025-11-22 16:00:00,2738.1,2758.4,2734.5,2749.1,33976.3361,21468
2025-11-22 20:00:00,2749.1,2798.0,2732.3,2769.0,59848.553,24510
2025-11-23 00:00:00,2769.1,2832.7,2767.0,2823.9,71962.9094,40066
2025-11-23 04:00:00,2823.9,2851.6,2776.5,2792.6,77760.4914,36942
2025-11-23 08:00:00,2792.4,2822.4,2792.2,2814.7,42657.7057,23247
2025-11-23 12:00:00,2814.7,2857.6,2809.3,2835.8,87839.6398,41917
2025-11-23 16:00:00,2835.7,2845.9,2785.1,2821.6,108431.5898,44955
2025-11-23 20:00:00,2821.6,2843.3,2793.2,2800.6,101322.1657,35657
2025-11-24 00:00:00,2800.6,2864.9,2761.6,2855.2,184480.6185,58972
2025-11-24 04:00:00,2855.3,2884.3,2801.5,2828.9,117726.6626,53712
2025-11-24 08:00:00,2828.7,2841.2,2786.6,2802.2,65154.0419,34486
2025-11-24 12:00:00,2802.2,2859.0,2784.0,2845.5,166652.8732,55649
2025-11-24 16:00:00,2845.3,2977.8,2841.7,2957.9,281487.2592,89924
2025-11-24 20:00:00,2958.2,2983.9,2947.7,2952.5,134247.1679,47527
2025-11-25 00:00:00,2952.5,2952.6,2904.0,2911.6,63827.8856,36664
2025-11-25 04:00:00,2911.5,2942.5,2901.6,2901.8,58044.4419,36914
2025-11-25 08:00:00,2901.8,2908.0,2865.0,2890.3,43333.9884,38358
2025-11-25 12:00:00,2890.5,2934.0,2855.7,2895.0,184827.8834,90486
2025-11-25 16:00:00,2895.1,2957.4,2870.2,2922.2,246790.2935,74684
2025-11-25 20:00:00,2922.3,2979.5,2906.1,2959.0,144149.5911,51968
2025-11-26 00:00:00,2958.9,2984.8,2921.7,2926.5,109113.0239,36136
2025-11-26 04:00:00,2926.6,2954.0,2920.0,2943.6,42160.6251,29390
2025-11-26 08:00:00,2943.7,2948.3,2901.5,2913.3,33619.8401,29456
2025-11-26 12:00:00,2913.3,2947.3,2888.0,2927.5,116700.7355,64824
2025-11-26 16:00:00,2927.3,3043.2,2925.6,3031.0,219896.957,91011
2025-11-26 20:00:00,3031.0,3034.9,3006.8,3025.8,91764.7828,39212
2025-11-27 00:00:00,3025.6,3070.6,3005.7,3032.4,89816.4761,52134
2025-11-27 04:00:00,3032.5,3053.6,3016.4,3033.0,56795.5301,34156
2025-11-27 08:00:00,3033.0,3044.2,3016.6,3027.2,36801.5946,23798
2025-11-27 12:00:00,3027.2,3029.1,2985.1,3010.0,59072.9883,38855
2025-11-27 16:00:00,3010.0,3038.6,3003.5,3030.8,30937.2098,26283
2025-11-27 20:00:00,3030.8,3042.8,3002.6,3013.9,40210.4019,23808
2025-11-28 00:00:00,3013.9,3022.2,2992.4,3007.1,36674.7573,25143
2025-11-28 04:00:00,3007.2,3028.1,2999.2,3000.6,32432.784,21746
2025-11-28 08:00:00,3000.6,3075.0,3000.4,3032.7,61127.7239,41631
2025-11-28 12:00:00,3032.7,3096.9,3024.4,3072.0,92826.8337,50445
2025-11-28 16:00:00,3072.0,3072.7,3010.0,3048.6,75130.8413,44859
2025-11-28 20:00:00,3048.7,3057.2,3019.7,3030.0,35254.8192,23739
2025-11-29 00:00:00,3030.1,3051.2,3016.0,3021.1,24038.1616,16029
2025-11-29 04:00:00,3021.1,3043.8,2983.5,3002.6,50048.188,26927
2025-11-29 08:00:00,3002.6,3009.6,2984.0,2998.6,27987.7608,21353
2025-11-29 12:00:00,2998.7,3013.3,2985.0,3006.3,49367.1976,22358
2025-11-29 16:00:00,3006.4,3010.2,2961.2,2987.5,67023.7499,32528
2025-11-29 20:00:00,2987.5,2998.0,2981.5,2987.9,12818.7746,13066
2025-11-30 00:00:00,2987.9,3011.3,2974.9,3000.7,37453.6516,16659
2025-11-30 04:00:00,3000.7,3007.9,2984.4,3003.8,12080.4854,11394
2025-11-30 08:00:00,3003.9,3018.7,2998.2,3001.9,25745.2209,18751
2025-11-30 12:00:00,3002.1,3052.0,2998.9,3027.5,37334.4702,27087
2025-11-30 16:00:00,3027.5,3048.5,3027.4,3033.5,15666.019,17484
2025-11-30 20:00:00,3033.5,3040.2,2988.6,2990.2,45305.7096,30036
2025-12-01 00:00:00,2990.1,2998.1,2813.0,2824.7,240231.3259,113755
2025-12-01 04:00:00,2824.7,2842.8,2805.9,2839.1,54152.6048,40485
2025-12-01 08:00:00,2839.1,2851.7,2827.4,2837.0,21550.4969,30890
2025-12-01 12:00:00,2837.1,2839.0,2718.2,2745.1,183088.875,99434
2025-12-01 16:00:00,2745.1,2756.8,2719.9,2740.0,81856.5294,54975
2025-12-01 20:00:00,2739.9,2817.9,2739.5,2797.5,103840.4923,62944
2025-12-02 00:00:00,2797.6,2823.3,2782.9,2803.4,33838.4641,30199
2025-12-02 04:00:00,2803.2,2815.2,2796.0,2804.8,20600.1371,15761
2025-12-02 08:00:00,2804.7,2833.0,2781.0,2824.5,32205.5609,26476
2025-12-02 12:00:00,2824.6,3023.3,2815.3,3004.6,162602.8627,98343
2025-12-02 16:00:00,3004.6,3033.3,2986.0,3014.3,143159.9567,61002
2025-12-02 20:00:00,3014.5,3020.2,2972.0,2994.6,79311.3875,39098
2025-12-03 00:00:00,2994.7,3046.4,2984.3,3029.6,54807.7068,33681
2025-12-03 04:00:00,3029.6,3084.2,3028.4,3055.8,67557.967,36981
2025-12-03 08:00:00,3055.9,3078.5,3043.2,3071.9,38318.7272,29235
2025-12-03 12:00:00,3071.9,3144.2,3030.0,3084.6,137875.1802,80879
2025-12-03 16:00:00,3084.9,3140.9,3063.2,3126.7,105930.6678,45538
2025-12-03 20:00:00,3126.9,3212.8,3116.1,3187.0,104705.081,62557
2025-12-04 00:00:00,3187.4,3238.6,3173.3,3208.6,88904.0132,50689
2025-12-04 04:00:00,3208.6,3217.4,3170.0,3189.0,65517.5541,37196
2025-12-04 08:00:00,3189.0,3207.2,3174.2,3185.2,42166.0852,24583
2025-12-04 12:00:00,3184.9,3221.3,3138.6,3206.8,106624.4955,53083
2025-12-04 16:00:00,3206.5,3224.3,3066.0,3117.2,165659.8693,71824
2025-12-04 20:00:00,3117.9,3150.0,3104.4,3131.7,45621.61,32759
2025-12-05 00:00:00,3131.8,3191.4,3131.4,3169.6,61591.0995,26735
2025-12-05 04:00:00,3169.6,3180.8,3150.3,3171.9,30022.9968,20736
2025-12-05 08:00:00,3172.1,3172.1,3106.8,3130.4,63807.337,37777
2025-12-05 12:00:00,3130.4,3155.8,3082.2,3103.8,143060.8326,71363
2025-12-05 16:00:00,3103.9,3106.2,2983.2,3036.4,336391.217,119550
2025-12-05 20:00:00,3036.7,3047.8,3005.0,3020.4,46468.9496,24533
2025-12-06 00:00:00,3020.4,3044.5,3010.6,3038.3,39818.5711,20523
2025-12-06 04:00:00,3038.7,3040.9,3022.5,3024.8,13461.4701,10832
2025-12-06 08:00:00,3024.7,3040.2,3011.8,3037.4,17977.6886,15566
2025-12-06 12:00:00,3037.4,3068.1,3025.2,3040.0,35158.8542,23183
2025-12-06 16:00:00,3040.2,3065.1,3024.5,3029.7,59673.7241,23823
2025-12-06 20:00:00,3029.6,3053.0,3026.1,3037.0,22759.9387,15319
2025-12-07 00:00:00,3036.9,3055.7,3031.1,3052.6,18199.0214,13260
2025-12-07 04:00:00,3052.7,3056.8,3030.6,3036.2,13953.4328,13109
2025-12-07 08:00:00,3036.2,3042.6,3024.2,3034.6,27716.0141,19816
2025-12-07 12:00:00,3034.8,3052.4,2914.0,3027.2,172793.0375,68476
2025-12-07 16:00:00,3027.2,3150.5,3000.0,3138.0,260991.5666,117720
2025-12-07 20:00:00,3138.0,3146.5,3015.1,3059.9,135800.4791,95999
2025-12-08 00:00:00,3059.9,3134.5,3040.1,3111.5,79781.8679,54794
2025-12-08 04:00:00,3111.5,3141.2,3109.1,3134.7,64019.0674,33354
2025-12-08 08:00:00,3134.7,3181.6,3125.6,3142.2,85152.2546,36724
2025-12-08 12:00:00,3142.2,3178.8,3088.8,3102.4,179180.6992,80158
2025-12-08 16:00:00,3102.4,3133.8,3077.7,3118.8,111745.1099,61071
2025-12-08 20:00:00,3119.4,3154.0,3113.5,3125.4,69859.5446,31514
2025-12-09 00:00:00,3125.4,3144.0,3091.4,3129.2,90687.7047,36588
2025-12-09 04:00:00,3129.5,3131.8,3096.5,3123.3,46012.8531,26112
2025-12-09 08:00:00,3123.4,3131.0,3092.0,3118.6,42097.751,25600
2025-12-09 12:00:00,3118.7,3257.5,3099.0,3245.2,231813.7127,99416
2025-12-09 16:00:00,3245.6,3398.0,3245.6,3357.3,292811.9412,114148
2025-12-09 20:00:00,3357.3,3361.2,3284.0,3317.8,169110.2518,79987
2025-12-10 00:00:00,3317.7,3328.2,3287.8,3310.1,72421.0261,35018
2025-12-10 04:00:00,3310.0,3334.7,3307.0,3327.6,50392.6032,28668
2025-12-10 08:00:00,3327.6,3377.0,3298.1,3318.6,57081.9229,50080
2025-12-10 12:00:00,3318.5,3339.2,3304.4,3328.3,82867.4502,49599
2025-12-10 16:00:00,3328.3,3439.2,3321.3,3391.4,332540.6612,124446
2025-12-10 20:00:00,3391.4,3448.3,3318.8,3323.7,183518.153,94857
2025-12-11 00:00:00,3323.6,3326.9,3167.4,3192.6,203547.9429,96925
2025-12-11 04:00:00,3192.7,3216.3,3181.3,3201.8,84497.4169,38721
2025-12-11 08:00:00,3201.6,3213.3,3178.8,3192.9,40811.3696,27650
2025-12-11 12:00:00,3192.9,3209.7,3146.2,3180.4,145475.3847,68074
2025-12-11 16:00:00,3180.2,3236.4,3156.1,3196.5,127305.9368,67764
2025-12-11 20:00:00,3196.5,3277.8,3194.7,3239.8,118836.1783,51281
2025-12-12 00:00:00,3239.8,3267.1,3188.6,3247.5,78065.2632,33083
2025-12-12 04:00:00,3247.6,3268.0,3234.6,3248.3,64045.2342,27896
2025-12-12 08:00:00,3248.3,3258.0,3229.1,3244.8,42733.2915,23552
2025-12-12 12:00:00,3244.7,3253.8,3066.0,3076.4,206711.0371,83589
2025-12-12 16:00:00,3076.4,3101.4,3051.8,3075.6,205256.7211,84049
2025-12-12 20:00:00,3075.5,3098.1,3069.2,3086.3,30215.1923,18310
2025-12-13 00:00:00,3086.3,3096.4,3080.0,3091.8,12229.7396,9921
2025-12-13 04:00:00,3091.8,3097.5,3086.4,3096.2,8628.765,9022
2025-12-13 08:00:00,3096.1,3137.0,3093.9,3121.1,34750.9348,21977
2025-12-13 12:00:00,3121.1,3129.0,3096.9,3111.7,27417.7996,17034
2025-12-13 16:00:00,3111.2,3118.0,3097.7,3110.1,15942.9047,11949
2025-12-13 20:00:00,3110.0,3121.3,3082.0,3116.6,20416.3491,13969
2025-12-14 00:00:00,3116.5,3131.1,3106.0,3120.4,12658.2186,10999
2025-12-14 04:00:00,3120.4,3123.8,3106.4,3116.9,11026.1978,8991
2025-12-14 08:00:00,3116.9,3121.0,3049.6,3085.7,38975.7838,25524
2025-12-14 12:00:00,3086.0,3109.5,3072.0,3085.5,59721.9946,36581
2025-12-14 16:00:00,3085.5,3108.0,3075.0,3094.0,41786.9131,27996
2025-12-14 20:00:00,3093.8,3097.4,3030.0,3063.3,132573.4807,47014
2025-12-15 00:00:00,3063.4,3150.0,3057.4,3109.1,110102.646,45418
2025-12-15 04:00:00,3109.4,3145.0,3105.0,3129.9,46841.2395,22413
2025-12-15 08:00:00,3129.9,3177.5,3126.1,3157.0,50702.7919,30489
2025-12-15 12:00:00,3157.1,3159.3,2986.4,3011.5,213746.4127,95364
2025-12-15 16:00:00,3011.5,3018.7,2895.1,2940.0,201708.8735,89218
2025-12-15 20:00:00,2939.8,2969.3,2916.3,2964.3,82547.0994,37434
2025-12-16 00:00:00,2964.3,2978.0,2922.0,2936.6,106849.9488,36063
2025-12-16 04:00:00,2936.6,2952.0,2878.9,2923.8,70425.3719,37646
2025-12-16 08:00:00,2923.8,2964.2,2919.9,2957.6,40043.1816,28264
2025-12-16 12:00:00,2957.8,2981.1,2885.9,2962.0,179169.6461,83512
2025-12-16 16:00:00,2962.2,2967.1,2910.9,2945.2,78268.1686,41837
2025-12-16 20:00:00,2944.6,2965.3,2936.4,2961.4,53792.927,22712
2025-12-17 00:00:00,2961.5,2973.9,2937.4,2946.5,50797.2042,21121
2025-12-17 04:00:00,2946.8,2953.3,2913.7,2947.1,41313.9668,21215
2025-12-17 08:00:00,2947.1,2947.2,2907.4,2927.5,33442.7594,17675
2025-12-17 12:00:00,2927.8,3030.0,2883.8,2903.5,303149.5374,100529
2025-12-17 16:00:00,2903.2,2924.5,2790.0,2819.4,304368.5827,102001
2025-12-17 20:00:00,2819.4,2836.6,2804.9,2832.0,76530.8075,27862
2025-12-18 00:00:00,2832.2,2846.1,2820.6,2830.8,34540.5171,21401
2025-12-18 04:00:00,2830.8,2840.6,2821.6,2834.9,28050.7631,19328
2025-12-18 08:00:00,2835.0,2863.4,2830.5,2857.5,39801.5751,23423
2025-12-18 12:00:00,2857.5,2996.1,2853.0,2963.9,285430.8546,98898
2025-12-18 16:00:00,2963.8,2966.0,2773.9,2781.0,266177.6483,86436
2025-12-18 20:00:00,2780.8,2837.1,2778.1,2827.3,118200.9296,34228
2025-12-19 00:00:00,2827.2,2932.2,2808.0,2906.5,76297.7455,41098
2025-12-19 04:00:00,2906.7,2983.6,2905.7,2950.5,90641.0802,34353
2025-12-19 08:00:00,2950.5,2969.8,2937.0,2963.8,60252.1351,25623
2025-12-19 12:00:00,2963.8,3017.9,2943.0,2963.9,136738.4151,52599
2025-12-19 16:00:00,2963.8,3005.8,2935.1,2984.1,167411.572,56132
2025-12-19 20:00:00,2984.1,3001.6,2974.7,2978.2,56433.1888,26387
2025-12-20 00:00:00,2978.2,2992.8,2970.0,2988.4,20779.3645,12525
2025-12-20 04:00:00,2988.3,2989.8,2974.1,2981.1,12365.0536,10873
2025-12-20 08:00:00,2981.1,2988.8,2974.6,2985.9,19228.0792,13768
2025-12-20 12:00:00,2985.9,2992.2,2966.2,2976.0,26152.473,16209
2025-12-20 16:00:00,2976.2,2980.2,2972.5,2976.9,11575.5245,8388
2025-12-20 20:00:00,2976.9,2984.6,2972.0,2976.8,12438.2606,8677
2025-12-21 00:00:00,2976.8,2980.2,2960.0,2971.6,14604.0155,11318
2025-12-21 04:00:00,2971.6,2981.7,2970.7,2980.1,5888.0162,6515
2025-12-21 08:00:00,2980.1,3011.7,2976.6,2995.6,34339.1558,22523
2025-12-21 12:00:00,2995.6,3004.6,2943.6,2973.7,43597.3929,28654
2025-12-21 16:00:00,2973.6,2995.9,2966.3,2989.8,30173.6881,15479
2025-12-21 20:00:00,2989.9,3011.8,2970.0,3001.0,45654.7926,16379
2025-12-22 00:00:00,3000.9,3058.6,2971.6,3020.6,125425.4608,54794
2025-12-22 04:00:00,3020.6,3041.7,3018.6,3029.3,34072.2195,17337
2025-12-22 08:00:00,3029.3,3057.8,3024.2,3048.0,51182.2195,26776
2025-12-22 12:00:00,3048.1,3075.1,3020.9,3051.0,154687.327,51194
2025-12-22 16:00:00,3051.1,3058.5,2972.1,2979.0,126394.2484,41343
2025-12-22 20:00:00,2979.0,3014.0,2962.5,3008.4,88119.4239,35049
2025-12-23 00:00:00,3008.4,3035.2,2971.2,2991.0,104136.7513,34347
2025-12-23 04:00:00,2991.0,2998.3,2945.1,2963.5,55750.6984,25613
2025-12-23 08:00:00,2963.5,2973.7,2951.6,2972.1,18588.1621,13970
2025-12-23 12:00:00,2972.1,2972.9,2900.6,2927.4,156815.0718,50192
2025-12-23 16:00:00,2927.4,2964.8,2908.1,2942.8,99490.2978,35813
2025-12-23 20:00:00,2942.8,2987.3,2939.5,2963.3,109931.452,31069
2025-12-24 00:00:00,2963.2,2977.1,2920.3,2945.2,56251.7558,21619
2025-12-24 04:00:00,2944.7,2957.7,2916.5,2931.2,31277.8889,14441
2025-12-24 08:00:00,2931.2,2938.6,2912.9,2925.0,47716.1429,17267
2025-12-24 12:00:00,2925.0,2938.5,2885.8,2924.8,92952.6508,34660
2025-12-24 16:00:00,2924.7,2953.2,2920.6,2944.9,52262.3029,23081
2025-12-24 20:00:00,2944.9,2962.4,2941.0,2946.7,36969.1299,13630
2025-12-25 00:00:00,2946.7,2956.4,2935.8,2946.6,11068.2811,7824
2025-12-25 04:00:00,2946.6,2947.5,2937.8,2941.3,5342.8848,6226
2025-12-25 08:00:00,2941.3,2946.6,2911.9,2924.2,23005.8305,14253
2025-12-25 12:00:00,2924.1,2970.0,2918.9,2959.0,52776.8937,19962
2025-12-25 16:00:00,2959.5,2966.6,2942.4,2955.3,59990.0991,19097
2025-12-25 20:00:00,2955.2,2955.6,2889.5,2902.7,61988.8233,24776
2025-12-26 00:00:00,2902.5,2992.0,2893.3,2963.3,174796.0969,57829
2025-12-26 04:00:00,2963.3,2991.5,2951.0,2955.5,63738.3067,19341
2025-12-26 08:00:00,2955.5,2974.5,2953.9,2963.5,13076.1276,9460
2025-12-26 12:00:00,2963.5,2984.6,2893.8,2922.1,150331.5827,46224
2025-12-26 16:00:00,2922.2,2934.3,2906.0,2924.7,63975.8873,28854
2025-12-26 20:00:00,2924.7,2936.9,2920.2,2926.7,22931.5728,12119
2025-12-27 00:00:00,2926.7,2932.3,2920.9,2931.9,10684.4529,7697
2025-12-27 04:00:00,2931.9,2936.8,2926.6,2931.8,11195.0844,7170
2025-12-27 08:00:00,2931.9,2939.4,2916.4,2929.8,33995.5973,16284
2025-12-27 12:00:00,2929.7,2932.4,2924.3,2925.4,8378.6866,7272
2025-12-27 16:00:00,2925.3,2929.3,2916.3,2929.2,9529.6951,7857
2025-12-27 20:00:00,2929.3,2958.9,2927.0,2947.0,46294.8602,20784
2025-12-28 00:00:00,2946.9,2950.0,2939.4,2942.3,16228.3702,9119
2025-12-28 04:00:00,2942.0,2945.2,2928.4,2937.2,35232.0913,12863
2025-12-28 08:00:00,2937.3,2945.1,2930.2,2942.6,21599.2289,10797
2025-12-28 12:00:00,2942.7,2959.0,2936.2,2947.5,15420.0546,10187
2025-12-28 16:00:00,2947.5,2953.1,2924.3,2932.4,29386.4978,14235
2025-12-28 20:00:00,2932.3,2955.2,2927.6,2949.3,41421.6441,12592
2025-12-29 00:00:00,2949.2,3047.0,2943.4,3043.0,159648.8443,45123
2025-12-29 04:00:00,3042.9,3056.0,3008.0,3018.5,92612.8758,30153
2025-12-29 08:00:00,3018.5,3024.8,2955.3,2958.8,84346.6804,32854
2025-12-29 12:00:00,2958.7,2964.2,2908.9,2934.8,185974.3191,62494
2025-12-29 16:00:00,2934.8,2945.4,2912.0,2931.0,80163.6317,27203
2025-12-29 20:00:00,2931.1,2943.0,2925.0,2936.9,53660.7635,17279
2025-12-30 00:00:00,2936.8,2954.9,2918.4,2951.0,74173.4166,24339
2025-12-30 04:00:00,2951.0,2958.9,2936.3,2950.2,26029.4589,15338
2025-12-30 08:00:00,2950.3,3003.1,2949.8,2977.6,44453.4361,24938
2025-12-30 12:00:00,2977.6,3008.5,2958.8,2988.1,93342.0373,34088
2025-12-30 16:00:00,2988.3,2993.5,2944.2,2971.1,80415.1126,25010
2025-12-30 20:00:00,2971.1,2974.3,2953.8,2973.1,26600.1802,11779
2025-12-31 00:00:00,2973.1,2984.0,2961.5,2970.0,32537.7822,15161
2025-12-31 04:00:00,2970.0,2979.1,2967.9,2976.0,6242.0007,8240
2025-12-31 08:00:00,2976.0,3002.5,2963.1,3001.2,20406.8789,15325
2025-12-31 12:00:00,3001.2,3026.2,2966.8,2985.3,118028.0311,41007
2025-12-31 16:00:00,2985.3,2997.1,2959.0,2972.0,60727.1279,36653
2025-12-31 20:00:00,2972.0,2985.0,2963.6,2972.0,50912.7375,23410
2026-01-01 00:00:00,2971.9,2989.5,2971.9,2980.7,28519.3795,14569
2026-01-01 04:00:00,2980.8,2984.6,2974.3,2979.3,10210.9123,8351
2026-01-01 08:00:00,2979.4,2993.0,2978.7,2990.0,7915.8371,8192
2026-01-01 12:00:00,2989.9,2996.0,2978.2,2990.3,30962.9692,15101
2026-01-01 16:00:00,2990.2,3006.7,2981.0,2995.0,44814.3793,18378
2026-01-01 20:00:00,2995.0,3009.3,2986.6,3002.9,63533.4272,21845
2026-01-02 00:00:00,3003.0,3032.5,2991.7,3021.5,67355.0528,27896
2026-01-02 04:00:00,3021.6,3037.9,3007.5,3016.6,38552.4621,20697
2026-01-02 08:00:00,3016.6,3067.7,3014.6,3046.8,123776.8206,42119
2026-01-02 12:00:00,3046.8,3109.1,3019.4,3085.3,202300.3903,60675
2026-01-02 16:00:00,3084.6,3148.2,3078.1,3121.9,150430.7873,55111
2026-01-02 20:00:00,3122.1,3144.1,3109.9,3123.7,39993.3733,20897
2026-01-03 00:00:00,3123.7,3135.0,3117.4,3123.9,28829.1396,18018
2026-01-03 04:00:00,3123.8,3126.1,3074.8,3089.5,91866.1179,23660
2026-01-03 08:00:00,3089.4,3109.4,3083.9,3097.4,40652.3048,17829
2026-01-03 12:00:00,3097.4,3114.7,3092.7,3100.0,39706.9765,16385
2026-01-03 16:00:00,3100.0,3117.0,3096.8,3111.9,31155.6558,15460
2026-01-03 20:00:00,3111.8,3130.0,3106.2,3125.9,30562.7383,21306
2026-01-04 00:00:00,3125.9,3166.0,3125.1,3146.6,75638.8329,29746
2026-01-04 04:00:00,3146.6,3162.5,3133.6,3140.0,38026.4499,16530
2026-01-04 08:00:00,3140.0,3147.1,3124.9,3137.8,31581.1998,16661
2026-01-04 12:00:00,3137.9,3145.3,3115.7,3133.5,47639.7739,27660
2026-01-04 16:00:00,3133.6,3142.5,3115.7,3131.7,40735.6299,22006
2026-01-04 20:00:00,3131.6,3155.2,3129.8,3143.5,55407.2772,22584
2026-01-05 00:00:00,3143.4,3217.6,3142.2,3184.5,101346.6871,42186
2026-01-05 04:00:00,3184.5,3186.5,3135.3,3155.9,39675.1091,25704
2026-01-05 08:00:00,3155.7,3182.1,3151.7,3178.8,76448.8093,25608
2026-01-05 12:00:00,3178.9,3203.8,3132.8,3195.3,90430.918,37906
2026-01-05 16:00:00,3195.0,3227.3,3158.1,3221.5,135999.3479,47071
2026-01-05 20:00:00,3221.6,3263.6,3218.5,3223.5,79978.5618,30775
2026-01-06 00:00:00,3223.4,3246.0,3202.0,3223.9,61159.7341,23522
2026-01-06 04:00:00,3223.8,3251.6,3210.1,3218.1,138683.2542,34072
2026-01-06 08:00:00,3218.1,3242.3,3212.6,3237.2,48776.2218,20809
2026-01-06 12:00:00,3237.1,3306.3,3228.4,3271.4,191491.3341,67583
2026-01-06 16:00:00,3271.4,3278.0,3183.1,3223.4,114992.3414,53311
2026-01-06 20:00:00,3223.1,3300.0,3222.7,3295.9,77032.7319,34978
2026-01-07 00:00:00,3295.9,3296.1,3238.4,3265.5,57557.1475,27064
2026-01-07 04:00:00,3265.6,3270.4,3245.6,3254.4,20587.0031,14078
2026-01-07 08:00:00,3254.3,3262.7,3195.2,3220.0,46723.8088,30813
2026-01-07 12:00:00,3220.1,3228.0,3144.5,3164.0,116846.6814,51809
2026-01-07 16:00:00,3164.0,3178.2,3125.0,3145.0,84215.7268,33079
2026-01-07 20:00:00,3145.1,3180.5,3128.0,3167.7,42061.7766,26883
2026-01-08 00:00:00,3168.0,3182.0,3132.1,3141.4,49807.2336,21738
2026-01-08 04:00:00,3141.4,3160.1,3090.1,3126.9,66703.7856,28272
2026-01-08 08:00:00,3126.9,3135.5,3095.0,3120.2,59607.9656,29599
2026-01-08 12:00:00,3120.2,3120.5,3054.1,3106.1,196324.3808,110889
2026-01-08 16:00:00,3105.8,3139.9,3091.8,3112.5,106092.2358,41572
2026-01-08 20:00:00,3112.4,3131.7,3090.3,3107.7,53158.9813,20113
2026-01-09 00:00:00,3107.8,3148.2,3082.7,3120.7,44409.7373,24120
2026-01-09 04:00:00,3120.7,3126.5,3111.3,3111.8,17830.7001,11807
2026-01-09 08:00:00,3111.8,3115.9,3067.1,3090.9,142783.5764,55104
2026-01-09 12:00:00,3090.9,3144.2,3060.1,3112.7,171726.0073,66757
2026-01-09 16:00:00,3112.7,3145.3,3069.6,3080.2,111148.4525,36799
2026-01-09 20:00:00,3080.3,3092.9,3065.7,3088.2,64888.7517,26022
2026-01-10 00:00:00,3088.2,3093.4,3079.4,3085.8,14255.0436,12793
2026-01-10 04:00:00,3085.9,3093.1,3078.1,3092.0,22958.971,10100
2026-01-10 08:00:00,3092.0,3102.9,3086.6,3096.1,8647.1409,9493
2026-01-10 12:00:00,3096.1,3102.6,3088.6,3094.8,10252.4908,6923
2026-01-10 16:00:00,3094.8,3098.0,3089.5,3091.2,7693.1527,5448
2026-01-10 20:00:00,3091.3,3092.3,3077.4,3086.1,15876.286,7643
2026-01-11 00:00:00,3086.1,3096.9,3084.0,3096.5,17517.688,6890
2026-01-11 04:00:00,3096.5,3101.7,3088.6,3094.4,30463.9893,10167
2026-01-11 08:00:00,3094.4,3108.4,3091.9,3103.7,24754.6887,12091
2026-01-11 12:00:00,3103.9,3129.8,3103.8,3116.6,41047.2643,19479
2026-01-11 16:00:00,3116.6,3146.0,3114.8,3124.0,54982.0521,23257
2026-01-11 20:00:00,3124.0,3124.8,3091.0,3122.5,72319.9809,23181
2026-01-12 00:00:00,3122.6,3170.7,3096.7,3151.7,76348.9316,31493
2026-01-12 04:00:00,3151.6,3166.5,3133.1,3134.9,40232.6666,20176
2026-01-12 08:00:00,3134.9,3146.9,3101.0,3115.4,54041.3336,29482
2026-01-12 12:00:00,3114.9,3132.7,3066.5,3130.7,97434.2406,43319
2026-01-12 16:00:00,3129.4,3145.7,3082.8,3120.1,125162.9723,53837
2026-01-12 20:00:00,3120.1,3126.5,3083.2,3094.0,32584.4978,21068
2026-01-13 00:00:00,3093.9,3117.8,3090.5,3115.3,38712.1501,16382
2026-01-13 04:00:00,3115.4,3145.0,3111.5,3121.1,49865.0667,21359
2026-01-13 08:00:00,3121.1,3148.0,3121.1,3134.0,62855.4527,27888
2026-01-13 12:00:00,3133.8,3188.5,3129.8,3184.7,75527.8129,42988
2026-01-13 16:00:00,3184.9,3217.9,3171.6,3215.7,80056.1539,39475
2026-01-13 20:00:00,3215.8,3377.0,3190.0,3324.7,225933.3877,92022
2026-01-14 00:00:00,3324.7,3357.5,3315.0,3351.3,91507.3848,41229
2026-01-14 04:00:00,3351.3,3363.5,3320.7,3335.0,104949.64,40970
2026-01-14 08:00:00,3334.9,3341.4,3282.1,3285.3,48570.3429,30129
2026-01-14 12:00:00,3285.2,3361.9,3280.0,3345.1,173318.4331,77108
2026-01-14 16:00:00,3344.9,3403.3,3316.2,3367.3,172881.3086,76708
2026-01-14 20:00:00,3367.5,3392.9,3347.8,3354.5,85977.0514,32492
2026-01-15 00:00:00,3354.6,3355.5,3278.0,3285.8,75149.8771,31097
2026-01-15 04:00:00,3285.9,3335.1,3284.2,3329.8,28264.1242,20449
2026-01-15 08:00:00,3329.8,3378.0,3320.0,3349.6,44941.2258,25470
2026-01-15 12:00:00,3349.5,3384.8,3286.0,3332.0,140730.3606,55318
2026-01-15 16:00:00,3331.4,3337.2,3274.7,3296.1,99287.9306,49060
2026-01-15 20:00:00,3296.0,3322.5,3276.2,3318.2,64412.6784,28444
2026-01-16 00:00:00,3318.2,3326.3,3291.0,3294.4,24559.166,19114
2026-01-16 04:00:00,3294.5,3316.1,3276.8,3308.9,31450.3287,24566
2026-01-16 08:00:00,3308.9,3319.1,3293.6,3301.4,19013.4756,15560
2026-01-16 12:00:00,3301.4,3318.8,3253.7,3264.7,116051.7274,53478
2026-01-16 16:00:00,3264.7,3288.0,3260.6,3277.4,43653.2439,27374
2026-01-16 20:00:00,3277.4,3299.8,3265.1,3296.4,41567.2171,20112
2026-01-17 00:00:00,3296.4,3297.4,3283.9,3289.2,13963.1357,9971
2026-01-17 04:00:00,3289.1,3294.2,3286.0,3290.8,9938.9597,7150
2026-01-17 08:00:00,3290.9,3304.9,3288.9,3302.4,14203.6732,10696
2026-01-17 12:00:00,3302.4,3329.4,3299.3,3329.2,29270.0737,16906
2026-01-17 16:00:00,3329.2,3329.5,3311.3,3316.4,18248.1155,14345
2026-01-17 20:00:00,3316.4,3320.0,3295.6,3309.2,28916.6256,15418
2026-01-18 00:00:00,3309.2,3318.7,3296.0,3314.9,15830.7427,15073
2026-01-18 04:00:00,3315.0,3317.0,3305.4,3306.3,6488.3468,8614
2026-01-18 08:00:00,3306.5,3324.9,3303.0,3321.3,11244.9868,10701
2026-01-18 12:00:00,3321.2,3346.8,3314.0,3333.1,21532.8217,19039
2026-01-18 16:00:00,3333.0,3368.0,3328.5,3345.9,41228.931,24629
2026-01-18 20:00:00,3345.9,3355.6,3277.3,3282.7,103569.8037,47144
2026-01-19 00:00:00,3282.7,3283.6,3175.3,3211.2,226607.4034,125406
2026-01-19 04:00:00,3211.1,3216.0,3186.6,3205.5,38387.2845,26015
2026-01-19 08:00:00,3205.6,3232.0,3196.1,3223.6,119923.5021,71655
2026-01-19 12:00:00,3223.7,3235.6,3203.2,3216.0,39674.5778,34356
2026-01-19 16:00:00,3215.9,3226.8,3207.9,3219.9,19704.0117,20929
2026-01-19 20:00:00,3219.8,3225.6,3161.9,3188.3,164240.9185,78902
2026-01-20 00:00:00,3188.2,3199.2,3174.4,3187.3,36795.7181,40848
2026-01-20 04:00:00,3187.3,3188.1,3106.7,3121.7,118312.1103,70400
2026-01-20 08:00:00,3121.8,3122.1,3084.2,3108.2,61293.5195,36757
2026-01-20 12:00:00,3108.2,3113.6,2993.8,3031.6,184866.0086,80270
2026-01-20 16:00:00,3031.7,3042.1,2980.4,2996.7,191802.6961,89171
2026-01-20 20:00:00,2996.7,3007.0,2923.6,2938.9,128522.3043,80319
2026-01-21 00:00:00,2938.8,2983.6,2921.0,2980.8,60208.0297,39825
2026-01-21 04:00:00,2980.9,3001.0,2964.9,2969.7,32377.7913,24741
2026-01-21 08:00:00,2969.5,2973.8,2937.1,2941.8,37192.6833,35522
2026-01-21 12:00:00,2941.8,3024.6,2900.4,3001.3,375964.0322,132625
2026-01-21 16:00:00,3001.3,3076.1,2865.1,3054.2,403332.2941,135925
2026-01-21 20:00:00,3054.3,3057.1,2971.2,2981.4,167971.5931,60129
2026-01-22 00:00:00,2981.4,3037.4,2979.9,3013.0,64795.4579,37286
2026-01-22 04:00:00,3012.9,3028.0,2999.1,3000.0,38901.2461,19906
2026-01-22 08:00:00,3000.0,3015.8,2977.0,2985.7,30535.8537,22888
2026-01-22 12:00:00,2985.4,3008.7,2893.8,2940.8,302851.6885,112688
2026-01-22 16:00:00,2940.8,2972.1,2922.4,2953.1,153143.3303,76988
2026-01-22 20:00:00,2953.1,2958.6,2929.7,2951.1,88192.023,36376
2026-01-23 00:00:00,2951.2,2971.2,2944.9,2963.3,52217.8099,24121
2026-01-23 04:00:00,2963.4,2984.6,2931.3,2946.3,133988.8954,80335
2026-01-23 08:00:00,2946.3,2948.7,2913.2,2939.1,146294.5109,60626
2026-01-23 12:00:00,2939.1,2962.7,2890.0,2950.5,150916.3919,51409
2026-01-23 16:00:00,2950.6,3017.6,2938.1,2958.2,205608.736,65003
2026-01-23 20:00:00,2958.3,2962.6,2929.1,2954.9,55792.3439,23372
2026-01-24 00:00:00,2955.0,2968.5,2947.4,2961.2,30025.3647,13302
2026-01-24 04:00:00,2961.3,2964.4,2952.6,2955.8,11849.4286,10259
2026-01-24 08:00:00,2955.8,2963.5,2953.7,2960.0,9742.4842,7418
2026-01-24 12:00:00,2959.8,2966.8,2942.1,2955.3,42590.8337,16580
2026-01-24 16:00:00,2955.4,2967.3,2949.9,2952.6,24112.0712,11042
2026-01-24 20:00:00,2952.7,2963.3,2947.8,2951.5,26990.979,11086
2026-01-25 00:00:00,2951.4,2959.3,2936.0,2941.2,12560.8551,9233
2026-01-25 04:00:00,2941.1,2948.4,2932.6,2938.2,29936.2922,11165
2026-01-25 08:00:00,2938.2,2946.5,2920.6,2936.2,14747.8173,14049
2026-01-25 12:00:00,2936.2,2944.0,2920.9,2925.3,57264.7507,17083
2026-01-25 16:00:00,2925.3,2926.3,2794.0,2810.4,336053.4863,103537
2026-01-25 20:00:00,2810.3,2823.5,2785.2,2815.8,132402.1971,45487
2026-01-26 00:00:00,2815.7,2896.5,2811.2,2849.6,92829.5299,39304
2026-01-26 04:00:00,2849.6,2909.7,2848.7,2903.0,41719.4179,21420
2026-01-26 08:00:00,2903.2,2933.0,2879.3,2890.6,63962.9757,26800
2026-01-26 12:00:00,2890.7,2949.1,2874.6,2897.7,150940.2546,48953
2026-01-26 16:00:00,2897.7,2935.8,2884.1,2921.6,90671.8003,45528
2026-01-26 20:00:00,2921.6,2944.3,2894.3,2928.8,103270.446,37248
2026-01-27 00:00:00,2928.8,2947.6,2911.1,2940.3,32088.9621,20605
2026-01-27 04:00:00,2940.4,2955.8,2923.5,2928.4,17883.1661,15947
2026-01-27 08:00:00,2928.3,2931.2,2899.2,2916.5,18670.6948,15501
2026-01-27 12:00:00,2916.4,2941.4,2904.5,2936.8,119904.4544,39270
2026-01-27 16:00:00,2936.7,2997.0,2916.7,2978.9,177440.5798,62913
2026-01-27 20:00:00,2978.8,3035.2,2977.5,3025.8,198092.4592,59375
2026-01-28 00:00:00,3025.7,3028.9,2995.7,3004.0,56694.8346,27033
2026-01-28 04:00:00,3004.0,3017.1,2992.4,3004.4,35810.5167,18242
2026-01-28 08:00:00,3004.3,3045.6,2985.7,3039.6,210841.6161,46476
2026-01-28 12:00:00,3039.2,3044.9,2982.6,3006.1,84556.0918,50128
2026-01-28 16:00:00,3006.1,3031.4,2988.9,3015.6,204295.8091,74496
2026-01-28 20:00:00,3015.5,3037.3,2995.7,3009.8,70361.3161,27129
2026-01-29 00:00:00,3009.7,3012.6,2943.8,2951.7,87023.5535,41339
2026-01-29 04:00:00,2951.7,2964.6,2937.0,2960.2,28388.1019,17629
2026-01-29 08:00:00,2960.2,2968.6,2922.7,2928.0,145677.0621,36247
2026-01-29 12:00:00,2928.1,2939.3,2796.5,2823.6,184429.8389,81702
2026-01-29 16:00:00,2823.6,2859.8,2753.5,2797.3,393184.3628,112777
2026-01-29 20:00:00,2797.5,2826.0,2788.4,2821.4,77758.7962,39731
2026-01-30 00:00:00,2821.4,2827.5,2679.5,2739.5,264330.3398,95724
2026-01-30 04:00:00,2739.4,2773.9,2695.8,2738.7,122036.4434,49800
2026-01-30 08:00:00,2738.6,2769.7,2708.3,2759.2,87616.7395,35032
2026-01-30 12:00:00,2759.0,2765.7,2693.5,2728.5,193233.3765,75380
2026-01-30 16:00:00,2728.4,2761.3,2634.9,2740.6,328498.6471,106611
2026-01-30 20:00:00,2741.5,2741.7,2665.0,2706.3,184374.58,80086
2026-01-31 00:00:00,2706.4,2714.0,2683.5,2694.9,32976.8753,27241
2026-01-31 04:00:00,2694.9,2704.4,2666.9,2679.9,27616.078,17074
2026-01-31 08:00:00,2679.8,2682.7,2606.7,2639.4,144450.7551,48906
2026-01-31 12:00:00,2639.4,2643.1,2507.2,2533.1,298706.0006,129857
2026-01-31 16:00:00,2533.1,2548.9,2201.3,2380.6,928902.9311,299044
2026-01-31 20:00:00,2380.7,2471.9,2353.0,2449.5,323501.339,125551
2026-02-01 00:00:00,2449.5,2473.7,2428.1,2443.6,97186.0027,74040
2026-02-01 04:00:00,2443.6,2453.2,2392.0,2409.8,78031.0763,43665
2026-02-01 08:00:00,2409.7,2437.8,2374.3,2409.7,100294.8128,51489
2026-02-01 12:00:00,2409.6,2410.3,2285.3,2313.8,244837.4974,117357
2026-02-01 16:00:00,2314.0,2375.7,2282.9,2319.1,170566.9984,91834
2026-02-01 20:00:00,2319.0,2347.5,2220.1,2268.4,254528.8434,128570
2026-02-02 00:00:00,2268.5,2323.4,2162.1,2237.0,352313.1532,150135
2026-02-02 04:00:00,2237.1,2265.7,2156.8,2226.8,252959.2109,125091
2026-02-02 08:00:00,2226.7,2317.3,2226.4,2280.8,156905.5205,96587
2026-02-02 12:00:00,2280.9,2394.6,2280.8,2370.4,223323.9321,106357
2026-02-02 16:00:00,2370.5,2385.0,2325.7,2329.9,114852.9267,62653
2026-02-02 20:00:00,2330.1,2353.4,2311.4,2345.2,55646.9202,42487
2026-02-03 00:00:00,2345.1,2358.0,2283.9,2342.1,69578.0325,55270
2026-02-03 04:00:00,2342.6,2353.6,2297.0,2321.9,60979.3177,44456
2026-02-03 08:00:00,2322.1,2330.9,2263.7,2275.4,99303.5587,51936
2026-02-03 12:00:00,2275.5,2315.9,2250.9,2302.1,181005.2775,76271
2026-02-03 16:00:00,2302.2,2302.2,2108.8,2204.0,475776.4601,185644
2026-02-03 20:00:00,2203.7,2353.9,2186.9,2232.4,380738.1296,168983
2026-02-04 00:00:00,2232.5,2294.4,2222.7,2282.4,146593.217,79657
2026-02-04 04:00:00,2282.5,2292.3,2255.7,2283.3,63540.4548,43171
2026-02-04 08:00:00,2283.3,2285.1,2225.8,2254.2,94484.6325,43674
2026-02-04 12:00:00,2254.3,2262.1,2136.0,2150.8,272806.3535,122433
2026-02-04 16:00:00,2150.7,2193.0,2076.5,2188.0,457912.2026,140217
2026-02-04 20:00:00,2187.9,2191.7,2088.6,2147.9,199482.4984,70592
2026-02-05 00:00:00,2147.9,2172.3,2097.7,2109.9,147188.8028,67254
2026-02-05 04:00:00,2109.8,2125.0,2071.4,2090.5,124689.6045,72861
2026-02-05 08:00:00,2090.5,2148.2,2060.8,2079.0,120689.0492,61543
2026-02-05 12:00:00,2079.0,2109.2,1927.2,1959.9,576753.883,154896
2026-02-05 16:00:00,1959.9,2017.1,1914.6,1927.3,471321.1164,133221
2026-02-05 20:00:00,1927.6,1941.3,1817.9,1825.9,669382.6884,160074
2026-02-06 00:00:00,1825.4,1947.0,1740.7,1890.8,526926.6146,154231
2026-02-06 04:00:00,1890.9,1974.7,1885.0,1898.2,137034.5708,59549
2026-02-06 08:00:00,1898.2,1937.9,1866.0,1932.6,76454.8337,46208
2026-02-06 12:00:00,1932.3,2001.3,1914.4,1978.7,249716.191,78979
2026-02-06 16:00:00,1978.8,2090.1,1970.3,2065.0,315758.4184,99131
2026-02-06 20:00:00,2064.8,2091.7,2041.7,2062.0,151487.7702,69962
2026-02-07 00:00:00,2061.9,2084.5,2031.4,2079.5,87171.2004,35470
2026-02-07 04:00:00,2079.3,2117.8,1993.6,2027.4,219545.0021,57506
2026-02-07 08:00:00,2027.2,2031.6,1998.6,2017.7,45201.502,23969
2026-02-07 12:00:00,2017.5,2074.3,2008.4,2050.8,90210.5306,40992
2026-02-07 16:00:00,2051.2,2121.0,2012.0,2090.4,446051.1572,113370
2026-02-07 20:00:00,2090.0,2111.5,2072.0,2085.8,57139.5045,29763
2026-02-08 00:00:00,2085.9,2105.9,2075.4,2077.5,33738.675,19936
2026-02-08 04:00:00,2077.5,2087.7,2065.3,2083.2,23941.8778,16451
2026-02-08 08:00:00,2083.2,2135.3,2076.7,2131.1,79181.5122,35524
2026-02-08 12:00:00,2131.1,2143.6,2096.6,2107.3,53765.7428,27410
2026-02-08 16:00:00,2107.4,2128.1,2071.1,2125.3,71521.096,28562
2026-02-08 20:00:00,2125.4,2149.7,2072.0,2088.7,83285.4114,30593
2026-02-09 00:00:00,2088.6,2101.8,2053.7,2099.0,80080.1228,26588
2026-02-09 04:00:00,2098.6,2100.0,2063.4,2064.9,81711.0423,20343
2026-02-09 08:00:00,2064.9,2069.6,2012.6,2026.8,189244.4227,38400
2026-02-09 12:00:00,2027.1,2073.0,2007.5,2061.4,151230.1271,45287
2026-02-09 16:00:00,2060.9,2143.0,2046.4,2130.7,153540.535,47739
2026-02-09 20:00:00,2130.7,2146.5,2088.9,2104.1,101938.6686,29613
2026-02-10 00:00:00,2104.1,2123.7,2052.6,2064.1,98414.9285,32983
2026-02-10 04:00:00,2064.1,2073.5,1997.3,2006.7,112301.7839,58031
2026-02-10 08:00:00,2007.1,2029.6,1994.9,2001.9,103394.1367,34888
2026-02-10 12:00:00,2002.0,2039.1,1987.5,2021.7,217757.7928,69341
2026-02-10 16:00:00,2022.1,2046.0,1994.9,2017.0,129472.1471,51220
2026-02-10 20:00:00,2017.1,2022.0,1996.1,2021.9,66066.9979,24711
2026-02-11 00:00:00,2021.9,2031.3,1996.7,2008.6,42261.7671,22100
2026-02-11 04:00:00,2008.6,2010.4,1938.6,1949.7,113668.8321,47668
2026-02-11 08:00:00,1950.0,1955.4,1931.0,1952.7,39905.089,22621
2026-02-11 12:00:00,1952.8,2014.6,1902.0,1928.2,249265.9359,80939
2026-02-11 16:00:00,1928.0,1958.6,1908.2,1951.3,140950.2008,50275
2026-02-11 20:00:00,1951.2,1987.0,1931.1,1941.5,101342.1782,37925
2026-02-12 00:00:00,1941.4,1976.9,1940.0,1968.0,37299.7074,24301
2026-02-12 04:00:00,1967.7,1982.1,1952.2,1967.3,90199.333,29990
2026-02-12 08:00:00,1967.4,2000.0,1956.7,1988.6,44262.1638,29450
2026-02-12 12:00:00,1988.5,1995.6,1943.7,1947.6,73748.1139,38856
2026-02-12 16:00:00,1947.8,1948.6,1896.7,1924.5,157458.8761,61867
2026-02-12 20:00:00,1924.4,1952.0,1908.2,1946.9,41776.722,24404
2026-02-13 00:00:00,1946.9,1958.3,1927.1,1952.3,36669.5859,21859
2026-02-13 04:00:00,1952.4,1954.6,1923.4,1934.7,60099.647,21468
2026-02-13 08:00:00,1934.7,1968.0,1933.0,1959.4,67960.2107,18887
2026-02-13 12:00:00,1959.4,2049.7,1951.8,2034.3,168499.1877,47046
2026-02-13 16:00:00,2034.3,2071.1,2030.9,2056.7,127779.3285,37078
2026-02-13 20:00:00,2056.9,2058.6,2038.5,2047.6,47148.2574,27317
2026-02-14 00:00:00,2048.0,2056.5,2042.0,2053.6,18489.5643,10376
2026-02-14 04:00:00,2053.6,2059.7,2047.3,2056.2,29322.0193,8954
2026-02-14 08:00:00,2056.2,2105.5,2056.2,2098.4,80416.1126,25222
2026-02-14 12:00:00,2098.4,2098.7,2064.5,2086.5,53170.799,20856
2026-02-14 16:00:00,2086.5,2088.9,2066.6,2086.8,52060.6763,14377
2026-02-14 20:00:00,2087.4,2097.4,2077.8,2085.3,27802.1287,13157
2026-02-15 00:00:00,2085.4,2089.1,2036.1,2058.3,53358.5239,24380
2026-02-15 04:00:00,2058.3,2102.4,2058.2,2090.4,71277.9146,24924
2026-02-15 08:00:00,2090.6,2095.8,2052.9,2060.5,49457.4052,19076
2026-02-15 12:00:00,2060.6,2066.5,1992.6,2010.2,78468.6651,31956
2026-02-15 16:00:00,2010.1,2010.1,1927.7,1941.3,143564.2975,40711
2026-02-15 20:00:00,1941.4,1973.8,1933.2,1965.4,71269.505,29554
2026-02-16 00:00:00,1965.6,1980.2,1948.1,1957.9,69336.381,23046
2026-02-16 04:00:00,1957.7,1977.6,1951.8,1970.2,23467.479,12930
2026-02-16 08:00:00,1970.1,1992.3,1956.3,1975.6,36938.1226,19229
2026-02-16 12:00:00,1975.4,2021.9,1936.9,1955.7,130809.3732,42641
2026-02-16 16:00:00,1955.5,1987.2,1955.4,1973.3,88799.894,26167
2026-02-16 20:00:00,1973.0,2002.6,1970.3,1997.5,47017.7231,18606
2026-02-17 00:00:00,1997.5,2008.6,1980.2,1984.8,49550.1696,19264
2026-02-17 04:00:00,1984.7,1997.3,1963.6,1985.2,88510.1426,20130
2026-02-17 08:00:00,1985.2,1990.1,1961.0,1967.7,68715.8736,19152
2026-02-17 12:00:00,1967.5,2002.2,1941.3,1967.6,150694.6088,48495
2026-02-17 16:00:00,1967.7,2014.6,1952.8,1997.1,216512.8679,56342
2026-02-17 20:00:00,1997.1,2003.1,1986.7,1990.9,44011.9059,19801
2026-02-18 00:00:00,1990.9,1999.5,1968.1,1996.5,72478.6354,23356
2026-02-18 04:00:00,1996.6,2022.3,1992.5,2017.2,40706.8716,19861
2026-02-18 08:00:00,2017.3,2038.2,1975.0,1980.4,59789.1046,30106
2026-02-18 12:00:00,1980.5,2009.5,1952.8,1984.4,114439.7052,43957
2026-02-18 16:00:00,1984.4,1986.7,1922.5,1940.0,134973.4457,43691
2026-02-18 20:00:00,1940.2,1955.6,1934.6,1954.9,56059.4635,22747
2026-02-19 00:00:00,1954.9,1973.7,1949.6,1971.5,34139.8584,24016
2026-02-19 04:00:00,1971.6,1986.6,1963.1,1981.2,35786.814,19351
2026-02-19 08:00:00,1981.1,1981.8,1948.2,1948.4,77808.121,26098
2026-02-19 12:00:00,1948.5,1954.9,1911.3,1925.0,127193.875,51038
2026-02-19 16:00:00,1925.1,1946.7,1905.9,1940.4,64480.5402,38947
2026-02-19 20:00:00,1940.4,1952.4,1934.0,1948.3,49634.6665,18805
2026-02-20 00:00:00,1948.3,1963.3,1946.6,1954.2,34410.285,15116
2026-02-20 04:00:00,1954.2,1967.5,1930.5,1960.2,60733.1019,21508
2026-02-20 08:00:00,1960.2,1972.7,1939.8,1942.6,69867.6508,21851
2026-02-20 12:00:00,1942.7,1980.0,1922.3,1962.5,185059.6029,48897
2026-02-20 16:00:00,1962.8,1979.9,1938.1,1962.5,99158.5254,39931
2026-02-20 20:00:00,1962.5,1973.9,1960.7,1968.1,31111.4667,15385
2026-02-21 00:00:00,1968.1,1969.7,1954.8,1958.2,16771.8324,9468
2026-02-21 04:00:00,1958.3,1965.3,1955.6,1961.9,7637.5658,7011
2026-02-21 08:00:00,1961.8,1988.0,1961.3,1976.4,25600.5574,17770
2026-02-21 12:00:00,1976.4,1995.0,1967.4,1987.5,46306.7672,20490
2026-02-21 16:00:00,1987.4,1994.5,1974.9,1987.5,20367.4474,13047
2026-02-21 20:00:00,1987.4,1989.5,1968.5,1972.6,30232.4846,14024
2026-02-22 00:00:00,1972.4,1982.3,1966.7,1973.8,25401.7002,11620
2026-02-22 04:00:00,1973.8,1978.8,1969.9,1975.2,18510.4932,11091
2026-02-22 08:00:00,1975.3,1982.6,1969.6,1979.9,14876.8948,11127
2026-02-22 12:00:00,1980.0,1980.6,1943.0,1953.0,63572.6902,24559
2026-02-22 16:00:00,1953.0,1954.6,1934.5,1942.8,28055.041,13551
2026-02-22 20:00:00,1942.8,1959.8,1939.1,1957.0,20836.7764,13033
2026-02-23 00:00:00,1957.1,1957.6,1845.5,1861.6,225216.6519,57366
2026-02-23 04:00:00,1861.6,1887.7,1852.9,1884.3,80939.6478,31196
2026-02-23 08:00:00,1884.3,1927.0,1876.1,1914.5,60498.5758,31181
2026-02-23 12:00:00,1914.4,1934.6,1892.0,1895.2,112202.6492,39683
2026-02-23 16:00:00,1894.9,1899.2,1836.6,1856.4,94201.4928,46654
2026-02-23 20:00:00,1856.4,1868.8,1846.3,1855.6,43564.3745,22175
2026-02-24 00:00:00,1855.6,1868.8,1811.6,1830.5,110174.6893,37368
2026-02-24 04:00:00,1831.1,1839.3,1813.1,1824.6,46174.2073,25943
2026-02-24 08:00:00,1824.7,1835.5,1814.4,1826.2,49971.8835,19927
2026-02-24 12:00:00,1826.0,1849.4,1797.2,1846.6,127717.9028,47721
2026-02-24 16:00:00,1846.5,1864.4,1837.7,1851.4,72278.0636,31876
2026-02-24 20:00:00,1851.6,1863.1,1844.4,1850.8,52221.2479,20232
2026-02-25 00:00:00,1851.0,1944.0,1845.7,1905.4,171671.5941,44635
2026-02-25 04:00:00,1905.3,1914.0,1877.0,1892.5,80888.6593,27033
2026-02-25 08:00:00,1892.5,1927.3,1889.3,1925.3,58864.0238,25604
2026-02-25 12:00:00,1925.3,2026.8,1921.7,2012.8,170110.1782,58690
2026-02-25 16:00:00,2012.8,2083.3,2012.3,2070.1,215583.8739,65562
2026-02-25 20:00:00,2070.1,2144.0,2033.9,2056.9,227531.4715,69279
2026-02-26 00:00:00,2057.0,2075.4,2038.4,2053.7,69779.4549,31815
2026-02-26 04:00:00,2053.7,2081.8,2051.0,2052.6,95002.333,29254
2026-02-26 08:00:00,2052.6,2081.9,2044.2,2056.3,48940.6886,23458
2026-02-26 12:00:00,2056.6,2076.0,2010.6,2032.0,125251.0044,49669
2026-02-26 16:00:00,2032.2,2036.7,1974.9,2029.2,144023.6887,53315
2026-02-26 20:00:00,2029.3,2041.3,2018.1,2026.7,41250.3686,27067
2026-02-27 00:00:00,2026.9,2048.5,2000.3,2045.0,64327.3449,25411
2026-02-27 04:00:00,2045.0,2062.5,2021.1,2031.9,59540.2262,24198
2026-02-27 08:00:00,2031.7,2044.6,1952.7,1961.4,81615.1926,36230
2026-02-27 12:00:00,1961.2,1968.0,1938.8,1947.9,112261.9238,41404
2026-02-27 16:00:00,1947.4,1947.7,1906.2,1920.1,98770.8031,39013
2026-02-27 20:00:00,1920.0,1932.5,1885.3,1928.6,78688.3267,27335
2026-02-28 00:00:00,1928.6,1935.9,1919.5,1923.5,47148.9958,14728
2026-02-28 04:00:00,1923.4,1929.9,1835.0,1865.8,138075.2404,41722
2026-02-28 08:00:00,1865.6,1879.8,1843.7,1862.1,72623.3638,29486
2026-02-28 12:00:00,1862.2,1915.2,1861.7,1898.0,127959.8813,41037
2026-02-28 16:00:00,1897.7,1953.8,1886.6,1946.1,111295.6918,41994
2026-02-28 20:00:00,1946.1,1984.5,1938.0,1963.8,99671.4968,46870
2026-03-01 00:00:00,1963.6,2054.1,1943.4,2022.7,133819.847,57322
2026-03-01 04:00:00,2022.6,2029.0,1988.9,2006.5,53453.5636,32145
2026-03-01 08:00:00,2006.4,2009.2,1971.9,1982.2,67438.5054,28327
2026-03-01 12:00:00,1982.1,2026.3,1968.5,1992.2,96055.7191,41067
2026-03-01 16:00:00,1992.2,2008.2,1946.9,1952.7,97054.3808,45370
2026-03-01 20:00:00,1952.6,1968.0,1906.2,1938.4,99329.3561,44471
2026-03-02 00:00:00,1938.4,1988.6,1936.9,1971.5,77269.6735,41833
2026-03-02 04:00:00,1971.6,1981.7,1924.7,1940.1,61240.1557,28499
2026-03-02 08:00:00,1940.1,1965.9,1920.0,1946.6,65592.5678,37606
2026-03-02 12:00:00,1946.7,2064.6,1920.5,2046.4,216669.0787,66438
2026-03-02 16:00:00,2046.5,2088.5,2016.8,2042.9,156724.4953,59296
2026-03-02 20:00:00,2042.4,2057.8,2023.7,2026.5,101684.2785,32532
2026-03-03 00:00:00,2026.5,2040.6,1997.8,2007.6,67086.6029,29871
2026-03-03 04:00:00,2007.8,2018.2,1987.5,1995.8,58931.3219,25401
2026-03-03 08:00:00,1995.7,1999.7,1938.1,1960.4,142785.7631,39749
2026-03-03 12:00:00,1960.4,1989.8,1928.0,1967.9,250694.8756,62250
2026-03-03 16:00:00,1967.9,2013.7,1957.6,1984.9,114704.4291,55429
2026-03-03 20:00:00,1985.2,2000.3,1958.4,1981.8,51427.6073,27180
2026-03-04 00:00:00,1981.7,1997.3,1943.6,1959.9,51310.1693,28559
2026-03-04 04:00:00,1959.7,2009.0,1949.4,2005.6,74632.767,29087
2026-03-04 08:00:00,2006.0,2093.1,1999.9,2054.4,150258.1235,53451
2026-03-04 12:00:00,2054.2,2156.6,2036.2,2149.7,171681.0072,63571
2026-03-04 16:00:00,2149.7,2198.7,2129.1,2176.8,139795.804,60257
2026-03-04 20:00:00,2176.9,2179.2,2115.8,2126.6,87743.8479,38363
2026-03-05 00:00:00,2126.3,2140.2,2106.8,2119.1,49439.5304,30344
2026-03-05 04:00:00,2119.1,2143.7,2095.4,2104.1,48400.169,28882
2026-03-05 08:00:00,2104.2,2162.7,2093.1,2136.9,53116.8434,34811
2026-03-05 12:00:00,2137.0,2141.7,2066.3,2085.5,141252.496,65946
2026-03-05 16:00:00,2085.4,2092.7,2054.0,2073.9,130573.8049,45290
2026-03-05 20:00:00,2073.9,2098.8,2068.2,2072.0,46605.4091,23462
2026-03-06 00:00:00,2072.1,2092.3,2061.5,2083.1,47426.2529,23187
2026-03-06 04:00:00,2083.1,2086.6,2058.4,2082.2,40583.702,22492
2026-03-06 08:00:00,2082.2,2082.2,2045.2,2050.0,66411.0389,29179
2026-03-06 12:00:00,2049.9,2060.6,1965.0,1976.7,187257.7571,67579
2026-03-06 16:00:00,1976.4,1991.6,1955.3,1982.9,102107.3993,39020
2026-03-06 20:00:00,1982.9,1988.6,1968.3,1977.7,67638.3871,23197
2026-03-07 00:00:00,1977.6,1995.0,1971.4,1979.1,31052.6651,15547
2026-03-07 04:00:00,1979.1,1983.0,1963.8,1982.0,20433.7541,13855
2026-03-07 08:00:00,1982.0,1993.7,1974.1,1987.9,44241.5866,16670
2026-03-07 12:00:00,1987.8,1990.0,1968.9,1980.1,52792.1983,17994
2026-03-07 16:00:00,1980.0,1983.1,1946.2,1953.8,59959.0969,22973
2026-03-07 20:00:00,1953.8,1972.7,1953.7,1968.0,43806.5128,17326
2026-03-08 00:00:00,1968.0,1976.2,1933.7,1946.0,43847.7478,19708
2026-03-08 04:00:00,1946.0,1958.7,1928.5,1954.0,32961.347,18248
2026-03-08 08:00:00,1953.9,1979.0,1944.0,1950.0,59706.8818,22331
2026-03-08 12:00:00,1950.0,1953.5,1923.2,1941.9,84293.5533,28862
2026-03-08 16:00:00,1941.9,1968.0,1926.6,1963.3,69932.5122,27298
2026-03-08 20:00:00,1963.3,1969.8,1910.0,1935.9,132102.329,42555
2026-03-09 00:00:00,1935.9,2003.3,1928.3,1976.4,143053.7408,44475
2026-03-09 04:00:00,1976.4,2013.8,1962.4,1982.7,89059.7763,32369
2026-03-09 08:00:00,1982.7,2020.7,1978.3,1991.2,108123.6771,34633
2026-03-09 12:00:00,1991.3,2032.4,1991.3,2021.9,94160.233,40371
2026-03-09 16:00:00,2022.0,2053.0,2004.7,2033.3,82051.5719,36412
2026-03-09 20:00:00,2033.1,2036.2,1988.9,1992.4,66177.1579,27905
2026-03-10 00:00:00,1992.3,2053.3,1990.6,2026.1,86867.9568,32188
2026-03-10 04:00:00,2026.1,2058.7,2025.5,2050.0,51351.6758,26290
2026-03-10 08:00:00,2050.4,2073.0,2050.4,2060.8,58987.0553,28956
2026-03-10 12:00:00,2061.0,2084.6,2007.6,2078.6,102939.9791,55097
2026-03-10 16:00:00,2078.6,2087.7,2026.1,2036.0,117296.5817,48144
2026-03-10 20:00:00,2036.0,2046.6,2018.7,2035.6,40872.7527,24936
2026-03-11 00:00:00,2035.5,2041.2,2016.7,2020.0,41743.7408,22013
2026-03-11 04:00:00,2020.0,2040.0,2006.5,2011.4,47149.9815,22204
2026-03-11 08:00:00,2011.5,2032.8,2008.4,2017.0,58011.2375,25848
2026-03-11 12:00:00,2016.7,2081.4,2011.8,2048.8,162191.8201,53979
2026-03-11 16:00:00,2048.7,2084.9,2046.0,2074.9,58174.6984,31899
2026-03-11 20:00:00,2074.9,2083.1,2045.4,2051.1,57006.0137,19786
2026-03-12 00:00:00,2051.0,2056.7,2016.6,2021.8,70123.7891,24408
2026-03-12 04:00:00,2021.8,2040.3,2018.4,2039.6,32175.9304,15541
2026-03-12 08:00:00,2039.6,2076.0,2037.6,2061.9,56618.0852,27489
2026-03-12 12:00:00,2062.0,2095.9,2036.6,2071.0,168357.9002,63947
2026-03-12 16:00:00,2071.0,2077.0,2043.6,2069.3,105779.5786,43490
2026-03-12 20:00:00,2069.2,2092.4,2054.7,2072.5,64413.0785,25227
2026-03-13 00:00:00,2072.5,2147.4,2069.5,2118.0,101284.8006,46851
2026-03-13 04:00:00,2118.1,2119.1,2089.0,2098.2,39478.5816,23127
2026-03-13 08:00:00,2098.2,2131.4,2090.5,2120.2,73367.8616,33409
2026-03-13 12:00:00,2120.2,2206.2,2119.6,2127.0,200490.057,79848
2026-03-13 16:00:00,2127.2,2141.9,2090.2,2101.3,88571.3531,46078
2026-03-13 20:00:00,2101.3,2115.7,2077.3,2091.6,47654.9219,24298
2026-03-14 00:00:00,2091.4,2102.0,2080.5,2100.3,31076.9223,19248
2026-03-14 04:00:00,2100.3,2104.8,2067.8,2076.5,30133.3559,17148
2026-03-14 08:00:00,2076.4,2079.8,2060.7,2072.9,27430.1768,15861
2026-03-14 12:00:00,2072.7,2079.5,2068.5,2073.6,27922.0941,13027
2026-03-14 16:00:00,2073.5,2078.2,2068.0,2076.3,14474.0881,10125
2026-03-14 20:00:00,2076.3,2098.1,2075.0,2095.4,28938.6537,14523
2026-03-15 00:00:00,2095.5,2108.0,2082.2,2095.4,33148.7467,22654
2026-03-15 04:00:00,2095.4,2114.7,2095.3,2105.0,23626.1281,14957
2026-03-15 08:00:00,2105.1,2122.5,2105.0,2119.0,26840.6533,15103
2026-03-15 12:00:00,2119.0,2119.3,2085.2,2092.8,69273.6471,18670
2026-03-15 16:00:00,2092.8,2117.5,2087.8,2112.4,60172.8406,21153
2026-03-15 20:00:00,2112.4,2202.6,2108.5,2177.3,152268.7241,49997
2026-03-16 00:00:00,2177.4,2251.2,2163.8,2234.8,115420.4061,42661
2026-03-16 04:00:00,2234.9,2287.1,2234.9,2247.8,105106.2299,41657
2026-03-16 08:00:00,2248.1,2278.8,2234.4,2268.9,57011.4487,30984
2026-03-16 12:00:00,2268.9,2307.5,2254.1,2271.5,173533.786,71166
2026-03-16 16:00:00,2272.0,2347.2,2268.8,2329.6,159240.9903,59025
2026-03-16 20:00:00,2329.6,2383.7,2322.1,2350.9,212616.8427,64857
2026-03-17 00:00:00,2351.0,2374.5,2306.8,2318.7,172081.6822,63018
2026-03-17 04:00:00,2318.7,2336.8,2295.5,2326.7,77563.9305,37203
2026-03-17 08:00:00,2326.7,2333.9,2303.8,2325.9,48396.9785,38009
2026-03-17 12:00:00,2325.9,2356.5,2302.7,2314.9,159035.7202,56651
2026-03-17 16:00:00,2314.9,2341.6,2311.3,2319.3,41291.7052,28080
2026-03-17 20:00:00,2319.2,2344.2,2315.5,2316.1,44622.415,22949
2026-03-18 00:00:00,2316.1,2348.3,2306.3,2339.8,49886.6056,24134
2026-03-18 04:00:00,2339.7,2340.9,2311.1,2316.5,28167.702,17628
2026-03-18 08:00:00,2316.6,2332.3,2261.8,2268.2,110875.2062,36188
2026-03-18 12:00:00,2268.1,2269.2,2168.4,2186.8,337173.923,80546
2026-03-18 16:00:00,2186.8,2219.0,2166.6,2185.1,125965.7204,54223
2026-03-18 20:00:00,2185.1,2206.0,2151.6,2202.4,107998.1867,36319
2026-03-19 00:00:00,2202.5,2232.7,2186.3,2211.0,83324.0768,31188
2026-03-19 04:00:00,2210.9,2211.5,2142.0,2165.0,72229.7447,34691
2026-03-19 08:00:00,2165.1,2190.3,2156.8,2165.3,81551.0034,33395
2026-03-19 12:00:00,2165.4,2165.8,2096.6,2117.7,232503.9004,74203
2026-03-19 16:00:00,2117.8,2156.9,2103.6,2140.7,145764.22,53075
2026-03-19 20:00:00,2140.6,2154.8,2130.4,2136.9,66884.9339,33249
2026-03-20 00:00:00,2136.9,2160.1,2131.8,2150.4,55497.6809,27144
2026-03-20 04:00:00,2150.4,2159.3,2120.6,2150.3,80393.1685,27865
2026-03-20 08:00:00,2150.2,2176.8,2130.4,2140.4,97022.321,37015
2026-03-20 12:00:00,2140.5,2152.0,2117.6,2133.2,116867.3746,52119
2026-03-20 16:00:00,2133.1,2143.1,2116.1,2131.3,62546.1376,39298
2026-03-20 20:00:00,2131.7,2166.0,2122.9,2145.4,55507.6633,25202
2026-03-21 00:00:00,2145.2,2159.1,2143.0,2152.3,28715.5365,13105
2026-03-21 04:00:00,2152.2,2160.0,2149.5,2154.4,14453.081,9811
2026-03-21 08:00:00,2154.5,2157.6,2148.4,2156.1,20099.0416,12034
2026-03-21 12:00:00,2156.1,2167.6,2145.4,2154.1,38513.8715,16592
2026-03-21 16:00:00,2154.2,2154.6,2141.6,2151.2,20893.6767,9999
2026-03-21 20:00:00,2151.1,2156.0,2069.3,2083.1,94813.4934,25772
2026-03-22 00:00:00,2083.1,2125.6,2048.5,2112.5,182702.2972,45591
2026-03-22 04:00:00,2112.8,2121.7,2092.0,2092.4,79509.9512,22010
2026-03-22 08:00:00,2092.5,2094.3,2065.8,2068.7,61073.3483,26949
2026-03-22 12:00:00,2068.5,2091.6,2067.1,2081.6,73051.9732,22519
2026-03-22 16:00:00,2081.6,2083.5,2052.9,2061.8,67725.5704,20799
2026-03-22 20:00:00,2061.9,2072.6,2024.5,2052.5,181320.6009,50508
2026-03-23 00:00:00,2052.5,2070.8,2034.0,2051.1,57415.0301,31967
2026-03-23 04:00:00,2051.2,2071.0,2022.0,2043.4,60028.5147,30254
2026-03-23 08:00:00,2043.4,2197.8,2028.0,2133.1,234046.2916,70977
2026-03-23 12:00:00,2133.2,2191.2,2106.8,2127.3,213250.2207,73245
2026-03-23 16:00:00,2127.2,2176.9,2116.7,2153.4,108956.9776,42103
2026-03-23 20:00:00,2153.3,2165.7,2140.1,2151.0,40976.1086,20930
2026-03-24 00:00:00,2150.9,2155.0,2123.1,2140.6,60927.274,28194
2026-03-24 04:00:00,2140.6,2169.6,2127.6,2164.6,48534.1496,25104
2026-03-24 08:00:00,2164.6,2174.6,2145.9,2164.9,53587.4797,23530
2026-03-24 12:00:00,2164.9,2169.4,2119.8,2134.4,116650.128,44963
2026-03-24 16:00:00,2134.3,2139.5,2102.2,2116.0,96465.1106,34745
2026-03-24 20:00:00,2115.7,2163.2,2114.5,2155.4,69483.7188,29304
2026-03-25 00:00:00,2155.5,2168.3,2146.5,2157.5,34171.17,19377
2026-03-25 04:00:00,2157.6,2179.0,2155.7,2163.6,62928.9295,24030
2026-03-25 08:00:00,2163.6,2198.6,2163.5,2185.7,147572.5213,45245
2026-03-25 12:00:00,2185.5,2197.3,2146.9,2161.8,118301.036,56256
2026-03-25 16:00:00,2161.8,2185.4,2155.5,2171.7,78782.8406,32550
2026-03-25 20:00:00,2171.9,2182.2,2158.6,2168.1,32054.5257,21551
2026-03-26 00:00:00,2168.2,2171.4,2142.7,2152.1,38800.6295,23103
2026-03-26 04:00:00,2152.2,2153.5,2110.2,2122.5,63338.1143,31641
2026-03-26 08:00:00,2122.5,2125.5,2062.5,2066.8,98350.8243,38572
2026-03-26 12:00:00,2067.0,2091.8,2052.0,2069.4,103644.1512,43642
2026-03-26 16:00:00,2069.3,2069.9,2032.3,2048.9,133173.3076,40699
2026-03-26 20:00:00,2048.2,2079.5,2045.5,2059.4,76098.2561,33281
2026-03-27 00:00:00,2059.4,2075.8,2055.6,2060.3,26944.4137,19754
2026-03-27 04:00:00,2060.3,2070.5,2041.6,2064.8,26529.6165,20871
2026-03-27 08:00:00,2064.9,2068.0,1981.3,1990.3,107509.8857,47892
2026-03-27 12:00:00,1990.4,2009.3,1964.4,1990.0,126523.2783,52019
2026-03-27 16:00:00,1990.0,1996.6,1973.2,1990.7,59650.2154,32040
2026-03-27 20:00:00,1990.5,1994.8,1979.4,1991.8,27769.9333,16036
2026-03-28 00:00:00,1991.7,1994.2,1981.8,1987.7,23570.438,13311
2026-03-28 04:00:00,1987.8,2007.6,1986.0,2006.3,54853.9198,19600
2026-03-28 08:00:00,2006.3,2007.9,1992.2,1997.0,38372.2022,18789
2026-03-28 12:00:00,1996.8,2041.1,1991.7,2026.1,89805.6896,32074
2026-03-28 16:00:00,2026.4,2029.7,2016.1,2020.0,23268.9492,15178
2026-03-28 20:00:00,2019.9,2026.2,1989.2,1993.9,44148.4329,18966
2026-03-29 00:00:00,1993.8,2018.6,1990.6,2010.6,36271.5984,19209
2026-03-29 04:00:00,2010.6,2012.0,1996.8,2005.4,22284.4314,12700
2026-03-29 08:00:00,2005.4,2007.3,1991.0,2002.9,16171.9866,11985
2026-03-29 12:00:00,2003.0,2004.2,1982.9,1992.0,36081.8526,18325
2026-03-29 16:00:00,1992.1,2003.7,1987.0,1995.0,26884.602,15495
2026-03-29 20:00:00,1994.9,2008.6,1935.2,1983.3,129991.4357,41390
2026-03-30 00:00:00,1983.4,2042.8,1979.4,2035.0,86052.9877,42345
2026-03-30 04:00:00,2035.0,2065.0,2035.0,2058.7,49457.2353,28472
2026-03-30 08:00:00,2058.7,2078.9,2048.4,2070.2,66874.5027,30993
2026-03-30 12:00:00,2070.4,2086.0,2043.6,2073.6,79051.202,38587
2026-03-30 16:00:00,2073.8,2074.3,2011.9,2023.0,118953.4705,38132
2026-03-30 20:00:00,2023.0,2047.8,2012.7,2025.5,48193.384,23753
2026-03-31 00:00:00,2025.5,2090.1,2015.0,2066.0,76504.2583,34974
2026-03-31 04:00:00,2066.0,2071.7,2041.0,2055.0,106330.7178,48760
2026-03-31 08:00:00,2055.1,2058.3,2010.7,2040.1,127954.1506,38428
2026-03-31 12:00:00,2040.4,2090.9,2034.8,2053.8,161650.152,57343
2026-03-31 16:00:00,2053.7,2122.4,2053.2,2095.9,190551.1685,61187
2026-03-31 20:00:00,2095.9,2109.0,2088.0,2104.0,116052.4584,29321
2026-04-01 00:00:00,2103.9,2116.0,2082.0,2102.1,74887.0325,31658
2026-04-01 04:00:00,2101.9,2156.1,2099.2,2129.9,160813.772,55709
2026-04-01 08:00:00,2130.0,2142.0,2123.9,2134.5,74733.2841,31260
2026-04-01 12:00:00,2134.5,2146.4,2107.8,2134.1,99970.5438,43251
2026-04-01 16:00:00,2134.0,2166.9,2122.7,2139.4,159845.9545,46852
2026-04-01 20:00:00,2139.5,2163.2,2129.0,2138.5,101130.0364,34109
2026-04-02 00:00:00,2138.4,2157.8,2045.6,2054.8,229872.2,60100
2026-04-02 04:00:00,2054.7,2057.0,2038.0,2054.9,73818.5757,30632
2026-04-02 08:00:00,2054.8,2054.9,2025.0,2032.2,38848.213,66029
2026-04-02 12:00:00,2032.2,2071.1,2016.0,2058.5,139355.1973,83353
2026-04-02 16:00:00,2058.6,2073.3,2042.5,2064.1,77073.3178,40384
2026-04-02 20:00:00,2064.1,2073.4,2052.2,2055.9,41631.8637,18858
2026-04-03 00:00:00,2056.0,2061.6,2040.0,2053.3,32171.6935,16338
2026-04-03 04:00:00,2053.2,2074.3,2046.7,2064.6,28028.5482,17168
2026-04-03 08:00:00,2064.7,2070.9,2052.1,2062.0,30179.1026,13848
2026-04-03 12:00:00,2062.0,2080.0,2040.7,2050.1,46473.9825,25966
2026-04-03 16:00:00,2050.2,2055.6,2042.5,2051.9,37421.9813,14825
2026-04-03 20:00:00,2051.9,2059.6,2048.0,2052.8,16528.435,9997
2026-04-04 00:00:00,2052.7,2052.9,2046.9,2049.0,4399.9116,6207
2026-04-04 04:00:00,2049.2,2057.1,2047.5,2052.7,7667.2433,7401
2026-04-04 08:00:00,2052.8,2054.4,2047.0,2050.9,16346.2854,8876
2026-04-04 12:00:00,2051.0,2060.0,2043.7,2055.4,23261.5103,13427
2026-04-04 16:00:00,2055.3,2083.6,2052.1,2063.7,42892.8344,17881
2026-04-04 20:00:00,2063.8,2071.2,2059.0,2064.5,18508.946,12832
2026-04-05 00:00:00,2064.5,2064.7,2053.2,2055.4,11881.521,9552
2026-04-05 04:00:00,2055.5,2057.2,2026.3,2036.3,35348.4296,16694
2026-04-05 08:00:00,2036.2,2051.7,2034.7,2041.5,13504.9864,11950
2026-04-05 12:00:00,2041.4,2068.6,2021.0,2052.7,51505.2667,29632
2026-04-05 16:00:00,2053.0,2068.7,2048.0,2060.9,33032.4613,17407
2026-04-05 20:00:00,2061.0,2122.2,2048.9,2108.7,92112.3219,43743
2026-04-06 00:00:00,2109.0,2144.8,2109.0,2128.1,73136.5927,43497
2026-04-06 04:00:00,2128.1,2139.9,2119.1,2134.2,50592.6389,26890
2026-04-06 08:00:00,2134.2,2172.7,2132.5,2150.2,63174.7025,38310
2026-04-06 12:00:00,2150.2,2168.1,2136.8,2163.4,80988.8712,52414
2026-04-06 16:00:00,2163.5,2167.5,2122.7,2143.0,108585.0213,46501
2026-04-06 20:00:00,2143.3,2153.5,2087.3,2106.4,84042.0254,39001
2026-04-07 00:00:00,2106.2,2118.9,2091.7,2107.3,80818.691,32823
2026-04-07 04:00:00,2107.2,2118.5,2095.9,2102.9,19897.5987,19369
2026-04-07 08:00:00,2102.9,2132.2,2081.2,2088.4,99136.7117,42351
2026-04-07 12:00:00,2088.4,2092.3,2060.0,2079.4,118124.682,52842
2026-04-07 16:00:00,2079.2,2115.9,2076.6,2113.4,118350.1367,42192
2026-04-07 20:00:00,2113.2,2274.1,2110.0,2239.7,383827.3241,107084
2026-04-08 00:00:00,2239.6,2249.7,2228.0,2233.9,103661.1233,41304
2026-04-08 04:00:00,2233.9,2259.9,2233.9,2253.0,61637.4294,34118
2026-04-08 08:00:00,2253.0,2262.3,2236.9,2246.5,58460.0062,28115
2026-04-08 12:00:00,2246.8,2269.7,2186.2,2215.2,168569.2367,68155
2026-04-08 16:00:00,2215.2,2238.5,2196.5,2210.7,106377.2369,43889
2026-04-08 20:00:00,2210.4,2221.6,2179.2,2189.1,70451.4692,30579
2026-04-09 00:00:00,2189.0,2192.8,2161.0,2181.4,42818.2672,25850
2026-04-09 04:00:00,2181.3,2188.0,2174.3,2180.0,26267.0018,16139
2026-04-09 08:00:00,2180.0,2200.0,2175.5,2178.8,73198.6272,30054
2026-04-09 12:00:00,2178.8,2224.0,2156.7,2217.1,138670.4477,55937
2026-04-09 16:00:00,2217.0,2227.9,2192.7,2216.3,138326.5498,54875
2026-04-09 20:00:00,2216.2,2245.8,2182.7,2189.1,87145.7252,35989
2026-04-10 00:00:00,2189.1,2203.3,2177.0,2185.0,39254.9862,22859
2026-04-10 04:00:00,2185.3,2202.4,2175.4,2178.7,24084.1347,16834
2026-04-10 08:00:00,2178.8,2223.4,2176.4,2215.0,46754.2935,24971
2026-04-10 12:00:00,2215.0,2256.0,2207.3,2222.4,123614.6224,57293
2026-04-10 16:00:00,2222.7,2254.7,2220.5,2252.2,79060.8636,34410
2026-04-10 20:00:00,2252.4,2256.0,2235.0,2244.1,39973.168,21925
2026-04-11 00:00:00,2244.1,2250.0,2234.1,2236.0,10795.0885,12912
2026-04-11 04:00:00,2236.0,2242.0,2227.9,2231.8,16463.7294,12120
2026-04-11 08:00:00,2232.0,2248.2,2231.4,2244.9,26909.1586,17670
2026-04-11 12:00:00,2245.0,2254.5,2232.0,2248.7,35647.9445,19527
2026-04-11 16:00:00,2248.7,2329.1,2245.5,2315.2,114901.5579,52753
2026-04-11 20:00:00,2315.2,2316.2,2275.8,2284.0,31447.529,26088
2026-04-12 00:00:00,2284.1,2287.9,2206.0,2212.7,117274.2516,55199
2026-04-12 04:00:00,2212.7,2219.7,2207.7,2217.9,42609.9253,24713
2026-04-12 08:00:00,2217.8,2217.9,2193.1,2203.6,34457.3312,22059
2026-04-12 12:00:00,2203.4,2206.5,2174.7,2185.3,40692.7467,31861
2026-04-12 16:00:00,2185.3,2205.8,2182.3,2196.8,45921.0651,22646
2026-04-12 20:00:00,2196.8,2216.8,2183.0,2190.3,53397.5097,31834
2026-04-13 00:00:00,2190.5,2207.5,2186.3,2193.1,30039.2398,19752
2026-04-13 04:00:00,2193.2,2200.7,2181.5,2185.5,30189.6093,17303
2026-04-13 08:00:00,2185.5,2193.9,2177.5,2186.3,32934.6297,17345
2026-04-13 12:00:00,2186.3,2235.0,2174.1,2208.1,134150.8449,55774
2026-04-13 16:00:00,2208.1,2267.4,2199.3,2261.4,119099.1779,51294
2026-04-13 20:00:00,2261.3,2391.7,2246.8,2368.2,183647.4277,79817
2026-04-14 00:00:00,2368.2,2376.4,2353.7,2364.2,52952.4723,30114
2026-04-14 04:00:00,2364.3,2388.1,2353.7,2376.7,36076.8701,25791
2026-04-14 08:00:00,2376.7,2394.5,2366.1,2373.1,59571.5393,31181
2026-04-14 12:00:00,2373.1,2413.8,2329.4,2362.9,278761.4498,89206
2026-04-14 16:00:00,2362.9,2369.1,2301.3,2311.4,109215.166,53259
2026-04-14 20:00:00,2311.3,2330.4,2306.7,2320.9,53483.542,28400
2026-04-15 00:00:00,2320.7,2341.2,2316.1,2327.2,32602.3999,23378
2026-04-15 04:00:00,2327.3,2336.3,2308.0,2314.9,47090.1479,24856
2026-04-15 08:00:00,2315.1,2336.6,2311.2,2335.9,46120.7801,22275
2026-04-15 12:00:00,2336.0,2347.9,2316.6,2330.3,75354.244,39611
2026-04-15 16:00:00,2330.4,2383.0,2328.1,2372.6,124562.9518,49033
2026-04-15 20:00:00,2372.8,2378.8,2346.9,2358.3,85826.9605,35667
2026-04-16 00:00:00,2358.2,2367.7,2344.3,2356.1,25881.6436,18300
2026-04-16 04:00:00,2356.1,2361.9,2334.2,2340.2,23588.4999,17181
2026-04-16 08:00:00,2340.3,2346.8,2326.8,2333.9,54071.6876,24226
2026-04-16 12:00:00,2333.8,2349.6,2283.4,2337.8,152403.3837,59626
2026-04-16 16:00:00,2337.7,2360.6,2308.1,2358.8,102114.1306,45495
2026-04-16 20:00:00,2358.8,2363.4,2334.7,2347.4,50269.1425,24029
2026-04-17 00:00:00,2347.4,2349.7,2322.5,2324.2,21246.5378,17153
2026-04-17 04:00:00,2324.3,2340.7,2316.7,2332.7,25905.5916,16700
2026-04-17 08:00:00,2332.7,2375.0,2331.7,2353.2,48188.82,34637
2026-04-17 12:00:00,2353.5,2455.7,2348.2,2440.1,222049.7123,98357
2026-04-17 16:00:00,2440.4,2462.5,2413.6,2426.1,110753.406,46824
2026-04-17 20:00:00,2426.1,2440.1,2413.6,2417.1,30142.4848,22312
2026-04-18 00:00:00,2417.1,2426.0,2398.8,2403.4,20605.7362,16062
2026-04-18 04:00:00,2403.5,2411.9,2398.4,2402.4,13032.061,11104
2026-04-18 08:00:00,2402.3,2403.5,2342.7,2351.6,57110.6384,33040
2026-04-18 12:00:00,2351.5,2367.6,2344.0,2361.8,38431.2884,18797
2026-04-18 16:00:00,2361.8,2373.2,2337.2,2346.9,42686.9922,20765
2026-04-18 20:00:00,2347.0,2357.7,2343.1,2348.9,23316.2322,12489
2026-04-19 00:00:00,2348.9,2353.9,2330.7,2338.4,25188.7307,16563
2026-04-19 04:00:00,2338.4,2344.5,2296.8,2314.2,47702.1617,24740
2026-04-19 08:00:00,2314.2,2329.6,2304.4,2327.7,54042.7249,23495
2026-04-19 12:00:00,2327.7,2348.4,2314.3,2329.1,61301.5411,27559
2026-04-19 16:00:00,2329.2,2329.4,2286.7,2298.7,144009.9016,45682
2026-04-19 20:00:00,2298.7,2298.8,2251.0,2261.3,124529.9724,49818
2026-04-20 00:00:00,2261.3,2293.4,2259.0,2285.5,58163.8949,29674
2026-04-20 04:00:00,2285.4,2332.0,2262.4,2296.8,80018.0408,37912
2026-04-20 08:00:00,2296.8,2318.9,2288.5,2307.3,36560.4904,28661
2026-04-20 12:00:00,2307.3,2325.0,2277.7,2312.4,144520.3581,59186
2026-04-20 16:00:00,2312.7,2343.0,2296.2,2330.5,86491.4374,37781
2026-04-20 20:00:00,2330.6,2345.9,2306.1,2312.1,44895.07,26869
2026-04-21 00:00:00,2312.1,2324.8,2298.0,2310.5,61645.8265,21369
2026-04-21 04:00:00,2310.4,2325.7,2303.2,2317.0,35968.6557,20397
2026-04-21 08:00:00,2317.0,2337.1,2312.6,2318.8,42093.8616,22770
2026-04-21 12:00:00,2319.1,2328.0,2290.0,2309.0,131833.333,55552
2026-04-21 16:00:00,2308.9,2330.0,2283.8,2296.5,142059.4602,50734
2026-04-21 20:00:00,2297.0,2328.6,2295.3,2326.3,95544.1635,30508
2026-04-22 00:00:00,2326.4,2378.1,2312.6,2363.1,100943.918,40884
2026-04-22 04:00:00,2363.1,2412.1,2357.6,2388.6,68149.4896,38625
2026-04-22 08:00:00,2388.6,2399.7,2381.6,2397.2,22878.1824,17261
2026-04-22 12:00:00,2397.3,2422.2,2390.4,2401.9,121294.6115,51306
2026-04-22 16:00:00,2402.0,2412.4,2383.3,2396.5,80667.6823,31203
2026-04-22 20:00:00,2396.6,2404.8,2372.6,2372.7,40920.6797,20117
2026-04-23 00:00:00,2372.7,2380.1,2330.8,2339.9,94782.5351,43533
2026-04-23 04:00:00,2339.8,2357.3,2335.8,2342.9,34368.1196,17997
2026-04-23 08:00:00,2342.9,2343.6,2303.9,2328.0,82857.9934,39334
2026-04-23 12:00:00,2328.1,2341.5,2314.3,2331.9,66664.4294,30624
2026-04-23 16:00:00,2332.0,2334.2,2283.9,2311.8,125985.0409,51155
2026-04-23 20:00:00,2311.7,2337.9,2311.6,2328.9,76860.3551,23913
2026-04-24 00:00:00,2328.9,2336.8,2299.8,2307.4,51559.8565,17135
2026-04-24 04:00:00,2307.3,2315.6,2298.8,2310.2,27901.7009,11801
2026-04-24 08:00:00,2310.2,2331.1,2301.5,2326.9,51330.8291,23729
2026-04-24 12:00:00,2326.9,2330.5,2301.0,2322.7,83448.799,32275
2026-04-24 16:00:00,2322.8,2323.7,2307.2,2320.4,34647.886,18581
2026-04-24 20:00:00,2320.4,2327.5,2306.0,2313.8,22447.75,13405
2026-04-25 00:00:00,2313.8,2320.0,2310.2,2317.4,11317.5067,7315
2026-04-25 04:00:00,2317.5,2317.9,2312.2,2315.6,7154.6378,5333
2026-04-25 08:00:00,2315.5,2322.3,2310.1,2312.6,17491.5064,10050
2026-04-25 12:00:00,2312.7,2317.9,2303.0,2306.9,29743.7634,9564
2026-04-25 16:00:00,2306.8,2312.9,2300.0,2308.7,17783.5624,10809
2026-04-25 20:00:00,2308.8,2319.6,2308.0,2318.1,13960.1853,7138
2026-04-26 00:00:00,2318.1,2318.3,2304.9,2308.7,8038.1004,6636
2026-04-26 04:00:00,2308.7,2334.2,2308.0,2330.2,22181.3242,12801
2026-04-26 08:00:00,2330.2,2336.3,2328.5,2335.0,12856.463,9279
2026-04-26 12:00:00,2335.0,2351.5,2323.8,2346.8,32394.9678,19009
2026-04-26 16:00:00,2346.8,2374.8,2338.8,2366.1,55657.2232,23329
2026-04-26 20:00:00,2366.1,2378.7,2346.7,2368.4,55447.5939,29612
2026-04-27 00:00:00,2368.5,2403.4,2358.4,2393.7,53542.3066,32190
2026-04-27 04:00:00,2393.6,2394.9,2312.0,2315.0,100892.3876,36609
2026-04-27 08:00:00,2314.8,2324.2,2307.8,2319.4,35417.8094,15811
2026-04-27 12:00:00,2319.3,2328.4,2262.2,2273.4,107129.1334,43239
2026-04-27 16:00:00,2273.4,2291.8,2269.1,2287.8,35120.3804,24583
2026-04-27 20:00:00,2287.8,2307.6,2283.5,2302.3,19108.2471,14940
2026-04-28 00:00:00,2302.4,2309.4,2279.7,2289.5,27016.0715,22514
2026-04-28 04:00:00,2289.5,2295.5,2268.1,2286.3,30590.8821,18400
2026-04-28 08:00:00,2286.4,2290.0,2269.0,2273.9,19133.9967,17103
2026-04-28 12:00:00,2273.9,2284.8,2255.3,2278.7,94919.9447,39462
2026-04-28 16:00:00,2278.6,2304.5,2273.4,2300.9,41736.8687,26073
2026-04-28 20:00:00,2300.8,2304.9,2283.0,2288.8,30060.4569,13793
2026-04-29 00:00:00,2288.9,2316.4,2278.4,2311.1,40103.4574,20912
2026-04-29 04:00:00,2311.2,2341.4,2308.9,2323.0,55372.6767,26095
2026-04-29 08:00:00,2322.9,2345.5,2320.2,2330.5,32621.3707,22961
2026-04-29 12:00:00,2330.6,2330.7,2262.1,2270.8,113415.845,47708
2026-04-29 16:00:00,2271.0,2284.9,2218.0,2232.3,164659.69,59453
2026-04-29 20:00:00,2232.4,2262.4,2229.4,2251.5,82926.1942,30874
2026-04-30 00:00:00,2251.5,2278.2,2234.3,2252.0,76119.4388,31682
2026-04-30 04:00:00,2251.9,2261.4,2230.4,2259.3,48803.8324,22068
2026-04-30 08:00:00,2259.4,2272.4,2250.0,2256.7,82021.9272,32200
2026-04-30 12:00:00,2256.8,2274.5,2244.4,2264.9,118551.9708,34832
2026-04-30 16:00:00,2264.9,2266.2,2250.4,2261.4,52890.0214,20279
2026-04-30 20:00:00,2261.2,2266.2,2251.3,2256.4,35674.0809,15658
2026-05-01 00:00:00,2256.5,2294.0,2256.4,2281.7,42441.6273,19666
2026-05-01 04:00:00,2281.7,2286.0,2271.4,2278.8,21988.8701,12224
2026-05-01 08:00:00,2278.7,2292.6,2275.9,2285.3,41023.647,17878
2026-05-01 12:00:00,2285.2,2324.2,2282.9,2306.9,117085.0392,48759
2026-05-01 16:00:00,2306.8,2313.4,2297.2,2303.9,39555.0097,23016
2026-05-01 20:00:00,2303.9,2304.9,2278.0,2294.7,56721.8104,23557
2026-05-02 00:00:00,2294.7,2307.3,2291.9,2303.4,13283.0596,11384
2026-05-02 04:00:00,2303.4,2306.0,2296.0,2300.2,22547.9162,9178
2026-05-02 08:00:00,2300.2,2306.9,2298.4,2301.2,15306.678,8133
2026-05-02 12:00:00,2301.1,2310.8,2300.2,2307.9,16554.9236,7980
2026-05-02 16:00:00,2308.0,2312.7,2303.2,2310.5,24308.15,9909
2026-05-02 20:00:00,2310.5,2341.9,2309.2,2316.0,47706.9389,19358
2026-05-03 00:00:00,2316.1,2316.6,2298.0,2301.1,18866.1091,12438
2026-05-03 04:00:00,2301.0,2313.0,2296.8,2308.1,13726.717,12633
2026-05-03 08:00:00,2308.1,2326.8,2306.5,2318.6,43193.3546,15893
2026-05-03 12:00:00,2318.5,2335.4,2318.5,2327.4,42023.4562,16854
2026-05-03 16:00:00,2327.5,2336.7,2321.3,2334.7,21063.0701,16395
2026-05-03 20:00:00,2334.7,2355.5,2313.8,2321.7,74013.8186,38086
2026-05-04 00:00:00,2321.8,2390.0,2308.4,2383.9,100479.363,54533
2026-05-04 04:00:00,2383.9,2397.9,2353.2,2361.9,52844.1002,28170
2026-05-04 08:00:00,2361.8,2370.4,2313.3,2336.4,91908.6607,42498
2026-05-04 12:00:00,2336.4,2380.7,2324.7,2349.0,108056.0428,50848
2026-05-04 16:00:00,2349.0,2378.3,2335.7,2355.4,70922.6311,38096
2026-05-04 20:00:00,2355.4,2364.3,2343.2,2346.0,20982.1452,17552
2026-05-05 00:00:00,2345.9,2388.3,2343.9,2381.5,44800.764,26080
2026-05-05 04:00:00,2381.5,2389.2,2366.3,2379.7,43348.5025,22328
2026-05-05 08:00:00,2379.5,2383.4,2366.0,2378.6,27903.0484,18462
2026-05-05 12:00:00,2378.6,2398.4,2367.5,2380.2,128890.4385,48235
2026-05-05 16:00:00,2380.2,2382.5,2358.3,2370.7,58499.9355,25365
2026-05-05 20:00:00,2370.8,2387.5,2352.9,2359.3,87721.6319,33101
2026-05-06 00:00:00,2359.3,2379.9,2353.2,2375.6,59302.5746,24483
2026-05-06 04:00:00,2375.5,2378.3,2353.3,2370.8,48591.6787,25458
2026-05-06 08:00:00,2370.8,2423.8,2368.6,2409.7,194784.0833,59693
2026-05-06 12:00:00,2409.8,2413.7,2337.9,2358.1,177019.7028,70962
2026-05-06 16:00:00,2358.2,2366.5,2336.3,2348.0,50524.0385,30568
2026-05-06 20:00:00,2348.0,2356.3,2337.0,2350.2,44595.8371,18340
2026-05-07 00:00:00,2350.2,2351.7,2312.8,2321.1,76207.7462,30242
2026-05-07 04:00:00,2321.1,2345.9,2316.6,2343.4,40141.4731,19353
2026-05-07 08:00:00,2343.5,2345.7,2316.0,2328.9,49807.9043,28975
2026-05-07 12:00:00,2329.0,2335.7,2285.0,2293.6,99625.4299,44463
2026-05-07 16:00:00,2293.9,2303.8,2279.3,2295.6,56086.0106,28912
2026-05-07 20:00:00,2295.6,2302.3,2280.6,2290.6,38561.4089,19723
2026-05-08 00:00:00,2290.7,2293.9,2263.4,2278.0,62812.2844,20681
2026-05-08 04:00:00,2278.0,2283.9,2266.0,2280.3,18344.9849,13383
2026-05-08 08:00:00,2280.3,2296.6,2279.0,2294.5,21597.1001,16467
2026-05-08 12:00:00,2294.4,2300.0,2268.4,2292.5,75892.3633,29928
2026-05-08 16:00:00,2292.4,2321.1,2285.4,2314.9,102928.5791,30951
2026-05-08 20:00:00,2315.0,2318.4,2302.4,2306.8,49181.8234,14964
2026-05-09 00:00:00,2306.8,2320.1,2304.0,2315.1,36791.9422,12690
2026-05-09 04:00:00,2314.9,2325.3,2310.4,2314.2,24330.519,11010
2026-05-09 08:00:00,2314.1,2319.6,2309.2,2314.1,15632.9316,10064
2026-05-09 12:00:00,2314.1,2317.7,2298.8,2316.3,30103.6105,18022
2026-05-09 16:00:00,2316.3,2337.5,2314.1,2331.1,49194.5469,23414
2026-05-09 20:00:00,2331.1,2332.8,2324.0,2326.0,13087.8905,9230
2026-05-10 00:00:00,2326.0,2332.5,2317.7,2327.1,34866.3545,15472
2026-05-10 04:00:00,2327.2,2331.3,2325.6,2327.1,16619.2836,10002
2026-05-10 08:00:00,2327.0,2332.9,2318.3,2322.5,14876.7719,9624
2026-05-10 12:00:00,2322.4,2351.0,2320.6,2347.5,24095.5131,14923
2026-05-10 16:00:00,2347.6,2367.7,2339.8,2365.1,79357.117,32177
2026-05-10 20:00:00,2365.2,2382.3,2310.6,2370.6,132771.9917,52889
2026-05-11 00:00:00,2370.7,2374.3,2319.2,2329.8,71222.8239,34421
2026-05-11 04:00:00,2329.9,2341.0,2326.0,2330.0,16139.1174,13614
2026-05-11 08:00:00,2330.0,2339.1,2326.0,2335.3,19423.4997,12842
2026-05-11 12:00:00,2335.3,2338.2,2302.1,2332.7,82119.9091,36789
2026-05-11 16:00:00,2332.6,2343.5,2322.5,2339.5,51500.1832,23978
2026-05-11 20:00:00,2339.5,2345.3,2334.4,2339.0,32053.0684,14323
2026-05-12 00:00:00,2339.0,2340.0,2293.6,2308.3,55000.7857,24666
2026-05-12 04:00:00,2308.4,2313.4,2290.8,2294.5,30697.1922,18265
2026-05-12 08:00:00,2294.5,2295.1,2278.0,2285.8,51038.9852,25790
2026-05-12 12:00:00,2285.9,2293.3,2255.4,2260.6,85942.3999,47140
2026-05-12 16:00:00,2260.5,2286.5,2255.2,2283.7,41561.8576,29404
2026-05-12 20:00:00,2283.7,2290.2,2272.8,2273.7,19205.1457,19959
2026-05-13 00:00:00,2273.7,2303.5,2272.4,2301.2,63025.6762,27898
2026-05-13 04:00:00,2301.3,2308.1,2295.3,2300.6,14011.8765,14220
2026-05-13 08:00:00,2300.6,2323.2,2298.1,2301.3,38286.4322,21083
2026-05-13 12:00:00,2301.3,2306.8,2233.6,2235.8,119278.5649,51909
2026-05-13 16:00:00,2235.8,2267.9,2234.7,2256.1,70406.5442,30524
2026-05-13 20:00:00,2256.1,2263.8,2250.1,2258.0,18660.0817,14666
2026-05-14 00:00:00,2258.0,2269.0,2237.7,2241.3,26218.938,19886
2026-05-14 04:00:00,2241.3,2274.5,2238.5,2264.3,23630.642,17572
2026-05-14 08:00:00,2264.3,2270.0,2251.3,2252.9,51884.8707,22712
2026-05-14 12:00:00,2252.8,2298.5,2245.1,2297.5,84214.4718,38768
2026-05-14 16:00:00,2297.5,2318.7,2292.5,2297.2,79431.5247,41530
2026-05-14 20:00:00,2297.3,2300.3,2279.8,2282.1,33309.9053,20410
2026-05-15 00:00:00,2282.2,2299.3,2259.3,2272.4,80330.2447,34024
2026-05-15 04:00:00,2272.4,2272.7,2236.2,2264.3,50667.8329,27149
2026-05-15 08:00:00,2264.3,2264.6,2249.2,2256.6,26010.8546,16732
2026-05-15 12:00:00,2256.6,2259.3,2204.0,2221.9,194513.9235,57818
2026-05-15 16:00:00,2222.0,2232.0,2217.1,2222.3,64459.8792,25319
2026-05-15 20:00:00,2222.2,2225.3,2213.3,2223.3,31561.5491,10934
2026-05-16 00:00:00,2223.3,2230.5,2222.1,2226.9,25831.5503,9431
2026-05-16 04:00:00,2226.9,2227.7,2180.9,2193.7,80032.8814,25229
2026-05-16 08:00:00,2193.6,2195.7,2161.2,2175.6,63133.2529,28301
2026-05-16 12:00:00,2175.6,2187.5,2171.8,2179.1,71356.2759,19472
2026-05-16 16:00:00,2179.1,2183.5,2169.1,2178.7,15645.7378,11127
2026-05-16 20:00:00,2178.7,2182.1,2178.1,2179.4,16163.2424,9233
2026-05-17 00:00:00,2179.3,2184.6,2166.6,2180.5,44936.5604,16234
2026-05-17 04:00:00,2180.4,2193.8,2180.0,2185.4,25928.3741,12183
2026-05-17 08:00:00,2185.1,2196.8,2182.0,2190.8,25415.0577,12283
2026-05-17 12:00:00,2190.7,2197.2,2177.2,2185.6,31358.0027,15851
2026-05-17 16:00:00,2185.5,2192.7,2175.3,2191.4,33248.4535,13677
2026-05-17 20:00:00,2191.4,2193.8,2089.4,2130.1,160393.3775,43006
2026-05-18 00:00:00,2130.2,2130.8,2103.9,2117.5,64297.6519,37348
2026-05-18 04:00:00,2117.5,2124.8,2109.1,2119.5,37087.7834,16888
2026-05-18 08:00:00,2119.5,2138.7,2109.3,2132.5,51446.8281,23753
2026-05-18 12:00:00,2132.5,2156.1,2092.3,2106.4,192692.0807,62939
2026-05-18 16:00:00,2106.5,2127.8,2077.0,2124.1,150879.767,55466
2026-05-18 20:00:00,2124.0,2143.1,2114.0,2129.7,112120.9514,36182
2026-05-19 00:00:00,2129.7,2146.3,2118.4,2130.3,50358.3479,24110
2026-05-19 04:00:00,2130.2,2144.0,2122.5,2140.0,24229.1254,14022
2026-05-19 08:00:00,2140.1,2140.4,2105.6,2109.8,47450.8983,19039
2026-05-19 12:00:00,2109.8,2126.6,2093.5,2109.2,89359.1992,34049
2026-05-19 16:00:00,2109.3,2124.6,2106.4,2112.3,35577.1614,18408
2026-05-19 20:00:00,2112.4,2119.8,2101.5,2110.8,16125.2312,11708
2026-05-20 00:00:00,2110.9,2117.6,2102.5,2110.5,21386.1176,16376
2026-05-20 04:00:00,2110.6,2135.9,2106.3,2128.8,51171.3574,18801
2026-05-20 08:00:00,2128.7,2137.5,2123.7,2127.6,17094.0325,13020
2026-05-20 12:00:00,2127.6,2148.1,2113.6,2136.0,69944.7696,32838
2026-05-20 16:00:00,2136.0,2148.2,2123.3,2138.3,30807.9825,21266
2026-05-20 20:00:00,2138.5,2140.1,2117.4,2129.1,46791.9073,18939
2026-05-21 00:00:00,2129.0,2156.7,2127.9,2145.4,82966.2247,22917
2026-05-21 04:00:00,2145.5,2148.5,2123.9,2134.7,31530.8151,15256
2026-05-21 08:00:00,2134.5,2147.6,2108.7,2114.0,61190.7553,24336
2026-05-21 12:00:00,2114.1,2137.9,2104.2,2131.9,77416.0202,31457
2026-05-21 16:00:00,2131.9,2153.0,2120.3,2142.7,113168.6204,36870
2026-05-21 20:00:00,2142.7,2143.0,2126.5,2133.1,22917.09,12653
2026-05-22 00:00:00,2133.3,2140.7,2124.7,2137.1,13665.817,12596
2026-05-22 04:00:00,2137.1,2140.9,2121.6,2128.1,17482.005,12061
2026-05-22 08:00:00,2128.0,2133.0,2118.2,2130.2,44131.4682,17641
2026-05-22 12:00:00,2130.3,2137.5,2111.5,2119.1,47648.8455,26081
2026-05-22 16:00:00,2119.0,2129.1,2056.2,2064.7,198500.1656,50491
2026-05-22 20:00:00,2064.6,2078.7,2056.2,2064.8,95934.7978,29466
2026-05-23 00:00:00,2064.9,2071.2,2052.1,2069.9,58174.7726,22703
2026-05-23 04:00:00,2070.0,2070.4,2008.5,2027.6,88225.7219,25210
2026-05-23 08:00:00,2027.5,2034.4,2020.2,2030.4,51241.7572,22460
2026-05-23 12:00:00,2030.4,2067.6,2025.7,2059.0,62721.944,27419
2026-05-23 16:00:00,2058.9,2081.8,2056.0,2076.3,44979.1778,24313
2026-05-23 20:00:00,2076.3,2149.0,2073.7,2116.8,262932.7673,61977
2026-05-24 00:00:00,2116.8,2126.2,2112.4,2118.4,25130.7702,14083
2026-05-24 04:00:00,2118.2,2129.5,2112.9,2120.3,12454.8125,9952
2026-05-24 08:00:00,2120.4,2130.0,2118.5,2124.7,16926.6408,11516
2026-05-24 12:00:00,2125.2,2125.7,2078.5,2094.6,59750.3576,24011
2026-05-24 16:00:00,2094.6,2108.0,2094.0,2099.7,26527.4415,12985
2026-05-24 20:00:00,2099.7,2105.8,2061.4,2098.6,82283.1993,32967
2026-05-25 00:00:00,2098.6,2112.3,2091.0,2094.0,57257.6059,22072
2026-05-25 04:00:00,2094.1,2116.6,2090.9,2115.0,49786.8249,21584
2026-05-25 08:00:00,2115.0,2123.2,2110.7,2113.9,16162.1555,11013
2026-05-25 12:00:00,2114.0,2136.8,2111.4,2126.1,52167.906,18736
2026-05-25 16:00:00,2126.2,2141.0,2115.1,2120.7,27941.3249,13536
2026-05-25 20:00:00,2120.5,2122.2,2101.0,2112.4,51216.1971,13604
2026-05-26 00:00:00,2112.4,2113.2,2084.0,2092.5,97005.0868,22870
2026-05-26 04:00:00,2092.6,2104.1,2088.0,2094.7,21427.7528,10112
2026-05-26 08:00:00,2094.8,2137.1,2093.4,2119.9,61232.8654,18916
2026-05-26 12:00:00,2119.9,2140.0,2077.6,2086.4,110614.0926,38883
2026-05-26 16:00:00,2086.4,2088.6,2053.6,2073.3,68912.0779,33191
2026-05-26 20:00:00,2073.3,2077.8,2064.8,2072.6,28471.3719,12868
2026-05-27 00:00:00,2072.7,2083.1,2068.0,2068.6,26456.3944,16237
2026-05-27 04:00:00,2068.6,2083.3,2055.0,2082.9,40113.3211,19265
2026-05-27 08:00:00,2082.8,2095.8,2077.3,2079.7,37093.4634,18742
2026-05-27 12:00:00,2079.9,2096.2,2051.4,2070.9,100693.2488,40008
2026-05-27 16:00:00,2071.1,2073.8,2042.6,2056.7,54080.8832,25934
2026-05-27 20:00:00,2056.7,2065.2,2015.2,2023.9,127516.7952,37945
2026-05-28 00:00:00,2023.8,2028.4,1970.7,1980.5,113694.3633,40786
2026-05-28 04:00:00,1980.6,1995.8,1966.6,1994.2,74030.7991,31488
2026-05-28 08:00:00,1994.2,1997.1,1983.7,1988.7,24814.883,17713
2026-05-28 12:00:00,1988.7,2005.5,1966.7,1989.7,122261.0889,40916
2026-05-28 16:00:00,1989.7,2029.3,1984.2,2013.4,111465.5609,37950
2026-05-28 20:00:00,2013.4,2024.1,2004.3,2009.2,45230.9475,16079
2026-05-29 00:00:00,2009.2,2016.9,1997.0,2002.3,37427.0491,15877
2026-05-29 04:00:00,2002.3,2021.1,1997.7,2007.1,41595.3099,14449
2026-05-29 08:00:00,2007.2,2015.7,2001.6,2006.8,23872.7491,12680
2026-05-29 12:00:00,2006.7,2046.7,1976.1,2031.0,214494.4573,54418
2026-05-29 16:00:00,2031.1,2043.9,2003.2,2016.2,140103.462,36784
2026-05-29 20:00:00,2016.2,2023.2,2006.3,2013.7,22424.0666,14494
2026-05-30 00:00:00,2013.7,2022.9,2010.0,2016.0,18827.4288,10193
2026-05-30 04:00:00,2016.1,2020.0,2001.1,2015.2,45434.514,12808
2026-05-30 08:00:00,2015.2,2021.5,2012.9,2016.6,15010.091,7130
2026-05-30 12:00:00,2016.5,2032.7,2016.5,2026.1,78513.3428,15203
2026-05-30 16:00:00,2026.2,2029.5,2018.4,2027.9,19166.1054,10732
2026-05-30 20:00:00,2028.1,2031.1,2019.3,2021.6,18817.7125,10030
2026-05-31 00:00:00,2021.6,2037.2,2019.9,2033.1,19127.4102,10467
2026-05-31 04:00:00,2033.1,2034.5,2022.3,2023.6,12738.9323,9211
2026-05-31 08:00:00,2023.5,2028.4,2014.5,2022.3,22273.3104,10715
2026-05-31 12:00:00,2022.3,2025.7,2005.1,2010.0,58130.7201,17565
2026-05-31 16:00:00,2009.9,2011.6,1993.4,1999.2,31782.5073,15861
2026-05-31 20:00:00,1999.1,2023.1,1999.1,2006.7,56332.1362,18048
2026-06-01 00:00:00,2006.8,2021.5,1991.3,2008.6,72582.4965,23210
2026-06-01 04:00:00,2008.7,2011.3,1971.0,1975.8,64372.2233,27635
2026-06-01 08:00:00,1975.8,1989.6,1971.2,1980.8,30581.9303,21798
2026-06-01 12:00:00,1980.8,1993.8,1954.8,1967.8,150958.3397,59109
2026-06-01 16:00:00,1967.9,2008.8,1957.9,2004.2,72451.1984,33082
2026-06-01 20:00:00,2004.2,2009.0,1984.4,2006.9,65815.0453,28412
2026-06-02 00:00:00,2007.0,2007.0,1961.9,2003.9,99138.1369,32020
2026-06-02 04:00:00,2003.9,2006.6,1973.5,1981.4,77244.4762,29404
2026-06-02 08:00:00,1981.3,1988.9,1966.4,1978.2,58212.0113,28113
2026-06-02 12:00:00,1978.2,1982.3,1889.0,1914.4,267330.5351,83855
2026-06-02 16:00:00,1914.4,1943.3,1882.3,1911.4,160209.8339,58933
2026-06-02 20:00:00,1911.6,1917.8,1838.0,1859.0,118920.5715,52896
2026-06-03 00:00:00,1859.2,1873.4,1816.5,1826.8,122388.6556,42963
2026-06-03 04:00:00,1826.8,1883.9,1826.8,1878.0,94302.0608,42254
2026-06-03 08:00:00,1877.9,1892.0,1869.1,1877.3,74499.4208,31982
2026-06-03 12:00:00,1877.3,1879.0,1835.3,1835.9,118232.395,50963
2026-06-03 16:00:00,1836.2,1843.1,1794.1,1802.6,130319.5055,59430
2026-06-03 20:00:00,1802.5,1850.8,1770.0,1812.3,252124.3612,88044
2026-06-04 00:00:00,1812.3,1819.9,1716.7,1808.6,321015.7257,111210
2026-06-04 04:00:00,1808.7,1817.8,1772.5,1776.6,82243.9879,51453
2026-06-04 08:00:00,1776.6,1782.5,1729.4,1750.6,119689.3609,65445
2026-06-04 12:00:00,1750.6,1793.6,1743.5,1776.3,126579.4407,72901
2026-06-04 16:00:00,1776.3,1786.3,1753.5,1776.1,89782.2381,42707
2026-06-04 20:00:00,1776.0,1782.5,1752.0,1770.3,88414.1347,40541
2026-06-05 00:00:00,1770.1,1773.9,1721.6,1728.5,93271.8996,43827
2026-06-05 04:00:00,1728.7,1746.8,1623.2,1678.3,286549.311,97974
2026-06-05 08:00:00,1678.2,1689.2,1658.4,1662.3,118478.2155,49695
2026-06-05 12:00:00,1662.1,1676.9,1571.0,1582.4,332092.376,116683
2026-06-05 16:00:00,1582.3,1612.1,1539.4,1573.3,440151.1683,121117
2026-06-05 20:00:00,1573.3,1618.4,1556.2,1582.4,191918.8171,62778
2026-06-06 00:00:00,1582.3,1600.7,1554.6,1562.2,56696.1583,36271
2026-06-06 04:00:00,1562.2,1581.1,1504.4,1574.3,179368.7407,66745
2026-06-06 08:00:00,1574.4,1592.4,1534.9,1557.8,85908.8204,40528
2026-06-06 12:00:00,1557.9,1574.2,1544.1,1559.7,82116.1809,34710
2026-06-06 16:00:00,1559.7,1565.6,1546.4,1553.7,46497.862,27583
2026-06-06 20:00:00,1553.9,1569.1,1550.1,1568.8,49868.0618,22972
2026-06-07 00:00:00,1568.9,1599.9,1563.3,1594.2,75446.0992,33244
2026-06-07 04:00:00,1594.0,1622.0,1584.0,1614.4,72516.3882,31014
2026-06-07 08:00:00,1614.4,1647.7,1607.8,1629.4,70048.4407,31327
2026-06-07 12:00:00,1629.5,1639.1,1606.3,1629.3,86540.2516,33707
2026-06-07 16:00:00,1629.3,1636.9,1602.5,1612.2,86247.5469,33253
2026-06-07 20:00:00,1612.0,1720.2,1608.4,1689.4,159747.1971,54924
2026-06-08 00:00:00,1689.6,1711.3,1670.3,1678.8,115854.9277,33176
2026-06-08 04:00:00,1678.8,1680.1,1643.7,1672.9,81156.233,29662
2026-06-08 08:00:00,1672.8,1696.4,1656.5,1683.1,82160.4329,32261
2026-06-08 12:00:00,1683.0,1705.2,1666.9,1690.6,112927.5677,49312
2026-06-08 16:00:00,1690.6,1703.0,1675.0,1683.5,169880.189,38662
2026-06-08 20:00:00,1683.4,1713.8,1677.7,1688.8,130814.7534,38252
2026-06-09 00:00:00,1688.6,1696.6,1654.0,1668.7,212082.6487,40055
2026-06-09 04:00:00,1668.7,1695.9,1663.8,1679.2,53673.4005,24349
2026-06-09 08:00:00,1679.2,1679.9,1664.3,1671.0,36322.4658,19885
2026-06-09 12:00:00,1671.0,1683.1,1633.3,1635.8,250829.7629,61067
2026-06-09 16:00:00,1635.7,1657.4,1609.8,1656.5,236339.1145,58659
2026-06-09 20:00:00,1656.5,1662.3,1629.9,1638.5,57191.3506,25357
2026-06-10 00:00:00,1638.7,1646.0,1620.4,1630.0,105337.8034,33041
2026-06-10 04:00:00,1630.0,1642.8,1615.0,1639.2,58700.0713,27137
2026-06-10 08:00:00,1639.1,1639.9,1605.3,1619.0,58414.387,31547
2026-06-10 12:00:00,1619.1,1667.4,1614.7,1656.9,312424.655,65772
2026-06-10 16:00:00,1657.0,1657.6,1621.6,1629.3,111736.3347,41301
2026-06-10 20:00:00,1629.3,1636.2,1603.4,1620.9,183882.1425,38233
2026-06-11 00:00:00,1621.0,1660.0,1620.9,1653.1,112395.3959,31096
2026-06-11 04:00:00,1653.1,1662.1,1645.4,1653.8,92044.5851,20557
2026-06-11 08:00:00,1653.7,1673.3,1653.7,1665.9,68229.213,19951
2026-06-11 12:00:00,1665.8,1665.9,1635.7,1644.6,100308.8139,35529
2026-06-11 16:00:00,1644.6,1693.7,1632.0,1681.0,236089.2849,51028
2026-06-11 20:00:00,1680.9,1682.6,1666.4,1672.7,76086.9708,19360
2026-06-12 00:00:00,1672.7,1677.3,1660.2,1672.3,21428.5576,14049
2026-06-12 04:00:00,1672.4,1680.9,1651.2,1661.0,31654.0039,15854
2026-06-12 08:00:00,1661.1,1684.7,1661.1,1673.0,52836.6423,20778
2026-06-12 12:00:00,1673.0,1690.8,1652.7,1658.8,203249.6054,45472
2026-06-12 16:00:00,1658.8,1676.7,1656.5,1665.3,190297.7034,33531
2026-06-12 20:00:00,1665.3,1667.2,1658.6,1665.7,17486.2971,12187
2026-06-13 00:00:00,1665.6,1675.3,1662.6,1664.7,26830.9001,10156
2026-06-13 04:00:00,1664.7,1677.2,1661.6,1675.7,14649.8322,8936
2026-06-13 08:00:00,1675.7,1678.9,1672.2,1677.9,10243.7278,9818
2026-06-13 12:00:00,1677.9,1685.8,1676.0,1681.7,44195.3786,15181
2026-06-13 16:00:00,1681.7,1681.8,1670.3,1677.9,33612.2376,16263
2026-06-13 20:00:00,1677.8,1696.4,1673.9,1680.3,45796.1712,14086
2026-06-14 00:00:00,1680.4,1689.6,1678.0,1681.1,8910.955,9084
2026-06-14 04:00:00,1681.1,1682.6,1673.0,1675.2,215983.785,21667
2026-06-14 08:00:00,1675.2,1678.5,1668.4,1673.4,47741.0433,11314
2026-06-14 12:00:00,1673.4,1674.1,1654.6,1662.3,73761.6936,16924
2026-06-14 16:00:00,1662.2,1667.9,1658.7,1665.0,20351.2523,8621
2026-06-14 20:00:00,1665.0,1732.4,1662.3,1725.3,180329.3386,43949
2026-06-15 00:00:00,1725.2,1731.5,1708.8,1720.5,72815.4389,20294
2026-06-15 04:00:00,1720.5,1723.5,1715.6,1716.1,37200.7752,13562
2026-06-15 08:00:00,1716.2,1767.0,1712.0,1764.2,84491.2659,25419
2026-06-15 12:00:00,1764.4,1849.5,1760.0,1845.2,203846.3207,54157
2026-06-15 16:00:00,1845.5,1846.8,1810.8,1820.3,132153.5701,33611
2026-06-15 20:00:00,1820.2,1825.8,1782.4,1795.5,74626.4995,26240
2026-06-16 00:00:00,1795.5,1801.2,1764.1,1778.3,99596.2359,26303
2026-06-16 04:00:00,1778.4,1782.5,1757.8,1773.6,73223.4393,22494
2026-06-16 08:00:00,1773.6,1807.4,1772.7,1799.1,130102.5358,31905
2026-06-16 12:00:00,1799.1,1839.4,1762.4,1782.2,213442.6342,55423
2026-06-16 16:00:00,1782.2,1808.6,1772.0,1794.8,144061.3218,28957
2026-06-16 20:00:00,1794.8,1800.0,1788.5,1792.8,72451.99,20871
2026-06-17 00:00:00,1792.8,1810.0,1779.3,1793.4,45517.1359,20269
2026-06-17 04:00:00,1793.5,1801.3,1778.5,1784.8,56267.2117,17693
2026-06-17 08:00:00,1784.9,1785.9,1757.8,1763.8,99935.5514,28310
2026-06-17 12:00:00,1763.8,1776.4,1740.9,1772.8,112220.4845,40312
2026-06-17 16:00:00,1772.8,1795.1,1728.4,1734.3,170712.0461,57193
2026-06-17 20:00:00,1733.9,1750.9,1724.9,1749.7,62683.4956,22836
2026-06-18 00:00:00,1749.9,1762.5,1740.3,1743.3,48631.1732,20698
2026-06-18 04:00:00,1743.4,1752.8,1721.7,1749.0,69448.2859,28985
2026-06-18 08:00:00,1749.1,1752.9,1738.7,1742.7,56183.59,21973
2026-06-18 12:00:00,1742.7,1752.3,1679.5,1681.8,158253.7484,50450
2026-06-18 16:00:00,1681.6,1707.2,1671.2,1705.0,226702.5411,42883
2026-06-18 20:00:00,1705.2,1716.6,1699.7,1711.1,52630.9214,24339
2026-06-19 00:00:00,1711.1,1719.7,1682.0,1697.2,221698.0868,30392
2026-06-19 04:00:00,1697.2,1702.8,1686.0,1695.1,22638.5129,13885
2026-06-19 08:00:00,1695.2,1699.3,1686.9,1691.2,21918.3404,11920
2026-06-19 12:00:00,1691.4,1711.8,1678.4,1707.2,108538.5922,28478
2026-06-19 16:00:00,1707.3,1711.3,1693.7,1700.8,17968.4121,13234
2026-06-19 20:00:00,1700.9,1714.9,1698.9,1711.2,24323.8993,11680
2026-06-20 00:00:00,1711.3,1718.0,1703.7,1707.9,33391.4349,11615
2026-06-20 04:00:00,1707.9,1732.8,1706.4,1725.5,29654.1559,14919
2026-06-20 08:00:00,1725.5,1731.1,1721.1,1727.1,16451.6536,8405
2026-06-20 12:00:00,1727.1,1750.0,1708.0,1739.6,108030.4894,26390
2026-06-20 16:00:00,1739.6,1740.0,1720.7,1728.4,37696.994,17041
2026-06-20 20:00:00,1728.5,1745.9,1725.8,1740.5,27622.9194,11731
2026-06-21 00:00:00,1740.4,1740.5,1733.2,1737.0,24814.7604,10165
2026-06-21 04:00:00,1737.1,1740.6,1729.1,1731.3,36268.9149,15586
2026-06-21 08:00:00,1731.3,1736.3,1717.6,1724.7,30981.0187,15976
2026-06-21 12:00:00,1724.6,1731.2,1715.5,1729.6,65873.1066,18338
2026-06-21 16:00:00,1729.6,1738.3,1720.7,1733.2,29942.9941,15536
2026-06-21 20:00:00,1733.3,1734.2,1701.6,1706.1,118498.0979,27132
2026-06-22 00:00:00,1706.2,1758.6,1706.1,1729.5,93823.4251,29286
2026-06-22 04:00:00,1729.5,1751.0,1727.2,1745.9,36975.3906,13236
2026-06-22 08:00:00,1746.0,1774.1,1743.1,1767.0,33095.2753,16695
2026-06-22 12:00:00,1767.2,1778.6,1741.2,1743.7,210556.9973,38833
2026-06-22 16:00:00,1743.7,1746.8,1728.2,1734.7,418204.3151,45177
2026-06-22 20:00:00,1734.7,1739.4,1716.5,1727.9,141127.6621,22817
2026-06-23 00:00:00,1727.9,1735.8,1719.8,1728.9,47581.5491,15393
2026-06-23 04:00:00,1728.8,1730.4,1679.9,1680.0,184005.0224,34500
2026-06-23 08:00:00,1680.0,1683.3,1634.1,1659.6,143570.0085,36197
2026-06-23 12:00:00,1659.5,1671.9,1644.2,1658.9,150839.5281,34994
2026-06-23 16:00:00,1658.9,1673.6,1649.3,1662.0,73537.6526,18676
2026-06-23 20:00:00,1662.0,1672.1,1659.4,1666.4,15792.0759,11182
2026-06-24 00:00:00,1666.4,1679.7,1657.2,1665.9,58880.8703,19422
2026-06-24 04:00:00,1666.2,1678.8,1657.8,1671.8,72140.816,21679
2026-06-24 08:00:00,1671.9,1691.1,1655.3,1678.0,67063.1942,19393
2026-06-24 12:00:00,1678.0,1680.2,1616.0,1617.7,145493.6896,46490
2026-06-24 16:00:00,1617.4,1635.0,1551.3,1583.9,270522.0086,64940
2026-06-24 20:00:00,1583.9,1628.0,1579.0,1621.2,92646.6684,33567
2026-06-25 00:00:00,1621.1,1625.5,1613.9,1618.7,43315.3346,17626
2026-06-25 04:00:00,1618.7,1659.0,1616.3,1656.5,66533.1074,23901
2026-06-25 08:00:00,1656.4,1657.9,1627.1,1631.9,42608.1248,19893
2026-06-25 12:00:00,1632.0,1648.1,1531.3,1569.3,304660.3366,84361
2026-06-25 16:00:00,1569.3,1586.7,1554.0,1557.8,131298.0114,40398
2026-06-25 20:00:00,1558.0,1582.4,1555.5,1566.6,95191.2507,31318
2026-06-26 00:00:00,1566.5,1570.6,1511.0,1556.9,262290.5258,60325
2026-06-26 04:00:00,1556.7,1584.9,1542.6,1580.0,76074.8288,36280
2026-06-26 08:00:00,1580.0,1581.0,1540.4,1544.2,57257.0104,29822
2026-06-26 12:00:00,1544.1,1587.4,1520.3,1579.3,220813.3756,68329
2026-06-26 16:00:00,1579.4,1592.8,1569.5,1573.2,60559.5301,31863
2026-06-26 20:00:00,1573.3,1581.8,1567.1,1577.6,17186.1343,14796
2026-06-27 00:00:00,1577.7,1586.0,1570.6,1579.7,17533.0843,12274
2026-06-27 04:00:00,1579.7,1585.5,1574.3,1584.8,16315.935,11426
2026-06-27 08:00:00,1584.8,1584.8,1578.2,1583.1,11041.3224,15054
2026-06-27 12:00:00,1583.1,1609.9,1580.5,1604.8,44037.7139,22647
2026-06-27 16:00:00,1604.8,1606.9,1572.2,1577.5,39220.6554,20048
2026-06-27 20:00:00,1577.4,1584.2,1562.1,1572.9,30551.7434,16121
2026-06-28 00:00:00,1572.9,1579.0,1568.3,1574.1,16877.1755,11857
2026-06-28 04:00:00,1574.1,1576.2,1561.8,1574.8,16288.5037,13210
2026-06-28 08:00:00,1574.9,1584.9,1571.6,1582.0,17127.4545,12116
2026-06-28 12:00:00,1582.0,1587.2,1574.2,1579.6,14959.023,13653
2026-06-28 16:00:00,1579.7,1580.9,1555.7,1563.7,41655.0925,20416
2026-06-28 20:00:00,1563.7,1580.5,1547.6,1570.9,60464.8185,29907
2026-06-29 00:00:00,1571.0,1588.0,1549.3,1583.8,46434.9767,27233
2026-06-29 04:00:00,1583.8,1587.9,1561.3,1579.4,22040.1856,18246
2026-06-29 08:00:00,1579.4,1586.1,1569.4,1574.3,30970.3207,20074
2026-06-29 12:00:00,1574.4,1596.0,1556.8,1579.6,141177.8922,48733
2026-06-29 16:00:00,1579.5,1636.2,1573.0,1624.9,140446.5022,43836
2026-06-29 20:00:00,1624.9,1625.9,1607.0,1612.4,45304.992,19209
2026-06-30 00:00:00,1612.3,1613.4,1585.6,1586.4,41633.6011,22582
2026-06-30 04:00:00,1586.4,1595.1,1578.9,1591.5,52685.7235,12638
2026-06-30 08:00:00,1591.5,1593.4,1575.3,1577.7,43988.3952,53304
2026-06-30 12:00:00,1577.6,1577.6,1549.9,1564.3,268565.3445,50693
2026-06-30 16:00:00,1564.4,1581.3,1561.1,1579.9,64517.5958,20791
2026-06-30 20:00:00,1580.0,1582.4,1565.4,1571.4,32792.487,12402
2026-07-01 00:00:00,1571.4,1598.0,1552.0,1594.1,83611.4452,27286
2026-07-01 04:00:00,1594.2,1602.5,1570.9,1577.6,58571.0722,20223
2026-07-01 08:00:00,1577.5,1584.4,1566.5,1569.2,28235.3498,15626
2026-07-01 12:00:00,1569.1,1630.0,1564.7,1619.4,191126.4276,51320
2026-07-01 16:00:00,1619.6,1628.2,1606.8,1617.4,93192.3132,24541
2026-07-01 20:00:00,1617.3,1645.0,1607.3,1608.6,84634.5959,25822
2026-07-02 00:00:00,1608.9,1642.0,1596.6,1639.0,66558.6244,22674
2026-07-02 04:00:00,1639.0,1639.7,1614.0,1615.6,23829.644,18207
2026-07-02 08:00:00,1615.7,1654.7,1614.8,1650.4,68122.5139,32437
2026-07-02 12:00:00,1650.3,1724.2,1647.4,1697.2,302659.9149,82924
2026-07-02 16:00:00,1697.2,1707.7,1686.8,1700.4,79422.1082,28275
2026-07-02 20:00:00,1700.4,1707.0,1692.5,1701.3,18291.4402,10498
2026-07-03 00:00:00,1701.2,1719.0,1695.2,1706.5,50448.822,19430
2026-07-03 04:00:00,1706.6,1722.6,1702.1,1718.4,44303.2002,14192
2026-07-03 08:00:00,1718.5,1749.7,1716.4,1743.2,101017.9863,35016
2026-07-03 12:00:00,1743.3,1753.3,1729.2,1731.9,106412.5215,29771
2026-07-03 16:00:00,1731.9,1753.7,1728.5,1746.2,35224.8654,15605
2026-07-03 20:00:00,1746.0,1776.3,1744.0,1759.3,64218.7958,24894
2026-07-04 00:00:00,1759.3,1764.7,1744.8,1754.7,34923.9741,14333
2026-07-04 04:00:00,1754.7,1765.3,1752.2,1758.7,18135.685,11508
2026-07-04 08:00:00,1758.7,1765.8,1755.5,1758.4,21975.0254,11798
2026-07-04 12:00:00,1758.4,1799.2,1758.4,1792.1,91952.345,30400
2026-07-04 16:00:00,1792.0,1807.4,1780.3,1793.2,79035.093,28511
2026-07-04 20:00:00,1793.0,1796.2,1772.8,1781.1,27757.422,16267
2026-07-05 00:00:00,1781.2,1781.3,1757.4,1762.3,28455.7213,16890
2026-07-05 04:00:00,1762.3,1773.3,1761.3,1770.7,12888.6539,10094
2026-07-05 08:00:00,1770.8,1773.6,1749.5,1760.7,26854.8514,13167
2026-07-05 12:00:00,1760.5,1781.1,1756.7,1775.2,16886.8025,14094
2026-07-05 16:00:00,1775.2,1786.7,1770.7,1781.9,20698.9957,12258
2026-07-05 20:00:00,1781.8,1809.0,1770.1,1786.3,71554.2574,27565
2026-07-06 00:00:00,1786.2,1799.3,1772.8,1780.2,47450.1216,20676
2026-07-06 04:00:00,1780.1,1785.2,1765.5,1772.9,29573.9615,17536
2026-07-06 08:00:00,1772.9,1778.6,1756.3,1760.2,26444.3937,19349
2026-07-06 12:00:00,1760.1,1789.3,1729.6,1788.7,197252.0853,63161
2026-07-06 16:00:00,1788.8,1805.7,1783.1,1793.4,108963.9117,34724
2026-07-06 20:00:00,1793.3,1834.0,1787.4,1800.4,55392.171,27943
2026-07-07 00:00:00,1800.5,1810.9,1769.2,1771.9,50112.2118,25883
2026-07-07 04:00:00,1772.0,1783.4,1757.8,1771.8,33531.4422,19036
2026-07-07 08:00:00,1771.9,1785.0,1768.8,1780.9,22395.5622,14003
2026-07-07 12:00:00,1780.9,1803.9,1761.5,1798.0,87622.5515,39598
2026-07-07 16:00:00,1798.1,1813.3,1773.9,1790.5,102751.2928,31458
2026-07-07 20:00:00,1790.5,1793.8,1765.9,1772.0,86900.0037,21846
2026-07-08 00:00:00,1771.4,1784.8,1741.5,1751.3,98524.7713,31521
2026-07-08 04:00:00,1751.3,1759.7,1744.7,1756.8,70333.7368,22771
2026-07-08 08:00:00,1756.7,1758.7,1725.6,1747.8,72674.4543,33158
2026-07-08 12:00:00,1747.8,1751.0,1713.0,1722.9,126477.0365,37655
2026-07-08 16:00:00,1722.9,1746.6,1722.7,1740.8,83622.222,26060
2026-07-08 20:00:00,1740.9,1744.8,1731.3,1743.6,48172.7834,14338
2026-07-09 00:00:00,1743.6,1755.7,1722.0,1730.4,60296.3872,23086
2026-07-09 04:00:00,1730.4,1762.0,1730.3,1753.0,58959.7569,22592
2026-07-09 08:00:00,1753.1,1758.5,1741.0,1743.6,32778.6168,17008
2026-07-09 12:00:00,1743.6,1752.0,1733.0,1738.9,75141.1626,27742
2026-07-09 16:00:00,1738.8,1759.3,1730.6,1747.9,89818.6329,20422
2026-07-09 20:00:00,1748.0,1750.6,1741.3,1745.0,35293.4945,10863
2026-07-10 00:00:00,1745.1,1779.4,1737.5,1775.7,81812.8188,23895
2026-07-10 04:00:00,1775.8,1780.1,1768.6,1773.2,30753.582,12800
2026-07-10 08:00:00,1773.2,1802.5,1772.3,1800.9,69600.1927,24066
2026-07-10 12:00:00,1801.0,1811.5,1776.2,1790.0,126787.7488,37016
2026-07-10 16:00:00,1790.0,1798.7,1781.3,1792.0,57154.7558,19301
2026-07-10 20:00:00,1791.9,1797.1,1788.8,1796.5,47083.0653,13032
2026-07-11 00:00:00,1796.4,1798.2,1787.0,1796.3,49737.9139,13400
2026-07-11 04:00:00,1796.1,1802.7,1794.3,1799.3,16074.7793,9365
2026-07-11 08:00:00,1799.2,1802.7,1795.1,1799.8,13203.6868,9332
2026-07-11 12:00:00,1799.7,1827.8,1797.9,1814.3,52071.6602,23786
2026-07-11 16:00:00,1814.3,1829.1,1810.6,1824.5,42329.0457,23465
2026-07-11 20:00:00,1824.4,1829.1,1786.3,1787.2,52888.0666,25360
2026-07-12 00:00:00,1787.2,1812.6,1778.8,1810.9,44599.491,21664
2026-07-12 04:00:00,1811.0,1811.9,1789.3,1798.3,21205.1999,12886
2026-07-12 08:00:00,1798.3,1809.1,1796.7,1803.7,24500.8974,12270
2026-07-12 12:00:00,1803.6,1826.6,1802.9,1821.1,40895.0231,23867
2026-07-12 16:00:00,1821.1,1824.2,1814.6,1821.6,27489.0291,17684
2026-07-12 20:00:00,1821.5,1823.8,1797.0,1806.7,59063.583,22861
2026-07-13 00:00:00,1806.6,1845.8,1774.4,1780.3,299967.9519,70767
2026-07-13 04:00:00,1780.3,1791.2,1774.3,1787.2,51433.1956,20688
2026-07-13 08:00:00,1787.2,1793.2,1777.0,1780.7,26673.5894,11975
2026-07-13 12:00:00,1780.7,1787.0,1763.5,1777.1,162256.9973,37293
2026-07-13 16:00:00,1776.9,1780.7,1750.5,1775.1,230166.7826,34181
2026-07-13 20:00:00,1774.9,1778.3,1752.2,1776.8,132284.0212,26359
2026-07-14 00:00:00,1776.9,1794.9,1773.7,1783.9,48190.684,20011
2026-07-14 04:00:00,1783.6,1792.7,1779.3,1781.0,44961.1052,15923
2026-07-14 08:00:00,1780.9,1805.8,1778.9,1798.4,49623.588,18032
2026-07-14 12:00:00,1798.4,1888.8,1794.6,1875.2,244688.7611,88487
2026-07-14 16:00:00,1875.3,1881.6,1861.5,1876.7,61173.2354,24299
2026-07-14 20:00:00,1876.8,1896.5,1872.1,1891.7,63230.9653,21941
2026-07-15 00:00:00,1891.7,1893.6,1864.1,1876.5,39594.7947,20538
2026-07-15 04:00:00,1876.4,1892.3,1865.0,1870.0,30538.5128,16614
2026-07-15 08:00:00,1870.1,1886.9,1870.0,1884.6,41046.3688,23406
2026-07-15 12:00:00,1884.6,1946.5,1879.1,1932.1,181032.2419,64533
2026-07-15 16:00:00,1932.2,1937.2,1904.1,1923.4,87950.1785,38118
2026-07-15 20:00:00,1923.8,1930.2,1915.3,1918.3,44122.7765,21451
2026-07-16 00:00:00,1918.1,1929.4,1908.7,1918.8,37582.2499,21213
2026-07-16 04:00:00,1918.8,1929.3,1905.6,1911.1,42011.2586,20232
2026-07-16 08:00:00,1911.0,1913.1,1875.6,1885.2,137051.0933,39227
2026-07-16 12:00:00,1885.2,1895.0,1867.1,1882.2,133219.8502,41853
2026-07-16 16:00:00,1882.3,1883.7,1863.5,1876.6,68254.15,29631
2026-07-16 20:00:00,1876.6,1882.2,1857.4,1865.1,48052.1936,40395
2026-07-17 00:00:00,1865.1,1871.4,1843.6,1852.4,86159.7046,33361
2026-07-17 04:00:00,1852.4,1852.9,1820.9,1828.1,71268.2638,29081
2026-07-17 08:00:00,1828.2,1842.7,1821.0,1838.7,57454.9002,26850
2026-07-17 12:00:00,1838.7,1839.9,1803.3,1830.8,115597.869,41679
2026-07-17 16:00:00,1830.8,1856.3,1826.6,1843.6,50746.6874,27553
2026-07-17 20:00:00,1843.8,1846.8,1835.1,1841.6,27807.5689,18103
2026-07-18 00:00:00,1841.6,1846.6,1839.3,1846.0,25541.6649,9053
2026-07-18 04:00:00,1846.1,1849.5,1842.8,1844.5,12215.826,6422
2026-07-18 08:00:00,1844.4,1849.6,1842.5,1845.5,31979.112,11221
2026-07-18 12:00:00,1845.5,1850.7,1837.4,1843.9,20517.6619,12041
2026-07-18 16:00:00,1843.8,1867.1,1841.7,1858.7,71145.195,23230
2026-07-18 20:00:00,1858.6,1865.9,1855.7,1863.0,14037.6963,10075
2026-07-19 00:00:00,1863.0,1877.7,1858.6,1867.7,18211.3584,12553
2026-07-19 04:00:00,1867.7,1872.1,1864.5,1870.2,16747.9444,10048
2026-07-19 08:00:00,1870.1,1879.2,1864.3,1871.5,21397.762,10981
2026-07-19 12:00:00,1871.4,1879.0,1864.6,1871.4,19118.6402,11548
2026-07-19 16:00:00,1871.3,1874.1,1853.5,1862.2,49247.5177,19023
2026-07-19 20:00:00,1862.3,1877.1,1857.1,1872.2,34259.9603,15717
2026-07-20 00:00:00,1872.2,1892.0,1862.5,1879.6,78500.5285,26707
2026-07-20 04:00:00,1879.6,1880.0,1843.0,1863.9,136944.491,33076
2026-07-20 08:00:00,1863.9,1896.6,1853.8,1893.1,62320.746,21962
2026-07-20 12:00:00,1893.2,1904.4,1853.0,1902.0,120419.6619,41491
2026-07-20 16:00:00,1902.1,1918.1,1889.4,1897.5,78806.241,32331
2026-07-20 20:00:00,1897.8,1907.2,1893.8,1904.0,27275.4896,14938
2026-07-21 00:00:00,1904.1,1928.5,1900.2,1927.1,68254.3122,24930
2026-07-21 04:00:00,1927.1,1939.6,1921.8,1933.9,73119.0344,28764
2026-07-21 08:00:00,1933.8,1952.0,1926.6,1935.4,53914.7589,21907
2026-07-21 12:00:00,1935.4,1945.0,1922.9,1931.7,90376.5417,29382
2026-07-21 16:00:00,1931.6,1935.3,1914.8,1923.0,95246.7235,26409
2026-07-21 20:00:00,1923.0,1931.0,1916.1,1929.5,31835.5163,13816
2026-07-22 00:00:00,1929.5,1943.8,1926.6,1928.5,66106.5511,23279
2026-07-22 04:00:00,1928.5,1939.5,1910.4,1913.8,51220.6687,24505
2026-07-22 08:00:00,1913.8,1933.3,1913.5,1927.0,17284.6049,18969
2026-07-22 12:00:00,1927.0,1955.0,1913.4,1942.1,120796.1838,41650
2026-07-22 16:00:00,1942.1,1955.9,1919.3,1924.3,154246.2756,38966
2026-07-22 20:00:00,1924.1,1938.7,1922.2,1933.4,46698.7011,16366
2026-07-23 00:00:00,1933.5,1941.0,1917.3,1919.7,82281.772,21499
2026-07-23 04:00:00,1919.7,1927.8,1912.0,1914.9,31824.7234,14089
2026-07-23 08:00:00,1914.8,1930.7,1913.8,1925.0,44326.7625,14340
2026-07-23 12:00:00,1925.0,1927.1,1882.0,1894.7,126157.6884,44766
2026-07-23 16:00:00,1894.6,1894.7,1868.1,1875.0,97212.5459,29023
2026-07-23 20:00:00,1874.9,1888.3,1873.5,1877.7,78511.9466,19828
2026-07-24 00:00:00,1877.8,1880.6,1859.4,1879.8,64141.3235,21060
2026-07-24 04:00:00,1879.8,1909.3,1872.9,1895.6,40534.6061,17699
2026-07-24 08:00:00,1895.6,1895.6,1876.0,1883.4,42750.2319,22841
2026-07-24 12:00:00,1883.4,1885.3,1847.0,1861.4,181296.3017,44246
2026-07-24 16:00:00,1861.3,1866.3,1852.3,1862.9,53140.4135,17620
2026-07-24 20:00:00,1862.9,1864.5,1856.1,1861.0,25466.1717,11564
2026-07-25 00:00:00,1860.7,1863.7,1854.8,1858.3,17397.2534,10793
2026-07-25 04:00:00,1858.0,1861.9,1853.8,1855.5,9822.3774,7086
2026-07-25 08:00:00,1855.6,1859.4,1850.4,1857.3,16104.6933,16073
2026-07-25 12:00:00,1857.3,1871.2,1856.6,1867.4,33238.3541,21457
2026-07-25 16:00:00,1867.4,1875.8,1864.0,1873.9,33460.7551,15408
2026-07-25 20:00:00,1874.0,1876.0,1866.9,1874.3,13593.0664,7685
2026-07-26 00:00:00,1874.3,1883.4,1873.5,1881.0,10505.7895,11278
2026-07-26 04:00:00,1881.4,1888.8,1877.6,1880.5,16383.2273,9786
2026-07-26 08:00:00,1880.8,1887.5,1878.6,1885.1,20630.2937,8098
2026-07-26 12:00:00,1885.1,1916.1,1881.2,1914.0,55579.0865,21713
2026-07-26 16:00:00,1914.0,1927.6,1907.9,1913.6,46717.1652,25168
2026-07-26 20:00:00,1913.6,1967.9,1910.9,1954.2,98226.2087,41108
2026-07-27 00:00:00,1954.3,1954.9,1936.0,1948.8,66465.794,27620
2026-07-27 04:00:00,1948.9,1980.8,1947.7,1963.8,80692.8891,37556
2026-07-27 08:00:00,1963.9,1971.6,1956.5,1959.2,30550.2204,20764
2026-07-27 12:00:00,1959.2,1976.6,1917.8,1927.2,150623.2916,57026
2026-07-27 16:00:00,1927.0,1954.7,1921.8,1947.4,84539.2825,35662
2026-07-27 20:00:00,1948.0,1949.8,1881.6,1891.6,124681.078,42949
2026-07-28 00:00:00,1891.5,1893.5,1865.2,1880.5,69295.2751,30239
2026-07-28 04:00:00,1880.6,1888.6,1876.0,1882.9,43271.6921,21206
2026-07-28 08:00:00,1883.0,1884.8,1870.8,1875.7,51857.9382,21218
2026-07-28 12:00:00,1875.8,1923.8,1856.3,1919.2,199813.4918,62177
2026-07-28 16:00:00,1919.2,1927.6,1892.6,1920.9,133240.553,44480
2026-07-28 20:00:00,1921.1,1928.1,1903.1,1921.4,69382.9675,24341
2026-07-29 00:00:00,1921.3,1928.1,1890.0,1891.4,44895.1489,26714
2026-07-29 04:00:00,1891.5,1924.3,1883.3,1922.6,70794.3351,26845
2026-07-29 08:00:00,1922.7,1924.8,1909.3,1914.5,34920.1424,15865
2026-07-29 12:00:00,1914.5,1914.5,1886.0,1891.1,57196.345,27418
2026-07-29 16:00:00,1891.0,1936.4,1883.7,1887.4,237973.6116,67212
2026-07-29 20:00:00,1887.8,1912.1,1874.1,1910.0,84157.7176,35394
2026-07-30 00:00:00,1910.0,1920.0,1893.4,1909.1,92382.0577,31200
2026-07-30 04:00:00,1909.1,1909.9,1898.4,1902.2,29653.015,13984
2026-07-30 08:00:00,1902.1,1925.1,1899.3,1922.3,61780.9046,23234
2026-07-30 12:00:00,1922.4,1935.9,1912.7,1917.8,91717.0061,36848
2026-07-30 16:00:00,1917.8,1928.5,1913.4,1922.3,85932.4062,18428
2026-07-30 20:00:00,1922.5,1936.0,1915.2,1917.6,37172.7634,16982
2026-07-31 00:00:00,1917.6,1935.4,1898.8,1908.1,97984.0982,27627
2026-07-31 04:00:00,1908.1,1910.5,1883.6,1889.6,77913.2969,24078
2026-07-31 08:00:00,1889.5,1892.2,1876.4,1883.2,51335.0069,21630
2026-07-31 12:00:00,1883.2,1889.8,1848.0,1861.9,165534.8852,53744
2026-07-31 16:00:00,1862.0,1877.3,1860.0,1866.9,68413.1492,28528
2026-07-31 20:00:00,1867.0,1869.9,1858.5,1861.6,28093.3972,13097
2026-08-01 00:00:00,1861.6,1869.2,1861.5,1868.9,11252.3322,9410
2026-08-01 04:00:00,1868.9,1871.3,1864.2,1868.8,13457.6625,8078
2026-08-01 08:00:00,1868.8,1869.8,1862.1,1865.7,19406.9407,13070
2026-08-01 12:00:00,1865.7,1874.4,1865.6,1869.5,8952.3939,11668
2026-08-01 16:00:00,1869.5,1872.5,1820.7,1836.4,113915.06,35872
2026-08-01 20:00:00,1836.3,1848.3,1832.2,1843.9,35130.9321,23705
2026-08-02 00:00:00,1843.9,1883.5,1843.2,1876.6,76293.6529,30530
2026-08-02 04:00:00,1876.5,1881.7,1874.0,1874.9,12612.4824,11084
2026-08-02 08:00:00,1875.2,1878.6,1848.6,1851.7,66144.9341,17770
2026-08-02 12:00:00,1851.7,1861.9,1851.6,1857.8,48489.2583,17027
2026-08-02 16:00:00,1857.8,1886.5,1855.4,1881.5,25015.8382,18583
2026-08-02 20:00:00,1881.4,1898.6,1875.6,1884.6,54651.0698,21928
2026-08-03 00:00:00,1884.5,1885.4,1850.7,1856.1,46118.8287,17191
2026-08-03 04:00:00,1856.1,1862.3,1839.3,1842.9,51516.3723,16856
2026-08-03 08:00:00,1842.9,1854.0,1827.6,1839.1,59236.33,24601
2026-08-03 12:00:00,1839.1,1873.0,1836.0,1862.4,83546.2314,36325
2026-08-03 16:00:00,1862.4,1875.4,1861.1,1868.9,50502.4185,19243
2026-08-03 20:00:00,1869.0,1875.2,1851.1,1859.4,53604.5744,17434
2026-08-04 00:00:00,1859.5,1870.8,1847.4,1863.3,65945.5123,18890
2026-08-04 04:00:00,1863.3,1873.5,1852.8,1863.2,31819.6949,14915
2026-08-04 08:00:00,1863.3,1873.6,1853.0,1871.8,51728.991,19753
2026-08-04 12:00:00,1871.8,1881.0,1857.1,1872.2,138151.0254,38427
2026-08-04 16:00:00,1872.1,1881.1,1865.0,1874.1,49181.1128,18023
2026-08-04 20:00:00,1874.2,1880.0,1865.4,1869.4,81715.4298,18441
2026-08-05 00:00:00,1869.5,1877.3,1860.3,1867.2,87726.5804,20654
2026-08-05 04:00:00,1867.2,1876.5,1862.3,1872.3,91071.8476,17607
2026-08-05 08:00:00,1872.3,1875.0,1865.3,1868.1,20659.3337,12675
2026-08-05 12:00:00,1868.0,1884.5,1854.7,1873.2,94723.7962,34676
2026-08-05 16:00:00,1872.9,1927.0,1872.6,1916.1,149081.2762,46934
2026-08-05 20:00:00,1916.2,1923.7,1903.8,1908.1,64521.7195,22186
2026-08-06 00:00:00,1908.1,1913.5,1893.7,1898.2,44773.8126,16967
2026-08-06 04:00:00,1898.2,1918.0,1895.1,1908.8,47533.4272,15017
2026-08-06 08:00:00,1908.8,1918.5,1895.9,1906.8,84150.5931,21198
2026-08-06 12:00:00,1906.8,1918.9,1892.0,1910.0,107487.3189,27980
2026-08-06 16:00:00,1910.1,1917.7,1903.1,1909.1,33469.3549,14012
2026-08-06 20:00:00,1909.1,1909.8,1897.4,1903.0,49271.1781,11606
2026-08-07 00:00:00,1902.9,1907.6,1895.5,1896.5,78022.8824,16469
2026-08-07 04:00:00,1896.5,1906.9,1893.5,1901.4,46882.8586,10961
2026-08-07 08:00:00,1901.4,1919.8,1901.1,1915.1,166682.86,33213
2026-08-07 12:00:00,1915.2,1939.4,1909.6,1916.7,141641.9484,42621
2026-08-07 16:00:00,1917.3,1924.0,1904.6,1918.2,95075.9791,25500
2026-08-07 20:00:00,1918.1,1919.4,1911.8,1913.1,13455.6311,9616
2026-08-08 00:00:00,1913.0,1918.4,1911.3,1917.5,12577.7507,6874
2026-08-08 04:00:00,1917.6,1918.6,1913.0,1914.2,7582.9963,4890
2026-08-08 08:00:00,1914.1,1922.4,1913.7,1920.3,18865.7704,7986
2026-08-08 12:00:00,1920.3,1925.8,1918.0,1922.1,20719.0992,10067
2026-08-08 16:00:00,1922.0,1925.7,1919.0,1919.8,14535.3083,8530
2026-08-08 20:00:00,1919.7,1921.9,1914.2,1916.0,19412.5014,8535
2026-08-09 00:00:00,1916.1,1919.4,1911.7,1913.6,15863.0662,6797
2026-08-09 04:00:00,1913.6,1918.8,1912.6,1918.4,14388.6235,6128
2026-08-09 08:00:00,1918.3,1924.2,1912.7,1918.2,13427.3806,8134
2026-08-09 12:00:00,1918.2,1927.0,1916.0,1925.9,28596.8575,11598
2026-08-09 16:00:00,1926.0,1926.0,1919.8,1921.7,14780.2948,8402
2026-08-09 20:00:00,1921.7,1937.5,1906.8,1909.9,35785.4115,17277
2026-08-10 00:00:00,1910.0,1930.6,1905.2,1916.5,48929.2238,20535
2026-08-10 04:00:00,1916.6,1929.9,1911.3,1924.2,46495.1275,13479
2026-08-10 08:00:00,1924.3,1928.9,1914.1,1919.5,39057.1871,14587
2026-08-10 12:00:00,1919.6,1922.6,1870.0,1875.7,183848.5326,42167
2026-08-10 16:00:00,1875.6,1879.7,1867.0,1877.5,69982.8947,21746
2026-08-10 20:00:00,1877.5,1880.3,1869.3,1872.5,34750.0577,12684
2026-08-11 00:00:00,1872.5,1880.8,1869.7,1880.0,18512.4868,9036
2026-08-11 04:00:00,1880.1,1880.9,1870.1,1876.9,60821.668,13149
2026-08-11 08:00:00,1876.9,1894.7,1874.8,1892.2,62219.9057,19744
2026-08-11 12:00:00,1892.1,1896.7,1852.7,1862.0,84268.5411,31583
2026-08-11 16:00:00,1862.0,1884.1,1858.9,1881.2,53479.8458,20789
2026-08-11 20:00:00,1881.2,1886.7,1878.0,1882.0,59105.4132,15289
2026-08-12 00:00:00,1882.1,1887.6,1880.2,1886.3,28834.5793,11751
2026-08-12 04:00:00,1886.4,1892.9,1885.1,1891.1,43010.0956,17255
2026-08-12 08:00:00,1891.1,1915.4,1889.6,1915.3,78518.388,25728
2026-08-12 12:00:00,1915.4,1924.3,1883.8,1891.9,131006.9041,39818
2026-08-12 16:00:00,1892.0,1895.1,1877.1,1878.8,29275.0211,16765
2026-08-12 20:00:00,1878.7,1888.7,1872.6,1879.5,29168.2585,14147
2026-08-13 00:00:00,1879.5,1888.0,1872.6,1886.6,41028.1351,14933
2026-08-13 04:00:00,1886.6,1899.5,1884.8,1894.7,36076.7263,15438
2026-08-13 08:00:00,1894.7,1896.5,1875.0,1879.6,79200.3136,23149
2026-08-13 12:00:00,1879.7,1896.6,1878.4,1878.9,98100.6237,29666
2026-08-13 16:00:00,1878.9,1892.8,1862.3,1886.0,113537.7182,29063
2026-08-13 20:00:00,1886.3,1892.4,1883.8,1885.4,19452.655,11025
2026-08-14 00:00:00,1885.4,1890.6,1881.7,1882.1,25316.1683,10862
2026-08-14 04:00:00,1882.0,1887.0,1871.7,1872.3,36557.0286,12472
2026-08-14 08:00:00,1872.3,1880.4,1868.4,1877.4,51645.0238,15395
2026-08-14 12:00:00,1877.4,1884.1,1863.4,1881.0,67168.6563,23486
2026-08-14 16:00:00,1881.0,1887.5,1873.0,1879.8,51017.13,15990
2026-08-14 20:00:00,1879.9,1881.9,1875.2,1881.2,29891.8987,8447
2026-08-15 00:00:00,1881.3,1885.6,1880.0,1882.0,9808.8138,6657
2026-08-15 04:00:00,1882.0,1884.5,1879.1,1879.4,8521.4657,4662
2026-08-15 08:00:00,1879.4,1880.6,1875.3,1878.8,15950.5747,6736
2026-08-15 12:00:00,1878.9,1885.1,1877.5,1884.3,27752.476,8436
2026-08-15 16:00:00,1884.3,1885.6,1881.4,1883.8,8373.7797,6845
2026-08-15 20:00:00,1883.8,1884.8,1881.0,1882.3,10687.4366,6073
2026-08-16 00:00:00,1882.3,1884.4,1876.4,1882.2,17391.6985,7054
2026-08-16 04:00:00,1882.2,1883.7,1878.0,1880.8,14840.9567,6344
2026-08-16 08:00:00,1880.7,1881.4,1878.2,1880.0,3239.7763,5290
2026-08-16 12:00:00,1879.9,1884.4,1878.4,1883.7,22483.466,7195
2026-08-16 16:00:00,1883.7,1891.3,1881.6,1884.8,65687.2604,14244
2026-08-16 20:00:00,1884.8,1886.6,1868.7,1875.6,34796.8661,15045
2026-08-17 00:00:00,1875.6,1906.9,1871.8,1900.2,95205.8401,22710
2026-08-17 04:00:00,1900.2,1911.0,1897.5,1900.0,28929.4226,13901
2026-08-17 08:00:00,1899.9,1908.8,1890.7,1903.2,30663.7634,17016
2026-08-17 12:00:00,1903.3,1914.7,1895.5,1912.4,61746.2591,21602
2026-08-17 16:00:00,1912.4,1913.6,1903.7,1906.6,32962.2285,16973
2026-08-17 20:00:00,1906.6,1917.9,1902.6,1913.0,33496.7335,13294
2026-08-18 00:00:00,1912.9,1913.8,1884.8,1894.1,104155.7076,27161
2026-08-18 04:00:00,1894.1,1906.1,1890.5,1897.6,35692.7191,15543
2026-08-18 08:00:00,1897.6,1905.0,1892.8,1902.1,30595.058,12509
2026-08-18 12:00:00,1902.1,1922.0,1893.0,1916.4,109406.1555,29718
2026-08-18 16:00:00,1916.5,1921.4,1910.0,1912.3,39743.5562,12811
2026-08-18 20:00:00,1912.3,1919.4,1910.1,1916.8,23500.7132,9246
2026-08-19 00:00:00,1916.9,1918.5,1906.2,1911.3,109562.5298,21082
2026-08-19 04:00:00,1911.2,1920.4,1905.3,1915.1,52215.2859,11649
2026-08-19 08:00:00,1915.2,1929.0,1914.1,1922.0,107695.764,20508
2026-08-19 12:00:00,1922.0,2120.1,1921.3,2085.3,716778.2269,122521
2026-08-19 16:00:00,2085.3,2107.0,2067.2,2101.3,237833.9141,62479
2026-08-19 20:00:00,2101.3,2346.8,2101.3,2253.5,709880.6883,152128
2026-08-20 00:00:00,2252.9,2274.4,2224.0,2251.6,132707.3042,46306
2026-08-20 04:00:00,2251.6,2269.9,2239.7,2252.8,90623.0051,29947
2026-08-20 08:00:00,2252.8,2319.9,2250.7,2296.9,188976.1017,56859
2026-08-20 12:00:00,2296.9,2338.4,2255.5,2326.9,275332.1558,69013
2026-08-20 16:00:00,2326.9,2360.8,2310.1,2322.3,200052.3209,62042
2026-08-20 20:00:00,2322.4,2340.0,2308.5,2328.0,106687.0415,34912
2026-08-21 00:00:00,2328.1,2380.9,2325.9,2341.8,236200.9719,60304
2026-08-21 04:00:00,2341.8,2400.0,2341.7,2373.4,153001.9113,49215
2026-08-21 08:00:00,2373.5,2450.0,2358.3,2371.8,316775.4617,93573
2026-08-21 12:00:00,2372.4,2408.9,2367.0,2393.6,215886.5093,59684
2026-08-21 16:00:00,2393.6,2433.0,2384.1,2414.0,204728.6778,54075
2026-08-21 20:00:00,2413.7,2550.5,2409.0,2518.3,387847.3053,106953
2026-08-22 00:00:00,2518.2,2533.8,2492.3,2515.5,246803.8899,72730
2026-08-22 04:00:00,2515.5,2530.0,2383.3,2432.7,252214.2799,82965
2026-08-22 08:00:00,2432.8,2440.5,2389.7,2424.9,82445.8874,38838
2026-08-22 12:00:00,2424.8,2439.0,2406.3,2411.5,54560.6198,24785
2026-08-22 16:00:00,2411.5,2445.4,2409.5,2440.2,55789.2867,23921
2026-08-22 20:00:00,2440.1,2444.8,2403.6,2423.4,85365.1185,31179
2026-08-23 00:00:00,2423.5,2436.1,2408.3,2414.2,65027.2881,24621
2026-08-23 04:00:00,2414.3,2417.3,2357.2,2389.0,127824.8395,46777
2026-08-23 08:00:00,2389.2,2439.3,2387.3,2435.0,75747.7207,25706
2026-08-23 12:00:00,2435.1,2486.9,2387.8,2440.0,169373.4493,56962
2026-08-23 16:00:00,2440.1,2460.1,2434.6,2445.6,76167.7901,27167
2026-08-23 20:00:00,2445.6,2487.0,2436.9,2464.4,133257.8171,47071
2026-08-24 00:00:00,2464.5,2468.0,2425.0,2430.7,95807.9118,39605
2026-08-24 04:00:00,2430.8,2475.0,2429.1,2455.7,57873.4565,30752
2026-08-24 08:00:00,2455.6,2510.5,2435.9,2496.3,104185.1417,42680
2026-08-24 12:00:00,2496.3,2534.0,2475.8,2486.7,316624.0593,89107
2026-08-24 16:00:00,2486.8,2506.1,2453.4,2471.0,174247.789,59785
2026-08-24 20:00:00,2470.9,2487.4,2464.7,2482.3,40584.6122,24353
2026-08-25 00:00:00,2481.8,2532.5,2471.4,2498.7,196028.5035,59839
2026-08-25 04:00:00,2498.6,2514.9,2464.3,2478.6,98539.653,35373
2026-08-25 08:00:00,2478.6,2497.6,2462.0,2477.6,76502.1651,27989
2026-08-25 12:00:00,2477.6,2483.5,2437.5,2481.8,171269.5658,54073
2026-08-25 16:00:00,2481.8,2484.2,2454.2,2462.3,74846.4454,29008
2026-08-25 20:00:00,2462.3,2463.3,2407.5,2441.6,118796.8006,40428
2026-08-26 00:00:00,2441.7,2468.8,2434.4,2464.8,51615.4503,25260
2026-08-26 04:00:00,2464.7,2472.0,2450.3,2460.5,48467.7601,23386
2026-08-26 08:00:00,2460.5,2474.4,2441.8,2462.6,68262.8933,26496
2026-08-26 12:00:00,2462.6,2471.7,2431.6,2448.7,113227.5756,43235
2026-08-26 16:00:00,2448.7,2482.4,2436.5,2470.2,83793.4995,31508
2026-08-26 20:00:00,2469.1,2514.9,2458.6,2506.0,137810.2774,39941
2026-08-27 00:00:00,2506.2,2509.9,2486.2,2491.9,82907.4574,25209
2026-08-27 04:00:00,2491.9,2498.3,2480.4,2496.6,82887.0242,24238
2026-08-27 08:00:00,2497.0,2566.4,2483.4,2500.4,175098.8067,55055
2026-08-27 12:00:00,2500.4,2530.2,2481.6,2520.6,133559.0985,41813
2026-08-27 16:00:00,2520.7,2532.5,2486.4,2496.4,126299.6857,36723
2026-08-27 20:00:00,2496.5,2516.4,2493.5,2510.1,41871.3933,19594
2026-08-28 00:00:00,2510.1,2533.8,2485.7,2489.4,79630.0469,29052
2026-08-28 04:00:00,2489.4,2504.7,2476.3,2496.3,62756.958,21316
2026-08-28 08:00:00,2496.2,2511.0,2481.5,2504.5,43540.7005,21546
2026-08-28 12:00:00,2504.5,2525.0,2465.5,2471.2,163131.3377,50485
2026-08-28 16:00:00,2471.0,2473.3,2405.4,2434.5,170128.8006,53605
2026-08-28 20:00:00,2434.8,2444.3,2421.6,2442.3,27529.2485,15157
2026-08-29 00:00:00,2442.3,2448.0,2434.0,2435.1,17434.0473,10192
2026-08-29 04:00:00,2435.1,2441.8,2430.1,2435.5,8933.1919,7631
2026-08-29 08:00:00,2435.0,2438.2,2430.5,2435.2,7519.8326,7537
2026-08-29 12:00:00,2435.2,2451.9,2431.8,2443.9,24283.0246,13525
2026-08-29 16:00:00,2443.9,2458.5,2443.9,2452.6,48640.2671,19207
2026-08-29 20:00:00,2452.6,2459.6,2448.3,2457.3,16645.7061,9735
2026-08-30 00:00:00,2457.6,2467.7,2452.5,2456.9,14733.3502,11780
2026-08-30 04:00:00,2456.9,2461.1,2451.3,2455.0,31416.4579,9053
2026-08-30 08:00:00,2455.1,2461.6,2451.7,2460.2,10366.1573,9165
2026-08-30 12:00:00,2460.2,2483.6,2458.1,2481.0,62794.4106,26507
2026-08-30 16:00:00,2481.0,2536.7,2479.3,2504.8,176875.2871,52254
2026-08-30 20:00:00,2504.8,2509.5,2388.0,2417.5,216236.086,56028
2026-08-31 00:00:00,2417.5,2441.2,2400.7,2420.7,104563.479,32174
2026-08-31 04:00:00,2420.7,2446.7,2411.5,2440.8,84392.6874,23500
2026-08-31 08:00:00,2440.8,2458.2,2434.2,2446.2,50894.7885,22388
2026-08-31 12:00:00,2446.2,2478.6,2437.1,2468.2,146368.5707,38194
2026-08-31 16:00:00,2468.2,2490.0,2461.2,2482.3,65588.9038,23172
2026-08-31 20:00:00,2482.2,2486.7,2462.3,2468.0,35016.8809,17231
2026-09-01 00:00:00,2467.9,2483.6,2454.5,2472.8,62136.6256,19918
2026-09-01 04:00:00,2472.9,2485.8,2467.6,2473.2,23126.7948,14035
2026-09-01 08:00:00,2473.3,2474.0,2443.3,2458.6,48885.749,22839
2026-09-01 12:00:00,2458.6,2458.9,2428.6,2449.6,66261.4533,30025
2026-09-01 16:00:00,2449.1,2450.0,2383.2,2419.3,168616.0088,47344
2026-09-01 20:00:00,2419.4,2426.9,2400.4,2418.9,46246.2916,19887
2026-09-02 00:00:00,2418.9,2424.4,2387.0,2414.9,78300.3613,24783
2026-09-02 04:00:00,2414.8,2425.6,2406.4,2419.9,34231.6691,11567
