t,open,high,low,close,volume,trades
2025-09-02 04:00:00,110301.0,110599.0,110001.0,110220.0,3306.34862,27466
2025-09-02 08:00:00,110219.0,110726.0,109516.0,109686.0,4916.23129,39692
2025-09-02 12:00:00,109685.0,111752.0,108350.0,110794.0,14509.8292,119277
2025-09-02 16:00:00,110794.0,111099.0,110134.0,110770.0,5902.25745,51433
2025-09-02 20:00:00,110770.0,111536.0,110681.0,111225.0,2979.95033,36587
2025-09-03 00:00:00,111225.0,111770.0,110864.0,111016.0,2578.88067,33768
2025-09-03 04:00:00,111016.0,111130.0,110502.0,111077.0,2318.56135,26827
2025-09-03 08:00:00,111077.0,111687.0,110839.0,111412.0,1704.69062,24661
2025-09-03 12:00:00,111413.0,112506.0,110987.0,112208.0,11614.35439,87952
2025-09-03 16:00:00,112207.0,112580.0,111668.0,112186.0,3936.0589,36698
2025-09-03 20:00:00,112186.0,112238.0,111558.0,111670.0,2664.83562,22143
2025-09-04 00:00:00,111670.0,112171.0,111111.0,111112.0,5798.57001,32991
2025-09-04 04:00:00,111122.0,111294.0,110262.0,110447.0,4946.74024,34104
2025-09-04 08:00:00,110448.0,111128.0,110410.0,110787.0,2628.33972,28132
2025-09-04 12:00:00,110788.0,111101.0,109324.0,109530.0,7814.78621,70218
2025-09-04 16:00:00,109530.0,110207.0,109363.0,109796.0,3526.09526,41573
2025-09-04 20:00:00,109805.0,111798.0,109759.0,110741.0,4682.42551,41616
2025-09-05 00:00:00,110740.0,111504.0,110456.0,111317.0,2987.19887,32705
2025-09-05 04:00:00,111317.0,112980.0,111151.0,112949.0,4119.85452,45627
2025-09-05 08:00:00,112950.0,112975.0,112115.0,112342.0,3590.0745,39071
2025-09-05 12:00:00,112342.0,113400.0,110277.0,110761.0,22396.37822,148398
2025-09-05 16:00:00,110762.0,111570.0,110208.0,111570.0,4580.35375,42246
2025-09-05 20:00:00,111570.0,111694.0,110350.0,110646.0,6543.61572,51981
2025-09-06 00:00:00,110649.0,111304.0,110550.0,111077.0,1170.34086,19188
2025-09-06 04:00:00,111077.0,111086.0,110692.0,110829.0,695.37677,14105
2025-09-06 08:00:00,110828.0,110972.0,110665.0,110770.0,711.94282,13763
2025-09-06 12:00:00,110770.0,110964.0,110313.0,110349.0,1484.47016,21704
2025-09-06 16:00:00,110349.0,110369.0,109908.0,109986.0,3155.71351,31650
2025-09-06 20:00:00,109986.0,110230.0,109983.0,110139.0,1075.23887,14791
2025-09-07 00:00:00,110138.0,110700.0,110128.0,110582.0,1246.68876,15186
2025-09-07 04:00:00,110583.0,110888.0,110389.0,110724.0,1870.68541,15792
2025-09-07 08:00:00,110724.0,111318.0,110684.0,111258.0,2048.34354,23068
2025-09-07 12:00:00,111258.0,111365.0,110996.0,111276.0,1393.37512,19714
2025-09-07 16:00:00,111276.0,111344.0,110807.0,111218.0,1283.45911,24322
2025-09-07 20:00:00,111217.0,111560.0,110960.0,111102.0,1643.94726,23753
2025-09-08 00:00:00,111101.0,111359.0,110578.0,110991.0,3947.37318,36606
2025-09-08 04:00:00,110991.0,111562.0,110855.0,111215.0,2379.79212,21037
2025-09-08 08:00:00,111216.0,112184.0,111197.0,112041.0,5216.15454,46167
2025-09-08 12:00:00,112042.0,112871.0,111855.0,112593.0,6439.61504,54830
2025-09-08 16:00:00,112594.0,112650.0,111950.0,112014.0,3826.87788,31778
2025-09-08 20:00:00,112009.0,112493.0,111839.0,112035.0,2546.12226,23205
2025-09-09 00:00:00,112035.0,112062.0,111102.0,111695.0,2791.1298,31362
2025-09-09 04:00:00,111695.0,113222.0,111608.0,112967.0,5038.38406,44202
2025-09-09 08:00:00,112967.0,113155.0,112390.0,112412.0,2703.64703,28971
2025-09-09 12:00:00,112413.0,112940.0,110756.0,110895.0,12809.86679,85260
2025-09-09 16:00:00,110896.0,111434.0,110811.0,111359.0,3682.39368,35207
2025-09-09 20:00:00,111358.0,111789.0,111107.0,111563.0,2534.14109,24049
2025-09-10 00:00:00,111563.0,111608.0,110939.0,111547.0,2385.6507,27117
2025-09-10 04:00:00,111548.0,112582.0,111382.0,112548.0,2368.65469,32569
2025-09-10 08:00:00,112548.0,112834.0,112109.0,112332.0,2713.52227,35783
2025-09-10 12:00:00,112333.0,114266.0,112332.0,113831.0,16140.06309,120226
2025-09-10 16:00:00,113832.0,114070.0,113140.0,113584.0,4289.43116,42509
2025-09-10 20:00:00,113583.0,114035.0,113515.0,113954.0,2820.11124,28408
2025-09-11 00:00:00,113955.0,114450.0,113650.0,114408.0,3191.99256,31036
2025-09-11 04:00:00,114408.0,114471.0,113955.0,114083.0,3527.56221,31741
2025-09-11 08:00:00,114082.0,114188.0,113757.0,113999.0,2011.28333,24335
2025-09-11 12:00:00,113999.0,114709.0,113421.0,114167.0,10548.14482,94413
2025-09-11 16:00:00,114168.0,114608.0,114102.0,114408.0,3110.06454,33820
2025-09-11 20:00:00,114413.0,115498.0,114239.0,115489.0,4535.04351,37991
2025-09-12 00:00:00,115489.0,116409.0,115072.0,115212.0,6968.49414,59737
2025-09-12 04:00:00,115212.0,115700.0,115096.0,115119.0,3102.32757,28993
2025-09-12 08:00:00,115119.0,115313.0,114915.0,114943.0,2660.60776,26877
2025-09-12 12:00:00,114944.0,115500.0,114766.0,115128.0,4455.07456,43924
2025-09-12 16:00:00,115127.0,116643.0,115045.0,116612.0,5007.37665,44970
2025-09-12 20:00:00,116612.0,116613.0,115736.0,116023.0,3766.66189,31641
2025-09-13 00:00:00,116022.0,116288.0,115575.0,115960.0,2138.87661,22657
2025-09-13 04:00:00,115961.0,115961.0,115657.0,115790.0,1436.09391,17589
2025-09-13 08:00:00,115791.0,116210.0,115785.0,115984.0,1168.75401,19369
2025-09-13 12:00:00,115984.0,116080.0,115619.0,115775.0,1669.1688,23525
2025-09-13 16:00:00,115776.0,115835.0,115050.0,115794.0,3432.21387,29098
2025-09-13 20:00:00,115794.0,115985.0,115791.0,115908.0,1632.03416,15388
2025-09-14 00:00:00,115908.0,116100.0,115630.0,115669.0,1475.95077,17071
2025-09-14 04:00:00,115668.0,115916.0,115441.0,115778.0,1460.02729,14383
2025-09-14 08:00:00,115778.0,116139.0,115732.0,115790.0,1425.63719,20972
2025-09-14 12:00:00,115790.0,115855.0,115119.0,115205.0,4024.05247,38146
2025-09-14 16:00:00,115205.0,115638.0,115149.0,115628.0,1858.15256,20930
2025-09-14 20:00:00,115628.0,116098.0,115120.0,115276.0,2748.44078,27340
2025-09-15 00:00:00,115276.0,115600.0,114821.0,115458.0,2433.81267,28998
2025-09-15 04:00:00,115457.0,116776.0,115405.0,115838.0,4500.80103,42891
2025-09-15 08:00:00,115839.0,115839.0,114624.0,115061.0,8445.79751,63244
2025-09-15 12:00:00,115056.0,115081.0,114367.0,114867.0,5326.17359,50283
2025-09-15 16:00:00,114861.0,115565.0,114601.0,115296.0,5111.57876,39666
2025-09-15 20:00:00,115296.0,115600.0,115200.0,115370.0,1825.54353,21084
2025-09-16 00:00:00,115370.0,115546.0,114955.0,115301.0,2951.96578,26984
2025-09-16 04:00:00,115302.0,116025.0,114917.0,115839.0,3279.1148,30628
2025-09-16 08:00:00,115839.0,115985.0,115209.0,115300.0,1524.53999,23900
2025-09-16 12:00:00,115300.0,115943.0,114730.0,115938.0,6267.03761,50173
2025-09-16 16:00:00,115937.0,116865.0,115614.0,116775.0,7008.46194,56551
2025-09-16 20:00:00,116776.0,116924.0,116564.0,116761.0,2921.14971,27337
2025-09-17 00:00:00,116761.0,117000.0,116305.0,116306.0,3188.0579,31769
2025-09-17 04:00:00,116306.0,117226.0,116090.0,117110.0,4190.27674,43650
2025-09-17 08:00:00,117110.0,117133.0,116208.0,116214.0,2938.31344,29232
2025-09-17 12:00:00,116214.0,116490.0,115403.0,115870.0,6647.28888,59783
2025-09-17 16:00:00,115871.0,116351.0,114798.0,115677.0,17582.13243,129207
2025-09-17 20:00:00,115677.0,117030.0,115343.0,116466.0,4858.01283,49219
2025-09-18 00:00:00,116468.0,117935.0,116105.0,117604.0,7396.43204,54903
2025-09-18 04:00:00,117616.0,117786.0,116925.0,117112.0,4743.06353,42235
2025-09-18 08:00:00,117111.0,117433.0,117027.0,117074.0,2222.96761,36562
2025-09-18 12:00:00,117074.0,117900.0,117000.0,117635.0,6385.71616,52888
2025-09-18 16:00:00,117636.0,117960.0,117195.0,117484.0,5124.4927,40589
2025-09-18 20:00:00,117479.0,117679.0,116664.0,117110.0,3319.542,33428
2025-09-19 00:00:00,117111.0,117530.0,116906.0,117025.0,3479.05696,32096
2025-09-19 04:00:00,117025.0,117128.0,116652.0,116956.0,2191.018,26136
2025-09-19 08:00:00,116957.0,117141.0,116332.0,116425.0,2584.24951,29964
2025-09-19 12:00:00,116426.0,116578.0,115514.0,115926.0,7457.40357,60289
2025-09-19 16:00:00,115925.0,116200.0,115167.0,115176.0,5227.28044,36962
2025-09-19 20:00:00,115177.0,115699.0,115150.0,115674.0,1978.00535,23307
2025-09-20 00:00:00,115675.0,115779.0,115414.0,115462.0,1828.65504,21745
2025-09-20 04:00:00,115462.0,116000.0,115430.0,115986.0,965.71127,17620
2025-09-20 08:00:00,115986.0,115986.0,115671.0,115910.0,1079.20439,19164
2025-09-20 12:00:00,115910.0,116135.0,115819.0,116000.0,1298.27376,18839
2025-09-20 16:00:00,115999.0,116100.0,115685.0,115698.0,1367.34587,17472
2025-09-20 20:00:00,115698.0,115955.0,115620.0,115686.0,933.09525,16460
2025-09-21 00:00:00,115687.0,115735.0,115455.0,115671.0,1196.06336,20729
2025-09-21 04:00:00,115671.0,115842.0,115494.0,115842.0,1176.94154,20003
2025-09-21 08:00:00,115842.0,115843.0,115321.0,115594.0,1927.18041,23940
2025-09-21 12:00:00,115595.0,115743.0,115473.0,115538.0,1586.95491,16167
2025-09-21 16:00:00,115537.0,115688.0,115206.0,115524.0,1960.70706,22500
2025-09-21 20:00:00,115524.0,115600.0,115226.0,115278.0,1399.43848,18963
2025-09-22 00:00:00,115284.0,115430.0,114044.0,114598.0,10695.19727,68184
2025-09-22 04:00:00,114598.0,114598.0,111149.0,112506.0,16437.79811,103204
2025-09-22 08:00:00,112499.0,112900.0,112145.0,112843.0,5758.97875,43698
2025-09-22 12:00:00,112844.0,113435.0,112363.0,112804.0,5814.82448,53087
2025-09-22 16:00:00,112804.0,112869.0,111919.0,112115.0,5533.34254,48809
2025-09-22 20:00:00,112115.0,112984.0,111938.0,112638.0,3970.48854,37250
2025-09-23 00:00:00,112639.0,112831.0,111431.0,112329.0,5974.3938,41090
2025-09-23 04:00:00,112330.0,113131.0,111833.0,113092.0,3812.09115,35754
2025-09-23 08:00:00,113093.0,113273.0,112668.0,112953.0,2303.83918,28769
2025-09-23 12:00:00,112953.0,113289.0,112455.0,112868.0,3813.25877,41774
2025-09-23 16:00:00,112869.0,112961.0,111518.0,111629.0,6732.21251,58929
2025-09-23 20:00:00,111629.0,112201.0,111414.0,111976.0,2827.58455,29532
2025-09-24 00:00:00,111975.0,112500.0,111626.0,111635.0,4672.29519,35302
2025-09-24 04:00:00,111636.0,112761.0,110904.0,112551.0,6231.00666,44365
2025-09-24 08:00:00,112555.0,113180.0,112370.0,113025.0,4381.84275,41264
2025-09-24 12:00:00,113024.0,113901.0,112790.0,113342.0,6124.7749,63344
2025-09-24 16:00:00,113345.0,113947.0,113167.0,113408.0,3346.82231,49573
2025-09-24 20:00:00,113411.0,113610.0,113169.0,113277.0,2205.00999,28436
2025-09-25 00:00:00,113277.0,113489.0,112173.0,112547.0,5412.19193,53432
2025-09-25 04:00:00,112538.0,112588.0,111400.0,111724.0,8192.58851,61226
2025-09-25 08:00:00,111724.0,112232.0,111226.0,111306.0,2614.82133,32447
2025-09-25 12:00:00,111306.0,111721.0,110500.0,111562.0,9440.98909,82047
2025-09-25 16:00:00,111563.0,111648.0,108569.0,109306.0,16225.22683,109836
2025-09-25 20:00:00,109306.0,109685.0,108732.0,108962.0,4901.70374,53804
2025-09-26 00:00:00,108963.0,109800.0,108761.0,109557.0,2592.77012,42128
2025-09-26 04:00:00,109557.0,109594.0,108885.0,109289.0,1803.01368,33650
2025-09-26 08:00:00,109290.0,109680.0,108565.0,109074.0,3736.68705,39536
2025-09-26 12:00:00,109075.0,109728.0,108710.0,108963.0,5039.39492,63113
2025-09-26 16:00:00,108963.0,110268.0,108963.0,109142.0,5276.58622,53350
2025-09-26 20:00:00,109141.0,109662.0,109065.0,109614.0,2070.7638,24319
2025-09-27 00:00:00,109615.0,109677.0,109278.0,109516.0,1236.47936,15857
2025-09-27 04:00:00,109510.0,109688.0,109275.0,109349.0,1133.51073,12456
2025-09-27 08:00:00,109350.0,109441.0,109060.0,109272.0,1155.39472,15393
2025-09-27 12:00:00,109273.0,109440.0,109144.0,109346.0,755.13835,13919
2025-09-27 16:00:00,109346.0,109398.0,109193.0,109378.0,664.10967,13510
2025-09-27 20:00:00,109378.0,109669.0,109310.0,109599.0,974.48924,13957
2025-09-28 00:00:00,109600.0,109766.0,109287.0,109410.0,1174.19853,18803
2025-09-28 04:00:00,109410.0,109493.0,109222.0,109464.0,499.03027,8834
2025-09-28 08:00:00,109465.0,109551.0,109199.0,109322.0,715.80441,14423
2025-09-28 12:00:00,109322.0,109990.0,109145.0,109979.0,1734.75645,24761
2025-09-28 16:00:00,109979.0,110329.0,109942.0,110276.0,2704.89179,30835
2025-09-28 20:00:00,110276.0,112316.0,110234.0,112130.0,8505.51702,61298
2025-09-29 00:00:00,112130.0,112278.0,111531.0,111822.0,3488.93635,37573
2025-09-29 04:00:00,111823.0,111851.0,111490.0,111817.0,2070.89678,25007
2025-09-29 08:00:00,111816.0,112400.0,111816.0,112068.0,1775.24461,28238
2025-09-29 12:00:00,112068.0,114167.0,111847.0,113752.0,8653.45691,75144
2025-09-29 16:00:00,113751.0,114379.0,113408.0,114210.0,3780.2838,45110
2025-09-29 20:00:00,114210.0,114376.0,113976.0,114274.0,1820.21441,28040
2025-09-30 00:00:00,114272.0,114778.0,113984.0,114324.0,2564.67117,37172
2025-09-30 04:00:00,114324.0,114324.0,113533.0,113654.0,3720.44055,34326
2025-09-30 08:00:00,113653.0,113696.0,112602.0,113024.0,4323.68684,43612
2025-09-30 12:00:00,113023.0,113687.0,112812.0,113072.0,6526.93286,77493
2025-09-30 16:00:00,113073.0,114558.0,112745.0,114330.0,6159.31336,54800
2025-09-30 20:00:00,114335.0,114744.0,113748.0,114036.0,3368.48432,41376
2025-10-01 00:00:00,114037.0,114546.0,113940.0,114162.0,2603.43413,38342
2025-10-01 04:00:00,114163.0,114730.0,114132.0,114532.0,2951.99912,41022
2025-10-01 08:00:00,114532.0,116832.0,114465.0,116803.0,7944.37528,74866
2025-10-01 12:00:00,116803.0,117641.0,116350.0,117373.0,6784.7912,67471
2025-10-01 16:00:00,117377.0,118187.0,116697.0,117384.0,6459.49421,70315
2025-10-01 20:00:00,117383.0,118619.0,117100.0,118572.0,4056.25893,47640
2025-10-02 00:00:00,118573.0,119430.0,118333.0,118680.0,6961.88487,75295
2025-10-02 04:00:00,118680.0,118879.0,118203.0,118435.0,2835.74511,43168
2025-10-02 08:00:00,118435.0,118888.0,118301.0,118725.0,1931.88266,33998
2025-10-02 12:00:00,118724.0,119923.0,118470.0,119890.0,8252.32001,101398
2025-10-02 16:00:00,119890.0,121050.0,119322.0,120829.0,8140.34617,96773
2025-10-02 20:00:00,120829.0,120955.0,120036.0,120516.0,4404.795,57534
2025-10-03 00:00:00,120516.0,120554.0,119790.0,120237.0,2843.88701,43867
2025-10-03 04:00:00,120236.0,120336.0,119632.0,119647.0,1965.3242,30991
2025-10-03 08:00:00,119647.0,120538.0,119216.0,120363.0,2856.27266,41893
2025-10-03 12:00:00,120363.0,122479.0,119901.0,122321.0,7852.79889,90864
2025-10-03 16:00:00,122321.0,123950.0,121525.0,122694.0,17760.25205,151987
2025-10-03 20:00:00,122695.0,122785.0,122037.0,122266.0,2757.12283,38910
2025-10-04 00:00:00,122268.0,122369.0,121709.0,122283.0,2626.79578,36088
2025-10-04 04:00:00,122284.0,122853.0,122264.0,122364.0,1550.70082,28381
2025-10-04 08:00:00,122364.0,122577.0,121997.0,122014.0,1660.5704,30131
2025-10-04 12:00:00,122014.0,122553.0,121750.0,121844.0,2861.8809,36929
2025-10-04 16:00:00,121844.0,122038.0,121500.0,122038.0,1912.21096,30924
2025-10-04 20:00:00,122038.0,122500.0,121931.0,122455.0,1645.5742,23245
2025-10-05 00:00:00,122456.0,124449.0,122200.0,123854.0,7204.90867,73450
2025-10-05 04:00:00,123853.0,125913.0,123809.0,124786.0,10006.94937,99021
2025-10-05 08:00:00,124786.0,124944.0,122594.0,123559.0,7817.68149,81400
2025-10-05 12:00:00,123558.0,123559.0,122762.0,122889.0,3054.78128,41635
2025-10-05 16:00:00,122888.0,123550.0,122300.0,122680.0,4113.19168,49202
2025-10-05 20:00:00,122681.0,123623.0,122545.0,123570.0,3394.45123,38253
2025-10-06 00:00:00,123570.0,124462.0,123184.0,123941.0,5965.6907,66939
2025-10-06 04:00:00,123941.0,124283.0,123368.0,123474.0,3212.71391,46688
2025-10-06 08:00:00,123474.0,124635.0,123473.0,124314.0,2184.65418,42846
2025-10-06 12:00:00,124314.0,125498.0,124267.0,125084.0,9385.92043,103750
2025-10-06 16:00:00,125083.0,126297.0,124879.0,125503.0,7054.46956,86440
2025-10-06 20:00:00,125504.0,125634.0,124552.0,124711.0,5959.20093,62910
2025-10-07 00:00:00,124711.0,125167.0,124140.0,124363.0,4465.17363,47937
2025-10-07 04:00:00,124362.0,124710.0,123600.0,123727.0,4322.93151,54237
2025-10-07 08:00:00,123726.0,124584.0,123365.0,124521.0,3288.23514,51564
2025-10-07 12:00:00,124522.0,125244.0,121247.0,121971.0,19396.84865,142006
2025-10-07 16:00:00,121974.0,122208.0,120564.0,121677.0,15535.72039,118914
2025-10-07 20:00:00,121678.0,122375.0,121337.0,121401.0,4496.0579,58218
2025-10-08 00:00:00,121400.0,122300.0,121256.0,121424.0,4217.57854,53700
2025-10-08 04:00:00,121425.0,121969.0,121100.0,121655.0,3414.08871,50552
2025-10-08 08:00:00,121655.0,123285.0,121575.0,122959.0,3613.7369,64234
2025-10-08 12:00:00,122959.0,123387.0,121700.0,122242.0,6585.23311,93502
2025-10-08 16:00:00,122243.0,124303.0,122169.0,123523.0,6799.78188,83735
2025-10-08 20:00:00,123514.0,123809.0,122883.0,123385.0,2055.41713,38509
2025-10-09 00:00:00,123384.0,123428.0,121497.0,122078.0,5500.89797,60975
2025-10-09 04:00:00,122078.0,122312.0,121743.0,121922.0,3234.75714,44618
2025-10-09 08:00:00,121922.0,122864.0,121131.0,122752.0,5868.20987,65227
2025-10-09 12:00:00,122751.0,123783.0,120696.0,121187.0,11211.18996,126248
2025-10-09 16:00:00,121187.0,121497.0,119526.0,120868.0,14657.15727,133015
2025-10-09 20:00:00,120876.0,121742.0,120784.0,121615.0,3123.58018,45500
2025-10-10 00:00:00,121615.0,121853.0,120780.0,120964.0,4756.44767,59456
2025-10-10 04:00:00,120964.0,121703.0,120811.0,120868.0,3268.5296,46864
2025-10-10 08:00:00,120869.0,121753.0,120869.0,121501.0,3965.40479,46717
2025-10-10 12:00:00,121501.0,122460.0,118411.0,118984.0,16964.43515,153326
2025-10-10 16:00:00,118985.0,119429.0,115804.0,116632.0,22530.56829,179926
2025-10-10 20:00:00,116626.0,117129.0,100837.0,112761.0,47826.52971,454380
2025-10-11 00:00:00,112729.0,113302.0,110949.0,112293.0,8692.03803,92961
2025-10-11 04:00:00,112294.0,112951.0,110051.0,110352.0,6744.56096,79862
2025-10-11 08:00:00,110352.0,112308.0,110116.0,112237.0,2729.18341,73449
2025-10-11 12:00:00,112237.0,112487.0,111735.0,111740.0,2701.32324,50504
2025-10-11 16:00:00,111739.0,112154.0,110803.0,111146.0,2923.80239,60720
2025-10-11 20:00:00,111146.0,111299.0,109546.0,110592.0,4353.62162,85444
2025-10-12 00:00:00,110593.0,111298.0,109515.0,110619.0,4456.46943,82892
2025-10-12 04:00:00,110620.0,112097.0,110549.0,111470.0,3627.48441,47454
2025-10-12 08:00:00,111470.0,112050.0,111066.0,111795.0,2113.38732,42987
2025-10-12 12:00:00,111795.0,113720.0,111138.0,113174.0,11935.1019,129606
2025-10-12 16:00:00,113174.0,114709.0,113173.0,114331.0,8546.33811,109873
2025-10-12 20:00:00,114331.0,115793.0,114219.0,114940.0,8635.65234,114498
2025-10-13 00:00:00,114940.0,115963.0,114602.0,114808.0,3850.90148,81484
2025-10-13 04:00:00,114808.0,115582.0,114398.0,115402.0,3575.96193,55822
2025-10-13 08:00:00,115402.0,115441.0,113600.0,114153.0,3604.41365,73181
2025-10-13 12:00:00,114153.0,115483.0,113750.0,114264.0,9983.02685,147162
2025-10-13 16:00:00,114267.0,115835.0,114165.0,115749.0,5085.63885,105171
2025-10-13 20:00:00,115748.0,115825.0,114932.0,115124.0,2940.16847,56350
2025-10-14 00:00:00,115124.0,115371.0,113077.0,113427.0,8701.98009,91014
2025-10-14 04:00:00,113428.0,113612.0,111282.0,111649.0,9820.63933,112867
2025-10-14 08:00:00,111648.0,112097.0,110020.0,111261.0,7981.84858,116355
2025-10-14 12:00:00,111263.0,112864.0,109764.0,112848.0,15397.16342,150576
2025-10-14 16:00:00,112847.0,113569.0,111690.0,112580.0,19228.51246,224978
2025-10-14 20:00:00,112579.0,113576.0,112210.0,113020.0,4307.85331,56906
2025-10-15 00:00:00,113020.0,113592.0,111763.0,111990.0,4559.14951,75334
2025-10-15 04:00:00,111990.0,112687.0,111710.0,112574.0,2252.08129,53779
2025-10-15 08:00:00,112574.0,113511.0,111662.0,111866.0,4536.45706,66096
2025-10-15 12:00:00,111867.0,112220.0,110364.0,110800.0,12264.40043,127700
2025-10-15 16:00:00,110793.0,111568.0,110164.0,111268.0,7525.53776,94910
2025-10-15 20:00:00,111262.0,111551.0,110451.0,110730.0,8550.30263,76222
2025-10-16 00:00:00,110730.0,111867.0,110321.0,111288.0,4258.87783,54475
2025-10-16 04:00:00,111300.0,111731.0,110526.0,110526.0,4197.5812,55030
2025-10-16 08:00:00,110526.0,111690.0,109503.0,111405.0,5675.20999,82185
2025-10-16 12:00:00,111405.0,112038.0,108297.0,108515.0,12398.71508,146051
2025-10-16 16:00:00,108525.0,109254.0,107539.0,108211.0,13724.29404,172868
2025-10-16 20:00:00,108214.0,108508.0,107450.0,108221.0,5267.56023,66241
2025-10-17 00:00:00,108221.0,109229.0,107960.0,109160.0,3548.7824,58056
2025-10-17 04:00:00,109161.0,109255.0,105500.0,105589.0,9739.56676,143012
2025-10-17 08:00:00,105589.0,106588.0,103498.0,105671.0,13076.69963,189753
2025-10-17 12:00:00,105669.0,106888.0,104513.0,106821.0,10268.86227,154970
2025-10-17 16:00:00,106821.0,107572.0,106071.0,106421.0,6002.95462,103947
2025-10-17 20:00:00,106440.0,107429.0,106337.0,106396.0,3351.08028,52050
2025-10-18 00:00:00,106395.0,107280.0,106303.0,107042.0,2230.68846,47170
2025-10-18 04:00:00,107042.0,107496.0,106398.0,106649.0,2051.78503,42179
2025-10-18 08:00:00,106649.0,107189.0,106589.0,107171.0,1589.38597,33567
2025-10-18 12:00:00,107172.0,107268.0,106694.0,106926.0,1524.35412,40099
2025-10-18 16:00:00,106925.0,107069.0,106444.0,107062.0,1698.71867,30184
2025-10-18 20:00:00,107061.0,107303.0,106818.0,107143.0,1859.62549,27251
2025-10-19 00:00:00,107143.0,107335.0,106713.0,107215.0,1251.22784,29072
2025-10-19 04:00:00,107216.0,107222.0,106503.0,106726.0,1161.1574,26394
2025-10-19 08:00:00,106725.0,108214.0,106056.0,107735.0,6303.76316,93198
2025-10-19 12:00:00,107735.0,108586.0,107319.0,108435.0,3514.39791,62638
2025-10-19 16:00:00,108436.0,109407.0,108179.0,108841.0,4718.42668,68881
2025-10-19 20:00:00,108841.0,109300.0,108295.0,108591.0,3224.00835,51201
2025-10-20 00:00:00,108590.0,110411.0,107365.0,110100.0,7448.74205,88378
2025-10-20 04:00:00,110101.0,111399.0,109908.0,111161.0,7665.41182,97608
2025-10-20 08:00:00,111160.0,111679.0,110616.0,110996.0,2886.0961,61023
2025-10-20 12:00:00,110996.0,111662.0,110514.0,111100.0,5808.5091,81217
2025-10-20 16:00:00,111099.0,111256.0,109798.0,110753.0,8550.72675,107285
2025-10-20 20:00:00,110753.0,111219.0,110360.0,110479.0,2926.94766,45025
2025-10-21 00:00:00,110480.0,110482.0,108994.0,109008.0,3942.74894,59031
2025-10-21 04:00:00,109008.0,109008.0,107398.0,108019.0,9164.92895,102173
2025-10-21 08:00:00,108019.0,108807.0,107411.0,108565.0,5653.81668,70520
2025-10-21 12:00:00,108566.0,113537.0,107786.0,113386.0,22443.68113,210817
2025-10-21 16:00:00,113386.0,114244.0,111238.0,111729.0,16240.49887,170210
2025-10-21 20:00:00,111731.0,111756.0,107998.0,108245.0,15849.00285,163428
2025-10-22 00:00:00,108246.0,108649.0,107800.0,108160.0,6966.39738,81796
2025-10-22 04:00:00,108160.0,108602.0,107565.0,108289.0,3978.35099,61003
2025-10-22 08:00:00,108288.0,108326.0,106400.0,107502.0,8439.36487,83774
2025-10-22 12:00:00,107502.0,109132.0,107392.0,108391.0,21984.55791,187364
2025-10-22 16:00:00,108390.0,108770.0,107448.0,107840.0,11612.54214,120926
2025-10-22 20:00:00,107821.0,108018.0,106685.0,107528.0,11201.83251,98655
2025-10-23 00:00:00,107528.0,108789.0,107458.0,108377.0,6906.60179,86743
2025-10-23 04:00:00,108377.0,110333.0,108356.0,109289.0,6813.80416,76104
2025-10-23 08:00:00,109289.0,109915.0,109075.0,109263.0,4868.51613,62213
2025-10-23 12:00:00,109264.0,110130.0,108700.0,109910.0,7368.0177,105873
2025-10-23 16:00:00,109909.0,111332.0,109653.0,110233.0,9097.14228,97406
2025-10-23 20:00:00,110234.0,110234.0,109335.0,110063.0,5181.81514,66523
2025-10-24 00:00:00,110062.0,110815.0,109980.0,110430.0,2991.09158,55877
2025-10-24 04:00:00,110430.0,111556.0,110325.0,111072.0,3682.71992,64345
2025-10-24 08:00:00,111071.0,111508.0,110630.0,111100.0,3778.53494,58419
2025-10-24 12:00:00,111099.0,112142.0,109800.0,110109.0,10514.94421,144683
2025-10-24 16:00:00,110110.0,111001.0,109851.0,110659.0,3806.45036,73428
2025-10-24 20:00:00,110659.0,111200.0,110519.0,111060.0,2389.38532,36668
2025-10-25 00:00:00,111060.0,111267.0,110704.0,111057.0,1605.45935,30138
2025-10-25 04:00:00,111058.0,111888.0,111057.0,111551.0,2201.37534,38813
2025-10-25 08:00:00,111552.0,111888.0,111444.0,111635.0,1924.76437,34311
2025-10-25 12:00:00,111635.0,112000.0,111325.0,111396.0,2725.10741,41024
2025-10-25 16:00:00,111396.0,111772.0,111150.0,111669.0,2462.08583,35905
2025-10-25 20:00:00,111669.0,111730.0,111369.0,111683.0,1230.68443,25136
2025-10-26 00:00:00,111683.0,111934.0,111266.0,111271.0,1895.50974,33959
2025-10-26 04:00:00,111272.0,111756.0,111269.0,111756.0,1082.82593,18462
2025-10-26 08:00:00,111755.0,113515.0,111730.0,113309.0,4377.9143,58372
2025-10-26 12:00:00,113310.0,114145.0,113310.0,113734.0,4612.06622,65904
2025-10-26 16:00:00,113734.0,113892.0,113311.0,113637.0,3749.9864,44492
2025-10-26 20:00:00,113637.0,115777.0,112898.0,114601.0,7957.02846,77512
2025-10-27 00:00:00,114600.0,115540.0,114380.0,115050.0,4171.1837,57555
2025-10-27 04:00:00,115051.0,116475.0,115046.0,115566.0,4631.59448,60940
2025-10-27 08:00:00,115567.0,115618.0,114850.0,115377.0,3277.4038,64079
2025-10-27 12:00:00,115378.0,115529.0,114527.0,114992.0,6575.78992,75719
2025-10-27 16:00:00,114993.0,115834.0,114800.0,114960.0,3972.06625,54512
2025-10-27 20:00:00,114961.0,114970.0,113824.0,114111.0,4985.01088,63906
2025-10-28 00:00:00,114110.0,114544.0,113564.0,113903.0,4136.70834,64114
2025-10-28 04:00:00,113904.0,114352.0,113486.0,114170.0,2461.59895,45963
2025-10-28 08:00:00,114170.0,114658.0,114106.0,114350.0,2355.81607,41176
2025-10-28 12:00:00,114351.0,116129.0,114150.0,114640.0,10313.72062,136866
2025-10-28 16:00:00,114641.0,115601.0,113477.0,113694.0,6939.92837,98593
2025-10-28 20:00:00,113703.0,113716.0,112189.0,112864.0,12606.16512,129604
2025-10-29 00:00:00,112864.0,112927.0,112048.0,112502.0,3338.74476,64598
2025-10-29 04:00:00,112503.0,113570.0,112470.0,113569.0,2585.23389,51344
2025-10-29 08:00:00,113569.0,113627.0,112705.0,113134.0,2101.72839,55635
2025-10-29 12:00:00,113134.0,113617.0,111400.0,111510.0,7253.52291,108880
2025-10-29 16:00:00,111510.0,112024.0,109305.0,110675.0,19763.77406,230922
2025-10-29 20:00:00,110681.0,111872.0,109810.0,110102.0,6195.49685,78109
2025-10-30 00:00:00,110102.0,111091.0,109777.0,110833.0,4898.00519,75349
2025-10-30 04:00:00,110833.0,111673.0,107988.0,111430.0,13587.39628,145599
2025-10-30 08:00:00,111430.0,111511.0,109736.0,109784.0,3766.95242,70864
2025-10-30 12:00:00,109775.0,109835.0,107310.0,107752.0,14065.14434,186202
2025-10-30 16:00:00,107753.0,108292.0,106300.0,106526.0,12513.01844,173937
2025-10-30 20:00:00,106526.0,108394.0,106282.0,108360.0,5475.40721,90551
2025-10-31 00:00:00,108361.0,110083.0,108321.0,109241.0,7337.90805,122257
2025-10-31 04:00:00,109241.0,110259.0,109114.0,109450.0,3379.53876,83785
2025-10-31 08:00:00,109450.0,110544.0,109213.0,110447.0,4273.96557,80246
2025-10-31 12:00:00,110447.0,111170.0,109379.0,110199.0,7049.30604,137144
2025-10-31 16:00:00,110198.0,110280.0,108601.0,109820.0,7909.4665,126929
2025-10-31 20:00:00,109821.0,109832.0,109315.0,109587.0,2764.66498,47252
2025-11-01 00:00:00,109587.0,110292.0,109378.0,110237.0,2199.64225,43676
2025-11-01 04:00:00,110237.0,110569.0,109943.0,110076.0,1747.41377,40470
2025-11-01 08:00:00,110076.0,110291.0,109841.0,110141.0,1016.68082,27600
2025-11-01 12:00:00,110142.0,110361.0,109729.0,110308.0,1666.11684,33608
2025-11-01 16:00:00,110308.0,110540.0,110199.0,110322.0,1336.92531,32629
2025-11-01 20:00:00,110322.0,110536.0,109874.0,110120.0,1448.21735,29323
2025-11-02 00:00:00,110120.0,110279.0,109896.0,110060.0,792.48515,23722
2025-11-02 04:00:00,110061.0,111048.0,110034.0,110896.0,1629.12955,40399
2025-11-02 08:00:00,110897.0,111228.0,110341.0,111192.0,2861.6048,43862
2025-11-02 12:00:00,111192.0,111255.0,110073.0,110092.0,3114.67185,56742
2025-11-02 16:00:00,110092.0,110327.0,109697.0,110140.0,2962.3141,47782
2025-11-02 20:00:00,110139.0,110718.0,109409.0,110529.0,2869.34429,50219
2025-11-03 00:00:00,110528.0,110735.0,107842.0,107884.0,8396.58431,103793
2025-11-03 04:00:00,107889.0,108006.0,106969.0,107456.0,6971.91518,97058
2025-11-03 08:00:00,107455.0,107911.0,106680.0,107782.0,3542.78648,77521
2025-11-03 12:00:00,107781.0,108318.0,105240.0,105676.0,13734.11407,182403
2025-11-03 16:00:00,105675.0,107759.0,105248.0,107037.0,10595.10149,153947
2025-11-03 20:00:00,107037.0,107119.0,105741.0,106527.0,6799.13118,100321
2025-11-04 00:00:00,106528.0,107242.0,105810.0,107109.0,6060.00418,89150
2025-11-04 04:00:00,107109.0,107247.0,104132.0,104439.0,10218.79265,135990
2025-11-04 08:00:00,104440.0,104667.0,103547.0,104556.0,8118.92992,130841
2025-11-04 12:00:00,104555.0,104816.0,102899.0,103159.0,11557.54314,183241
2025-11-04 16:00:00,103161.0,103486.0,99970.0,100506.0,21787.20099,259907
2025-11-04 20:00:00,100506.0,101881.0,98895.0,101460.0,19940.53141,200564
2025-11-05 00:00:00,101462.0,102269.0,98927.0,102137.0,9899.95955,180587
2025-11-05 04:00:00,102143.0,102372.0,101477.0,101994.0,5067.71651,106717
2025-11-05 08:00:00,101994.0,102217.0,101168.0,102074.0,3928.95449,92814
2025-11-05 12:00:00,102074.0,103815.0,101896.0,103751.0,8519.02911,143336
2025-11-05 16:00:00,103751.0,104582.0,103085.0,104043.0,5704.62076,91072
2025-11-05 20:00:00,104043.0,104570.0,103315.0,103925.0,3577.40532,66970
2025-11-06 00:00:00,103925.0,103984.0,102785.0,103681.0,4750.59165,60352
2025-11-06 04:00:00,103680.0,104236.0,102911.0,103192.0,3210.6184,68625
2025-11-06 08:00:00,103192.0,103445.0,102595.0,103206.0,4084.35556,85738
2025-11-06 12:00:00,103205.0,103629.0,101537.0,101992.0,13056.64502,151756
2025-11-06 16:00:00,101992.0,102350.0,100191.0,101354.0,17908.42968,197548
2025-11-06 20:00:00,101354.0,101600.0,100468.0,101313.0,5737.93232,77697
2025-11-07 00:00:00,101312.0,102312.0,100700.0,101869.0,5230.11201,91571
2025-11-07 04:00:00,101869.0,102490.0,101550.0,101997.0,3207.25799,52265
2025-11-07 08:00:00,101997.0,102028.0,99737.0,100401.0,7687.38807,91646
2025-11-07 12:00:00,100398.0,101245.0,99237.0,100773.0,14028.74786,156967
2025-11-07 16:00:00,100774.0,103381.0,100466.0,103380.0,11856.89062,155775
2025-11-07 20:00:00,103381.0,104124.0,102937.0,103300.0,5450.27979,76991
2025-11-08 00:00:00,103301.0,103367.0,102497.0,102531.0,5540.82447,61840
2025-11-08 04:00:00,102531.0,102771.0,101867.0,102312.0,3407.37077,48855
2025-11-08 08:00:00,102311.0,102637.0,101691.0,101813.0,2800.35807,43578
2025-11-08 12:00:00,101813.0,102145.0,101428.0,101676.0,3623.85454,56966
2025-11-08 16:00:00,101676.0,102200.0,101465.0,101943.0,2975.93504,43846
2025-11-08 20:00:00,101942.0,102445.0,101909.0,102269.0,1431.83042,27110
2025-11-09 00:00:00,102269.0,102302.0,101340.0,101620.0,3491.10118,50972
2025-11-09 04:00:00,101621.0,102082.0,101589.0,101898.0,1287.31705,34009
2025-11-09 08:00:00,101898.0,102274.0,101464.0,102182.0,1829.57573,39808
2025-11-09 12:00:00,102181.0,104174.0,102003.0,103752.0,5855.63373,101717
2025-11-09 16:00:00,103749.0,104861.0,103308.0,104813.0,5861.15904,92407
2025-11-09 20:00:00,104814.0,105521.0,104105.0,104753.0,6454.13621,100824
2025-11-10 00:00:00,104748.0,106703.0,104291.0,106062.0,7007.43026,114439
2025-11-10 04:00:00,106062.0,106576.0,105890.0,106500.0,2748.70705,59427
2025-11-10 08:00:00,106501.0,106635.0,105876.0,106210.0,2895.93118,58148
2025-11-10 12:00:00,106211.0,106628.0,104610.0,105081.0,11831.34003,137811
2025-11-10 16:00:00,105082.0,106119.0,104800.0,105838.0,4885.63904,78798
2025-11-10 20:00:00,105840.0,106333.0,105246.0,106015.0,4728.2019,66098
2025-11-11 00:00:00,106016.0,107519.0,105522.0,106452.0,7845.81491,120192
2025-11-11 04:00:00,106452.0,106544.0,104699.0,104745.0,4155.59021,86582
2025-11-11 08:00:00,104744.0,105480.0,104730.0,105280.0,2267.0063,60494
2025-11-11 12:00:00,105281.0,105468.0,103163.0,103455.0,8298.25207,121256
2025-11-11 16:00:00,103455.0,103730.0,102794.0,103095.0,6520.39567,82940
2025-11-11 20:00:00,103096.0,103201.0,102454.0,103034.0,5837.72318,79265
2025-11-12 00:00:00,103033.0,103439.0,102642.0,103295.0,3322.84279,67975
2025-11-12 04:00:00,103295.0,103648.0,102987.0,103110.0,1915.62044,49549
2025-11-12 08:00:00,103110.0,105198.0,103110.0,104994.0,3406.28455,78539
2025-11-12 12:00:00,104993.0,105299.0,101889.0,102169.0,8659.94481,123628
2025-11-12 16:00:00,102168.0,102281.0,100729.0,101249.0,10240.90622,113183
2025-11-12 20:00:00,101250.0,102000.0,101077.0,101623.0,4574.44982,61573
2025-11-13 00:00:00,101624.0,102600.0,100851.0,102091.0,7174.77623,104297
2025-11-13 04:00:00,102092.0,104000.0,101628.0,103451.0,6852.05269,102116
2025-11-13 08:00:00,103451.0,103772.0,102527.0,102908.0,4660.58087,78816
2025-11-13 12:00:00,102909.0,103471.0,101138.0,101351.0,11812.69406,153600
2025-11-13 16:00:00,101350.0,101506.0,98111.0,98686.0,22873.58634,248384
2025-11-13 20:00:00,98685.0,100587.0,98000.0,99735.0,14401.42869,168059
2025-11-14 00:00:00,99735.0,99887.0,98706.0,99130.0,9153.43811,115652
2025-11-14 04:00:00,99130.0,99164.0,95900.0,97151.0,16461.1706,230643
2025-11-14 08:00:00,97150.0,97547.0,95651.0,96136.0,8669.66828,141828
2025-11-14 12:00:00,96136.0,97348.0,94471.0,96800.0,22465.13885,264680
2025-11-14 16:00:00,96800.0,97398.0,94800.0,95791.0,12749.09291,182531
2025-11-14 20:00:00,95790.0,95950.0,94079.0,94634.0,11310.03911,151989
2025-11-15 00:00:00,94633.0,96857.0,94615.0,96444.0,5820.83314,100857
2025-11-15 04:00:00,96444.0,96622.0,95948.0,96352.0,3441.66465,58468
2025-11-15 08:00:00,96352.0,96369.0,95638.0,95717.0,2341.9573,59121
2025-11-15 12:00:00,95718.0,96511.0,95585.0,96283.0,2587.2592,61946
2025-11-15 16:00:00,96284.0,96395.0,95716.0,96007.0,4433.34211,75577
2025-11-15 20:00:00,96007.0,96021.0,95115.0,95592.0,4671.45499,77283
2025-11-16 00:00:00,95593.0,95984.0,94838.0,95809.0,3205.23237,67905
2025-11-16 04:00:00,95816.0,96207.0,95651.0,96100.0,2165.25524,42675
2025-11-16 08:00:00,96100.0,96654.0,95523.0,95665.0,4503.43504,70063
2025-11-16 12:00:00,95664.0,95938.0,94395.0,94589.0,3580.31104,78785
2025-11-16 16:00:00,94589.0,95578.0,93756.0,94045.0,11823.54328,146223
2025-11-16 20:00:00,94044.0,94745.0,93025.0,94291.0,8444.11199,125951
2025-11-17 00:00:00,94291.0,95585.0,93775.0,95537.0,4645.95148,95177
2025-11-17 04:00:00,95536.0,95919.0,94912.0,95678.0,2406.33829,63830
2025-11-17 08:00:00,95678.0,96055.0,95340.0,95592.0,2608.6891,58293
2025-11-17 12:00:00,95591.0,96088.0,93583.0,94013.0,13286.50441,204034
2025-11-17 16:00:00,94014.0,94477.0,91631.0,91745.0,15188.99094,194942
2025-11-17 20:00:00,91745.0,92458.0,91355.0,92272.0,10431.3446,152056
2025-11-18 00:00:00,92273.0,92415.0,89704.0,90872.0,13355.98817,179356
2025-11-18 04:00:00,90872.0,90883.0,89262.0,90516.0,10055.35877,110539
2025-11-18 08:00:00,90516.0,91642.0,90509.0,91538.0,4444.61679,92446
2025-11-18 12:00:00,91538.0,93104.0,90928.0,92943.0,11063.58592,176515
2025-11-18 16:00:00,92943.0,93851.0,92611.0,93182.0,8148.21612,138991
2025-11-18 20:00:00,93182.0,93430.0,92450.0,92972.0,4157.87579,77064
2025-11-19 00:00:00,92973.0,92996.0,91671.0,91879.0,5461.8914,103230
2025-11-19 04:00:00,91879.0,92029.0,90025.0,91874.0,8456.31645,116485
2025-11-19 08:00:00,91874.0,91956.0,91068.0,91399.0,3625.80783,81483
2025-11-19 12:00:00,91398.0,92393.0,89870.0,89939.0,7423.16035,130143
2025-11-19 16:00:00,89938.0,90232.0,88652.0,88888.0,12710.97016,130178
2025-11-19 20:00:00,88888.0,91600.0,88617.0,91554.0,11163.77757,120777
2025-11-20 00:00:00,91554.0,92800.0,91188.0,92444.0,5563.01209,100818
2025-11-20 04:00:00,92444.0,93167.0,91680.0,92324.0,3627.15966,75590
2025-11-20 08:00:00,92325.0,92415.0,91450.0,91941.0,2019.82767,64686
2025-11-20 12:00:00,91940.0,92522.0,89825.0,89880.0,8905.0814,141350
2025-11-20 16:00:00,89880.0,89926.0,86109.0,86936.0,24263.09964,210073
2025-11-20 20:00:00,86937.0,88282.0,86343.0,86650.0,9811.19587,95950
2025-11-21 00:00:00,86650.0,87516.0,85334.0,85807.0,11305.3495,108511
2025-11-21 04:00:00,85808.0,86347.0,80255.0,84030.0,14670.19789,136244
2025-11-21 08:00:00,84027.0,84677.0,81651.0,82315.0,17329.5179,157185
2025-11-21 12:00:00,82308.0,85457.0,80614.0,82898.0,29704.57829,258197
2025-11-21 16:00:00,82898.0,85539.0,82288.0,84185.0,19290.66782,228576
2025-11-21 20:00:00,84184.0,85403.0,83433.0,85111.0,10658.98256,140004
2025-11-22 00:00:00,85112.0,85611.0,84166.0,84400.0,7149.31525,103138
2025-11-22 04:00:00,84399.0,84763.0,83788.0,84547.0,2882.97481,74299
2025-11-22 08:00:00,84547.0,84548.0,83450.0,84062.0,5242.90193,74766
2025-11-22 12:00:00,84061.0,84715.0,83581.0,84245.0,3363.65516,69793
2025-11-22 16:00:00,84245.0,84875.0,84184.0,84571.0,2712.44709,50450
2025-11-22 20:00:00,84571.0,85241.0,84222.0,84711.0,3969.38367,58324
2025-11-23 00:00:00,84711.0,86315.0,84648.0,86295.0,8791.92391,90163
2025-11-23 04:00:00,86296.0,86845.0,85357.0,85752.0,5303.40457,80379
2025-11-23 08:00:00,85747.0,86439.0,85741.0,86284.0,2441.17102,58846
2025-11-23 12:00:00,86284.0,87200.0,86230.0,87060.0,5778.23981,98840
2025-11-23 16:00:00,87061.0,87643.0,86451.0,87289.0,8652.58423,93752
2025-11-23 20:00:00,87290.0,88130.0,86712.0,86807.0,8183.80457,109795
2025-11-24 00:00:00,86807.0,88000.0,85881.0,87401.0,9275.41839,124899
2025-11-24 04:00:00,87405.0,87795.0,86382.0,86996.0,6001.33645,91064
2025-11-24 08:00:00,86995.0,86996.0,85672.0,86255.0,5999.33814,85756
2025-11-24 12:00:00,86254.0,86708.0,85231.0,86621.0,10952.84634,138885
2025-11-24 16:00:00,86622.0,88796.0,86621.0,88291.0,13119.45469,140671
2025-11-24 20:00:00,88290.0,89165.0,88189.0,88232.0,6436.0811,81768
2025-11-25 00:00:00,88233.0,88234.0,87416.0,87767.0,3797.8902,67714
2025-11-25 04:00:00,87768.0,88473.0,87291.0,87346.0,4115.30189,65738
2025-11-25 08:00:00,87346.0,87561.0,86637.0,87313.0,3887.8949,62938
2025-11-25 12:00:00,87314.0,87721.0,86050.0,86944.0,8779.08555,112180
2025-11-25 16:00:00,86945.0,88127.0,86129.0,86854.0,9789.50291,107377
2025-11-25 20:00:00,86855.0,87857.0,86525.0,87332.0,9706.53141,87371
2025-11-26 00:00:00,87331.0,88232.0,87029.0,87079.0,5865.23429,71378
2025-11-26 04:00:00,87080.0,87943.0,86847.0,87914.0,3340.9339,48366
2025-11-26 08:00:00,87908.0,87914.0,86622.0,87057.0,2708.02805,45133
2025-11-26 12:00:00,87056.0,87636.0,86207.0,86936.0,7447.17762,93543
2025-11-26 16:00:00,86935.0,90371.0,86930.0,89916.0,12885.26083,143945
2025-11-26 20:00:00,89917.0,90602.0,89453.0,90420.0,4111.54541,69548
2025-11-27 00:00:00,90421.0,91852.0,90026.0,91049.0,5974.11317,83749
2025-11-27 04:00:00,91049.0,91524.0,90845.0,91370.0,4154.4706,55430
2025-11-27 08:00:00,91371.0,91911.0,91181.0,91331.0,3282.9385,51813
2025-11-27 12:00:00,91331.0,91414.0,90409.0,90916.0,5215.01906,79992
2025-11-27 16:00:00,90916.0,91822.0,90810.0,91489.0,4710.86037,70127
2025-11-27 20:00:00,91489.0,91569.0,91064.0,91310.0,3145.05802,44731
2025-11-28 00:00:00,91310.0,91388.0,90611.0,91161.0,2411.07655,50557
2025-11-28 04:00:00,91162.0,91700.0,90842.0,90893.0,3897.25356,56185
2025-11-28 08:00:00,90893.0,92019.0,90879.0,91418.0,3271.19565,73848
2025-11-28 12:00:00,91418.0,93089.0,91362.0,92312.0,9160.46343,132877
2025-11-28 16:00:00,92311.0,92332.0,90147.0,91103.0,9420.9484,125061
2025-11-28 20:00:00,91103.0,91195.0,90654.0,90842.0,2783.44728,43957
2025-11-29 00:00:00,90842.0,91064.0,90490.0,90636.0,2097.76252,34687
2025-11-29 04:00:00,90637.0,90889.0,90251.0,90523.0,2365.44306,39829
2025-11-29 08:00:00,90523.0,90684.0,90329.0,90633.0,1274.25379,34266
2025-11-29 12:00:00,90633.0,91071.0,90478.0,91024.0,1886.63704,38528
2025-11-29 16:00:00,91024.0,91140.0,90091.0,90608.0,3221.03646,52640
2025-11-29 20:00:00,90608.0,91026.0,90365.0,90768.0,1555.50923,36650
2025-11-30 00:00:00,90769.0,91021.0,90430.0,90872.0,1415.62083,30687
2025-11-30 04:00:00,90871.0,91000.0,90621.0,90930.0,846.67088,27124
2025-11-30 08:00:00,90930.0,91578.0,90897.0,91003.0,2065.72835,64296
2025-11-30 12:00:00,91003.0,91923.0,90959.0,91400.0,2206.8827,69299
2025-11-30 16:00:00,91399.0,91820.0,91109.0,91419.0,1810.04117,55989
2025-11-30 20:00:00,91419.0,91591.0,90293.0,90326.0,3644.21702,73973
2025-12-01 00:00:00,90325.0,90376.0,86135.0,86314.0,18326.59579,213202
2025-12-01 04:00:00,86314.0,86540.0,85576.0,86516.0,6117.0657,98584
2025-12-01 08:00:00,86516.0,86890.0,86088.0,86097.0,3411.68028,62182
2025-12-01 12:00:00,86097.0,86652.0,83769.0,84645.0,19511.52585,174199
2025-12-01 16:00:00,84645.0,85509.0,84000.0,84990.0,11503.63225,127754
2025-12-01 20:00:00,84989.0,86811.0,84975.0,86216.0,9274.11705,111393
2025-12-02 00:00:00,86218.0,87295.0,86123.0,86928.0,4784.19981,91931
2025-12-02 04:00:00,86930.0,87228.0,86765.0,86959.0,2863.41908,55922
2025-12-02 08:00:00,86960.0,87562.0,86318.0,87325.0,4308.29585,77669
2025-12-02 12:00:00,87325.0,91132.0,87005.0,90800.0,15042.59063,159002
2025-12-02 16:00:00,90800.0,92217.0,90165.0,91842.0,13318.3846,136245
2025-12-02 20:00:00,91841.0,91956.0,90667.0,91237.0,6392.55355,94799
2025-12-03 00:00:00,91237.0,93051.0,90945.0,92594.0,6426.21764,122971
2025-12-03 04:00:00,92594.0,93935.0,92591.0,92973.0,6682.22279,123602
2025-12-03 08:00:00,92974.0,93344.0,92610.0,92961.0,4855.76922,77806
2025-12-03 12:00:00,92961.0,93642.0,91631.0,92338.0,10549.04919,135826
2025-12-03 16:00:00,92338.0,93486.0,91772.0,92990.0,6229.31921,104839
2025-12-03 20:00:00,92994.0,94140.0,92800.0,93395.0,4655.26407,80021
2025-12-04 00:00:00,93395.0,94031.0,92631.0,93498.0,6183.07611,84755
2025-12-04 04:00:00,93498.0,93542.0,92730.0,93345.0,3166.63882,54684
2025-12-04 08:00:00,93346.0,93581.0,92700.0,92898.0,2557.15639,55618
2025-12-04 12:00:00,92899.0,93236.0,91761.0,92940.0,7262.21031,106271
2025-12-04 16:00:00,92939.0,93130.0,90806.0,91927.0,8362.1861,114508
2025-12-04 20:00:00,91933.0,92683.0,91634.0,92034.0,3222.33605,61708
2025-12-05 00:00:00,92034.0,92660.0,91956.0,92143.0,2923.59347,48899
2025-12-05 04:00:00,92144.0,92464.0,91780.0,92205.0,2105.12449,37403
2025-12-05 08:00:00,92206.0,92223.0,90940.0,91298.0,3480.58468,61573
2025-12-05 12:00:00,91298.0,91440.0,89868.0,90406.0,10764.82142,133173
2025-12-05 16:00:00,90406.0,90455.0,88032.0,89586.0,15298.02708,155054
2025-12-05 20:00:00,89587.0,89706.0,88844.0,89294.0,4175.34335,50175
2025-12-06 00:00:00,89294.0,89769.0,89001.0,89634.0,1956.67052,35553
2025-12-06 04:00:00,89634.0,89724.0,89422.0,89546.0,758.85051,24346
2025-12-06 08:00:00,89546.0,89678.0,89171.0,89581.0,1565.07937,32550
2025-12-06 12:00:00,89582.0,90249.0,89451.0,89712.0,3004.66449,44481
2025-12-06 16:00:00,89712.0,89942.0,89229.0,89359.0,2597.00779,35789
2025-12-06 20:00:00,89359.0,89577.0,88848.0,89181.0,2779.59086,39878
2025-12-07 00:00:00,89182.0,89699.0,89128.0,89669.0,1651.44269,28836
2025-12-07 04:00:00,89669.0,89749.0,89140.0,89335.0,1185.71857,22462
2025-12-07 08:00:00,89336.0,89497.0,88996.0,89091.0,2069.69676,30256
2025-12-07 12:00:00,89091.0,89686.0,87666.0,89508.0,9481.86114,99116
2025-12-07 16:00:00,89507.0,91721.0,89059.0,91372.0,9201.84098,108604
2025-12-07 20:00:00,91372.0,91475.0,88893.0,90344.0,9503.99166,106731
2025-12-08 00:00:00,90345.0,91636.0,89794.0,91025.0,5012.36394,74985
2025-12-08 04:00:00,91025.0,91829.0,90969.0,91513.0,2189.66277,43852
2025-12-08 08:00:00,91513.0,92256.0,91434.0,91926.0,3886.22006,55843
2025-12-08 12:00:00,91926.0,92080.0,89565.0,89918.0,9199.43141,129105
2025-12-08 16:00:00,89918.0,90478.0,89619.0,90071.0,6376.56454,94698
2025-12-08 20:00:00,90072.0,91338.0,90072.0,90594.0,5973.63915,69779
2025-12-09 00:00:00,90594.0,90799.0,89754.0,90356.0,3306.88607,55288
2025-12-09 04:00:00,90357.0,90487.0,89500.0,90439.0,3191.02698,47753
2025-12-09 08:00:00,90439.0,90550.0,89871.0,90338.0,2179.46929,39941
2025-12-09 12:00:00,90340.0,92874.0,89958.0,92671.0,12142.474,124786
2025-12-09 16:00:00,92671.0,94569.0,92671.0,93757.0,14276.94565,146034
2025-12-09 20:00:00,93757.0,93811.0,92199.0,92654.0,7154.01003,76904
2025-12-10 00:00:00,92655.0,92740.0,91919.0,92381.0,4081.64571,56364
2025-12-10 04:00:00,92379.0,92779.0,92347.0,92752.0,2226.30746,36710
2025-12-10 08:00:00,92756.0,93220.0,91730.0,92085.0,3081.96984,56111
2025-12-10 12:00:00,92084.0,92184.0,91543.0,92027.0,4668.87701,72508
2025-12-10 16:00:00,92026.0,93231.0,91612.0,92900.0,14636.43684,131977
2025-12-10 20:00:00,92898.0,94444.0,91831.0,91961.0,13971.75189,105166
2025-12-11 00:00:00,91961.0,92028.0,89344.0,89860.0,8883.95318,107501
2025-12-11 04:00:00,89859.0,90440.0,89662.0,90236.0,2963.00122,46583
2025-12-11 08:00:00,90236.0,90469.0,89943.0,90202.0,1134.28535,31931
2025-12-11 12:00:00,90201.0,90624.0,89229.0,89849.0,8295.55826,101145
2025-12-11 16:00:00,89848.0,91500.0,89289.0,90787.0,8735.49283,106080
2025-12-11 20:00:00,90787.0,93544.0,90744.0,92481.0,13820.09489,124188
2025-12-12 00:00:00,92482.0,92728.0,91394.0,92254.0,4475.27261,59892
2025-12-12 04:00:00,92254.0,92723.0,92050.0,92413.0,3162.53838,36885
2025-12-12 08:00:00,92412.0,92614.0,92059.0,92399.0,1756.91943,32683
2025-12-12 12:00:00,92399.0,92645.0,89746.0,89903.0,9110.1244,94604
2025-12-12 16:00:00,89898.0,90629.0,89448.0,90156.0,8620.23499,103253
2025-12-12 20:00:00,90156.0,90369.0,89837.0,90228.0,1805.87297,31631
2025-12-13 00:00:00,90228.0,90427.0,90076.0,90309.0,851.41462,16260
2025-12-13 04:00:00,90309.0,90379.0,90237.0,90291.0,411.07091,10612
2025-12-13 08:00:00,90291.0,90624.0,90260.0,90311.0,1206.34881,24942
2025-12-13 12:00:00,90311.0,90446.0,89909.0,90062.0,1313.21803,25327
2025-12-13 16:00:00,90061.0,90231.0,89958.0,90152.0,527.92924,15446
2025-12-13 20:00:00,90152.0,90257.0,89724.0,90222.0,1274.87557,23358
2025-12-14 00:00:00,90222.0,90443.0,90086.0,90236.0,819.13285,20061
2025-12-14 04:00:00,90237.0,90303.0,90013.0,90210.0,793.49402,15191
2025-12-14 08:00:00,90209.0,90244.0,88587.0,89328.0,4483.98452,51154
2025-12-14 12:00:00,89320.0,89627.0,88833.0,88974.0,2251.67633,51769
2025-12-14 16:00:00,88974.0,89359.0,88442.0,88608.0,3623.55271,55646
2025-12-14 20:00:00,88605.0,88786.0,87558.0,88128.0,4692.75336,67821
2025-12-15 00:00:00,88129.0,90007.0,88044.0,89243.0,6860.4939,81576
2025-12-15 04:00:00,89243.0,89878.0,89243.0,89694.0,4601.14725,49679
2025-12-15 08:00:00,89694.0,89973.0,89534.0,89591.0,1686.42036,35450
2025-12-15 12:00:00,89592.0,89824.0,86601.0,87007.0,13193.32846,160054
2025-12-15 16:00:00,87007.0,87202.0,85123.0,86143.0,13901.85893,157017
2025-12-15 20:00:00,86141.0,86462.0,85491.0,86427.0,5033.32981,84499
2025-12-16 00:00:00,86427.0,86508.0,85334.0,85849.0,4902.06868,59573
2025-12-16 04:00:00,85850.0,86592.0,85236.0,85981.0,3447.61637,46919
2025-12-16 08:00:00,85982.0,87306.0,85877.0,87236.0,3633.56505,60755
2025-12-16 12:00:00,87236.0,88142.0,86088.0,87939.0,10504.73234,170654
2025-12-16 16:00:00,87940.0,88000.0,87015.0,87536.0,4545.66213,93774
2025-12-16 20:00:00,87535.0,87886.0,87285.0,87814.0,2150.02948,41955
2025-12-17 00:00:00,87814.0,87899.0,87100.0,87160.0,2736.74639,44697
2025-12-17 04:00:00,87160.0,87345.0,86150.0,87007.0,3859.98019,63954
2025-12-17 08:00:00,87007.0,87097.0,86206.0,86941.0,2703.35118,41772
2025-12-17 12:00:00,86939.0,90346.0,86766.0,87186.0,14709.1212,158518
2025-12-17 16:00:00,87188.0,87739.0,85270.0,85987.0,13363.38552,156602
2025-12-17 20:00:00,85988.0,86400.0,85626.0,86210.0,5456.06035,57637
2025-12-18 00:00:00,86210.0,86860.0,85833.0,86588.0,4810.60498,57754
2025-12-18 04:00:00,86587.0,86862.0,86341.0,86803.0,2560.24441,36755
2025-12-18 08:00:00,86802.0,87421.0,86652.0,87230.0,2368.85163,41122
2025-12-18 12:00:00,87232.0,89441.0,87072.0,88473.0,14648.5682,124592
2025-12-18 16:00:00,88473.0,88496.0,84410.0,84426.0,18237.19529,175432
2025-12-18 20:00:00,84426.0,85782.0,84395.0,85477.0,8103.4822,86093
2025-12-19 00:00:00,85477.0,87555.0,85090.0,86847.0,8196.89343,88614
2025-12-19 04:00:00,86848.0,88355.0,86650.0,87912.0,6122.56823,70306
2025-12-19 08:00:00,87912.0,88348.0,87696.0,88144.0,4499.05469,59672
2025-12-19 12:00:00,88144.0,89381.0,87489.0,87913.0,12540.01778,130025
2025-12-19 16:00:00,87913.0,88878.0,86661.0,87786.0,10557.9426,120260
2025-12-19 20:00:00,87787.0,88398.0,87544.0,88092.0,3661.62981,49898
2025-12-20 00:00:00,88093.0,88289.0,87908.0,88162.0,1690.50497,24657
2025-12-20 04:00:00,88162.0,88525.0,88053.0,88233.0,1461.5206,19999
2025-12-20 08:00:00,88232.0,88392.0,88046.0,88228.0,1102.56666,17871
2025-12-20 12:00:00,88228.0,88302.0,87715.0,88131.0,2396.89168,26656
2025-12-20 16:00:00,88130.0,88392.0,88044.0,88189.0,805.12827,15371
2025-12-20 20:00:00,88189.0,88404.0,88097.0,88317.0,1140.7846,16435
2025-12-21 00:00:00,88317.0,88383.0,87828.0,88035.0,1383.36432,21887
2025-12-21 04:00:00,88035.0,88166.0,88006.0,88137.0,522.44001,14632
2025-12-21 08:00:00,88137.0,89048.0,88104.0,88563.0,2116.76507,36949
2025-12-21 12:00:00,88563.0,88890.0,87597.0,88038.0,3671.14348,59229
2025-12-21 16:00:00,88037.0,88570.0,87899.0,88456.0,2494.44155,31560
2025-12-21 20:00:00,88456.0,88801.0,88044.0,88607.0,3319.13344,28260
2025-12-22 00:00:00,88608.0,89595.0,87829.0,88738.0,7209.77023,80185
2025-12-22 04:00:00,88739.0,89173.0,88683.0,89155.0,2249.05367,32707
2025-12-22 08:00:00,89155.0,90067.0,89076.0,89909.0,3723.9837,57468
2025-12-22 12:00:00,89909.0,90553.0,89140.0,89687.0,12307.96284,119132
2025-12-22 16:00:00,89687.0,90077.0,87916.0,88014.0,6902.79277,80530
2025-12-22 20:00:00,88014.0,88744.0,87863.0,88573.0,4195.68623,57491
2025-12-23 00:00:00,88567.0,88893.0,87714.0,88152.0,4811.16685,49275
2025-12-23 04:00:00,88152.0,88330.0,87035.0,87534.0,4278.89314,53548
2025-12-23 08:00:00,87534.0,87872.0,87270.0,87825.0,2494.76246,37336
2025-12-23 12:00:00,87826.0,87944.0,86571.0,87426.0,8080.84116,93870
2025-12-23 16:00:00,87427.0,88256.0,87140.0,87738.0,4562.63808,79646
2025-12-23 20:00:00,87738.0,88355.0,87151.0,87459.0,5407.60333,57150
2025-12-24 00:00:00,87459.0,87825.0,86835.0,87302.0,3919.02017,41893
2025-12-24 04:00:00,87303.0,87441.0,86760.0,86877.0,1449.23551,28167
2025-12-24 08:00:00,86877.0,87351.0,86661.0,87191.0,3526.57363,47516
2025-12-24 12:00:00,87190.0,87490.0,86401.0,87036.0,5579.24258,76329
2025-12-24 16:00:00,87036.0,87665.0,86905.0,87546.0,2047.30824,43057
2025-12-24 20:00:00,87546.0,88045.0,87506.0,87653.0,2715.28426,31650
2025-12-25 00:00:00,87652.0,87947.0,87504.0,87824.0,1634.04163,22604
2025-12-25 04:00:00,87825.0,87838.0,87627.0,87808.0,537.9472,15931
2025-12-25 08:00:00,87809.0,87858.0,87232.0,87493.0,1517.31827,31268
2025-12-25 12:00:00,87493.0,88575.0,87385.0,88319.0,3015.67787,46486
2025-12-25 16:00:00,88318.0,88450.0,87966.0,88123.0,2153.25177,36352
2025-12-25 20:00:00,88124.0,88150.0,86910.0,87200.0,4999.54346,52990
2025-12-26 00:00:00,87201.0,89433.0,86848.0,88787.0,5880.546,78558
2025-12-26 04:00:00,88787.0,89521.0,88309.0,88428.0,4461.3911,49793
2025-12-26 08:00:00,88427.0,88884.0,88400.0,88500.0,1854.38242,40541
2025-12-26 12:00:00,88499.0,89016.0,86633.0,87130.0,8461.24841,103379
2025-12-26 16:00:00,87131.0,87553.0,86782.0,87480.0,4065.55767,64401
2025-12-26 20:00:00,87478.0,87772.0,87281.0,87339.0,2890.30155,37059
2025-12-27 00:00:00,87338.0,87522.0,87222.0,87491.0,785.71961,14782
2025-12-27 04:00:00,87492.0,87683.0,87388.0,87519.0,883.69587,13479
2025-12-27 08:00:00,87519.0,87650.0,87350.0,87442.0,898.47695,16142
2025-12-27 12:00:00,87442.0,87573.0,87299.0,87519.0,441.43407,12639
2025-12-27 16:00:00,87519.0,87549.0,87405.0,87538.0,502.79302,10970
2025-12-27 20:00:00,87538.0,87950.0,87472.0,87844.0,1047.78286,19551
2025-12-28 00:00:00,87841.0,87940.0,87679.0,87717.0,821.13292,14441
2025-12-28 04:00:00,87715.0,87809.0,87581.0,87708.0,633.22543,12069
2025-12-28 08:00:00,87708.0,87974.0,87676.0,87848.0,1771.07178,18314
2025-12-28 12:00:00,87848.0,88059.0,87768.0,87797.0,616.67953,15234
2025-12-28 16:00:00,87797.0,87903.0,87453.0,87502.0,2337.05125,22020
2025-12-28 20:00:00,87502.0,88044.0,87408.0,87928.0,2876.36191,28383
2025-12-29 00:00:00,87927.0,90149.0,87792.0,90109.0,8075.35258,86465
2025-12-29 04:00:00,90109.0,90380.0,89463.0,89582.0,3295.16419,51017
2025-12-29 08:00:00,89582.0,89790.0,87524.0,87527.0,7240.91118,80799
2025-12-29 12:00:00,87527.0,88185.0,86736.0,87667.0,10371.27823,115120
2025-12-29 16:00:00,87666.0,88012.0,87284.0,87337.0,5421.19675,56151
2025-12-29 20:00:00,87338.0,87595.0,87069.0,87228.0,4224.34771,37266
2025-12-30 00:00:00,87227.0,87418.0,86824.0,87356.0,3208.76969,36106
2025-12-30 04:00:00,87356.0,87593.0,87125.0,87482.0,1573.38213,22406
2025-12-30 08:00:00,87482.0,88200.0,87482.0,87874.0,2502.0428,39870
2025-12-30 12:00:00,87875.0,89141.0,87818.0,88973.0,5297.00834,83781
2025-12-30 16:00:00,88973.0,89376.0,87924.0,88184.0,4596.62389,73914
2025-12-30 20:00:00,88185.0,88549.0,87842.0,88466.0,2713.86204,30435
2025-12-31 00:00:00,88467.0,88793.0,88155.0,88422.0,1800.19413,27902
2025-12-31 04:00:00,88422.0,88613.0,88306.0,88578.0,957.22566,17824
2025-12-31 08:00:00,88579.0,89000.0,88358.0,88985.0,1204.67609,27100
2025-12-31 12:00:00,88982.0,89178.0,87747.0,87927.0,5417.56959,64552
2025-12-31 16:00:00,87926.0,88030.0,87366.0,87534.0,4581.46271,50942
2025-12-31 20:00:00,87533.0,87886.0,87229.0,87632.0,2583.28593,31382
2026-01-01 00:00:00,87631.0,88096.0,87628.0,87839.0,1149.14539,19408
2026-01-01 04:00:00,87839.0,87854.0,87550.0,87642.0,869.00982,16451
2026-01-01 08:00:00,87641.0,88023.0,87632.0,88022.0,638.00029,17124
2026-01-01 12:00:00,88022.0,88096.0,87786.0,88011.0,2032.31103,21762
2026-01-01 16:00:00,88011.0,88495.0,87857.0,88377.0,2379.29776,30036
2026-01-01 20:00:00,88365.0,88888.0,88204.0,88809.0,3086.56871,29288
2026-01-02 00:00:00,88810.0,89094.0,88350.0,88910.0,3736.24891,40093
2026-01-02 04:00:00,88911.0,89059.0,88538.0,88827.0,2073.72245,27391
2026-01-02 08:00:00,88827.0,89899.0,88771.0,89459.0,7600.80719,67102
2026-01-02 12:00:00,89459.0,90079.0,88444.0,89366.0,9680.71041,102667
2026-01-02 16:00:00,89367.0,90956.0,89161.0,89849.0,11940.82863,125296
2026-01-02 20:00:00,89848.0,90356.0,89573.0,89932.0,2785.08663,39547
2026-01-03 00:00:00,89932.0,90369.0,89915.0,90274.0,1477.59144,24343
2026-01-03 04:00:00,90273.0,90430.0,89269.0,89528.0,3312.0725,33628
2026-01-03 08:00:00,89529.0,89952.0,89389.0,89720.0,2436.7517,31184
2026-01-03 12:00:00,89721.0,90214.0,89630.0,89934.0,1593.11124,25998
2026-01-03 16:00:00,89933.0,90190.0,89881.0,90079.0,2058.28685,20439
2026-01-03 20:00:00,90079.0,90711.0,89983.0,90600.0,3264.8932,37007
2026-01-04 00:00:00,90599.0,91555.0,90599.0,91190.0,5087.40379,59797
2026-01-04 04:00:00,91189.0,91834.0,91148.0,91494.0,2053.46354,33941
2026-01-04 08:00:00,91493.0,91577.0,91120.0,91256.0,1827.19631,32362
2026-01-04 12:00:00,91256.0,91373.0,90975.0,91294.0,2140.67428,29396
2026-01-04 16:00:00,91294.0,91411.0,90839.0,91101.0,2443.40345,32100
2026-01-04 20:00:00,91101.0,91571.0,91083.0,91511.0,2427.05806,33030
2026-01-05 00:00:00,91510.0,93366.0,91479.0,92844.0,7226.46472,102228
2026-01-05 04:00:00,92843.0,92925.0,92109.0,92497.0,3332.66064,46496
2026-01-05 08:00:00,92498.0,93146.0,92290.0,93114.0,6217.162,52750
2026-01-05 12:00:00,93115.0,93983.0,92368.0,93929.0,7314.22989,97290
2026-01-05 16:00:00,93929.0,94472.0,93202.0,94263.0,11810.48943,111226
2026-01-05 20:00:00,94264.0,94753.0,93764.0,93832.0,4029.72902,62102
2026-01-06 00:00:00,93831.0,94123.0,93493.0,93725.0,2303.59892,41282
2026-01-06 04:00:00,93726.0,93978.0,93133.0,93234.0,3031.6058,39093
2026-01-06 08:00:00,93234.0,93890.0,93164.0,93825.0,2576.20551,41220
2026-01-06 12:00:00,93826.0,94435.0,93327.0,93644.0,9651.00969,100914
2026-01-06 16:00:00,93643.0,93754.0,91316.0,92153.0,13175.12072,132747
2026-01-06 20:00:00,92151.0,93897.0,92150.0,93801.0,8017.11726,77249
2026-01-07 00:00:00,93801.0,93801.0,92285.0,92889.0,4869.55068,51903
2026-01-07 04:00:00,92889.0,93000.0,92561.0,92944.0,2600.63894,31960
2026-01-07 08:00:00,92943.0,93024.0,91621.0,92162.0,6172.81618,54517
2026-01-07 12:00:00,92159.0,92351.0,91133.0,91409.0,9123.35041,101088
2026-01-07 16:00:00,91408.0,91851.0,90677.0,91219.0,10425.71849,86511
2026-01-07 20:00:00,91219.0,91499.0,90804.0,91373.0,4319.7312,53611
2026-01-08 00:00:00,91373.0,91676.0,90591.0,90812.0,3056.72835,52919
2026-01-08 04:00:00,90812.0,91200.0,89622.0,90515.0,7647.31695,82954
2026-01-08 08:00:00,90514.0,90721.0,89750.0,90198.0,4347.64395,55620
2026-01-08 12:00:00,90198.0,90859.0,89300.0,90795.0,10990.7079,120776
2026-01-08 16:00:00,90800.0,91490.0,90336.0,90928.0,8409.21549,85643
2026-01-08 20:00:00,90928.0,91466.0,90542.0,91079.0,4145.31474,35791
2026-01-09 00:00:00,91079.0,91627.0,90815.0,91207.0,2728.25944,32917
2026-01-09 04:00:00,91207.0,91220.0,90710.0,90733.0,3575.86709,26695
2026-01-09 08:00:00,90734.0,90849.0,89645.0,90434.0,8628.36225,63252
2026-01-09 12:00:00,90434.0,92061.0,89834.0,91185.0,9615.57336,98927
2026-01-09 16:00:00,91185.0,91784.0,90143.0,90336.0,10807.69194,89411
2026-01-09 20:00:00,90334.0,90732.0,90131.0,90650.0,3535.43026,31261
2026-01-10 00:00:00,90651.0,90790.0,90520.0,90631.0,1039.90911,13846
2026-01-10 04:00:00,90631.0,90684.0,90400.0,90657.0,824.60415,11445
2026-01-10 08:00:00,90657.0,90800.0,90603.0,90715.0,367.97537,9469
2026-01-10 12:00:00,90715.0,90779.0,90517.0,90646.0,753.26577,9982
2026-01-10 16:00:00,90646.0,90737.0,90496.0,90603.0,757.70668,10105
2026-01-10 20:00:00,90603.0,90630.0,90349.0,90485.0,957.55256,12919
2026-01-11 00:00:00,90485.0,90715.0,90420.0,90712.0,674.689,8440
2026-01-11 04:00:00,90715.0,90845.0,90523.0,90676.0,1098.22487,13401
2026-01-11 08:00:00,90676.0,90779.0,90573.0,90703.0,749.19052,11819
2026-01-11 12:00:00,90704.0,91157.0,90639.0,90837.0,2893.54067,25169
2026-01-11 16:00:00,90837.0,91250.0,90623.0,90661.0,2271.84247,21875
2026-01-11 20:00:00,90661.0,91050.0,90207.0,90997.0,5503.19826,42599
2026-01-12 00:00:00,90998.0,92505.0,90674.0,91793.0,6058.94311,54349
2026-01-12 04:00:00,91794.0,92280.0,91366.0,91389.0,3137.08118,29510
2026-01-12 08:00:00,91389.0,91598.0,90330.0,90588.0,4060.28981,43958
2026-01-12 12:00:00,90592.0,91640.0,90081.0,91640.0,7078.94842,56074
2026-01-12 16:00:00,91639.0,92291.0,90876.0,91808.0,14765.61743,97340
2026-01-12 20:00:00,91807.0,92013.0,90874.0,91249.0,4565.38488,34207
2026-01-13 00:00:00,91249.0,91500.0,90991.0,91382.0,4163.28191,34017
2026-01-13 04:00:00,91383.0,92293.0,91309.0,91950.0,7712.35664,68955
2026-01-13 08:00:00,91950.0,92686.0,91915.0,91992.0,3882.81861,68108
2026-01-13 12:00:00,91993.0,93434.0,91779.0,93434.0,9106.50784,70061
2026-01-13 16:00:00,93435.0,94200.0,93019.0,94176.0,9027.59645,79032
2026-01-13 20:00:00,94177.0,96626.0,94020.0,95374.0,18269.45415,136075
2026-01-14 00:00:00,95374.0,95681.0,95084.0,95681.0,3627.30258,61995
2026-01-14 04:00:00,95680.0,95754.0,94544.0,95183.0,6021.45767,68971
2026-01-14 08:00:00,95182.0,95302.0,94714.0,94773.0,2307.9549,46268
2026-01-14 12:00:00,94773.0,97102.0,94647.0,96737.0,13517.53853,170161
2026-01-14 16:00:00,96737.0,97765.0,96263.0,97241.0,11110.15613,144380
2026-01-14 20:00:00,97241.0,97949.0,96799.0,96917.0,6714.43893,82537
2026-01-15 00:00:00,96917.0,96975.0,95747.0,95970.0,5284.50121,71517
2026-01-15 04:00:00,95970.0,96775.0,95948.0,96629.0,2403.97596,52055
2026-01-15 08:00:00,96629.0,97202.0,96269.0,96579.0,3197.11856,52969
2026-01-15 12:00:00,96580.0,97176.0,95436.0,96791.0,10146.73302,120577
2026-01-15 16:00:00,96791.0,97088.0,95075.0,95486.0,10989.97393,138098
2026-01-15 20:00:00,95487.0,95827.0,95085.0,95588.0,3689.02442,56155
2026-01-16 00:00:00,95589.0,95835.0,95308.0,95333.0,2740.53744,38482
2026-01-16 04:00:00,95333.0,95832.0,95150.0,95650.0,2456.03546,45398
2026-01-16 08:00:00,95651.0,95860.0,95288.0,95434.0,1880.67424,44967
2026-01-16 12:00:00,95434.0,95808.0,94302.0,94608.0,7231.61513,121747
2026-01-16 16:00:00,94609.0,95258.0,94536.0,95022.0,3382.13203,73406
2026-01-16 20:00:00,95022.0,95634.0,94701.0,95586.0,2327.3803,51069
2026-01-17 00:00:00,95586.0,95613.0,95239.0,95399.0,1566.01148,36901
2026-01-17 04:00:00,95398.0,95399.0,95059.0,95117.0,954.72975,20998
2026-01-17 08:00:00,95116.0,95336.0,95033.0,95336.0,831.26108,19782
2026-01-17 12:00:00,95336.0,95659.0,95199.0,95576.0,971.90583,28674
2026-01-17 16:00:00,95576.0,95583.0,95210.0,95291.0,1151.52669,26150
2026-01-17 20:00:00,95290.0,95413.0,95034.0,95144.0,1745.38818,26095
2026-01-18 00:00:00,95143.0,95261.0,94847.0,95194.0,1597.70098,27909
2026-01-18 04:00:00,95194.0,95240.0,95009.0,95024.0,523.87242,20933
2026-01-18 08:00:00,95024.0,95286.0,95008.0,95149.0,709.70003,20669
2026-01-18 12:00:00,95150.0,95370.0,94887.0,95110.0,1273.96559,24262
2026-01-18 16:00:00,95109.0,95524.0,95062.0,95387.0,1458.35523,26914
2026-01-18 20:00:00,95387.0,95537.0,93555.0,93621.0,6957.32862,67113
2026-01-19 00:00:00,93620.0,93621.0,91800.0,92682.0,11414.78608,153725
2026-01-19 04:00:00,92682.0,92810.0,92327.0,92783.0,2375.16072,44622
2026-01-19 08:00:00,92784.0,93338.0,92643.0,93152.0,3267.80306,47448
2026-01-19 12:00:00,93151.0,93196.0,92670.0,93010.0,1982.39968,42367
2026-01-19 16:00:00,93009.0,93384.0,92879.0,93065.0,2231.48052,38314
2026-01-19 20:00:00,93064.0,93331.0,92075.0,92581.0,6226.87484,65880
2026-01-20 00:00:00,92582.0,92821.0,92200.0,92379.0,3421.14087,51850
2026-01-20 04:00:00,92379.0,92424.0,90688.0,91122.0,11432.21353,125953
2026-01-20 08:00:00,91122.0,91376.0,90622.0,91162.0,3836.33058,54342
2026-01-20 12:00:00,91162.0,91309.0,89797.0,90633.0,11936.31012,132297
2026-01-20 16:00:00,90633.0,90924.0,89260.0,89704.0,10974.95889,131460
2026-01-20 20:00:00,89703.0,89838.0,87804.0,88404.0,9364.75159,121814
2026-01-21 00:00:00,88403.0,89581.0,88214.0,89395.0,3245.65379,65792
2026-01-21 04:00:00,89395.0,90107.0,89036.0,89174.0,2729.63895,47316
2026-01-21 08:00:00,89174.0,89458.0,88648.0,88741.0,2059.01668,46888
2026-01-21 12:00:00,88741.0,90500.0,88129.0,90230.0,10973.35911,161093
2026-01-21 16:00:00,90230.0,90400.0,87200.0,90312.0,20700.30653,197090
2026-01-21 20:00:00,90312.0,90344.0,89293.0,89401.0,7762.80826,77211
2026-01-22 00:00:00,89400.0,90312.0,89393.0,89842.0,2512.3245,51184
2026-01-22 04:00:00,89842.0,90167.0,89728.0,89764.0,1876.62662,39454
2026-01-22 08:00:00,89764.0,90126.0,89708.0,89897.0,1439.92344,40693
2026-01-22 12:00:00,89897.0,90300.0,88445.0,88956.0,7315.51003,120552
2026-01-22 16:00:00,88957.0,89917.0,88631.0,89738.0,7646.98726,124624
2026-01-22 20:00:00,89737.0,89900.0,89081.0,89500.0,5815.16135,77133
2026-01-23 00:00:00,89500.0,89918.0,89390.0,89878.0,2378.96899,49082
2026-01-23 04:00:00,89878.0,90035.0,89351.0,89490.0,3509.79108,45116
2026-01-23 08:00:00,89490.0,89575.0,88809.0,89160.0,4008.65779,52583
2026-01-23 12:00:00,89160.0,89818.0,88510.0,89706.0,7604.97831,90833
2026-01-23 16:00:00,89706.0,91206.0,89434.0,89935.0,11540.90868,132281
2026-01-23 20:00:00,89934.0,90116.0,89159.0,89552.0,3780.47588,52518
2026-01-24 00:00:00,89552.0,89883.0,89369.0,89719.0,871.81834,21603
2026-01-24 04:00:00,89719.0,89812.0,89527.0,89584.0,569.37221,16551
2026-01-24 08:00:00,89584.0,89647.0,89539.0,89559.0,451.78594,13421
2026-01-24 12:00:00,89560.0,89560.0,89143.0,89222.0,684.0931,19288
2026-01-24 16:00:00,89222.0,89411.0,89115.0,89275.0,1140.01268,20666
2026-01-24 20:00:00,89275.0,89447.0,89154.0,89171.0,561.25983,15642
2026-01-25 00:00:00,89172.0,89278.0,88780.0,88913.0,1186.62524,22766
2026-01-25 04:00:00,88914.0,89045.0,88600.0,88615.0,1165.75279,21310
2026-01-25 08:00:00,88616.0,88720.0,88069.0,88525.0,2079.8442,37267
2026-01-25 12:00:00,88525.0,88964.0,88352.0,88417.0,2602.61796,36763
2026-01-25 16:00:00,88418.0,88418.0,86117.0,86449.0,15116.91735,154786
2026-01-25 20:00:00,86450.0,86965.0,86051.0,86637.0,8556.52398,98239
2026-01-26 00:00:00,86638.0,87921.0,86469.0,87235.0,6258.2658,72365
2026-01-26 04:00:00,87236.0,88033.0,87204.0,87961.0,1955.02795,39707
2026-01-26 08:00:00,87962.0,88369.0,87560.0,87804.0,3128.95961,41411
2026-01-26 12:00:00,87804.0,88840.0,87264.0,87602.0,10890.24859,102853
2026-01-26 16:00:00,87603.0,88512.0,86946.0,87968.0,6170.86287,83080
2026-01-26 20:00:00,87967.0,88651.0,87507.0,88299.0,4111.30802,48323
2026-01-27 00:00:00,88299.0,88873.0,88146.0,88751.0,2636.08087,43658
2026-01-27 04:00:00,88750.0,88977.0,88241.0,88290.0,1171.74703,30708
2026-01-27 08:00:00,88290.0,88360.0,87692.0,87955.0,2098.70472,34597
2026-01-27 12:00:00,87955.0,88418.0,87527.0,88006.0,3820.74074,69629
2026-01-27 16:00:00,88007.0,88780.0,87256.0,88372.0,7585.22976,101736
2026-01-27 20:00:00,88373.0,89499.0,88351.0,89215.0,6054.34335,74170
2026-01-28 00:00:00,89216.0,89469.0,88958.0,89093.0,2421.00991,38705
2026-01-28 04:00:00,89092.0,89374.0,88801.0,89110.0,2139.71947,33306
2026-01-28 08:00:00,89110.0,90150.0,88836.0,90071.0,7402.59681,69386
2026-01-28 12:00:00,90070.0,90497.0,88793.0,89446.0,11414.4128,112371
2026-01-28 16:00:00,89445.0,90587.0,88960.0,89370.0,10061.1073,81746
2026-01-28 20:00:00,89369.0,89874.0,88811.0,89276.0,5009.87039,53104
2026-01-29 00:00:00,89276.0,89316.0,87647.0,88019.0,13606.52534,96332
2026-01-29 04:00:00,88019.0,88411.0,87866.0,88327.0,3683.09887,40184
2026-01-29 08:00:00,88326.0,88567.0,87704.0,87795.0,10083.54643,61509
2026-01-29 12:00:00,87795.0,88129.0,84323.0,84911.0,21221.98243,169928
2026-01-29 16:00:00,84910.0,85626.0,83360.0,83995.0,23339.97168,212405
2026-01-29 20:00:00,83996.0,84720.0,83810.0,84641.0,4863.67329,69812
2026-01-30 00:00:00,84639.0,84709.0,81000.0,82641.0,16893.39216,172149
2026-01-30 04:00:00,82641.0,83319.0,82013.0,82776.0,6863.34271,85930
2026-01-30 08:00:00,82776.0,83284.0,82108.0,83119.0,3918.49537,77587
2026-01-30 12:00:00,83119.0,83803.0,82272.0,82846.0,12400.32405,143959
2026-01-30 16:00:00,82845.0,84600.0,81829.0,84216.0,16002.97259,180242
2026-01-30 20:00:00,84220.0,84500.0,83509.0,84241.0,8807.84063,94902
2026-01-31 00:00:00,84240.0,84251.0,83775.0,83991.0,2812.59901,36659
2026-01-31 04:00:00,83990.0,84128.0,83360.0,83518.0,3184.47413,36860
2026-01-31 08:00:00,83517.0,83597.0,82521.0,82986.0,3036.69933,65564
2026-01-31 12:00:00,82987.0,83121.0,80792.0,81269.0,11194.19131,137160
2026-01-31 16:00:00,81268.0,82123.0,75280.0,77730.0,41633.65545,353349
2026-01-31 20:00:00,77730.0,79222.0,77058.0,78728.0,11584.43329,195711
2026-02-01 00:00:00,78728.0,79417.0,78290.0,78841.0,5357.62937,103042
2026-02-01 04:00:00,78841.0,79116.0,77958.0,78333.0,3415.3999,73570
2026-02-01 08:00:00,78333.0,79203.0,78106.0,78714.0,3534.59598,76757
2026-02-01 12:00:00,78713.0,78743.0,76768.0,77546.0,13313.77669,158674
2026-02-01 16:00:00,77546.0,78404.0,76941.0,77133.0,7478.77004,134394
2026-02-01 20:00:00,77132.0,77730.0,75620.0,76928.0,19194.50213,191443
2026-02-02 00:00:00,76928.0,78098.0,74564.0,76248.0,14839.71999,192361
2026-02-02 04:00:00,76256.0,76920.0,74856.0,76603.0,9715.36489,113477
2026-02-02 08:00:00,76610.0,77925.0,76575.0,77718.0,4614.69209,109143
2026-02-02 12:00:00,77719.0,79286.0,77467.0,78784.0,12589.15947,175990
2026-02-02 16:00:00,78785.0,79233.0,78227.0,78283.0,5410.0117,116425
2026-02-02 20:00:00,78288.0,78913.0,77859.0,78684.0,3251.42469,69946
2026-02-03 00:00:00,78684.0,79154.0,77596.0,78691.0,5327.23507,86129
2026-02-03 04:00:00,78691.0,78957.0,77886.0,78743.0,3467.48394,65245
2026-02-03 08:00:00,78743.0,79042.0,77905.0,78034.0,3103.44169,73370
2026-02-03 12:00:00,78035.0,78415.0,77011.0,78095.0,9288.58038,132112
2026-02-03 16:00:00,78094.0,78107.0,72900.0,74897.0,30803.8383,244330
2026-02-03 20:00:00,74898.0,76918.0,74565.0,75731.0,15309.4366,126216
2026-02-04 00:00:00,75732.0,76947.0,75421.0,76672.0,6399.27666,63732
2026-02-04 04:00:00,76672.0,76803.0,76068.0,76477.0,2700.6011,40969
2026-02-04 08:00:00,76477.0,76565.0,75639.0,76020.0,4099.96319,59590
2026-02-04 12:00:00,76020.0,76244.0,73751.0,74092.0,18375.65238,169292
2026-02-04 16:00:00,74092.0,74206.0,72170.0,73916.0,24093.76519,191811
2026-02-04 20:00:00,73916.0,74144.0,71820.0,73147.0,11658.05077,121750
2026-02-05 00:00:00,73139.0,73310.0,71121.0,71202.0,12343.25173,118387
2026-02-05 04:00:00,71202.0,71594.0,70114.0,70725.0,14380.01878,127741
2026-02-05 08:00:00,70730.0,71956.0,69886.0,70298.0,9530.61735,124061
2026-02-05 12:00:00,70299.0,70853.0,66709.0,67465.0,46009.64167,298158
2026-02-05 16:00:00,67465.0,68700.0,65160.0,65235.0,36291.77463,247723
2026-02-05 20:00:00,65235.0,65671.0,62156.0,62894.0,55722.87084,302407
2026-02-06 00:00:00,62894.0,65968.0,60000.0,64133.0,38025.93341,263237
2026-02-06 04:00:00,64131.0,66794.0,63918.0,64794.0,12307.29243,120730
2026-02-06 08:00:00,64794.0,66703.0,64468.0,66589.0,8039.55248,82525
2026-02-06 12:00:00,66590.0,69111.0,66076.0,68544.0,22925.16264,148923
2026-02-06 16:00:00,68544.0,71448.0,68356.0,70680.0,24885.01117,194516
2026-02-06 20:00:00,70678.0,71684.0,69755.0,70516.0,11950.23292,117110
2026-02-07 00:00:00,70516.0,70877.0,69658.0,70867.0,4884.86346,66420
2026-02-07 04:00:00,70869.0,71656.0,67244.0,68038.0,11708.59967,106676
2026-02-07 08:00:00,68039.0,68723.0,67535.0,67926.0,5988.82137,57800
2026-02-07 12:00:00,67926.0,69933.0,67869.0,69113.0,8174.94972,84228
2026-02-07 16:00:00,69113.0,69837.0,68518.0,69338.0,10727.23273,82526
2026-02-07 20:00:00,69339.0,69703.0,68740.0,69236.0,3691.02039,49904
2026-02-08 00:00:00,69237.0,69665.0,68840.0,69054.0,2872.06297,44586
2026-02-08 04:00:00,69054.0,69676.0,68922.0,69675.0,1859.91517,37310
2026-02-08 08:00:00,69670.0,71179.0,69477.0,70956.0,5024.8623,73379
2026-02-08 12:00:00,70956.0,71525.0,70657.0,71150.0,4879.83689,58812
2026-02-08 16:00:00,71149.0,71495.0,70203.0,71385.0,5206.03152,57033
2026-02-08 20:00:00,71389.0,72271.0,69929.0,70297.0,10297.16965,77686
2026-02-09 00:00:00,70290.0,71417.0,70021.0,71269.0,5066.14595,54861
2026-02-09 04:00:00,71269.0,71324.0,70278.0,70394.0,3312.48314,38428
2026-02-09 08:00:00,70396.0,70587.0,68366.0,68876.0,7730.98735,75068
2026-02-09 12:00:00,68880.0,69834.0,68263.0,69539.0,10664.26927,99821
2026-02-09 16:00:00,69540.0,71044.0,69060.0,70924.0,9679.20386,91182
2026-02-09 20:00:00,70919.0,71094.0,69773.0,70093.0,5170.13065,51960
2026-02-10 00:00:00,70093.0,70499.0,69172.0,69475.0,3978.32912,53794
2026-02-10 04:00:00,69474.0,69872.0,68640.0,68879.0,2887.18208,51723
2026-02-10 08:00:00,68882.0,69384.0,68407.0,68505.0,4490.0896,51662
2026-02-10 12:00:00,68506.0,69555.0,67887.0,69269.0,13634.5622,115550
2026-02-10 16:00:00,69259.0,69983.0,68569.0,69027.0,7629.938,74566
2026-02-10 20:00:00,69027.0,69102.0,68332.0,68801.0,3910.58976,40332
2026-02-11 00:00:00,68802.0,69270.0,67969.0,68144.0,2881.52207,37778
2026-02-11 04:00:00,68145.0,68281.0,66518.0,67001.0,5979.43804,68294
2026-02-11 08:00:00,67001.0,67098.0,66350.0,67032.0,5280.89136,54447
2026-02-11 12:00:00,67033.0,68764.0,65700.0,66479.0,20887.75984,141393
2026-02-11 16:00:00,66482.0,67820.0,65839.0,67555.0,7975.26796,97445
2026-02-11 20:00:00,67555.0,68308.0,66733.0,67059.0,7434.98318,77236
2026-02-12 00:00:00,67058.0,68005.0,67017.0,67552.0,5736.66459,56610
2026-02-12 04:00:00,67551.0,67643.0,66623.0,67188.0,2268.18013,46704
2026-02-12 08:00:00,67180.0,68261.0,66861.0,68047.0,5499.36681,58760
2026-02-12 12:00:00,68046.0,68399.0,66963.0,67111.0,8863.56342,88579
2026-02-12 16:00:00,67111.0,67199.0,65097.0,65777.0,15723.41109,156825
2026-02-12 20:00:00,65776.0,66461.0,65194.0,66244.0,6095.23067,68031
2026-02-13 00:00:00,66245.0,66750.0,65827.0,66518.0,3647.41454,53602
2026-02-13 04:00:00,66518.0,66639.0,65962.0,66175.0,2323.88719,43013
2026-02-13 08:00:00,66175.0,67184.0,66162.0,67127.0,2707.67324,44762
2026-02-13 12:00:00,67128.0,69282.0,66821.0,68663.0,12799.2643,122273
2026-02-13 16:00:00,68663.0,69456.0,68502.0,68906.0,8444.99073,100263
2026-02-13 20:00:00,68906.0,69055.0,68648.0,68822.0,2579.67761,55838
2026-02-14 00:00:00,68823.0,69121.0,68745.0,68953.0,1306.58693,27166
2026-02-14 04:00:00,68952.0,69330.0,68705.0,69193.0,1256.24573,24170
2026-02-14 08:00:00,69194.0,70532.0,69187.0,70484.0,3856.63624,58636
2026-02-14 12:00:00,70484.0,70521.0,69200.0,69760.0,6320.90074,67445
2026-02-14 16:00:00,69762.0,69895.0,69263.0,69851.0,2383.63388,37503
2026-02-14 20:00:00,69851.0,70226.0,69644.0,69792.0,2995.32354,42506
2026-02-15 00:00:00,69792.0,69970.0,69226.0,69928.0,2346.02601,40427
2026-02-15 04:00:00,69929.0,70888.0,69928.0,70790.0,4577.36999,58053
2026-02-15 08:00:00,70790.0,70949.0,70156.0,70263.0,2051.77671,42082
2026-02-15 12:00:00,70263.0,70384.0,68747.0,69059.0,5701.45339,70257
2026-02-15 16:00:00,69060.0,69066.0,68034.0,68264.0,3649.01812,56908
2026-02-15 20:00:00,68265.0,69065.0,68088.0,68798.0,2701.53536,42778
2026-02-16 00:00:00,68800.0,69036.0,68113.0,68389.0,2289.59988,39994
2026-02-16 04:00:00,68389.0,68867.0,68201.0,68555.0,1877.56393,27127
2026-02-16 08:00:00,68554.0,69024.0,68300.0,68787.0,2167.66614,33515
2026-02-16 12:00:00,68787.0,70099.0,67270.0,67506.0,10199.63513,101605
2026-02-16 16:00:00,67506.0,68218.0,67480.0,67881.0,3478.64029,44839
2026-02-16 20:00:00,67877.0,68950.0,67800.0,68870.0,3402.57974,40591
2026-02-17 00:00:00,68870.0,69213.0,68363.0,68449.0,3434.35649,40870
2026-02-17 04:00:00,68448.0,68678.0,67857.0,68355.0,1800.27171,35211
2026-02-17 08:00:00,68356.0,68444.0,67647.0,67821.0,3385.3619,37214
2026-02-17 12:00:00,67821.0,68322.0,66600.0,67357.0,10671.4221,85446
2026-02-17 16:00:00,67356.0,68219.0,66871.0,67768.0,8656.19608,89152
2026-02-17 20:00:00,67767.0,67913.0,67367.0,67480.0,3032.58319,38128
2026-02-18 00:00:00,67481.0,67681.0,66858.0,67607.0,3150.80372,36643
2026-02-18 04:00:00,67608.0,68181.0,67479.0,68087.0,2483.83537,33033
2026-02-18 08:00:00,68086.0,68442.0,67049.0,67337.0,3830.42691,48735
2026-02-18 12:00:00,67337.0,68339.0,66678.0,67675.0,6851.42232,81491
2026-02-18 16:00:00,67676.0,67679.0,65834.0,66137.0,12842.80506,97192
2026-02-18 20:00:00,66137.0,66493.0,66054.0,66436.0,4130.21208,51837
2026-02-19 00:00:00,66436.0,66959.0,66307.0,66953.0,1941.79964,47841
2026-02-19 04:00:00,66954.0,67300.0,66665.0,67190.0,2188.69216,50574
2026-02-19 08:00:00,67189.0,67189.0,66461.0,66480.0,3728.09492,46055
2026-02-19 12:00:00,66480.0,66712.0,65619.0,66377.0,10962.7225,120573
2026-02-19 16:00:00,66378.0,67190.0,65875.0,67043.0,6759.77725,115306
2026-02-19 20:00:00,67040.0,67158.0,66629.0,66981.0,2981.59426,48779
2026-02-20 00:00:00,66982.0,67491.0,66934.0,67347.0,2366.11141,44485
2026-02-20 04:00:00,67348.0,67999.0,67095.0,67813.0,3650.73483,54178
2026-02-20 08:00:00,67813.0,68300.0,67227.0,67285.0,3985.60286,62117
2026-02-20 12:00:00,67284.0,68101.0,66422.0,67549.0,17849.70204,177473
2026-02-20 16:00:00,67547.0,67978.0,66918.0,67601.0,9248.33117,141372
2026-02-20 20:00:00,67602.0,68225.0,67491.0,67980.0,3923.78431,68919
2026-02-21 00:00:00,67979.0,68066.0,67481.0,67632.0,1366.23533,48357
2026-02-21 04:00:00,67631.0,67894.0,67557.0,67821.0,767.49215,41302
2026-02-21 08:00:00,67821.0,68264.0,67784.0,68055.0,2199.92996,33143
2026-02-21 12:00:00,68055.0,68661.0,67877.0,68578.0,2380.35703,46883
2026-02-21 16:00:00,68577.0,68620.0,68050.0,68511.0,3448.67067,46948
2026-02-21 20:00:00,68510.0,68562.0,67869.0,67935.0,1841.00887,39494
2026-02-22 00:00:00,67932.0,68185.0,67763.0,68010.0,1570.4331,37165
2026-02-22 04:00:00,68010.0,68142.0,67857.0,67971.0,1033.348,23570
2026-02-22 08:00:00,67971.0,68225.0,67885.0,68180.0,1336.04632,25039
2026-02-22 12:00:00,68179.0,68200.0,67280.0,67657.0,3864.69236,58879
2026-02-22 16:00:00,67656.0,67685.0,67145.0,67391.0,2786.40809,35503
2026-02-22 20:00:00,67390.0,67713.0,67306.0,67602.0,1784.72996,36077
2026-02-23 00:00:00,67602.0,67637.0,64260.0,64902.0,11080.55287,144187
2026-02-23 04:00:00,64902.0,65981.0,64656.0,65928.0,6314.68086,74954
2026-02-23 08:00:00,65929.0,66570.0,65540.0,66166.0,5005.68305,66721
2026-02-23 12:00:00,66166.0,66472.0,65500.0,65623.0,6753.6369,97724
2026-02-23 16:00:00,65621.0,65684.0,64072.0,64270.0,12403.56023,137674
2026-02-23 20:00:00,64270.0,65000.0,63859.0,64631.0,6151.32087,76997
2026-02-24 00:00:00,64631.0,64994.0,63313.0,63559.0,11792.03372,116167
2026-02-24 04:00:00,63560.0,63599.0,62667.0,63173.0,6504.60794,93300
2026-02-24 08:00:00,63171.0,63414.0,62909.0,63196.0,3210.60037,62059
2026-02-24 12:00:00,63197.0,64023.0,62468.0,63957.0,11196.35257,135130
2026-02-24 16:00:00,63956.0,64719.0,63650.0,64403.0,11485.09426,109123
2026-02-24 20:00:00,64403.0,64548.0,63781.0,64015.0,6390.01064,71749
2026-02-25 00:00:00,64015.0,66326.0,63852.0,65356.0,13362.59514,122848
2026-02-25 04:00:00,65357.0,65630.0,64726.0,64997.0,3720.16862,65470
2026-02-25 08:00:00,64997.0,65657.0,64931.0,65398.0,2121.52391,54443
2026-02-25 12:00:00,65398.0,67534.0,65297.0,67368.0,8786.27455,136698
2026-02-25 16:00:00,67366.0,69495.0,67366.0,68994.0,16079.43921,173272
2026-02-25 20:00:00,68993.0,69984.0,67511.0,67944.0,10207.64422,133092
2026-02-26 00:00:00,67945.0,68662.0,67686.0,68193.0,5613.26378,86082
2026-02-26 04:00:00,68193.0,68816.0,67800.0,67800.0,4518.68367,67646
2026-02-26 08:00:00,67801.0,68692.0,67771.0,68012.0,4557.30109,61633
2026-02-26 12:00:00,68011.0,68259.0,66765.0,67354.0,10460.66897,121536
2026-02-26 16:00:00,67353.0,67910.0,66488.0,67567.0,10654.01324,119763
2026-02-26 20:00:00,67567.0,67797.0,67121.0,67453.0,2606.65226,49373
2026-02-27 00:00:00,67452.0,67695.0,66850.0,67572.0,3979.07451,64661
2026-02-27 04:00:00,67571.0,68178.0,67425.0,67654.0,4516.8863,62182
2026-02-27 08:00:00,67654.0,68127.0,65935.0,66103.0,8246.94501,98744
2026-02-27 12:00:00,66103.0,66318.0,65638.0,66081.0,7629.319,99788
2026-02-27 16:00:00,66080.0,66097.0,65085.0,65362.0,6455.9199,87380
2026-02-27 20:00:00,65361.0,65924.0,64849.0,65837.0,3451.91446,54650
2026-02-28 00:00:00,65838.0,65983.0,65685.0,65754.0,1896.56665,33911
2026-02-28 04:00:00,65754.0,65781.0,62983.0,63783.0,10691.80431,118249
2026-02-28 08:00:00,63782.0,64258.0,63313.0,63782.0,7217.33025,86251
2026-02-28 12:00:00,63781.0,65333.0,63777.0,64800.0,10751.02015,109505
2026-02-28 16:00:00,64799.0,66620.0,64636.0,66326.0,8660.9341,107629
2026-02-28 20:00:00,66325.0,67760.0,66163.0,66931.0,13332.13007,127580
2026-03-01 00:00:00,66931.0,68173.0,66026.0,67479.0,9317.09464,122756
2026-03-01 04:00:00,67479.0,67574.0,66750.0,67113.0,4248.77847,58509
2026-03-01 08:00:00,67112.0,67267.0,66193.0,66430.0,4626.9989,69645
2026-03-01 12:00:00,66430.0,67275.0,66087.0,66796.0,4753.36163,81112
2026-03-01 16:00:00,66796.0,67073.0,65658.0,65919.0,5320.64391,90923
2026-03-01 20:00:00,65919.0,66500.0,65000.0,65734.0,7850.87261,118612
2026-03-02 00:00:00,65734.0,67027.0,65724.0,66789.0,5537.13924,108929
2026-03-02 04:00:00,66790.0,66959.0,65515.0,65968.0,5014.1802,72939
2026-03-02 08:00:00,65969.0,66692.0,65631.0,66337.0,4056.93727,69712
2026-03-02 12:00:00,66334.0,69597.0,65250.0,69093.0,18947.93251,183136
2026-03-02 16:00:00,69092.0,70067.0,68534.0,68916.0,11362.44201,149142
2026-03-02 20:00:00,68916.0,69492.0,68528.0,68774.0,6294.32562,91670
2026-03-03 00:00:00,68773.0,69199.0,68200.0,68327.0,4226.50562,80328
2026-03-03 04:00:00,68326.0,68546.0,67800.0,68148.0,4888.69227,70130
2026-03-03 08:00:00,68151.0,68279.0,66371.0,67012.0,11989.85629,130077
2026-03-03 12:00:00,67012.0,67968.0,66104.0,67691.0,12505.07259,154334
2026-03-03 16:00:00,67692.0,69000.0,67466.0,68391.0,17108.19555,163382
2026-03-03 20:00:00,68393.0,68837.0,67791.0,68299.0,3873.38417,82301
2026-03-04 00:00:00,68298.0,68877.0,67351.0,67695.0,7396.2534,104012
2026-03-04 04:00:00,67694.0,69635.0,67407.0,69473.0,10802.05146,97628
2026-03-04 08:00:00,69474.0,71850.0,69123.0,71077.0,15920.12431,162665
2026-03-04 12:00:00,71077.0,73429.0,70548.0,73344.0,17883.76212,199075
2026-03-04 16:00:00,73344.0,73995.0,72479.0,73562.0,12110.69252,168608
2026-03-04 20:00:00,73562.0,73634.0,72255.0,72633.0,5829.34038,100564
2026-03-05 00:00:00,72634.0,73233.0,72286.0,72451.0,5652.28763,87766
2026-03-05 04:00:00,72451.0,73043.0,71750.0,72024.0,7132.01733,85375
2026-03-05 08:00:00,72025.0,73500.0,71720.0,72886.0,7570.24938,103020
2026-03-05 12:00:00,72885.0,73020.0,71138.0,71617.0,11708.24286,141362
2026-03-05 16:00:00,71617.0,71626.0,70610.0,70891.0,8258.21648,123632
2026-03-05 20:00:00,70891.0,71543.0,70748.0,70828.0,4748.02563,76018
2026-03-06 00:00:00,70827.0,71388.0,70333.0,71049.0,4630.03578,77105
2026-03-06 04:00:00,71049.0,71150.0,70087.0,71024.0,6580.28757,78741
2026-03-06 08:00:00,71024.0,71049.0,70166.0,70185.0,3638.81227,68822
2026-03-06 12:00:00,70184.0,70323.0,68124.0,68484.0,22167.37972,200768
2026-03-06 16:00:00,68484.0,68764.0,67720.0,68099.0,13049.95121,128437
2026-03-06 20:00:00,68100.0,68415.0,67749.0,68082.0,6054.91303,66086
2026-03-07 00:00:00,68082.0,68533.0,68019.0,68063.0,2393.12281,38156
2026-03-07 04:00:00,68064.0,68119.0,67401.0,67807.0,3877.4207,49306
2026-03-07 08:00:00,67808.0,68204.0,67681.0,67981.0,3681.77921,43055
2026-03-07 12:00:00,67980.0,68062.0,67590.0,67852.0,4554.49447,48339
2026-03-07 16:00:00,67852.0,67928.0,66898.0,67053.0,5010.16161,64963
2026-03-07 20:00:00,67053.0,67450.0,67036.0,67230.0,3026.42503,51383
2026-03-08 00:00:00,67230.0,67461.0,66800.0,67001.0,3525.70377,55423
2026-03-08 04:00:00,67001.0,67417.0,66514.0,67289.0,3964.21128,53515
2026-03-08 08:00:00,67288.0,68161.0,67120.0,67483.0,5520.79992,72245
2026-03-08 12:00:00,67482.0,67615.0,66782.0,67175.0,5592.12576,91077
2026-03-08 16:00:00,67174.0,67453.0,66700.0,67304.0,5115.57093,70462
2026-03-08 20:00:00,67304.0,67495.0,65573.0,65933.0,11423.58124,140390
2026-03-09 00:00:00,65933.0,67632.0,65780.0,67170.0,9491.72563,140940
2026-03-09 04:00:00,67170.0,68041.0,66862.0,67513.0,10597.47253,104740
2026-03-09 08:00:00,67513.0,68426.0,67314.0,67732.0,6912.36508,97571
2026-03-09 12:00:00,67733.0,69444.0,67729.0,68832.0,11860.62753,136289
2026-03-09 16:00:00,68831.0,69460.0,68183.0,68953.0,10834.05819,110093
2026-03-09 20:00:00,68949.0,69092.0,68334.0,68389.0,6518.536,73020
2026-03-10 00:00:00,68388.0,70598.0,68346.0,69394.0,10003.19946,131529
2026-03-10 04:00:00,69394.0,70500.0,69394.0,70363.0,5728.80522,92316
2026-03-10 08:00:00,70363.0,71269.0,70336.0,70555.0,8037.15389,85168
2026-03-10 12:00:00,70553.0,71760.0,69250.0,71307.0,11351.66822,152384
2026-03-10 16:00:00,71308.0,71650.0,69691.0,69997.0,8831.40899,115716
2026-03-10 20:00:00,69994.0,70358.0,69400.0,69898.0,4202.60905,67226
2026-03-11 00:00:00,69897.0,70128.0,69434.0,69511.0,3528.12728,56082
2026-03-11 04:00:00,69511.0,70244.0,69364.0,69614.0,4138.83568,56465
2026-03-11 08:00:00,69619.0,69747.0,69126.0,69129.0,2983.89311,47299
2026-03-11 12:00:00,69128.0,71046.0,68947.0,70180.0,15001.57191,171669
2026-03-11 16:00:00,70180.0,71294.0,70124.0,70598.0,8550.48274,87302
2026-03-11 20:00:00,70597.0,70898.0,70068.0,70135.0,4141.95819,56882
2026-03-12 00:00:00,70136.0,70312.0,69176.0,69379.0,3777.22693,78396
2026-03-12 04:00:00,69380.0,69819.0,69163.0,69786.0,3301.26608,52756
2026-03-12 08:00:00,69787.0,70770.0,69538.0,70388.0,5201.13557,88608
2026-03-12 12:00:00,70389.0,70608.0,69303.0,70278.0,9934.09011,161949
2026-03-12 16:00:00,70279.0,70537.0,69725.0,70400.0,7223.98812,126029
2026-03-12 20:00:00,70403.0,70700.0,69981.0,70500.0,4256.20895,70956
2026-03-13 00:00:00,70500.0,71986.0,70353.0,71376.0,10415.47225,136128
2026-03-13 04:00:00,71375.0,71655.0,71156.0,71598.0,3418.3118,64318
2026-03-13 08:00:00,71599.0,72570.0,71363.0,72202.0,7841.71828,101742
2026-03-13 12:00:00,72202.0,73869.0,71703.0,71801.0,13855.84559,196367
2026-03-13 16:00:00,71802.0,72216.0,70776.0,71135.0,10358.37683,152041
2026-03-13 20:00:00,71135.0,71462.0,70519.0,70901.0,5044.41898,75382
2026-03-14 00:00:00,70900.0,71124.0,70449.0,71039.0,3686.68219,57641
2026-03-14 04:00:00,71039.0,71262.0,70276.0,70564.0,3352.75063,56226
2026-03-14 08:00:00,70563.0,70734.0,70352.0,70709.0,1730.59639,39848
2026-03-14 12:00:00,70708.0,70911.0,70444.0,70545.0,3265.45284,44819
2026-03-14 16:00:00,70544.0,70698.0,70431.0,70660.0,1007.24341,28332
2026-03-14 20:00:00,70661.0,71216.0,70604.0,71180.0,1980.52828,40553
2026-03-15 00:00:00,71181.0,71590.0,70822.0,71313.0,2829.54493,62011
2026-03-15 04:00:00,71313.0,71750.0,71301.0,71420.0,1674.42995,42947
2026-03-15 08:00:00,71419.0,71931.0,71419.0,71809.0,2157.15203,42857
2026-03-15 12:00:00,71809.0,71809.0,71205.0,71444.0,2161.76244,47158
2026-03-15 16:00:00,71445.0,71950.0,71256.0,71516.0,3419.36479,54580
2026-03-15 20:00:00,71516.0,73182.0,71382.0,72778.0,8456.37652,127267
2026-03-16 00:00:00,72778.0,74263.0,72237.0,73535.0,6016.58914,114486
2026-03-16 04:00:00,73536.0,74395.0,73357.0,73413.0,5300.24029,100040
2026-03-16 08:00:00,73414.0,73794.0,72856.0,73519.0,3640.17082,76544
2026-03-16 12:00:00,73520.0,74472.0,72947.0,73235.0,11071.38194,160677
2026-03-16 16:00:00,73235.0,74381.0,73128.0,73930.0,7771.74941,122890
2026-03-16 20:00:00,73931.0,74898.0,73816.0,74854.0,9980.17848,108819
2026-03-17 00:00:00,74854.0,75972.0,74233.0,74426.0,13741.37408,139384
2026-03-17 04:00:00,74427.0,74649.0,73735.0,74210.0,6731.1981,89490
2026-03-17 08:00:00,74211.0,74415.0,73479.0,73996.0,4350.45812,77844
2026-03-17 12:00:00,73996.0,74866.0,73318.0,73881.0,9510.97868,145732
2026-03-17 16:00:00,73881.0,74774.0,73833.0,74477.0,5741.74814,102094
2026-03-17 20:00:00,74477.0,74775.0,73826.0,73864.0,3765.38559,67946
2026-03-18 00:00:00,73863.0,74638.0,73500.0,74416.0,4185.69846,66438
2026-03-18 04:00:00,74416.0,74457.0,73655.0,73850.0,2926.95922,45031
2026-03-18 08:00:00,73850.0,74250.0,72746.0,72915.0,4565.26004,73029
2026-03-18 12:00:00,72915.0,72935.0,70811.0,71442.0,13941.15919,172153
2026-03-18 16:00:00,71442.0,71951.0,70900.0,71032.0,8652.89384,117999
2026-03-18 20:00:00,71033.0,71390.0,70440.0,71213.0,5957.13784,79303
2026-03-19 00:00:00,71213.0,71570.0,70851.0,71181.0,4543.50152,57502
2026-03-19 04:00:00,71182.0,71182.0,69425.0,70151.0,7433.68714,92609
2026-03-19 08:00:00,70151.0,70527.0,69850.0,69896.0,4682.73787,87147
2026-03-19 12:00:00,69896.0,70111.0,68750.0,69376.0,11105.36056,157399
2026-03-19 16:00:00,69376.0,70603.0,69068.0,70254.0,10720.06733,140202
2026-03-19 20:00:00,70260.0,70701.0,69697.0,69919.0,5839.59702,119463
2026-03-20 00:00:00,69920.0,70824.0,69830.0,70715.0,3273.49302,101373
2026-03-20 04:00:00,70716.0,70950.0,70200.0,70829.0,3385.43324,65814
2026-03-20 08:00:00,70830.0,71360.0,70187.0,70446.0,4843.26772,85875
2026-03-20 12:00:00,70445.0,70650.0,69441.0,69829.0,9386.93392,151030
2026-03-20 16:00:00,69829.0,70161.0,69344.0,70137.0,7031.67855,115272
2026-03-20 20:00:00,70138.0,70882.0,69700.0,70474.0,7571.30517,81764
2026-03-21 00:00:00,70474.0,70787.0,70414.0,70637.0,1340.59978,34189
2026-03-21 04:00:00,70636.0,70849.0,70585.0,70688.0,1464.1011,31000
2026-03-21 08:00:00,70687.0,70727.0,70464.0,70610.0,1805.81969,26990
2026-03-21 12:00:00,70610.0,71076.0,70416.0,70594.0,2261.8137,40838
2026-03-21 16:00:00,70594.0,70623.0,70175.0,70358.0,2113.8999,35854
2026-03-21 20:00:00,70358.0,70475.0,68507.0,68874.0,4683.4624,64579
2026-03-22 00:00:00,68875.0,69554.0,68190.0,69300.0,7226.93892,86595
2026-03-22 04:00:00,69300.0,69475.0,68850.0,68874.0,1627.77748,38230
2026-03-22 08:00:00,68874.0,68943.0,68059.0,68172.0,2864.04225,57210
2026-03-22 12:00:00,68174.0,68960.0,68141.0,68805.0,4294.23556,71489
2026-03-22 16:00:00,68806.0,68842.0,68098.0,68160.0,2675.61188,53611
2026-03-22 20:00:00,68160.0,68465.0,67313.0,67831.0,10954.82807,128308
2026-03-23 00:00:00,67831.0,68570.0,67404.0,68043.0,4618.49202,104192
2026-03-23 04:00:00,68043.0,68880.0,67474.0,68286.0,5708.35079,99058
2026-03-23 08:00:00,68287.0,71502.0,67889.0,70075.0,16033.07527,178113
2026-03-23 12:00:00,70076.0,71785.0,69635.0,70088.0,15761.46226,220336
2026-03-23 16:00:00,70087.0,71218.0,70087.0,70636.0,7134.26662,118248
2026-03-23 20:00:00,70638.0,70966.0,70369.0,70860.0,4772.55857,65198
2026-03-24 00:00:00,70861.0,71074.0,70250.0,70499.0,3373.95176,72827
2026-03-24 04:00:00,70500.0,71385.0,70097.0,71266.0,3719.37202,63680
2026-03-24 08:00:00,71267.0,71336.0,70817.0,71126.0,2827.13848,61106
2026-03-24 12:00:00,71126.0,71153.0,69466.0,69837.0,11689.56982,168635
2026-03-24 16:00:00,69836.0,69973.0,68904.0,69335.0,8953.32333,128571
2026-03-24 20:00:00,69335.0,70824.0,69265.0,70553.0,7562.67093,117139
2026-03-25 00:00:00,70554.0,71045.0,70387.0,70691.0,4743.46263,77170
2026-03-25 04:00:00,70690.0,71338.0,70678.0,70900.0,5096.3398,63090
2026-03-25 08:00:00,70900.0,71998.0,70771.0,71656.0,7354.71943,85005
2026-03-25 12:00:00,71655.0,72034.0,70538.0,70814.0,10261.62353,135794
2026-03-25 16:00:00,70814.0,71770.0,70665.0,70845.0,6373.1074,112847
2026-03-25 20:00:00,70846.0,71546.0,70605.0,71303.0,3185.44969,67240
2026-03-26 00:00:00,71302.0,71411.0,70640.0,70871.0,3387.84819,66545
2026-03-26 04:00:00,70872.0,70877.0,69770.0,70066.0,4428.97133,67910
2026-03-26 08:00:00,70066.0,70106.0,69151.0,69221.0,4358.9542,83593
2026-03-26 12:00:00,69221.0,69848.0,68654.0,69063.0,9025.26549,128357
2026-03-26 16:00:00,69064.0,69149.0,68123.0,68524.0,7632.71271,99478
2026-03-26 20:00:00,68520.0,69477.0,68424.0,68806.0,6984.3983,88054
2026-03-27 00:00:00,68806.0,69152.0,68500.0,68735.0,2403.755,56647
2026-03-27 04:00:00,68735.0,68926.0,68267.0,68507.0,3466.83943,60885
2026-03-27 08:00:00,68507.0,68600.0,66144.0,66676.0,10192.3938,124035
2026-03-27 12:00:00,66675.0,66755.0,65703.0,66097.0,10221.42643,139357
2026-03-27 16:00:00,66097.0,66281.0,65550.0,66032.0,6956.83272,107552
2026-03-27 20:00:00,66032.0,66399.0,65801.0,66396.0,3380.76101,53425
2026-03-28 00:00:00,66397.0,66489.0,65903.0,66203.0,1671.91996,38341
2026-03-28 04:00:00,66203.0,66548.0,66088.0,66537.0,1343.28956,30958
2026-03-28 08:00:00,66538.0,66551.0,66108.0,66302.0,1360.75757,32291
2026-03-28 12:00:00,66303.0,67280.0,66217.0,66997.0,5010.09195,75404
2026-03-28 16:00:00,66996.0,67086.0,66672.0,66888.0,2062.11323,58335
2026-03-28 20:00:00,66889.0,66995.0,66261.0,66353.0,2703.69678,55438
2026-03-29 00:00:00,66353.0,67096.0,66267.0,66886.0,1751.13436,43156
2026-03-29 04:00:00,66885.0,66921.0,66531.0,66649.0,1404.12337,31845
2026-03-29 08:00:00,66648.0,66942.0,66378.0,66782.0,1492.33226,39139
2026-03-29 12:00:00,66782.0,66844.0,66295.0,66493.0,2398.1246,63195
2026-03-29 16:00:00,66494.0,66633.0,66115.0,66318.0,1968.25833,63542
2026-03-29 20:00:00,66318.0,66793.0,64904.0,65970.0,8535.88268,142584
2026-03-30 00:00:00,65969.0,67400.0,65759.0,67133.0,6468.56003,123660
2026-03-30 04:00:00,67135.0,67773.0,67129.0,67600.0,3047.29146,83958
2026-03-30 08:00:00,67599.0,67971.0,67325.0,67632.0,3454.70112,79259
2026-03-30 12:00:00,67632.0,68127.0,67043.0,67587.0,7574.59085,111455
2026-03-30 16:00:00,67586.0,67606.0,66184.0,66515.0,6299.36875,118338
2026-03-30 20:00:00,66515.0,66957.0,66361.0,66766.0,2982.97737,73259
2026-03-31 00:00:00,66766.0,68370.0,66491.0,67671.0,6923.22113,104043
2026-03-31 04:00:00,67672.0,67837.0,67069.0,67343.0,5580.34633,98202
2026-03-31 08:00:00,67342.0,67468.0,65951.0,66652.0,9983.36162,96626
2026-03-31 12:00:00,66652.0,67749.0,66395.0,66691.0,9845.29563,141485
2026-03-31 16:00:00,66690.0,68559.0,66690.0,67803.0,12136.57572,189775
2026-03-31 20:00:00,67803.0,68375.0,67782.0,68244.0,6573.00919,118241
2026-04-01 00:00:00,68243.0,68321.0,67553.0,68136.0,3498.62898,87934
2026-04-01 04:00:00,68136.0,69265.0,67992.0,68653.0,7989.84203,102842
2026-04-01 08:00:00,68653.0,68835.0,68350.0,68675.0,4902.76555,69855
2026-04-01 12:00:00,68676.0,68914.0,67845.0,68878.0,7882.49009,126706
2026-04-01 16:00:00,68878.0,69117.0,67904.0,68137.0,7096.35056,144644
2026-04-01 20:00:00,68136.0,68499.0,67914.0,68084.0,5111.87277,101147
2026-04-02 00:00:00,68083.0,68624.0,66445.0,66538.0,11616.31931,158405
2026-04-02 04:00:00,66538.0,66888.0,66179.0,66878.0,5378.94608,73381
2026-04-02 08:00:00,66878.0,66878.0,66103.0,66171.0,3866.85723,111770
2026-04-02 12:00:00,66172.0,67070.0,65697.0,66798.0,11547.15984,162801
2026-04-02 16:00:00,66798.0,67390.0,66549.0,66930.0,7356.41101,118888
2026-04-02 20:00:00,66937.0,67078.0,66673.0,66866.0,2579.40348,60862
2026-04-03 00:00:00,66866.0,66971.0,66246.0,66558.0,3474.21314,75472
2026-04-03 04:00:00,66558.0,67229.0,66384.0,67013.0,3237.92881,56365
2026-04-03 08:00:00,67013.0,67268.0,66631.0,66975.0,4086.01089,52827
2026-04-03 12:00:00,66976.0,67371.0,66480.0,66806.0,5801.59887,73396
2026-04-03 16:00:00,66806.0,67053.0,66720.0,66856.0,2419.16139,53282
2026-04-03 20:00:00,66856.0,66950.0,66785.0,66942.0,1902.52026,35589
2026-04-04 00:00:00,66930.0,66942.0,66772.0,66794.0,1016.25238,27371
2026-04-04 04:00:00,66795.0,67019.0,66728.0,66977.0,1135.71941,30281
2026-04-04 08:00:00,66977.0,67198.0,66864.0,67126.0,1863.88659,45849
2026-04-04 12:00:00,67125.0,67493.0,66989.0,67337.0,2204.56749,60682
2026-04-04 16:00:00,67336.0,67513.0,67227.0,67256.0,1591.02201,61203
2026-04-04 20:00:00,67256.0,67430.0,67151.0,67264.0,1331.02335,56203
2026-04-05 00:00:00,67263.0,67264.0,66922.0,67095.0,1280.64841,29801
2026-04-05 04:00:00,67095.0,67154.0,66565.0,66770.0,3177.56718,39648
2026-04-05 08:00:00,66770.0,67119.0,66770.0,66953.0,1874.64348,31852
2026-04-05 12:00:00,66953.0,67809.0,66637.0,67259.0,4072.6298,66332
2026-04-05 16:00:00,67259.0,67525.0,67134.0,67320.0,2130.34591,84369
2026-04-05 20:00:00,67320.0,69096.0,67290.0,68988.0,8513.32244,147310
2026-04-06 00:00:00,68989.0,69700.0,68753.0,69085.0,8786.68779,94885
2026-04-06 04:00:00,69085.0,69324.0,68752.0,69082.0,3593.01667,52754
2026-04-06 08:00:00,69083.0,70243.0,69051.0,69585.0,7223.81094,84348
2026-04-06 12:00:00,69585.0,69926.0,69120.0,69926.0,6210.63277,118702
2026-04-06 16:00:00,69925.0,70316.0,69223.0,69706.0,7124.70416,112758
2026-04-06 20:00:00,69705.0,69941.0,68282.0,68818.0,7612.34704,126813
2026-04-07 00:00:00,68817.0,69080.0,68230.0,68744.0,4212.70507,80758
2026-04-07 04:00:00,68744.0,68966.0,68399.0,68590.0,2897.50263,54613
2026-04-07 08:00:00,68589.0,69220.0,68026.0,68316.0,5028.41713,92401
2026-04-07 12:00:00,68315.0,68600.0,67695.0,68134.0,6590.50356,126832
2026-04-07 16:00:00,68133.0,69084.0,68045.0,68999.0,7151.04238,125424
2026-04-07 20:00:00,68999.0,72772.0,68997.0,71919.0,23302.00232,274186
2026-04-08 00:00:00,71920.0,72111.0,71235.0,71283.0,5641.80504,101204
2026-04-08 04:00:00,71284.0,71945.0,71272.0,71630.0,3509.13788,76433
2026-04-08 08:00:00,71630.0,71963.0,71378.0,71657.0,2531.12093,59305
2026-04-08 12:00:00,71656.0,72851.0,70676.0,71288.0,12050.0223,193716
2026-04-08 16:00:00,71288.0,71941.0,70979.0,71288.0,6602.43304,156132
2026-04-08 20:00:00,71288.0,71726.0,70845.0,71036.0,4097.43427,121807
2026-04-09 00:00:00,71036.0,71167.0,70425.0,70961.0,4274.70603,126922
2026-04-09 04:00:00,70961.0,71076.0,70646.0,70941.0,2510.78239,57080
2026-04-09 08:00:00,70942.0,71535.0,70830.0,71100.0,3775.20333,67299
2026-04-09 12:00:00,71099.0,72359.0,70495.0,72108.0,10777.04111,163309
2026-04-09 16:00:00,72109.0,72525.0,71710.0,72071.0,10780.88393,141818
2026-04-09 20:00:00,72070.0,73158.0,71513.0,71758.0,9245.53316,162650
2026-04-10 00:00:00,71757.0,72367.0,71564.0,71847.0,3369.69662,79154
2026-04-10 04:00:00,71848.0,72259.0,71388.0,71457.0,2529.94768,52007
2026-04-10 08:00:00,71457.0,72230.0,71405.0,72096.0,2753.01023,56498
2026-04-10 12:00:00,72095.0,73282.0,71870.0,72415.0,9755.82829,157054
2026-04-10 16:00:00,72416.0,73231.0,72355.0,73209.0,4727.18945,98203
2026-04-10 20:00:00,73208.0,73479.0,72726.0,72926.0,3962.53883,81910
2026-04-11 00:00:00,72926.0,73071.0,72650.0,72839.0,1141.24754,45359
2026-04-11 04:00:00,72839.0,72921.0,72592.0,72705.0,932.19383,37483
2026-04-11 08:00:00,72705.0,72887.0,72593.0,72880.0,1158.2607,37353
2026-04-11 12:00:00,72880.0,72957.0,72500.0,72830.0,1815.99584,60404
2026-04-11 16:00:00,72830.0,73773.0,72786.0,73659.0,5260.32201,100339
2026-04-11 20:00:00,73658.0,73669.0,72886.0,73015.0,2975.35642,78444
2026-04-12 00:00:00,73015.0,73115.0,71258.0,71570.0,8513.4005,125387
2026-04-12 04:00:00,71569.0,71767.0,71380.0,71643.0,2738.33976,48120
2026-04-12 08:00:00,71642.0,71727.0,71316.0,71438.0,2439.19564,39113
2026-04-12 12:00:00,71438.0,71475.0,70590.0,70849.0,4805.78137,82962
2026-04-12 16:00:00,70848.0,71194.0,70784.0,71044.0,2159.55436,45196
2026-04-12 20:00:00,71044.0,71413.0,70450.0,70705.0,6375.99667,110211
2026-04-13 00:00:00,70708.0,71248.0,70585.0,70952.0,3778.60358,67497
2026-04-13 04:00:00,70952.0,71105.0,70614.0,70791.0,3584.75768,55535
2026-04-13 08:00:00,70792.0,70955.0,70529.0,70888.0,2207.53649,44842
2026-04-13 12:00:00,70888.0,72436.0,70731.0,71830.0,10741.62348,144110
2026-04-13 16:00:00,71829.0,73425.0,71648.0,73267.0,8838.97301,129017
2026-04-13 20:00:00,73267.0,74907.0,72945.0,74387.0,12327.36232,154465
2026-04-14 00:00:00,74387.0,74545.0,73950.0,74417.0,3808.87606,72042
2026-04-14 04:00:00,74417.0,74893.0,74113.0,74508.0,3933.38964,51090
2026-04-14 08:00:00,74509.0,74876.0,74242.0,74339.0,4895.19151,64579
2026-04-14 12:00:00,74338.0,76000.0,74226.0,75264.0,15560.30455,213480
2026-04-14 16:00:00,75265.0,75634.0,73800.0,74158.0,8552.02208,144134
2026-04-14 20:00:00,74158.0,74381.0,73800.0,74098.0,5666.63945,80062
2026-04-15 00:00:00,74097.0,74726.0,74079.0,74300.0,3772.63773,75106
2026-04-15 04:00:00,74300.0,74400.0,73451.0,73687.0,3456.72171,65163
2026-04-15 08:00:00,73688.0,74220.0,73635.0,74161.0,4665.88099,64727
2026-04-15 12:00:00,74161.0,74470.0,73550.0,73797.0,5896.70845,118858
2026-04-15 16:00:00,73797.0,75255.0,73722.0,74930.0,5625.42552,102568
2026-04-15 20:00:00,74931.0,75400.0,74444.0,74774.0,5886.28768,88017
2026-04-16 00:00:00,74775.0,75228.0,74414.0,74849.0,4843.70784,78805
2026-04-16 04:00:00,74849.0,75147.0,74584.0,74671.0,3628.50098,59734
2026-04-16 08:00:00,74671.0,74880.0,74232.0,74531.0,4581.24943,67809
2026-04-16 12:00:00,74531.0,74974.0,73254.0,74653.0,13471.25747,156666
2026-04-16 16:00:00,74653.0,75386.0,73816.0,75316.0,8197.29177,122442
2026-04-16 20:00:00,75316.0,75499.0,74761.0,75130.0,4106.68224,61973
2026-04-17 00:00:00,75129.0,75129.0,74501.0,74578.0,1823.54488,44944
2026-04-17 04:00:00,74578.0,75066.0,74509.0,75042.0,1848.11053,40645
2026-04-17 08:00:00,75041.0,76316.0,74953.0,75541.0,8125.8564,112708
2026-04-17 12:00:00,75542.0,78000.0,75479.0,77717.0,20304.71323,235778
2026-04-17 16:00:00,77717.0,78279.0,76975.0,77345.0,8954.61019,129967
2026-04-17 20:00:00,77357.0,77555.0,76835.0,77021.0,3296.27517,59334
2026-04-18 00:00:00,77021.0,77369.0,76924.0,76954.0,2002.79472,43256
2026-04-18 04:00:00,76955.0,77228.0,76850.0,76956.0,1497.18285,32528
2026-04-18 08:00:00,76956.0,77000.0,75728.0,76004.0,5522.08316,89269
2026-04-18 12:00:00,76005.0,76315.0,75750.0,76120.0,3521.10891,60466
2026-04-18 16:00:00,76121.0,76164.0,75402.0,75608.0,4059.0397,71550
2026-04-18 20:00:00,75608.0,75836.0,75532.0,75642.0,2563.78777,53813
2026-04-19 00:00:00,75642.0,75802.0,75308.0,75467.0,2460.79242,44894
2026-04-19 04:00:00,75466.0,75728.0,74851.0,75210.0,3248.86967,51843
2026-04-19 08:00:00,75209.0,75597.0,74877.0,75565.0,3426.47616,52769
2026-04-19 12:00:00,75565.0,76195.0,75374.0,75811.0,5335.10199,92882
2026-04-19 16:00:00,75810.0,75818.0,74558.0,74926.0,5442.87669,123320
2026-04-19 20:00:00,74927.0,74927.0,73718.0,73741.0,7059.49353,116759
2026-04-20 00:00:00,73741.0,74722.0,73690.0,74606.0,4326.36205,66750
2026-04-20 04:00:00,74606.0,75522.0,74067.0,74797.0,3933.57331,74440
2026-04-20 08:00:00,74797.0,75375.0,74578.0,75154.0,2841.50168,78283
2026-04-20 12:00:00,75154.0,75722.0,74661.0,75668.0,7649.34451,155167
2026-04-20 16:00:00,75668.0,76444.0,75244.0,76260.0,6653.23335,108080
2026-04-20 20:00:00,76259.0,76540.0,75576.0,75802.0,3657.76746,59764
2026-04-21 00:00:00,75801.0,76223.0,75409.0,75669.0,4640.51283,63544
2026-04-21 04:00:00,75670.0,76278.0,75560.0,76054.0,3528.62389,57494
2026-04-21 08:00:00,76054.0,76881.0,76033.0,76410.0,5194.30427,86269
2026-04-21 12:00:00,76411.0,76592.0,75408.0,75802.0,10135.29729,156164
2026-04-21 16:00:00,75801.0,76146.0,74770.0,74972.0,7888.95451,139729
2026-04-21 20:00:00,74972.0,76398.0,74931.0,76288.0,7087.03487,101125
2026-04-22 00:00:00,76289.0,77697.0,76098.0,77497.0,7837.28646,111147
2026-04-22 04:00:00,77497.0,78419.0,77337.0,77965.0,6061.46174,91628
2026-04-22 08:00:00,77965.0,78344.0,77888.0,78261.0,3399.96401,74992
2026-04-22 12:00:00,78261.0,79350.0,78049.0,79223.0,9830.50051,165176
2026-04-22 16:00:00,79224.0,79400.0,78592.0,78798.0,4882.56658,88034
2026-04-22 20:00:00,78797.0,78865.0,78090.0,78137.0,3964.20862,87745
2026-04-23 00:00:00,78138.0,78530.0,77459.0,77722.0,8810.35353,118541
2026-04-23 04:00:00,77715.0,78311.0,77638.0,78012.0,2411.48368,56969
2026-04-23 08:00:00,78012.0,78145.0,77152.0,77659.0,5027.11158,88091
2026-04-23 12:00:00,77659.0,78649.0,77358.0,78343.0,7349.24386,124718
2026-04-23 16:00:00,78343.0,78479.0,76910.0,77688.0,10789.79728,137031
2026-04-23 20:00:00,77688.0,78316.0,77615.0,78226.0,3783.4552,119013
2026-04-24 00:00:00,78226.0,78548.0,77505.0,77710.0,4319.3046,74993
2026-04-24 04:00:00,77709.0,78000.0,77423.0,77631.0,2526.71142,48124
2026-04-24 08:00:00,77631.0,78350.0,77365.0,78207.0,5712.67934,71618
2026-04-24 12:00:00,78207.0,78424.0,77514.0,78021.0,6502.86763,92395
2026-04-24 16:00:00,78021.0,78031.0,77322.0,77594.0,3521.51897,60344
2026-04-24 20:00:00,77594.0,77736.0,77225.0,77402.0,2110.66832,63087
2026-04-25 00:00:00,77402.0,77679.0,77273.0,77634.0,1328.33278,21983
2026-04-25 04:00:00,77634.0,77663.0,77412.0,77467.0,845.74134,18840
2026-04-25 08:00:00,77467.0,77854.0,77451.0,77642.0,1595.43831,27464
2026-04-25 12:00:00,77642.0,77734.0,77269.0,77294.0,2683.76278,31886
2026-04-25 16:00:00,77294.0,77419.0,77100.0,77296.0,2000.72633,50787
2026-04-25 20:00:00,77297.0,77608.0,77272.0,77582.0,982.64962,23203
2026-04-26 00:00:00,77582.0,77604.0,77279.0,77359.0,1021.93606,22148
2026-04-26 04:00:00,77359.0,78172.0,77347.0,78071.0,2578.75471,42252
2026-04-26 08:00:00,78071.0,78170.0,77888.0,78050.0,1835.24805,34912
2026-04-26 12:00:00,78050.0,78140.0,77724.0,78010.0,2034.37009,42023
2026-04-26 16:00:00,78011.0,78469.0,77810.0,78186.0,2289.0451,43748
2026-04-26 20:00:00,78187.0,78916.0,77815.0,78615.0,5559.34149,152440
2026-04-27 00:00:00,78616.0,79434.0,78354.0,79061.0,5538.69876,121147
2026-04-27 04:00:00,79061.0,79122.0,77436.0,77568.0,5707.44465,86376
2026-04-27 08:00:00,77569.0,77949.0,77517.0,77814.0,2058.53901,43277
2026-04-27 12:00:00,77814.0,78222.0,76516.0,76765.0,9720.32167,130513
2026-04-27 16:00:00,76765.0,76896.0,76363.0,76822.0,5150.42828,64113
2026-04-27 20:00:00,76822.0,77414.0,76722.0,77320.0,2379.74813,57763
2026-04-28 00:00:00,77320.0,77440.0,76627.0,76773.0,4535.22519,55298
2026-04-28 04:00:00,76765.0,77109.0,76352.0,76834.0,6727.70497,55721
2026-04-28 08:00:00,76834.0,76957.0,76078.0,76193.0,3604.28764,56020
2026-04-28 12:00:00,76193.0,76382.0,75649.0,76024.0,8380.18481,98423
2026-04-28 16:00:00,76024.0,76350.0,75852.0,76294.0,2271.41542,52818
2026-04-28 20:00:00,76294.0,76451.0,76147.0,76297.0,1968.32133,32292
2026-04-29 00:00:00,76297.0,77090.0,76144.0,76945.0,3611.99062,62603
2026-04-29 04:00:00,76944.0,77414.0,76842.0,77004.0,4105.41986,54687
2026-04-29 08:00:00,77006.0,77866.0,76919.0,77548.0,5175.76556,62934
2026-04-29 12:00:00,77548.0,77549.0,75648.0,75867.0,8173.69811,105794
2026-04-29 16:00:00,75868.0,76226.0,74894.0,75528.0,10661.35082,118020
2026-04-29 20:00:00,75527.0,76068.0,75459.0,75727.0,4909.75025,169682
2026-04-30 00:00:00,75727.0,76424.0,75429.0,75881.0,6941.36991,83190
2026-04-30 04:00:00,75880.0,76161.0,75286.0,76139.0,3591.60758,57657
2026-04-30 08:00:00,76138.0,76321.0,75834.0,76018.0,4108.80287,60993
2026-04-30 12:00:00,76019.0,76622.0,76000.0,76424.0,6151.38484,83254
2026-04-30 16:00:00,76423.0,76478.0,76062.0,76372.0,2765.38206,46420
2026-04-30 20:00:00,76371.0,76526.0,76155.0,76300.0,2860.8182,39327
2026-05-01 00:00:00,76300.0,77404.0,76283.0,77076.0,4718.64628,63153
2026-05-01 04:00:00,77076.0,77158.0,76837.0,77095.0,2077.41443,45171
2026-05-01 08:00:00,77095.0,77619.0,77005.0,77425.0,3060.87598,53898
2026-05-01 12:00:00,77425.0,78900.0,77369.0,78414.0,12383.22484,146385
2026-05-01 16:00:00,78413.0,78624.0,78068.0,78308.0,4999.27074,78939
2026-05-01 20:00:00,78307.0,78373.0,77710.0,78189.0,4404.86482,81190
2026-05-02 00:00:00,78189.0,78498.0,78127.0,78379.0,2309.2658,60428
2026-05-02 04:00:00,78380.0,78413.0,77981.0,78184.0,2209.63901,37543
2026-05-02 08:00:00,78185.0,78367.0,78061.0,78105.0,1148.20342,28590
2026-05-02 12:00:00,78105.0,78456.0,78077.0,78448.0,1850.62774,34677
2026-05-02 16:00:00,78449.0,78545.0,78270.0,78445.0,1205.48727,34743
2026-05-02 20:00:00,78446.0,79133.0,78385.0,78651.0,3009.89762,51335
2026-05-03 00:00:00,78651.0,78719.0,78071.0,78162.0,2249.77532,48848
2026-05-03 04:00:00,78163.0,78415.0,78032.0,78329.0,1274.95905,35368
2026-05-03 08:00:00,78329.0,78806.0,78318.0,78618.0,1695.69762,42764
2026-05-03 12:00:00,78618.0,78847.0,78553.0,78624.0,2481.42998,46874
2026-05-03 16:00:00,78623.0,78816.0,78545.0,78741.0,1398.9397,38266
2026-05-03 20:00:00,78740.0,79400.0,78443.0,78533.0,7505.55786,91699
2026-05-04 00:00:00,78533.0,80418.0,78244.0,80279.0,12178.03086,155836
2026-05-04 04:00:00,80279.0,80591.0,79460.0,79656.0,4800.90746,91166
2026-05-04 08:00:00,79656.0,79896.0,78156.0,78751.0,8577.083,122053
2026-05-04 12:00:00,78752.0,80496.0,78472.0,79984.0,12089.56023,176171
2026-05-04 16:00:00,79985.0,80762.0,79572.0,79998.0,8321.47689,121780
2026-05-04 20:00:00,79998.0,80365.0,79697.0,79803.0,3282.98263,67225
2026-05-05 00:00:00,79803.0,81073.0,79754.0,80851.0,6069.66337,90650
2026-05-05 04:00:00,80850.0,81294.0,80678.0,80819.0,3663.78983,73282
2026-05-05 08:00:00,80820.0,81073.0,80504.0,80983.0,3890.27854,70902
2026-05-05 12:00:00,80983.0,81680.0,80893.0,81486.0,7682.99322,135334
2026-05-05 16:00:00,81486.0,81652.0,81008.0,81565.0,4455.91649,91982
2026-05-05 20:00:00,81564.0,81767.0,80749.0,80862.0,8255.66091,115980
2026-05-06 00:00:00,80863.0,81718.0,80711.0,81547.0,5498.86023,97829
2026-05-06 04:00:00,81547.0,81607.0,81030.0,81343.0,3486.36246,82585
2026-05-06 08:00:00,81343.0,82799.0,81297.0,82479.0,10251.90036,133426
2026-05-06 12:00:00,82480.0,82497.0,81088.0,81680.0,9301.16332,145482
2026-05-06 16:00:00,81679.0,81866.0,81144.0,81430.0,3650.75733,88316
2026-05-06 20:00:00,81430.0,81654.0,80888.0,81401.0,3150.44321,68398
2026-05-07 00:00:00,81402.0,81457.0,80780.0,80798.0,5205.32016,92998
2026-05-07 04:00:00,80797.0,81675.0,80700.0,81480.0,4434.03857,84633
2026-05-07 08:00:00,81480.0,81553.0,80526.0,80826.0,4170.19354,90632
2026-05-07 12:00:00,80825.0,81148.0,79720.0,79868.0,8784.87981,135045
2026-05-07 16:00:00,79868.0,80257.0,79500.0,80107.0,5332.26859,88006
2026-05-07 20:00:00,80110.0,80343.0,79550.0,79992.0,4950.56468,64011
2026-05-08 00:00:00,79991.0,80100.0,79176.0,79543.0,4571.80294,63401
2026-05-08 04:00:00,79543.0,79752.0,79220.0,79669.0,3009.15009,44839
2026-05-08 08:00:00,79670.0,80300.0,79649.0,80189.0,5339.1191,59624
2026-05-08 12:00:00,80190.0,80485.0,79507.0,80093.0,7821.49228,112007
2026-05-08 16:00:00,80094.0,80276.0,79693.0,80141.0,4275.35964,66518
2026-05-08 20:00:00,80141.0,80382.0,80043.0,80152.0,2793.98496,36435
2026-05-09 00:00:00,80153.0,80514.0,80087.0,80354.0,1593.31608,33848
2026-05-09 04:00:00,80354.0,80600.0,80107.0,80187.0,2266.85512,37145
2026-05-09 08:00:00,80187.0,80416.0,80128.0,80310.0,1566.43427,32179
2026-05-09 12:00:00,80310.0,80566.0,80193.0,80480.0,3059.77886,39690
2026-05-09 16:00:00,80480.0,81038.0,80448.0,80895.0,3015.86332,55346
2026-05-09 20:00:00,80894.0,80897.0,80577.0,80620.0,1090.10483,28339
2026-05-10 00:00:00,80619.0,80855.0,80519.0,80742.0,1365.23389,30147
2026-05-10 04:00:00,80742.0,80804.0,80604.0,80700.0,739.586,21884
2026-05-10 08:00:00,80701.0,80949.0,80681.0,80799.0,1523.26918,26348
2026-05-10 12:00:00,80799.0,81400.0,80766.0,81375.0,3732.25122,44154
2026-05-10 16:00:00,81376.0,81567.0,81082.0,81381.0,3515.65616,55396
2026-05-10 20:00:00,81381.0,82436.0,80203.0,82164.0,9349.26775,137621
2026-05-11 00:00:00,82165.0,82344.0,80491.0,80720.0,6126.23879,94447
2026-05-11 04:00:00,80719.0,81032.0,80621.0,80715.0,2095.38135,44465
2026-05-11 08:00:00,80715.0,81185.0,80592.0,81162.0,3031.50566,46555
2026-05-11 12:00:00,81164.0,81414.0,80401.0,81405.0,7099.72597,100122
2026-05-11 16:00:00,81405.0,82087.0,81311.0,81906.0,6417.29099,83558
2026-05-11 20:00:00,81907.0,82039.0,81550.0,81703.0,2960.42368,42032
2026-05-12 00:00:00,81704.0,81747.0,80700.0,81025.0,4388.46105,58569
2026-05-12 04:00:00,81026.0,81295.0,80795.0,80843.0,1851.03516,35637
2026-05-12 08:00:00,80843.0,80930.0,80475.0,80750.0,2604.17917,46292
2026-05-12 12:00:00,80750.0,80975.0,80153.0,80301.0,7340.06122,95987
2026-05-12 16:00:00,80301.0,80830.0,79804.0,80802.0,4631.56602,69206
2026-05-12 20:00:00,80802.0,80843.0,80389.0,80459.0,1798.89898,33716
2026-05-13 00:00:00,80459.0,81268.0,80372.0,81222.0,2511.59103,52224
2026-05-13 04:00:00,81222.0,81254.0,80849.0,80988.0,1497.08532,33444
2026-05-13 08:00:00,80987.0,81271.0,80433.0,80459.0,3197.93798,51485
2026-05-13 12:00:00,80459.0,80554.0,78800.0,78801.0,10254.65548,123867
2026-05-13 16:00:00,78800.0,79780.0,78735.0,79611.0,5944.40276,70234
2026-05-13 20:00:00,79612.0,79731.0,79191.0,79283.0,2061.54012,41683
2026-05-14 00:00:00,79283.0,79656.0,78880.0,79000.0,2795.51708,54254
2026-05-14 04:00:00,79000.0,79959.0,78931.0,79702.0,2465.94813,51235
2026-05-14 08:00:00,79701.0,79900.0,79176.0,79208.0,3611.72061,57079
2026-05-14 12:00:00,79207.0,81297.0,79200.0,81264.0,11114.57828,126576
2026-05-14 16:00:00,81264.0,81992.0,81026.0,81368.0,12652.0413,125667
2026-05-14 20:00:00,81369.0,81538.0,81015.0,81044.0,3751.17655,53323
2026-05-15 00:00:00,81044.0,81623.0,80709.0,81015.0,4207.02234,75486
2026-05-15 04:00:00,81016.0,81064.0,80274.0,80782.0,3754.21709,62256
2026-05-15 08:00:00,80783.0,80793.0,80319.0,80591.0,2453.45637,47380
2026-05-15 12:00:00,80590.0,80598.0,78608.0,79118.0,13365.893,132614
2026-05-15 16:00:00,79119.0,79518.0,79021.0,79100.0,3240.63226,53289
2026-05-15 20:00:00,79100.0,79174.0,78824.0,79063.0,2615.22513,30372
2026-05-16 00:00:00,79062.0,79177.0,78955.0,79048.0,1800.29854,27442
2026-05-16 04:00:00,79048.0,79076.0,78000.0,78331.0,6057.35847,55510
2026-05-16 08:00:00,78332.0,78487.0,77600.0,78034.0,5607.16092,62962
2026-05-16 12:00:00,78035.0,78297.0,77795.0,78198.0,3626.91191,39958
2026-05-16 16:00:00,78198.0,78336.0,78093.0,78226.0,2061.77159,25113
2026-05-16 20:00:00,78226.0,78265.0,78079.0,78104.0,1085.85718,17199
2026-05-17 00:00:00,78104.0,78200.0,77676.0,77989.0,3168.86631,37727
2026-05-17 04:00:00,77988.0,78264.0,77962.0,78138.0,1965.65081,24902
2026-05-17 08:00:00,78138.0,78562.0,77983.0,78369.0,2418.26871,33096
2026-05-17 12:00:00,78370.0,78519.0,77796.0,78015.0,2279.54567,40845
2026-05-17 16:00:00,78015.0,78444.0,77812.0,78381.0,2598.03724,35741
2026-05-17 20:00:00,78382.0,78450.0,76700.0,77431.0,7338.59154,90588
2026-05-18 00:00:00,77430.0,77448.0,76667.0,76897.0,5326.23118,99159
2026-05-18 04:00:00,76896.0,77049.0,76552.0,77039.0,2634.12276,54196
2026-05-18 08:00:00,77039.0,77374.0,76631.0,77253.0,2643.91588,54285
2026-05-18 12:00:00,77254.0,77754.0,76037.0,76394.0,10619.50184,140743
2026-05-18 16:00:00,76393.0,76977.0,76122.0,76882.0,6010.65521,88228
2026-05-18 20:00:00,76882.0,77213.0,76763.0,76984.0,3827.81211,53185
2026-05-19 00:00:00,76984.0,77399.0,76443.0,76756.0,3830.90633,61470
2026-05-19 04:00:00,76757.0,77264.0,76620.0,77199.0,1697.05086,38885
2026-05-19 08:00:00,77199.0,77291.0,76597.0,76694.0,3330.92647,46979
2026-05-19 12:00:00,76694.0,77038.0,76125.0,76489.0,5963.6181,86282
2026-05-19 16:00:00,76490.0,77055.0,76386.0,76792.0,3071.81456,47329
2026-05-19 20:00:00,76792.0,77017.0,76612.0,76806.0,2026.7145,32685
2026-05-20 00:00:00,76807.0,76886.0,76490.0,76692.0,2273.25877,47118
2026-05-20 04:00:00,76693.0,77441.0,76663.0,77248.0,2646.3628,38566
2026-05-20 08:00:00,77249.0,77636.0,77179.0,77359.0,2133.44317,35564
2026-05-20 12:00:00,77359.0,77839.0,76851.0,77439.0,10508.44939,89985
2026-05-20 16:00:00,77439.0,77706.0,77013.0,77646.0,3129.81058,51752
2026-05-20 20:00:00,77646.0,77768.0,77205.0,77533.0,3923.01347,43465
2026-05-21 00:00:00,77533.0,78174.0,77500.0,78075.0,4398.55145,51410
2026-05-21 04:00:00,78074.0,78158.0,77476.0,77853.0,3593.31563,34369
2026-05-21 08:00:00,77853.0,78157.0,77106.0,77147.0,6240.7782,55189
2026-05-21 12:00:00,77148.0,77374.0,76700.0,77229.0,5276.05491,75477
2026-05-21 16:00:00,77230.0,78053.0,76969.0,77667.0,8781.31774,75592
2026-05-21 20:00:00,77667.0,77787.0,77501.0,77587.0,2050.21882,30943
2026-05-22 00:00:00,77587.0,77779.0,77290.0,77740.0,2032.6866,29712
2026-05-22 04:00:00,77739.0,77870.0,77247.0,77363.0,1624.03326,27333
2026-05-22 08:00:00,77363.0,77507.0,77136.0,77406.0,2365.25954,33588
2026-05-22 12:00:00,77406.0,77540.0,76517.0,76770.0,6501.59608,71342
2026-05-22 16:00:00,76770.0,77084.0,75621.0,75823.0,9415.08876,81160
2026-05-22 20:00:00,75828.0,76051.0,75350.0,75500.0,4725.6876,53382
2026-05-23 00:00:00,75500.0,75631.0,75173.0,75602.0,2642.19693,42314
2026-05-23 04:00:00,75601.0,75613.0,74234.0,74568.0,5014.8565,45430
2026-05-23 08:00:00,74569.0,74831.0,74290.0,74761.0,3742.01486,44504
2026-05-23 12:00:00,74761.0,75664.0,74615.0,75478.0,3869.8788,56795
2026-05-23 16:00:00,75478.0,75962.0,75323.0,75947.0,3572.62773,47643
2026-05-23 20:00:00,75947.0,77375.0,75907.0,76712.0,14373.29054,122796
2026-05-24 00:00:00,76711.0,76969.0,76600.0,76706.0,1410.69757,34798
2026-05-24 04:00:00,76706.0,77042.0,76597.0,76759.0,1690.32016,29688
2026-05-24 08:00:00,76760.0,77534.0,76689.0,77286.0,2888.47056,40053
2026-05-24 12:00:00,77287.0,77287.0,76086.0,76318.0,5726.0062,68065
2026-05-24 16:00:00,76317.0,76751.0,76317.0,76719.0,3584.31419,41882
2026-05-24 20:00:00,76719.0,77185.0,76060.0,77015.0,4862.96094,75226
2026-05-25 00:00:00,77015.0,77445.0,76867.0,76977.0,3646.55245,55677
2026-05-25 04:00:00,76977.0,77591.0,76943.0,77366.0,2427.36829,45383
2026-05-25 08:00:00,77365.0,77673.0,77235.0,77306.0,2269.55181,34588
2026-05-25 12:00:00,77305.0,77865.0,77239.0,77590.0,2961.51496,52709
2026-05-25 16:00:00,77589.0,77773.0,77299.0,77404.0,1748.34904,33675
2026-05-25 20:00:00,77404.0,77468.0,76987.0,77282.0,2755.34984,39381
2026-05-26 00:00:00,77281.0,77310.0,76414.0,76619.0,4047.00471,55377
2026-05-26 04:00:00,76620.0,77009.0,76556.0,76671.0,2353.83541,30507
2026-05-26 08:00:00,76671.0,77595.0,76524.0,77144.0,5065.88893,58226
2026-05-26 12:00:00,77144.0,78060.0,76234.0,76482.0,10783.72414,128545
2026-05-26 16:00:00,76482.0,76683.0,75754.0,76015.0,7256.44923,68056
2026-05-26 20:00:00,76019.0,76141.0,75623.0,75894.0,3421.52933,32053
2026-05-27 00:00:00,75895.0,76067.0,75590.0,75628.0,2815.70167,31225
2026-05-27 04:00:00,75629.0,75933.0,75251.0,75927.0,3401.26868,48229
2026-05-27 08:00:00,75927.0,76030.0,75667.0,75724.0,1731.273,36282
2026-05-27 12:00:00,75724.0,76120.0,74738.0,75300.0,9930.77487,108075
2026-05-27 16:00:00,75300.0,75390.0,74628.0,75027.0,4934.99078,56795
2026-05-27 20:00:00,75031.0,75378.0,74202.0,74420.0,7586.10625,67060
2026-05-28 00:00:00,74420.0,74557.0,73035.0,73234.0,8654.24528,79632
2026-05-28 04:00:00,73234.0,73471.0,72684.0,73461.0,8332.1815,66161
2026-05-28 08:00:00,73462.0,73586.0,73175.0,73474.0,2890.5697,36714
2026-05-28 12:00:00,73474.0,73549.0,72555.0,72924.0,10904.19134,101603
2026-05-28 16:00:00,72925.0,73756.0,72724.0,73392.0,6485.38512,63196
2026-05-28 20:00:00,73392.0,73932.0,73215.0,73587.0,3666.57263,47817
2026-05-29 00:00:00,73588.0,73847.0,73151.0,73261.0,3693.53423,44558
2026-05-29 04:00:00,73261.0,73924.0,73182.0,73494.0,2676.59248,38585
2026-05-29 08:00:00,73493.0,73866.0,73299.0,73428.0,1762.71799,36754
2026-05-29 12:00:00,73428.0,74210.0,72476.0,73776.0,13821.22951,132957
2026-05-29 16:00:00,73777.0,74300.0,73150.0,73487.0,8301.9265,99723
2026-05-29 20:00:00,73487.0,73820.0,73269.0,73431.0,2509.70574,43474
2026-05-30 00:00:00,73432.0,73765.0,73372.0,73493.0,1800.3852,27257
2026-05-30 04:00:00,73494.0,73678.0,73163.0,73511.0,2440.57497,33749
2026-05-30 08:00:00,73512.0,73652.0,73470.0,73574.0,1306.72987,21951
2026-05-30 12:00:00,73574.0,74065.0,73563.0,73885.0,4371.49071,44238
2026-05-30 16:00:00,73886.0,74095.0,73777.0,73980.0,1849.40802,27259
2026-05-30 20:00:00,73980.0,74018.0,73745.0,73853.0,986.10458,24167
2026-05-31 00:00:00,73853.0,74250.0,73827.0,74118.0,4443.13772,41086
2026-05-31 04:00:00,74118.0,74195.0,73802.0,73843.0,1014.13639,23713
2026-05-31 08:00:00,73843.0,74000.0,73708.0,73915.0,1130.8284,23040
2026-05-31 12:00:00,73914.0,73984.0,73424.0,73631.0,2842.15931,38957
2026-05-31 16:00:00,73632.0,73710.0,73377.0,73541.0,2812.79605,33684
2026-05-31 20:00:00,73541.0,74180.0,73462.0,73658.0,5330.55114,69132
2026-06-01 00:00:00,73658.0,74075.0,73204.0,73737.0,6021.51727,89080
2026-06-01 04:00:00,73737.0,73810.0,72684.0,72792.0,4643.55783,57898
2026-06-01 08:00:00,72793.0,73090.0,72258.0,72456.0,4008.38407,56268
2026-06-01 12:00:00,72456.0,72606.0,71060.0,71128.0,19060.35203,170191
2026-06-01 16:00:00,71129.0,71788.0,70683.0,71586.0,9024.17656,92804
2026-06-01 20:00:00,71586.0,71691.0,70828.0,71411.0,9768.48263,72631
2026-06-02 00:00:00,71411.0,71412.0,70127.0,70943.0,9440.37557,90029
2026-06-02 04:00:00,70944.0,71032.0,69709.0,70089.0,9084.13483,99176
2026-06-02 08:00:00,70096.0,70142.0,69300.0,69452.0,6416.69538,91411
2026-06-02 12:00:00,69453.0,69529.0,67050.0,67288.0,27136.04819,225556
2026-06-02 16:00:00,67288.0,68132.0,66356.0,67291.0,19093.64512,172057
2026-06-02 20:00:00,67291.0,67899.0,66169.0,66732.0,23285.19302,169032
2026-06-03 00:00:00,66732.0,67155.0,65417.0,65812.0,12353.39639,129638
2026-06-03 04:00:00,65811.0,67479.0,65792.0,67192.0,11346.56975,116503
2026-06-03 08:00:00,67193.0,67442.0,66615.0,67044.0,5991.60736,81311
2026-06-03 12:00:00,67045.0,67230.0,66053.0,66055.0,10279.59589,141231
2026-06-03 16:00:00,66054.0,66365.0,65204.0,65465.0,12943.13163,157910
2026-06-03 20:00:00,65461.0,65853.0,64061.0,64118.0,22821.4083,208605
2026-06-04 00:00:00,64118.0,64508.0,61350.0,64342.0,34745.24587,326648
2026-06-04 04:00:00,64341.0,64752.0,63456.0,63566.0,10472.20481,149856
2026-06-04 08:00:00,63565.0,63878.0,62160.0,62514.0,13742.79327,179873
2026-06-04 12:00:00,62515.0,64464.0,62360.0,63862.0,19217.52502,217547
2026-06-04 16:00:00,63861.0,64138.0,62935.0,63596.0,14524.19428,171392
2026-06-04 20:00:00,63597.0,63896.0,63071.0,63855.0,11978.53632,130616
2026-06-05 00:00:00,63854.0,63949.0,62293.0,62707.0,9250.36415,134904
2026-06-05 04:00:00,62706.0,63707.0,61095.0,63091.0,22350.5021,203457
2026-06-05 08:00:00,63091.0,63258.0,61929.0,61930.0,10992.16003,126689
2026-06-05 12:00:00,61930.0,62426.0,60006.0,60405.0,27075.41037,251171
2026-06-05 16:00:00,60406.0,61536.0,59100.0,60272.0,32127.64785,281688
2026-06-05 20:00:00,60272.0,61998.0,59909.0,61033.0,32694.25605,211737
2026-06-06 00:00:00,61033.0,61508.0,60498.0,60663.0,6878.25666,100981
2026-06-06 04:00:00,60665.0,61240.0,59459.0,60975.0,20461.40641,151986
2026-06-06 08:00:00,60976.0,61475.0,60176.0,60774.0,6785.61128,93316
2026-06-06 12:00:00,60774.0,61166.0,60323.0,60751.0,7301.85997,104143
2026-06-06 16:00:00,60751.0,60936.0,60382.0,60571.0,5446.4544,75338
2026-06-06 20:00:00,60570.0,60988.0,60400.0,60861.0,4607.71618,63610
2026-06-07 00:00:00,60860.0,61754.0,60714.0,61686.0,8263.60505,87700
2026-06-07 04:00:00,61685.0,62401.0,61463.0,62384.0,5876.923,86497
2026-06-07 08:00:00,62384.0,62955.0,62238.0,62615.0,4963.18049,87247
2026-06-07 12:00:00,62615.0,62636.0,61558.0,62072.0,7986.88691,109731
2026-06-07 16:00:00,62072.0,62308.0,61145.0,61300.0,7545.29986,86820
2026-06-07 20:00:00,61299.0,64228.0,61192.0,63309.0,12991.34216,134277
2026-06-08 00:00:00,63309.0,63862.0,62700.0,63100.0,7287.84716,86519
2026-06-08 04:00:00,63100.0,63329.0,62375.0,63263.0,5872.21617,77648
2026-06-08 08:00:00,63261.0,63854.0,62959.0,63454.0,7522.40913,80239
2026-06-08 12:00:00,63454.0,64196.0,62676.0,63755.0,12823.1382,145052
2026-06-08 16:00:00,63755.0,64030.0,63262.0,63349.0,5492.26561,65580
2026-06-08 20:00:00,63350.0,63835.0,62951.0,63058.0,5334.19554,65828
2026-06-09 00:00:00,63058.0,63151.0,62395.0,62847.0,7736.39261,73521
2026-06-09 04:00:00,62846.0,63514.0,62723.0,63178.0,5171.92347,56447
2026-06-09 08:00:00,63177.0,63196.0,62461.0,62682.0,4804.35177,51812
2026-06-09 12:00:00,62681.0,62882.0,61003.0,61111.0,15814.58446,135296
2026-06-09 16:00:00,61110.0,62084.0,60765.0,62074.0,13281.67048,117537
2026-06-09 20:00:00,62076.0,62250.0,61528.0,61695.0,4135.28138,54421
2026-06-10 00:00:00,61699.0,61947.0,61201.0,61521.0,4256.6922,61691
2026-06-10 04:00:00,61521.0,61777.0,61043.0,61645.0,3906.12116,45543
2026-06-10 08:00:00,61650.0,61700.0,60733.0,61000.0,6332.12739,69554
2026-06-10 12:00:00,61000.0,62827.0,60930.0,62609.0,16809.94823,144718
2026-06-10 16:00:00,62609.0,62621.0,61594.0,61921.0,9706.31058,94209
2026-06-10 20:00:00,61919.0,61933.0,61069.0,61481.0,8226.25432,85205
2026-06-11 00:00:00,61484.0,62800.0,61484.0,62659.0,6357.05012,71262
2026-06-11 04:00:00,62659.0,62971.0,62508.0,62689.0,4440.65182,55349
2026-06-11 08:00:00,62690.0,63244.0,62685.0,63072.0,5186.35748,55685
2026-06-11 12:00:00,63073.0,63201.0,62475.0,62717.0,8357.23511,111465
2026-06-11 16:00:00,62717.0,63919.0,62314.0,63581.0,14945.67649,126763
2026-06-11 20:00:00,63580.0,63685.0,63240.0,63621.0,5005.89639,49465
2026-06-12 00:00:00,63621.0,63775.0,63277.0,63496.0,2532.19385,45161
2026-06-12 04:00:00,63496.0,63846.0,62801.0,63062.0,5387.38026,51052
2026-06-12 08:00:00,63064.0,63928.0,63064.0,63724.0,6133.85813,54270
2026-06-12 12:00:00,63723.0,64383.0,63016.0,63575.0,14852.3645,119171
2026-06-12 16:00:00,63570.0,64093.0,63490.0,63567.0,5301.03573,65184
2026-06-12 20:00:00,63567.0,63673.0,63375.0,63561.0,3547.65651,43170
2026-06-13 00:00:00,63560.0,63854.0,63420.0,63510.0,2160.72577,29541
2026-06-13 04:00:00,63509.0,63861.0,63453.0,63829.0,2105.72334,25970
2026-06-13 08:00:00,63829.0,63965.0,63705.0,63945.0,3006.35472,29852
2026-06-13 12:00:00,63944.0,64332.0,63883.0,64288.0,2872.86277,45463
2026-06-13 16:00:00,64289.0,64315.0,63899.0,64271.0,3618.97599,40859
2026-06-13 20:00:00,64272.0,64750.0,64201.0,64427.0,3111.53761,38042
2026-06-14 00:00:00,64427.0,64697.0,64351.0,64525.0,2961.06029,31525
2026-06-14 04:00:00,64526.0,64540.0,64207.0,64408.0,5259.64165,37138
2026-06-14 08:00:00,64409.0,64655.0,64283.0,64518.0,2621.22384,27509
2026-06-14 12:00:00,64518.0,64540.0,63838.0,63996.0,3389.67896,43350
2026-06-14 16:00:00,63997.0,64184.0,63648.0,63786.0,2846.77547,40260
2026-06-14 20:00:00,63787.0,65780.0,63776.0,65720.0,15356.84994,123984
2026-06-15 00:00:00,65719.0,65980.0,65325.0,65898.0,4987.26919,66909
2026-06-15 04:00:00,65897.0,66020.0,65583.0,65648.0,4712.53381,46236
2026-06-15 08:00:00,65647.0,66353.0,65487.0,66221.0,5400.66161,56697
2026-06-15 12:00:00,66220.0,67261.0,66086.0,67261.0,8510.85965,87196
2026-06-15 16:00:00,67250.0,67283.0,66323.0,66561.0,4817.07293,68572
2026-06-15 20:00:00,66562.0,66649.0,66057.0,66294.0,3353.96889,52416
2026-06-16 00:00:00,66293.0,66441.0,65603.0,66128.0,4943.41638,57405
2026-06-16 04:00:00,66127.0,66552.0,65771.0,66343.0,3424.92937,49012
2026-06-16 08:00:00,66343.0,66964.0,66314.0,66456.0,4498.79723,59343
2026-06-16 12:00:00,66456.0,66792.0,65320.0,65851.0,8268.35376,105379
2026-06-16 16:00:00,65851.0,66216.0,65545.0,65642.0,4324.1512,56978
2026-06-16 20:00:00,65642.0,65919.0,65567.0,65639.0,2813.58553,34198
2026-06-17 00:00:00,65640.0,66121.0,65450.0,65822.0,2307.26653,42030
2026-06-17 04:00:00,65823.0,66020.0,65215.0,65511.0,3704.22187,38211
2026-06-17 08:00:00,65512.0,65550.0,64518.0,64796.0,6532.01384,70934
2026-06-17 12:00:00,64797.0,65848.0,64572.0,65731.0,5986.35207,92334
2026-06-17 16:00:00,65730.0,66429.0,64000.0,64287.0,19815.16167,176734
2026-06-17 20:00:00,64286.0,64493.0,63878.0,64470.0,6479.14452,67966
2026-06-18 00:00:00,64470.0,64771.0,64222.0,64247.0,3784.32406,48729
2026-06-18 04:00:00,64247.0,64478.0,63655.0,64476.0,7043.98745,68197
2026-06-18 08:00:00,64476.0,64617.0,63846.0,63952.0,5670.65208,57531
2026-06-18 12:00:00,63952.0,64420.0,62254.0,62339.0,14605.37432,133726
2026-06-18 16:00:00,62338.0,62980.0,62235.0,62917.0,9878.16124,76548
2026-06-18 20:00:00,62917.0,63253.0,62709.0,62935.0,5673.10904,57486
2026-06-19 00:00:00,62936.0,63088.0,62350.0,62753.0,5467.96666,54923
2026-06-19 04:00:00,62752.0,62900.0,62386.0,62599.0,2864.04385,46265
2026-06-19 08:00:00,62598.0,62759.0,62292.0,62604.0,3818.27271,47047
2026-06-19 12:00:00,62605.0,63423.0,62312.0,63184.0,6439.86382,86763
2026-06-19 16:00:00,63183.0,63380.0,62835.0,62995.0,2839.66736,48972
2026-06-19 20:00:00,62995.0,63630.0,62930.0,63512.0,2822.92534,32935
2026-06-20 00:00:00,63513.0,63762.0,63285.0,63444.0,1837.07808,33203
2026-06-20 04:00:00,63444.0,63878.0,63368.0,63617.0,2749.05331,36925
2026-06-20 08:00:00,63618.0,63773.0,63354.0,63658.0,2239.9492,27901
2026-06-20 12:00:00,63659.0,64361.0,63170.0,64120.0,6750.87605,68364
2026-06-20 16:00:00,64121.0,64136.0,63725.0,63906.0,1845.14464,34427
2026-06-20 20:00:00,63907.0,64336.0,63828.0,64276.0,1535.88994,27450
2026-06-21 00:00:00,64276.0,64449.0,64187.0,64399.0,2823.21012,27866
2026-06-21 04:00:00,64399.0,64555.0,64117.0,64160.0,3206.67504,29516
2026-06-21 08:00:00,64160.0,64452.0,63864.0,64130.0,3363.94303,40240
2026-06-21 12:00:00,64134.0,64306.0,63910.0,64185.0,1839.26613,35909
2026-06-21 16:00:00,64186.0,64255.0,63922.0,64168.0,1338.01296,33607
2026-06-21 20:00:00,64168.0,64232.0,63242.0,63270.0,7072.36886,72260
2026-06-22 00:00:00,63270.0,64775.0,63270.0,63937.0,9867.83865,92946
2026-06-22 04:00:00,63936.0,64363.0,63832.0,64178.0,2516.10618,37958
2026-06-22 08:00:00,64177.0,64741.0,64009.0,64630.0,3329.6133,44309
2026-06-22 12:00:00,64630.0,65587.0,64558.0,64802.0,13561.39898,144044
2026-06-22 16:00:00,64802.0,64826.0,64268.0,64482.0,6436.2385,73287
2026-06-22 20:00:00,64482.0,64653.0,63785.0,64012.0,7072.30077,57463
2026-06-23 00:00:00,64012.0,64254.0,63820.0,64035.0,4348.70861,43899
2026-06-23 04:00:00,64035.0,64068.0,62532.0,62852.0,10181.75006,82651
2026-06-23 08:00:00,62851.0,62910.0,61901.0,62481.0,8881.01052,82505
2026-06-23 12:00:00,62482.0,62818.0,61935.0,62460.0,9741.56126,105941
2026-06-23 16:00:00,62461.0,62794.0,62080.0,62381.0,4705.91438,67616
2026-06-23 20:00:00,62381.0,62768.0,62357.0,62706.0,3077.90973,45256
2026-06-24 00:00:00,62706.0,63087.0,62441.0,62703.0,4284.58657,55123
2026-06-24 04:00:00,62704.0,63065.0,62511.0,62616.0,3875.92716,40240
2026-06-24 08:00:00,62616.0,63196.0,62293.0,62884.0,4107.25914,48464
2026-06-24 12:00:00,62883.0,62939.0,60227.0,60245.0,17248.70676,170305
2026-06-24 16:00:00,60245.0,60639.0,59060.0,59943.0,19471.30706,181411
2026-06-24 20:00:00,59942.0,61231.0,59823.0,61047.0,9866.23351,101257
2026-06-25 00:00:00,61048.0,61128.0,60661.0,60854.0,3442.38561,51306
2026-06-25 04:00:00,60855.0,61927.0,60758.0,61874.0,6531.39881,66485
2026-06-25 08:00:00,61875.0,61884.0,61028.0,61249.0,4245.74214,52425
2026-06-25 12:00:00,61249.0,61700.0,58062.0,59530.0,35935.19054,270953
2026-06-25 16:00:00,59530.0,60030.0,59102.0,59283.0,10719.13494,114104
2026-06-25 20:00:00,59284.0,60210.0,59284.0,59759.0,5842.07783,75106
2026-06-26 00:00:00,59760.0,60091.0,58308.0,60025.0,9587.64096,111653
2026-06-26 04:00:00,60024.0,60726.0,59670.0,60500.0,9435.53237,100795
2026-06-26 08:00:00,60500.0,60542.0,59207.0,59387.0,5653.1375,81044
2026-06-26 12:00:00,59388.0,60477.0,58482.0,60300.0,18434.68689,194028
2026-06-26 16:00:00,60300.0,60543.0,59522.0,59736.0,4600.04694,90746
2026-06-26 20:00:00,59752.0,60097.0,59560.0,60074.0,3563.11857,51909
2026-06-27 00:00:00,60074.0,60391.0,59837.0,60280.0,2740.69608,40775
2026-06-27 04:00:00,60281.0,60546.0,60082.0,60518.0,2374.81582,38264
2026-06-27 08:00:00,60519.0,60519.0,60166.0,60338.0,2156.0202,34493
2026-06-27 12:00:00,60338.0,60935.0,60224.0,60813.0,3364.66494,50027
2026-06-27 16:00:00,60814.0,60820.0,60058.0,60145.0,2996.6198,44866
2026-06-27 20:00:00,60145.0,60455.0,59825.0,59996.0,2997.17859,44456
2026-06-28 00:00:00,59996.0,60311.0,59938.0,60172.0,1825.0031,28516
2026-06-28 04:00:00,60172.0,60233.0,59732.0,60190.0,2037.91252,31547
2026-06-28 08:00:00,60191.0,60500.0,60032.0,60310.0,3425.25141,33437
2026-06-28 12:00:00,60311.0,60418.0,59790.0,59854.0,2180.10496,44438
2026-06-28 16:00:00,59855.0,59912.0,59230.0,59450.0,5139.75867,66717
2026-06-28 20:00:00,59451.0,59884.0,58875.0,59549.0,7451.08134,90172
2026-06-29 00:00:00,59549.0,60188.0,58871.0,60015.0,6359.74642,101818
2026-06-29 04:00:00,60016.0,60313.0,59353.0,59996.0,3651.08389,62644
2026-06-29 08:00:00,59997.0,60285.0,59708.0,59941.0,4043.58318,61736
2026-06-29 12:00:00,59935.0,60767.0,58990.0,59792.0,16222.71179,192541
2026-06-29 16:00:00,59792.0,60648.0,59552.0,60404.0,6842.07773,88713
2026-06-29 20:00:00,60405.0,60570.0,60175.0,60227.0,3151.11541,40927
2026-06-30 00:00:00,60228.0,60248.0,59565.0,59589.0,4976.60067,60172
2026-06-30 04:00:00,59589.0,59690.0,59334.0,59508.0,4826.71718,52010
2026-06-30 08:00:00,59508.0,59528.0,59100.0,59158.0,3895.03273,51848
2026-06-30 12:00:00,59159.0,59293.0,58160.0,58356.0,19683.43503,164914
2026-06-30 16:00:00,58356.0,58815.0,58236.0,58796.0,5291.3384,59588
2026-06-30 20:00:00,58797.0,58857.0,58474.0,58603.0,2539.20364,35088
2026-07-01 00:00:00,58604.0,59293.0,57768.0,59171.0,10924.89038,98797
2026-07-01 04:00:00,59172.0,59433.0,58507.0,58745.0,6325.53381,60943
2026-07-01 08:00:00,58744.0,59070.0,58468.0,58591.0,4692.59391,47498
2026-07-01 12:00:00,58591.0,60569.0,58306.0,60123.0,18719.29895,170814
2026-07-01 16:00:00,60122.0,60340.0,59764.0,59996.0,6471.01469,81212
2026-07-01 20:00:00,59996.0,61357.0,59853.0,60010.0,9373.38479,105354
2026-07-02 00:00:00,60010.0,61152.0,59561.0,61067.0,7769.25844,91381
2026-07-02 04:00:00,61068.0,61068.0,60102.0,60150.0,5011.80079,70827
2026-07-02 08:00:00,60150.0,61465.0,60135.0,61365.0,6922.91477,91943
2026-07-02 12:00:00,61364.0,62224.0,61166.0,61593.0,17986.08518,165372
2026-07-02 16:00:00,61601.0,61947.0,61131.0,61482.0,7460.12844,80663
2026-07-02 20:00:00,61483.0,61679.0,61354.0,61587.0,4218.55886,52882
2026-07-03 00:00:00,61587.0,61762.0,61264.0,61451.0,3151.47318,53768
2026-07-03 04:00:00,61452.0,61911.0,61353.0,61788.0,4394.46123,52779
2026-07-03 08:00:00,61788.0,62127.0,61531.0,62046.0,4726.23877,59609
2026-07-03 12:00:00,62044.0,62400.0,61708.0,61934.0,5317.9407,77906
2026-07-03 16:00:00,61933.0,62320.0,61915.0,62210.0,2246.45581,37967
2026-07-03 20:00:00,62210.0,62949.0,62190.0,62576.0,8617.29059,74361
2026-07-04 00:00:00,62575.0,62939.0,62388.0,62621.0,4340.17881,45407
2026-07-04 04:00:00,62620.0,62743.0,62319.0,62570.0,2225.78243,32853
2026-07-04 08:00:00,62570.0,62668.0,62401.0,62473.0,1402.82789,24940
2026-07-04 12:00:00,62472.0,63051.0,62472.0,62921.0,2229.2903,40902
2026-07-04 16:00:00,62921.0,63460.0,62772.0,63292.0,6636.46593,72500
2026-07-04 20:00:00,63291.0,63460.0,62923.0,63127.0,5944.49859,55254
2026-07-05 00:00:00,63128.0,63128.0,62589.0,62764.0,3178.57195,43612
2026-07-05 04:00:00,62765.0,63063.0,62640.0,63024.0,1969.18768,30671
2026-07-05 08:00:00,63024.0,63100.0,62434.0,62644.0,2036.55873,33602
2026-07-05 12:00:00,62645.0,62953.0,62550.0,62735.0,2824.53272,35312
2026-07-05 16:00:00,62736.0,62879.0,62600.0,62772.0,1990.16937,30287
2026-07-05 20:00:00,62772.0,63997.0,62592.0,63635.0,6489.54727,83664
2026-07-06 00:00:00,63635.0,63919.0,63123.0,63292.0,4990.8927,67435
2026-07-06 04:00:00,63292.0,63390.0,62880.0,63104.0,2494.67049,42223
2026-07-06 08:00:00,63104.0,63253.0,62500.0,62501.0,4539.05372,52797
2026-07-06 12:00:00,62501.0,63558.0,61342.0,63538.0,20720.17691,207564
2026-07-06 16:00:00,63539.0,63962.0,63390.0,63741.0,9190.87765,101873
2026-07-06 20:00:00,63741.0,64698.0,63582.0,64054.0,6653.6782,81120
2026-07-07 00:00:00,64054.0,64331.0,63155.0,63189.0,3729.29059,67761
2026-07-07 04:00:00,63190.0,63460.0,62800.0,63088.0,4818.60231,57698
2026-07-07 08:00:00,63088.0,63485.0,63003.0,63420.0,3140.88676,45352
2026-07-07 12:00:00,63421.0,64100.0,62667.0,63942.0,11547.2821,142309
2026-07-07 16:00:00,63942.0,64260.0,63397.0,63825.0,5491.47549,89453
2026-07-07 20:00:00,63826.0,63912.0,63198.0,63355.0,5734.85947,63106
2026-07-08 00:00:00,63355.0,63750.0,62510.0,62746.0,6788.59448,79863
2026-07-08 04:00:00,62747.0,62900.0,62458.0,62887.0,5122.26447,60049
2026-07-08 08:00:00,62888.0,62933.0,61731.0,62301.0,6997.36122,92840
2026-07-08 12:00:00,62300.0,62443.0,61550.0,61705.0,6189.75849,97661
2026-07-08 16:00:00,61706.0,62390.0,61680.0,62272.0,4648.12741,65956
2026-07-08 20:00:00,62272.0,62350.0,61955.0,62283.0,2656.82503,40975
2026-07-09 00:00:00,62283.0,62628.0,61695.0,61963.0,6389.89722,74943
2026-07-09 04:00:00,61964.0,63263.0,61952.0,63001.0,5581.13687,73361
2026-07-09 08:00:00,63001.0,63087.0,62604.0,62770.0,3294.34364,51416
2026-07-09 12:00:00,62769.0,63247.0,62456.0,62848.0,5978.4322,102763
2026-07-09 16:00:00,62847.0,63500.0,62546.0,63244.0,4778.49696,63443
2026-07-09 20:00:00,63244.0,63412.0,63055.0,63225.0,1940.47113,38929
2026-07-10 00:00:00,63224.0,64038.0,62922.0,63949.0,6220.27246,69472
2026-07-10 04:00:00,63948.0,64200.0,63811.0,63989.0,4446.93405,46535
2026-07-10 08:00:00,63988.0,64496.0,63979.0,64423.0,3544.57529,56152
2026-07-10 12:00:00,64423.0,64690.0,63810.0,64039.0,7098.64464,94950
2026-07-10 16:00:00,64039.0,64220.0,63725.0,63920.0,4815.92643,60063
2026-07-10 20:00:00,63921.0,64200.0,63647.0,64155.0,2794.12507,37416
2026-07-11 00:00:00,64156.0,64297.0,63965.0,64147.0,2004.58752,27993
2026-07-11 04:00:00,64147.0,64261.0,64065.0,64145.0,1548.7924,26225
2026-07-11 08:00:00,64146.0,64289.0,64131.0,64191.0,841.51215,17624
2026-07-11 12:00:00,64191.0,64494.0,63950.0,64175.0,2747.10833,35290
2026-07-11 16:00:00,64175.0,64400.0,64085.0,64287.0,1698.22551,29246
2026-07-11 20:00:00,64287.0,64482.0,63818.0,63823.0,2401.73094,38098
2026-07-12 00:00:00,63823.0,64226.0,63713.0,64218.0,1943.09625,35953
2026-07-12 04:00:00,64218.0,64250.0,63642.0,63883.0,1834.97772,27636
2026-07-12 08:00:00,63883.0,64129.0,63769.0,64027.0,1798.13846,25607
2026-07-12 12:00:00,64026.0,64297.0,63964.0,64167.0,2038.5651,31709
2026-07-12 16:00:00,64168.0,64267.0,64015.0,64240.0,1505.3714,23806
2026-07-12 20:00:00,64240.0,64261.0,63675.0,63780.0,3576.86932,43235
2026-07-13 00:00:00,63780.0,64420.0,62740.0,62811.0,8575.53306,105337
2026-07-13 04:00:00,62811.0,63080.0,62499.0,63003.0,3273.77957,48186
2026-07-13 08:00:00,63003.0,63320.0,62874.0,62910.0,3131.5705,30430
2026-07-13 12:00:00,62911.0,63000.0,62120.0,62635.0,8692.2024,86013
2026-07-13 16:00:00,62635.0,62647.0,61821.0,62287.0,5841.49758,59941
2026-07-13 20:00:00,62287.0,62346.0,61867.0,62331.0,5073.2712,42044
2026-07-14 00:00:00,62331.0,62641.0,62264.0,62554.0,2230.48432,37163
2026-07-14 04:00:00,62555.0,62866.0,62492.0,62536.0,2790.03852,30884
2026-07-14 08:00:00,62537.0,62910.0,62490.0,62833.0,3292.81878,33699
2026-07-14 12:00:00,62833.0,64970.0,62771.0,64727.0,21644.29857,167471
2026-07-14 16:00:00,64727.0,64877.0,64268.0,64543.0,6185.131,56447
2026-07-14 20:00:00,64543.0,65079.0,64414.0,65000.0,6732.99459,55300
2026-07-15 00:00:00,65000.0,65032.0,64483.0,64789.0,4183.42254,40971
2026-07-15 04:00:00,64788.0,65271.0,64491.0,64554.0,5519.37294,45082
2026-07-15 08:00:00,64554.0,64922.0,64554.0,64729.0,1771.7576,31296
2026-07-15 12:00:00,64729.0,65577.0,64601.0,65407.0,9235.68431,97166
2026-07-15 16:00:00,65406.0,65453.0,64721.0,64947.0,4060.17763,53586
2026-07-15 20:00:00,64948.0,65036.0,64675.0,64738.0,2820.99158,25490
2026-07-16 00:00:00,64738.0,64836.0,64357.0,64602.0,2617.23496,30763
2026-07-16 04:00:00,64602.0,64999.0,64052.0,64222.0,4296.77069,40998
2026-07-16 08:00:00,64222.0,64349.0,63865.0,64235.0,3896.29495,44031
2026-07-16 12:00:00,64235.0,64885.0,63845.0,64689.0,8284.81384,74524
2026-07-16 16:00:00,64688.0,64700.0,63977.0,64263.0,3872.19917,43548
2026-07-16 20:00:00,64262.0,64268.0,63723.0,63815.0,3030.37335,35277
2026-07-17 00:00:00,63815.0,64048.0,63377.0,63572.0,5302.53694,47282
2026-07-17 04:00:00,63572.0,63581.0,62725.0,62839.0,5250.7047,49750
2026-07-17 08:00:00,62839.0,63379.0,62684.0,63301.0,3431.64075,41793
2026-07-17 12:00:00,63300.0,63547.0,62550.0,63478.0,6538.23304,75647
2026-07-17 16:00:00,63478.0,64398.0,63329.0,64156.0,7129.00698,76523
2026-07-17 20:00:00,64153.0,64231.0,63876.0,63928.0,3073.06613,28514
2026-07-18 00:00:00,63927.0,64029.0,63873.0,64009.0,945.55492,17034
2026-07-18 04:00:00,64009.0,64020.0,63914.0,63995.0,1018.77593,13814
2026-07-18 08:00:00,63993.0,64088.0,63924.0,64049.0,993.34642,14373
2026-07-18 12:00:00,64048.0,64250.0,63943.0,64104.0,1854.78024,27021
2026-07-18 16:00:00,64105.0,64619.0,64070.0,64546.0,3958.58071,41316
2026-07-18 20:00:00,64545.0,64873.0,64500.0,64827.0,3314.89156,33451
2026-07-19 00:00:00,64828.0,64957.0,64616.0,64694.0,2239.73169,25047
2026-07-19 04:00:00,64695.0,64810.0,64601.0,64713.0,1138.19833,17402
2026-07-19 08:00:00,64714.0,64740.0,64424.0,64452.0,2307.12986,21557
2026-07-19 12:00:00,64453.0,64641.0,64275.0,64574.0,2615.98252,30337
2026-07-19 16:00:00,64575.0,64762.0,64285.0,64456.0,2181.20718,30258
2026-07-19 20:00:00,64456.0,64890.0,64339.0,64718.0,3587.78218,36178
2026-07-20 00:00:00,64719.0,65082.0,64400.0,64841.0,6892.7276,52928
2026-07-20 04:00:00,64840.0,64841.0,63730.0,64241.0,5942.95775,48320
2026-07-20 08:00:00,64241.0,65057.0,63808.0,64989.0,5349.47787,51914
2026-07-20 12:00:00,64989.0,65600.0,64031.0,65565.0,9730.61516,89048
2026-07-20 16:00:00,65564.0,65778.0,65010.0,65100.0,10087.92622,80505
2026-07-20 20:00:00,65100.0,65427.0,65020.0,65226.0,4732.248,38176
2026-07-21 00:00:00,65227.0,65635.0,65124.0,65539.0,3794.71033,40754
2026-07-21 04:00:00,65538.0,66215.0,65451.0,66170.0,6075.09529,55647
2026-07-21 08:00:00,66168.0,66382.0,66102.0,66320.0,4101.1873,51938
2026-07-21 12:00:00,66321.0,66918.0,66238.0,66644.0,8847.17956,87304
2026-07-21 16:00:00,66645.0,66729.0,66065.0,66417.0,5815.17432,59844
2026-07-21 20:00:00,66417.0,66553.0,66185.0,66527.0,2841.12677,38239
2026-07-22 00:00:00,66526.0,66714.0,66152.0,66180.0,3614.53711,45081
2026-07-22 04:00:00,66179.0,66400.0,65663.0,65808.0,5075.69812,51673
2026-07-22 08:00:00,65808.0,66142.0,65808.0,65990.0,2409.60463,47453
2026-07-22 12:00:00,65989.0,66190.0,65534.0,66022.0,8664.86807,85407
2026-07-22 16:00:00,66022.0,66358.0,65666.0,65906.0,6681.24928,62252
2026-07-22 20:00:00,65902.0,66125.0,65770.0,66086.0,3520.77536,40139
2026-07-23 00:00:00,66086.0,66295.0,65540.0,65626.0,5378.39736,52004
2026-07-23 04:00:00,65625.0,65794.0,65323.0,65416.0,2430.50349,37387
2026-07-23 08:00:00,65417.0,65774.0,65390.0,65523.0,3391.29484,42522
2026-07-23 12:00:00,65523.0,65566.0,64700.0,64942.0,8645.34309,90792
2026-07-23 16:00:00,64941.0,64942.0,64637.0,64834.0,3349.72532,46217
2026-07-23 20:00:00,64837.0,65187.0,64810.0,65069.0,3246.51545,37176
2026-07-24 00:00:00,65070.0,65440.0,64721.0,65426.0,5247.68987,47583
2026-07-24 04:00:00,65426.0,65795.0,65216.0,65483.0,4435.44673,42618
2026-07-24 08:00:00,65488.0,65496.0,64828.0,65065.0,5720.76773,53300
2026-07-24 12:00:00,65065.0,65125.0,63730.0,64085.0,11816.67006,101949
2026-07-24 16:00:00,64087.0,64280.0,63862.0,64199.0,4255.72484,43264
2026-07-24 20:00:00,64199.0,64264.0,64099.0,64123.0,1647.38718,22510
2026-07-25 00:00:00,64122.0,64155.0,63983.0,64062.0,1507.07101,20589
2026-07-25 04:00:00,64060.0,64173.0,63926.0,63984.0,2113.57536,20934
2026-07-25 08:00:00,63985.0,64087.0,63736.0,64032.0,3352.49609,29587
2026-07-25 12:00:00,64032.0,64250.0,64010.0,64157.0,1276.01794,18564
2026-07-25 16:00:00,64157.0,64434.0,64094.0,64368.0,1831.63157,22794
2026-07-25 20:00:00,64369.0,64410.0,64234.0,64361.0,899.64652,14001
2026-07-26 00:00:00,64361.0,64558.0,64334.0,64520.0,994.01834,15138
2026-07-26 04:00:00,64520.0,64571.0,64262.0,64346.0,1177.22303,14848
2026-07-26 08:00:00,64347.0,64543.0,64333.0,64476.0,629.6129,14162
2026-07-26 12:00:00,64477.0,64780.0,64377.0,64737.0,2248.88752,28904
2026-07-26 16:00:00,64737.0,64907.0,64637.0,64669.0,1872.34752,25632
2026-07-26 20:00:00,64670.0,65561.0,64599.0,65366.0,4562.84654,49992
2026-07-27 00:00:00,65372.0,65395.0,64866.0,65261.0,2381.95709,39494
2026-07-27 04:00:00,65261.0,65715.0,65180.0,65191.0,2512.14238,34798
2026-07-27 08:00:00,65190.0,65411.0,65058.0,65074.0,1860.95252,36262
2026-07-27 12:00:00,65073.0,65680.0,64394.0,64514.0,11482.47402,103331
2026-07-27 16:00:00,64515.0,65059.0,64500.0,64949.0,4686.11829,57075
2026-07-27 20:00:00,64948.0,65027.0,63576.0,63736.0,8106.79223,68950
2026-07-28 00:00:00,63737.0,63804.0,63026.0,63320.0,7115.53543,63296
2026-07-28 04:00:00,63320.0,63641.0,63200.0,63480.0,2178.33289,30146
2026-07-28 08:00:00,63480.0,63567.0,63265.0,63441.0,1653.00024,34708
2026-07-28 12:00:00,63440.0,64000.0,62703.0,63911.0,9561.37136,87907
2026-07-28 16:00:00,63910.0,64100.0,63476.0,63870.0,5079.13818,52498
2026-07-28 20:00:00,63873.0,64039.0,63525.0,63906.0,4164.88478,51224
2026-07-29 00:00:00,63907.0,64164.0,63635.0,63721.0,3310.02741,49648
2026-07-29 04:00:00,63722.0,64548.0,63565.0,64530.0,3157.49657,47640
2026-07-29 08:00:00,64531.0,64696.0,64250.0,64482.0,3673.68671,50941
2026-07-29 12:00:00,64483.0,64689.0,63848.0,63943.0,5543.69759,72543
2026-07-29 16:00:00,63943.0,64690.0,63478.0,63563.0,14130.48449,129074
2026-07-29 20:00:00,63562.0,64094.0,63245.0,63962.0,7624.64296,73492
2026-07-30 00:00:00,63961.0,64390.0,63588.0,64138.0,3456.37091,46654
2026-07-30 04:00:00,64141.0,64156.0,63877.0,63977.0,1773.33879,26526
2026-07-30 08:00:00,63979.0,64850.0,63954.0,64747.0,3283.58627,40902
2026-07-30 12:00:00,64748.0,65153.0,64569.0,64692.0,5833.89328,64852
2026-07-30 16:00:00,64692.0,64951.0,64642.0,64769.0,2632.48233,33691
2026-07-30 20:00:00,64768.0,65066.0,64623.0,64754.0,2654.72843,30699
2026-07-31 00:00:00,64755.0,65385.0,64150.0,64347.0,6144.40599,51993
2026-07-31 04:00:00,64345.0,64470.0,63849.0,63918.0,3968.10149,35978
2026-07-31 08:00:00,63919.0,63983.0,63582.0,63771.0,3301.9073,41025
2026-07-31 12:00:00,63771.0,63807.0,62440.0,62705.0,11343.55199,90008
2026-07-31 16:00:00,62705.0,63279.0,62693.0,62935.0,6206.82465,48769
2026-07-31 20:00:00,62938.0,63025.0,62813.0,62856.0,1830.9932,21120
2026-08-01 00:00:00,62857.0,63078.0,62856.0,62975.0,1053.85279,14565
2026-08-01 04:00:00,62976.0,63115.0,62965.0,63018.0,673.5376,11188
2026-08-01 08:00:00,63018.0,63114.0,62951.0,63046.0,492.67772,12061
2026-08-01 12:00:00,63046.0,63099.0,62982.0,62982.0,822.3011,11415
2026-08-01 16:00:00,62982.0,62995.0,62237.0,62503.0,5115.6272,48375
2026-08-01 20:00:00,62503.0,62852.0,62456.0,62790.0,2493.00298,27971
2026-08-02 00:00:00,62789.0,63550.0,62786.0,63436.0,5206.87441,39369
2026-08-02 04:00:00,63436.0,63617.0,63398.0,63467.0,1534.28511,19099
2026-08-02 08:00:00,63466.0,63517.0,62960.0,63011.0,2227.56709,24714
2026-08-02 12:00:00,63010.0,63214.0,62989.0,63102.0,1911.37306,21275
2026-08-02 16:00:00,63102.0,63611.0,63044.0,63443.0,2315.60497,26412
2026-08-02 20:00:00,63442.0,63784.0,63320.0,63556.0,4709.06438,38032
2026-08-03 00:00:00,63557.0,63590.0,62764.0,62846.0,2300.35018,28707
2026-08-03 04:00:00,62847.0,62983.0,62535.0,62597.0,2686.14546,31728
2026-08-03 08:00:00,62596.0,62835.0,62270.0,62534.0,3601.49358,40541
2026-08-03 12:00:00,62534.0,63955.0,62423.0,63661.0,11691.38802,105482
2026-08-03 16:00:00,63661.0,64050.0,63630.0,63832.0,4188.29735,44804
2026-08-03 20:00:00,63832.0,64006.0,63367.0,63492.0,2967.70414,35953
2026-08-04 00:00:00,63492.0,63948.0,63287.0,63777.0,4059.0625,44345
2026-08-04 04:00:00,63776.0,64220.0,63486.0,63659.0,5660.10203,48357
2026-08-04 08:00:00,63660.0,63930.0,63423.0,63899.0,3061.18171,46497
2026-08-04 12:00:00,63900.0,64195.0,63587.0,64091.0,5589.45669,68255
2026-08-04 16:00:00,64090.0,64385.0,63853.0,64202.0,4162.49386,55870
2026-08-04 20:00:00,64202.0,64500.0,63974.0,64068.0,5083.79898,55256
2026-08-05 00:00:00,64068.0,64469.0,63921.0,64157.0,5290.79439,47517
2026-08-05 04:00:00,64157.0,64490.0,63971.0,64138.0,2606.54585,33859
2026-08-05 08:00:00,64139.0,64250.0,63990.0,64041.0,2589.76206,36390
2026-08-05 12:00:00,64042.0,64700.0,63850.0,64351.0,9187.39017,101437
2026-08-05 16:00:00,64352.0,64901.0,64351.0,64796.0,5662.61482,48188
2026-08-05 20:00:00,64797.0,64986.0,64546.0,64625.0,3527.28279,34594
2026-08-06 00:00:00,64625.0,64690.0,64425.0,64511.0,1853.58142,20543
2026-08-06 04:00:00,64511.0,64966.0,64473.0,64784.0,2554.66586,25500
2026-08-06 08:00:00,64784.0,64967.0,64466.0,64598.0,2105.31585,29139
2026-08-06 12:00:00,64597.0,64945.0,64156.0,64598.0,6024.87336,57494
2026-08-06 16:00:00,64599.0,64801.0,64318.0,64416.0,2939.18105,34231
2026-08-06 20:00:00,64423.0,64505.0,64171.0,64293.0,2277.94157,22849
2026-08-07 00:00:00,64294.0,64518.0,64205.0,64259.0,1632.49621,21373
2026-08-07 04:00:00,64260.0,64444.0,64137.0,64288.0,1772.67261,18833
2026-08-07 08:00:00,64288.0,65183.0,64270.0,64994.0,4489.55714,47015
2026-08-07 12:00:00,64995.0,65356.0,64746.0,64876.0,7028.0596,70696
2026-08-07 16:00:00,64877.0,65044.0,64484.0,64919.0,3953.0262,41894
2026-08-07 20:00:00,64920.0,65063.0,64813.0,64885.0,1233.18469,32412
2026-08-08 00:00:00,64886.0,65045.0,64778.0,64998.0,779.94225,31188
2026-08-08 04:00:00,64997.0,65041.0,64914.0,64926.0,819.94757,28871
2026-08-08 08:00:00,64926.0,65025.0,64919.0,64939.0,619.30422,27336
2026-08-08 12:00:00,64940.0,65168.0,64883.0,65051.0,1563.42446,32027
2026-08-08 16:00:00,65051.0,65125.0,64977.0,65044.0,1229.66108,27875
2026-08-08 20:00:00,65044.0,65061.0,64901.0,64933.0,1120.27575,25013
2026-08-09 00:00:00,64933.0,64979.0,64700.0,64759.0,877.09245,28260
2026-08-09 04:00:00,64760.0,64836.0,64748.0,64795.0,514.32987,21530
2026-08-09 08:00:00,64795.0,64969.0,64758.0,64914.0,1095.62029,21668
2026-08-09 12:00:00,64914.0,65266.0,64884.0,65200.0,2250.67715,42214
2026-08-09 16:00:00,65200.0,65241.0,65141.0,65149.0,1210.59443,30426
2026-08-09 20:00:00,65150.0,65475.0,64805.0,64868.0,3961.14114,56848
2026-08-10 00:00:00,64868.0,65365.0,64779.0,64952.0,4498.78314,35474
2026-08-10 04:00:00,64952.0,65344.0,64899.0,65182.0,1714.09739,20303
2026-08-10 08:00:00,65181.0,65295.0,64934.0,65107.0,1343.54561,22609
2026-08-10 12:00:00,65107.0,65220.0,64170.0,64275.0,8407.65878,63380
2026-08-10 16:00:00,64276.0,64334.0,63783.0,64030.0,7500.44754,57119
2026-08-10 20:00:00,64030.0,64194.0,63896.0,63952.0,2304.51364,23799
2026-08-11 00:00:00,63951.0,64164.0,63874.0,64127.0,1412.78012,17235
2026-08-11 04:00:00,64126.0,64139.0,63850.0,64044.0,1676.33314,20574
2026-08-11 08:00:00,64045.0,64373.0,64030.0,64359.0,2356.56969,26868
2026-08-11 12:00:00,64360.0,64460.0,63410.0,63584.0,7098.53992,61263
2026-08-11 16:00:00,63585.0,63631.0,63195.0,63507.0,4144.51405,46404
2026-08-11 20:00:00,63508.0,63742.0,63507.0,63560.0,2624.42413,31321
2026-08-12 00:00:00,63560.0,63879.0,63514.0,63799.0,2300.70058,22846
2026-08-12 04:00:00,63799.0,63864.0,63574.0,63810.0,2349.60977,22140
2026-08-12 08:00:00,63809.0,64217.0,63740.0,64207.0,4066.59983,33569
2026-08-12 12:00:00,64207.0,64487.0,63297.0,63424.0,12491.42839,81361
2026-08-12 16:00:00,63424.0,63571.0,63286.0,63417.0,2410.45687,29192
2026-08-12 20:00:00,63416.0,63636.0,63353.0,63468.0,3047.15182,27627
2026-08-13 00:00:00,63467.0,63700.0,63364.0,63622.0,4247.40404,25574
2026-08-13 04:00:00,63621.0,63978.0,63565.0,63831.0,2247.88727,26097
2026-08-13 08:00:00,63831.0,63889.0,63318.0,63462.0,2904.77765,29051
2026-08-13 12:00:00,63462.0,63953.0,63381.0,63381.0,6751.67418,61542
2026-08-13 16:00:00,63397.0,63547.0,62816.0,63395.0,10493.12845,69410
2026-08-13 20:00:00,63395.0,63650.0,63356.0,63480.0,2270.74194,26662
2026-08-14 00:00:00,63479.0,63615.0,63305.0,63319.0,1831.37907,21949
2026-08-14 04:00:00,63319.0,63473.0,62909.0,62909.0,2515.50895,31095
2026-08-14 08:00:00,62909.0,62980.0,62680.0,62851.0,3153.73916,42286
2026-08-14 12:00:00,62851.0,63068.0,62523.0,62969.0,6502.28781,66865
2026-08-14 16:00:00,62969.0,63224.0,62820.0,62952.0,4135.12362,49458
2026-08-14 20:00:00,62951.0,63058.0,62778.0,63029.0,2102.08481,29008
2026-08-15 00:00:00,63029.0,63176.0,62979.0,63037.0,903.82183,18080
2026-08-15 04:00:00,63037.0,63144.0,63014.0,63050.0,616.46841,14549
2026-08-15 08:00:00,63051.0,63064.0,62890.0,63000.0,799.68993,16157
2026-08-15 12:00:00,63000.0,63112.0,62923.0,63074.0,872.24582,20244
2026-08-15 16:00:00,63075.0,63103.0,63017.0,63097.0,761.53581,14693
2026-08-15 20:00:00,63097.0,63144.0,63047.0,63056.0,893.30556,12372
2026-08-16 00:00:00,63057.0,63130.0,62977.0,63101.0,524.94252,10591
2026-08-16 04:00:00,63101.0,63128.0,63010.0,63040.0,353.41774,7499
2026-08-16 08:00:00,63040.0,63052.0,62942.0,62992.0,582.92866,10687
2026-08-16 12:00:00,62992.0,63115.0,62966.0,63113.0,919.3354,20150
2026-08-16 16:00:00,63114.0,63368.0,63062.0,63081.0,2750.42318,24731
2026-08-16 20:00:00,63082.0,63110.0,62678.0,62873.0,4823.20208,34510
2026-08-17 00:00:00,62874.0,63489.0,62730.0,63402.0,7819.75654,42751
2026-08-17 04:00:00,63403.0,63685.0,63402.0,63492.0,2781.36285,25221
2026-08-17 08:00:00,63492.0,63750.0,63252.0,63599.0,2755.94177,36468
2026-08-17 12:00:00,63598.0,64196.0,63407.0,64164.0,7062.97386,79505
2026-08-17 16:00:00,64164.0,64580.0,63938.0,64275.0,7963.65639,68102
2026-08-17 20:00:00,64274.0,64543.0,64226.0,64494.0,2130.35599,26579
2026-08-18 00:00:00,64494.0,64523.0,64000.0,64147.0,2880.91839,30780
2026-08-18 04:00:00,64147.0,64418.0,64050.0,64166.0,2195.13612,22926
2026-08-18 08:00:00,64167.0,64376.0,64049.0,64324.0,2041.89821,26365
2026-08-18 12:00:00,64324.0,65018.0,64016.0,64820.0,8377.01054,73815
2026-08-18 16:00:00,64821.0,64861.0,64612.0,64621.0,3699.98213,31557
2026-08-18 20:00:00,64621.0,64760.0,64529.0,64696.0,2219.9346,24763
2026-08-19 00:00:00,64696.0,64710.0,64239.0,64300.0,3534.91862,30399
2026-08-19 04:00:00,64300.0,64388.0,64122.0,64266.0,2037.19913,22424
2026-08-19 08:00:00,64267.0,64500.0,64216.0,64479.0,1791.28515,25026
2026-08-19 12:00:00,64479.0,70224.0,64437.0,68532.0,41612.7781,244480
2026-08-19 16:00:00,68533.0,68956.0,67792.0,68404.0,18830.8186,123396
2026-08-19 20:00:00,68403.0,70046.0,68354.0,69323.0,15704.20041,136145
2026-08-20 00:00:00,69323.0,69874.0,68898.0,69188.0,5022.77965,55010
2026-08-20 04:00:00,69188.0,69999.0,69161.0,69838.0,4763.38076,44315
2026-08-20 08:00:00,69839.0,72501.0,69792.0,71902.0,25856.29294,153566
2026-08-20 12:00:00,71902.0,72824.0,71134.0,72453.0,17449.70282,130067
2026-08-20 16:00:00,72454.0,72969.0,72191.0,72609.0,6797.71413,78678
2026-08-20 20:00:00,72613.0,73370.0,72448.0,72996.0,7036.68112,58700
2026-08-21 00:00:00,73001.0,75816.0,73001.0,74516.0,26249.24344,149639
2026-08-21 04:00:00,74515.0,76941.0,74515.0,76339.0,15045.86575,108948
2026-08-21 08:00:00,76338.0,79584.0,76287.0,76768.0,27997.99096,220382
2026-08-21 12:00:00,76768.0,77894.0,76256.0,77242.0,15006.22573,140103
2026-08-21 16:00:00,77243.0,77727.0,76620.0,77018.0,6946.09956,78962
2026-08-21 20:00:00,77019.0,78800.0,76853.0,78383.0,10952.3412,97947
2026-08-22 00:00:00,78382.0,78885.0,77686.0,78463.0,6863.66775,74433
2026-08-22 04:00:00,78463.0,78874.0,76600.0,77326.0,12600.90757,104580
2026-08-22 08:00:00,77326.0,77497.0,76558.0,77163.0,8322.31574,69803
2026-08-22 12:00:00,77164.0,77434.0,76932.0,77035.0,3961.08775,41842
2026-08-22 16:00:00,77035.0,77608.0,77009.0,77473.0,3419.68803,42555
2026-08-22 20:00:00,77473.0,77522.0,76811.0,77133.0,3797.4874,40034
2026-08-23 00:00:00,77132.0,77470.0,76886.0,76976.0,2575.7511,34113
2026-08-23 04:00:00,76977.0,77090.0,75608.0,76058.0,9438.3357,71482
2026-08-23 08:00:00,76060.0,77442.0,76000.0,77353.0,4689.45696,56042
2026-08-23 12:00:00,77354.0,77848.0,76801.0,77185.0,6619.97545,66921
2026-08-23 16:00:00,77186.0,77511.0,77150.0,77375.0,2471.66326,32268
2026-08-23 20:00:00,77375.0,78118.0,77225.0,77804.0,6810.88788,61915
2026-08-24 00:00:00,77805.0,77820.0,76901.0,76975.0,6101.85624,54296
2026-08-24 04:00:00,76976.0,77859.0,76693.0,77362.0,4181.86613,54362
2026-08-24 08:00:00,77362.0,78708.0,76862.0,78521.0,8667.1177,85644
2026-08-24 12:00:00,78521.0,80035.0,77923.0,79120.0,26451.69454,217752
2026-08-24 16:00:00,79119.0,79880.0,78450.0,78740.0,13354.54079,109370
2026-08-24 20:00:00,78740.0,79041.0,78554.0,78996.0,4520.55727,41466
2026-08-25 00:00:00,78995.0,81299.0,78708.0,80490.0,17351.33915,120151
2026-08-25 04:00:00,80490.0,80941.0,79335.0,79713.0,9511.58506,74766
2026-08-25 08:00:00,79713.0,80254.0,78822.0,79108.0,9572.05003,77822
2026-08-25 12:00:00,79107.0,79538.0,78060.0,79490.0,13467.93709,108869
2026-08-25 16:00:00,79491.0,79560.0,78664.0,78901.0,7561.87237,58646
2026-08-25 20:00:00,78905.0,78998.0,77794.0,78494.0,11893.8444,86247
2026-08-26 00:00:00,78494.0,79226.0,78270.0,79071.0,5016.73084,49950
2026-08-26 04:00:00,79072.0,79206.0,78616.0,78917.0,5185.44841,44649
2026-08-26 08:00:00,78917.0,79108.0,78203.0,78474.0,6245.90853,57693
2026-08-26 12:00:00,78474.0,78699.0,77618.0,77998.0,13086.65802,98601
2026-08-26 16:00:00,77998.0,78659.0,77832.0,78445.0,5896.48775,47915
2026-08-26 20:00:00,78454.0,79173.0,78170.0,79026.0,7068.44417,52176
2026-08-27 00:00:00,79025.0,79034.0,78547.0,78809.0,3231.56493,35089
2026-08-27 04:00:00,78809.0,79080.0,78585.0,79066.0,4048.33158,33443
2026-08-27 08:00:00,79066.0,80542.0,79029.0,79477.0,14220.46161,99140
2026-08-27 12:00:00,79477.0,80786.0,78881.0,80271.0,12503.15981,96970
2026-08-27 16:00:00,80270.0,80801.0,79705.0,79859.0,7867.05474,67661
2026-08-27 20:00:00,79876.0,80400.0,79839.0,80221.0,4298.43603,35201
2026-08-28 00:00:00,80220.0,81483.0,79703.0,79791.0,10450.73155,81037
2026-08-28 04:00:00,79790.0,79979.0,79534.0,79641.0,4106.96765,39482
2026-08-28 08:00:00,79642.0,79819.0,78975.0,79567.0,5767.199,47913
2026-08-28 12:00:00,79568.0,79830.0,78275.0,78297.0,16602.58891,127301
2026-08-28 16:00:00,78296.0,78368.0,76831.0,77550.0,16701.17746,125268
2026-08-28 20:00:00,77534.0,77834.0,77234.0,77832.0,4138.92777,38939
2026-08-29 00:00:00,77832.0,77924.0,77468.0,77469.0,2203.34799,25241
2026-08-29 04:00:00,77469.0,77698.0,77341.0,77591.0,1664.22027,20827
2026-08-29 08:00:00,77591.0,77727.0,77444.0,77564.0,975.11421,18056
2026-08-29 12:00:00,77564.0,78162.0,77467.0,77827.0,2486.49479,29861
2026-08-29 16:00:00,77827.0,78331.0,77827.0,78160.0,4453.32563,35272
2026-08-29 20:00:00,78160.0,78272.0,78025.0,78228.0,1279.92227,20727
2026-08-30 00:00:00,78229.0,78312.0,77955.0,78124.0,1734.5328,21909
2026-08-30 04:00:00,78118.0,78288.0,77962.0,78086.0,1553.231,17835
2026-08-30 08:00:00,78086.0,78221.0,77936.0,78149.0,629.8362,17624
2026-08-30 12:00:00,78149.0,78950.0,78149.0,78809.0,5038.14498,50510
2026-08-30 16:00:00,78809.0,79389.0,78699.0,78841.0,5059.34104,55353
2026-08-30 20:00:00,78842.0,78915.0,76971.0,77659.0,8219.50208,72909
2026-08-31 00:00:00,77660.0,78163.0,77353.0,77738.0,5627.60521,52389
2026-08-31 04:00:00,77738.0,78318.0,77436.0,78195.0,3641.69716,40996
2026-08-31 08:00:00,78196.0,78790.0,77967.0,78300.0,4035.76158,44905
2026-08-31 12:00:00,78300.0,78773.0,77678.0,78566.0,9463.09887,91245
2026-08-31 16:00:00,78566.0,79250.0,78471.0,78872.0,7006.74302,56627
2026-08-31 20:00:00,78872.0,79164.0,78373.0,78574.0,2693.07765,29296
2026-09-01 00:00:00,78575.0,78889.0,78153.0,78665.0,4007.42949,35762
2026-09-01 04:00:00,78665.0,79233.0,78499.0,78642.0,5628.32055,51313
2026-09-01 08:00:00,78642.0,78663.0,77740.0,78094.0,4993.25717,58581
2026-09-01 12:00:00,78095.0,78418.0,77500.0,77910.0,6992.21916,74342
2026-09-01 16:00:00,77910.0,77968.0,76397.0,77290.0,12377.09199,96921
2026-09-01 20:00:00,77298.0,77611.0,76897.0,77419.0,3146.04822,43178
2026-09-02 00:00:00,77420.0,77777.0,76687.0,77549.0,4815.48939,52727
2026-09-02 04:00:00,77550.0,77777.0,77274.0,77507.0,2418.62911,26518
