t,open,high,low,close,volume,trades
2026-06-04 06:00:00,63927.0,64468.0,63861.0,63994.0,1740.94493,34276
2026-06-04 07:00:00,63997.0,64046.0,63456.0,63566.0,2520.10491,37047
2026-06-04 08:00:00,63565.0,63878.0,63212.0,63605.0,2963.29414,39171
2026-06-04 09:00:00,63606.0,63618.0,62680.0,63230.0,3677.18068,48086
2026-06-04 10:00:00,63231.0,63250.0,62266.0,62386.0,3965.43342,49150
2026-06-04 11:00:00,62387.0,62802.0,62160.0,62514.0,3136.88503,43466
2026-06-04 12:00:00,62515.0,63959.0,62360.0,63736.0,6547.47893,57801
2026-06-04 13:00:00,63736.0,64244.0,63045.0,64184.0,7128.15872,66804
2026-06-04 14:00:00,64185.0,64464.0,63750.0,63925.0,3342.89059,51352
2026-06-04 15:00:00,63923.0,64380.0,63662.0,63862.0,2198.99678,41590
2026-06-04 16:00:00,63861.0,63891.0,63418.0,63536.0,2992.87915,40647
2026-06-04 17:00:00,63536.0,63692.0,62935.0,63518.0,4189.18918,46711
2026-06-04 18:00:00,63514.0,64117.0,63108.0,63788.0,3507.95321,44543
2026-06-04 19:00:00,63787.0,64138.0,63499.0,63596.0,3834.17274,39491
2026-06-04 20:00:00,63597.0,63630.0,63138.0,63615.0,3656.90641,34927
2026-06-04 21:00:00,63615.0,63848.0,63071.0,63255.0,3799.27999,37484
2026-06-04 22:00:00,63255.0,63753.0,63160.0,63715.0,2400.61581,32915
2026-06-04 23:00:00,63715.0,63896.0,63352.0,63855.0,2121.73411,25290
2026-06-05 00:00:00,63854.0,63949.0,63373.0,63399.0,1158.31383,27833
2026-06-05 01:00:00,63399.0,63542.0,63017.0,63341.0,2261.22089,33270
2026-06-05 02:00:00,63342.0,63414.0,62556.0,62574.0,2657.92111,38497
2026-06-05 03:00:00,62574.0,62864.0,62293.0,62707.0,3172.90832,35304
2026-06-05 04:00:00,62706.0,63671.0,62440.0,63601.0,3368.97071,36161
2026-06-05 05:00:00,63601.0,63707.0,62222.0,62274.0,4465.38716,39160
2026-06-05 06:00:00,62280.0,62600.0,61095.0,61923.0,9965.0801,73502
2026-06-05 07:00:00,61925.0,63094.0,61350.0,63091.0,4551.06413,54634
2026-06-05 08:00:00,63091.0,63104.0,62260.0,62437.0,2786.55761,34436
2026-06-05 09:00:00,62436.0,63258.0,62421.0,62838.0,3698.35285,36604
2026-06-05 10:00:00,62838.0,62907.0,62350.0,62524.0,1895.36516,25046
2026-06-05 11:00:00,62516.0,62600.0,61929.0,61930.0,2611.88441,30603
2026-06-05 12:00:00,61930.0,62426.0,61579.0,61931.0,4545.21368,48090
2026-06-05 13:00:00,61931.0,62300.0,60685.0,60700.0,5240.02021,56037
2026-06-05 14:00:00,60700.0,61203.0,60304.0,60822.0,9201.79366,79334
2026-06-05 15:00:00,60828.0,61086.0,60006.0,60405.0,8088.38282,67710
2026-06-05 16:00:00,60406.0,61536.0,59738.0,61372.0,12051.61248,95687
2026-06-05 17:00:00,61371.0,61496.0,60630.0,60780.0,4909.6186,47575
2026-06-05 18:00:00,60779.0,60932.0,59107.0,59364.0,8120.51199,71090
2026-06-05 19:00:00,59363.0,60449.0,59100.0,60272.0,7045.90478,67336
2026-06-05 20:00:00,60272.0,61792.0,59909.0,61624.0,12240.25117,70526
2026-06-05 21:00:00,61624.0,61998.0,61436.0,61666.0,4068.06496,40861
2026-06-05 22:00:00,61666.0,61994.0,61204.0,61570.0,9492.57061,55349
2026-06-05 23:00:00,61570.0,61751.0,60482.0,61033.0,6893.36931,45001
2026-06-06 00:00:00,61033.0,61508.0,61013.0,61254.0,2923.39724,31495
2026-06-06 01:00:00,61254.0,61365.0,60931.0,61045.0,1327.49682,22383
2026-06-06 02:00:00,61046.0,61170.0,60650.0,60933.0,1366.52208,22924
2026-06-06 03:00:00,60932.0,60949.0,60498.0,60663.0,1260.84052,24179
2026-06-06 04:00:00,60665.0,60854.0,59459.0,60074.0,6524.57667,55374
2026-06-06 05:00:00,60074.0,61046.0,59587.0,60926.0,7721.4639,46717
2026-06-06 06:00:00,60923.0,61240.0,60656.0,60760.0,4390.88134,32003
2026-06-06 07:00:00,60761.0,61210.0,60706.0,60975.0,1824.4845,17892
2026-06-06 08:00:00,60976.0,61475.0,60855.0,61232.0,1170.46192,21004
2026-06-06 09:00:00,61233.0,61313.0,60858.0,60953.0,1544.93434,20142
2026-06-06 10:00:00,60953.0,60953.0,60176.0,60574.0,2805.96915,33619
2026-06-06 11:00:00,60574.0,60937.0,60521.0,60774.0,1264.24587,18551
2026-06-06 12:00:00,60774.0,61166.0,60603.0,60992.0,1536.61656,25617
2026-06-06 13:00:00,60992.0,61076.0,60672.0,60771.0,1745.31155,22863
2026-06-06 14:00:00,60771.0,60978.0,60744.0,60760.0,1113.80445,23787
2026-06-06 15:00:00,60759.0,60891.0,60323.0,60751.0,2906.12741,31876
2026-06-06 16:00:00,60751.0,60936.0,60462.0,60737.0,1274.18533,21827
2026-06-06 17:00:00,60737.0,60818.0,60458.0,60559.0,2367.49644,21824
2026-06-06 18:00:00,60559.0,60724.0,60382.0,60608.0,1100.11623,17419
2026-06-06 19:00:00,60609.0,60766.0,60514.0,60571.0,704.6564,14268
2026-06-06 20:00:00,60570.0,60730.0,60500.0,60680.0,540.97087,13030
2026-06-06 21:00:00,60681.0,60988.0,60680.0,60722.0,1561.55514,15261
2026-06-06 22:00:00,60723.0,60797.0,60400.0,60518.0,1337.46772,19418
2026-06-06 23:00:00,60516.0,60937.0,60511.0,60861.0,1167.72245,15901
2026-06-07 00:00:00,60860.0,60974.0,60714.0,60750.0,1293.43482,15829
2026-06-07 01:00:00,60749.0,61636.0,60727.0,61455.0,3594.08795,33697
2026-06-07 02:00:00,61455.0,61551.0,61136.0,61480.0,2513.39837,22664
2026-06-07 03:00:00,61480.0,61754.0,61400.0,61686.0,862.68391,15510
2026-06-07 04:00:00,61685.0,61888.0,61463.0,61871.0,1376.39573,18040
2026-06-07 05:00:00,61871.0,62130.0,61630.0,61721.0,1733.82548,24641
2026-06-07 06:00:00,61721.0,62258.0,61599.0,62079.0,1931.72904,25660
2026-06-07 07:00:00,62078.0,62401.0,61972.0,62384.0,834.97275,18156
2026-06-07 08:00:00,62384.0,62955.0,62238.0,62839.0,2105.09211,31120
2026-06-07 09:00:00,62838.0,62879.0,62384.0,62521.0,960.19142,21834
2026-06-07 10:00:00,62521.0,62558.0,62302.0,62360.0,1004.28655,17672
2026-06-07 11:00:00,62359.0,62763.0,62350.0,62615.0,893.61041,16621
2026-06-07 12:00:00,62615.0,62636.0,61558.0,61895.0,4064.83129,42047
2026-06-07 13:00:00,61894.0,61897.0,61646.0,61701.0,1059.39583,21094
2026-06-07 14:00:00,61701.0,62300.0,61692.0,61901.0,1559.32984,26444
2026-06-07 15:00:00,61900.0,62207.0,61661.0,62072.0,1303.32995,20146
2026-06-07 16:00:00,62072.0,62300.0,61938.0,62056.0,1255.04733,17340
2026-06-07 17:00:00,62056.0,62308.0,62024.0,62138.0,999.36424,15829
2026-06-07 18:00:00,62137.0,62284.0,61985.0,61998.0,840.15639,11767
2026-06-07 19:00:00,61998.0,62008.0,61145.0,61300.0,4450.7319,41884
2026-06-07 20:00:00,61299.0,61946.0,61192.0,61851.0,1876.34309,25118
2026-06-07 21:00:00,61851.0,61986.0,61619.0,61749.0,1022.0508,17213
2026-06-07 22:00:00,61750.0,64228.0,61696.0,62833.0,7837.80708,64245
2026-06-07 23:00:00,62834.0,63443.0,62779.0,63309.0,2255.14119,27701
2026-06-08 00:00:00,63309.0,63862.0,63120.0,63612.0,2105.50408,27649
2026-06-08 01:00:00,63613.0,63627.0,62700.0,63192.0,2374.77521,27590
2026-06-08 02:00:00,63191.0,63239.0,62885.0,63109.0,1732.84186,16836
2026-06-08 03:00:00,63105.0,63464.0,62956.0,63100.0,1074.72601,14444
2026-06-08 04:00:00,63100.0,63158.0,62628.0,62661.0,1362.95836,17256
2026-06-08 05:00:00,62660.0,62796.0,62375.0,62739.0,2103.14635,22042
2026-06-08 06:00:00,62739.0,63118.0,62711.0,62960.0,921.9829,16396
2026-06-08 07:00:00,62959.0,63329.0,62781.0,63263.0,1484.12856,21954
2026-06-08 08:00:00,63261.0,63261.0,62959.0,63100.0,631.22099,16700
2026-06-08 09:00:00,63101.0,63575.0,63094.0,63480.0,3275.05201,24510
2026-06-08 10:00:00,63479.0,63541.0,63059.0,63122.0,1323.05288,14911
2026-06-08 11:00:00,63123.0,63854.0,63021.0,63454.0,2293.08325,24118
2026-06-08 12:00:00,63454.0,63927.0,62676.0,63808.0,6011.59426,50667
2026-06-08 13:00:00,63822.0,63921.0,63320.0,63728.0,3069.40862,37507
2026-06-08 14:00:00,63729.0,64066.0,63541.0,63943.0,1503.67337,28757
2026-06-08 15:00:00,63944.0,64196.0,63683.0,63755.0,2238.46195,28121
2026-06-08 16:00:00,63755.0,64030.0,63453.0,63505.0,2000.96916,20973
2026-06-08 17:00:00,63504.0,63630.0,63262.0,63536.0,2008.93465,18788
2026-06-08 18:00:00,63536.0,63665.0,63303.0,63440.0,934.08498,12181
2026-06-08 19:00:00,63441.0,63573.0,63322.0,63349.0,548.27682,13638
2026-06-08 20:00:00,63350.0,63460.0,63143.0,63459.0,882.59406,14625
2026-06-08 21:00:00,63459.0,63835.0,63459.0,63693.0,1193.54701,15287
2026-06-08 22:00:00,63694.0,63694.0,63186.0,63417.0,1276.86561,16609
2026-06-08 23:00:00,63419.0,63586.0,62951.0,63058.0,1981.18886,19307
2026-06-09 00:00:00,63058.0,63151.0,62395.0,62537.0,2648.46901,27302
2026-06-09 01:00:00,62537.0,62856.0,62522.0,62730.0,2155.01826,17771
2026-06-09 02:00:00,62731.0,62851.0,62506.0,62850.0,1663.84738,16084
2026-06-09 03:00:00,62849.0,62947.0,62665.0,62847.0,1269.05796,12364
2026-06-09 04:00:00,62846.0,63417.0,62723.0,63222.0,1501.3151,17564
2026-06-09 05:00:00,63221.0,63514.0,63085.0,63323.0,1797.13589,15930
2026-06-09 06:00:00,63323.0,63500.0,63208.0,63280.0,835.73587,11311
2026-06-09 07:00:00,63280.0,63421.0,62977.0,63178.0,1037.73661,11642
2026-06-09 08:00:00,63177.0,63196.0,62748.0,62823.0,1264.7218,13855
2026-06-09 09:00:00,62824.0,62930.0,62566.0,62687.0,1210.26026,13650
2026-06-09 10:00:00,62688.0,62811.0,62573.0,62764.0,643.30915,10940
2026-06-09 11:00:00,62763.0,62783.0,62461.0,62682.0,1686.06056,13367
2026-06-09 12:00:00,62681.0,62882.0,62403.0,62613.0,1722.91154,15593
2026-06-09 13:00:00,62613.0,62735.0,62136.0,62254.0,3498.08327,27815
2026-06-09 14:00:00,62254.0,62369.0,61140.0,61533.0,5711.31619,53789
2026-06-09 15:00:00,61529.0,61684.0,61003.0,61111.0,4882.27346,38099
2026-06-09 16:00:00,61110.0,61468.0,60765.0,61369.0,5515.31202,48241
2026-06-09 17:00:00,61369.0,61870.0,61369.0,61671.0,3970.04407,32721
2026-06-09 18:00:00,61670.0,61938.0,61566.0,61763.0,1997.34565,17212
2026-06-09 19:00:00,61760.0,62084.0,61691.0,62074.0,1798.96874,19363
2026-06-09 20:00:00,62076.0,62250.0,61926.0,62139.0,871.81666,15323
2026-06-09 21:00:00,62139.0,62153.0,61663.0,61728.0,1538.05889,14481
2026-06-09 22:00:00,61729.0,61950.0,61634.0,61689.0,1194.05341,13059
2026-06-09 23:00:00,61689.0,61855.0,61528.0,61695.0,531.35242,11558
2026-06-10 00:00:00,61699.0,61900.0,61413.0,61889.0,1048.40974,17199
2026-06-10 01:00:00,61888.0,61947.0,61555.0,61684.0,662.81874,16178
2026-06-10 02:00:00,61685.0,61809.0,61201.0,61272.0,1190.79167,16297
2026-06-10 03:00:00,61272.0,61579.0,61259.0,61521.0,1354.67205,12017
2026-06-10 04:00:00,61521.0,61536.0,61160.0,61269.0,1164.63178,10412
2026-06-10 05:00:00,61272.0,61374.0,61043.0,61316.0,1309.11431,11896
2026-06-10 06:00:00,61316.0,61491.0,61111.0,61433.0,716.54306,11705
2026-06-10 07:00:00,61434.0,61777.0,61399.0,61645.0,715.83201,11530
2026-06-10 08:00:00,61650.0,61700.0,61133.0,61230.0,990.65792,15270
2026-06-10 09:00:00,61230.0,61402.0,60733.0,61299.0,2808.35535,21223
2026-06-10 10:00:00,61300.0,61432.0,61124.0,61354.0,795.6315,11893
2026-06-10 11:00:00,61355.0,61414.0,60832.0,61000.0,1737.48262,21168
2026-06-10 12:00:00,61000.0,61902.0,60930.0,61537.0,3813.10095,31030
2026-06-10 13:00:00,61537.0,62436.0,61409.0,62115.0,4468.37077,38171
2026-06-10 14:00:00,62115.0,62241.0,61786.0,62181.0,2680.34964,32827
2026-06-10 15:00:00,62178.0,62827.0,61846.0,62609.0,5848.12687,42690
2026-06-10 16:00:00,62609.0,62621.0,61900.0,62189.0,3079.55393,26211
2026-06-10 17:00:00,62190.0,62343.0,61625.0,61954.0,2821.40007,28464
2026-06-10 18:00:00,61953.0,62130.0,61594.0,61850.0,2252.45072,19562
2026-06-10 19:00:00,61849.0,62052.0,61651.0,61921.0,1552.90586,19972
2026-06-10 20:00:00,61919.0,61933.0,61664.0,61779.0,1606.01852,17227
2026-06-10 21:00:00,61778.0,61779.0,61150.0,61325.0,2993.94229,24304
2026-06-10 22:00:00,61325.0,61571.0,61069.0,61346.0,2276.23348,26301
2026-06-10 23:00:00,61351.0,61578.0,61134.0,61481.0,1350.06003,17373
2026-06-11 00:00:00,61484.0,61976.0,61484.0,61795.0,1772.70372,19782
2026-06-11 01:00:00,61796.0,62345.0,61796.0,62181.0,2122.66784,19436
2026-06-11 02:00:00,62181.0,62278.0,61900.0,62127.0,958.18911,14366
2026-06-11 03:00:00,62127.0,62800.0,61973.0,62659.0,1503.48945,17678
2026-06-11 04:00:00,62659.0,62825.0,62516.0,62692.0,1420.29891,15392
2026-06-11 05:00:00,62692.0,62694.0,62526.0,62574.0,615.63787,10804
2026-06-11 06:00:00,62575.0,62971.0,62508.0,62732.0,1688.64012,17952
2026-06-11 07:00:00,62731.0,62813.0,62574.0,62689.0,716.07492,11201
2026-06-11 08:00:00,62690.0,63026.0,62685.0,62915.0,908.07339,13118
2026-06-11 09:00:00,62915.0,62972.0,62753.0,62895.0,979.17913,11724
2026-06-11 10:00:00,62902.0,63175.0,62772.0,63119.0,1776.25222,16433
2026-06-11 11:00:00,63120.0,63244.0,63007.0,63072.0,1522.85274,14410
2026-06-11 12:00:00,63073.0,63164.0,62475.0,62976.0,3179.49857,31835
2026-06-11 13:00:00,62976.0,63201.0,62648.0,63042.0,1808.33718,26343
2026-06-11 14:00:00,63043.0,63056.0,62701.0,62707.0,1441.00471,28150
2026-06-11 15:00:00,62707.0,62843.0,62510.0,62717.0,1928.39465,25137
2026-06-11 16:00:00,62717.0,62811.0,62530.0,62552.0,1066.24506,17848
2026-06-11 17:00:00,62553.0,63638.0,62314.0,63631.0,7292.29719,49090
2026-06-11 18:00:00,63631.0,63777.0,63306.0,63430.0,2804.78547,30143
2026-06-11 19:00:00,63430.0,63919.0,63369.0,63581.0,3782.34877,29682
2026-06-11 20:00:00,63580.0,63641.0,63240.0,63369.0,2517.10571,14562
2026-06-11 21:00:00,63370.0,63579.0,63369.0,63493.0,729.52066,10218
2026-06-11 22:00:00,63493.0,63650.0,63440.0,63471.0,913.47197,12096
2026-06-11 23:00:00,63471.0,63685.0,63334.0,63621.0,845.79805,12589
2026-06-12 00:00:00,63621.0,63775.0,63501.0,63628.0,725.13061,14604
2026-06-12 01:00:00,63629.0,63629.0,63277.0,63399.0,738.33567,12876
2026-06-12 02:00:00,63400.0,63760.0,63400.0,63592.0,558.51451,9860
2026-06-12 03:00:00,63593.0,63621.0,63322.0,63496.0,510.21306,7821
2026-06-12 04:00:00,63496.0,63846.0,63400.0,63675.0,754.44813,12536
2026-06-12 05:00:00,63675.0,63702.0,63265.0,63328.0,1331.38779,12513
2026-06-12 06:00:00,63329.0,63394.0,62801.0,62947.0,2714.32743,16685
2026-06-12 07:00:00,62948.0,63166.0,62914.0,63062.0,587.21691,9318
2026-06-12 08:00:00,63064.0,63576.0,63064.0,63443.0,1540.55484,13716
2026-06-12 09:00:00,63442.0,63928.0,63410.0,63723.0,2298.50706,17058
2026-06-12 10:00:00,63723.0,63817.0,63552.0,63667.0,832.35749,10223
2026-06-12 11:00:00,63668.0,63865.0,63645.0,63724.0,1462.43874,13273
2026-06-12 12:00:00,63723.0,63740.0,63343.0,63429.0,1086.38567,15447
2026-06-12 13:00:00,63430.0,63506.0,63016.0,63215.0,1726.87418,22983
2026-06-12 14:00:00,63205.0,63985.0,63176.0,63969.0,5596.80723,37335
2026-06-12 15:00:00,63970.0,64383.0,63529.0,63575.0,6442.29742,43406
2026-06-12 16:00:00,63570.0,64011.0,63490.0,63957.0,2941.94198,24189
2026-06-12 17:00:00,63957.0,64093.0,63714.0,63841.0,1210.42074,15798
2026-06-12 18:00:00,63841.0,63909.0,63661.0,63670.0,676.58415,13254
2026-06-12 19:00:00,63670.0,63790.0,63567.0,63567.0,472.08886,11943
2026-06-12 20:00:00,63567.0,63673.0,63375.0,63438.0,834.65604,12593
2026-06-12 21:00:00,63438.0,63618.0,63418.0,63460.0,1043.83309,11295
2026-06-12 22:00:00,63461.0,63670.0,63446.0,63497.0,1094.34961,10408
2026-06-12 23:00:00,63497.0,63571.0,63409.0,63561.0,574.81777,8874
2026-06-13 00:00:00,63560.0,63630.0,63484.0,63584.0,512.18865,8617
2026-06-13 01:00:00,63585.0,63854.0,63585.0,63813.0,437.72666,7752
2026-06-13 02:00:00,63813.0,63815.0,63536.0,63625.0,316.31242,6306
2026-06-13 03:00:00,63626.0,63702.0,63420.0,63510.0,894.49804,6866
2026-06-13 04:00:00,63509.0,63634.0,63453.0,63481.0,847.35263,7433
2026-06-13 05:00:00,63482.0,63579.0,63467.0,63563.0,293.96369,5262
2026-06-13 06:00:00,63564.0,63722.0,63526.0,63710.0,301.54213,5691
2026-06-13 07:00:00,63714.0,63861.0,63650.0,63829.0,662.86489,7584
2026-06-13 08:00:00,63829.0,63910.0,63730.0,63786.0,732.46096,8898
2026-06-13 09:00:00,63786.0,63849.0,63712.0,63713.0,296.72752,4844
2026-06-13 10:00:00,63713.0,63881.0,63705.0,63811.0,555.79908,5875
2026-06-13 11:00:00,63811.0,63965.0,63810.0,63945.0,1421.36716,10235
2026-06-13 12:00:00,63944.0,64209.0,63883.0,64115.0,1199.15306,11317
2026-06-13 13:00:00,64114.0,64219.0,64029.0,64084.0,696.4273,11910
2026-06-13 14:00:00,64084.0,64221.0,64063.0,64207.0,296.35806,9938
2026-06-13 15:00:00,64207.0,64332.0,64174.0,64288.0,680.92435,12298
2026-06-13 16:00:00,64289.0,64298.0,63899.0,64010.0,1612.673,14391
2026-06-13 17:00:00,64011.0,64106.0,63917.0,63957.0,533.74768,8537
2026-06-13 18:00:00,63958.0,64271.0,63953.0,64130.0,697.98981,9173
2026-06-13 19:00:00,64130.0,64315.0,64120.0,64271.0,774.5655,8758
2026-06-13 20:00:00,64272.0,64280.0,64204.0,64263.0,209.28401,6230
2026-06-13 21:00:00,64264.0,64750.0,64201.0,64450.0,1643.92998,15509
2026-06-13 22:00:00,64449.0,64545.0,64350.0,64431.0,880.6945,9247
2026-06-13 23:00:00,64430.0,64574.0,64363.0,64427.0,377.62912,7056
2026-06-14 00:00:00,64427.0,64568.0,64351.0,64544.0,1125.00115,9034
2026-06-14 01:00:00,64544.0,64697.0,64481.0,64555.0,865.23285,9817
2026-06-14 02:00:00,64555.0,64617.0,64445.0,64471.0,524.62912,7337
2026-06-14 03:00:00,64471.0,64529.0,64447.0,64525.0,446.19717,5337
2026-06-14 04:00:00,64526.0,64540.0,64298.0,64313.0,668.02939,6834
2026-06-14 05:00:00,64312.0,64383.0,64275.0,64320.0,247.81263,4968
2026-06-14 06:00:00,64321.0,64461.0,64213.0,64261.0,3455.60842,17595
2026-06-14 07:00:00,64261.0,64435.0,64207.0,64408.0,888.19121,7741
2026-06-14 08:00:00,64409.0,64488.0,64377.0,64438.0,323.71303,5452
2026-06-14 09:00:00,64438.0,64600.0,64283.0,64600.0,988.66187,9092
2026-06-14 10:00:00,64600.0,64655.0,64454.0,64494.0,914.42417,7395
2026-06-14 11:00:00,64494.0,64618.0,64431.0,64518.0,394.42477,5570
2026-06-14 12:00:00,64518.0,64540.0,64274.0,64300.0,644.29549,7765
2026-06-14 13:00:00,64300.0,64374.0,64221.0,64281.0,809.39715,8667
2026-06-14 14:00:00,64282.0,64317.0,63838.0,63966.0,1414.48083,17175
2026-06-14 15:00:00,63966.0,64126.0,63951.0,63996.0,521.50549,9743
2026-06-14 16:00:00,63997.0,64184.0,63899.0,63900.0,908.46865,9762
2026-06-14 17:00:00,63900.0,63993.0,63648.0,63702.0,992.07127,12669
2026-06-14 18:00:00,63702.0,63806.0,63648.0,63800.0,656.10264,11900
2026-06-14 19:00:00,63800.0,63836.0,63705.0,63786.0,290.13291,5929
2026-06-14 20:00:00,63787.0,64112.0,63776.0,63983.0,671.93629,7984
2026-06-14 21:00:00,63984.0,65650.0,63983.0,65303.0,7832.15828,53419
2026-06-14 22:00:00,65305.0,65515.0,64923.0,65389.0,4325.57662,35815
2026-06-14 23:00:00,65388.0,65780.0,65230.0,65720.0,2527.17875,26766
2026-06-15 00:00:00,65719.0,65872.0,65456.0,65608.0,2215.9772,21826
2026-06-15 01:00:00,65608.0,65702.0,65325.0,65487.0,1142.55416,16914
2026-06-15 02:00:00,65487.0,65756.0,65407.0,65446.0,543.90907,12429
2026-06-15 03:00:00,65445.0,65980.0,65412.0,65898.0,1084.82876,15740
2026-06-15 04:00:00,65897.0,65898.0,65596.0,65611.0,1222.4054,11674
2026-06-15 05:00:00,65611.0,65851.0,65583.0,65834.0,1691.63901,10579
2026-06-15 06:00:00,65834.0,65955.0,65753.0,65801.0,515.17264,10155
2026-06-15 07:00:00,65800.0,66020.0,65620.0,65648.0,1283.31676,13828
2026-06-15 08:00:00,65647.0,65776.0,65593.0,65648.0,689.86051,10253
2026-06-15 09:00:00,65647.0,65755.0,65487.0,65570.0,928.24972,9642
2026-06-15 10:00:00,65570.0,65938.0,65554.0,65888.0,940.46041,10540
2026-06-15 11:00:00,65887.0,66353.0,65822.0,66221.0,2842.09097,26262
2026-06-15 12:00:00,66220.0,66587.0,66086.0,66547.0,1906.95928,19174
2026-06-15 13:00:00,66547.0,66940.0,66383.0,66412.0,3467.50153,31520
2026-06-15 14:00:00,66413.0,66642.0,66270.0,66567.0,1310.29462,16812
2026-06-15 15:00:00,66561.0,67261.0,66554.0,67261.0,1826.10422,19690
2026-06-15 16:00:00,67250.0,67283.0,67064.0,67131.0,1456.53641,19758
2026-06-15 17:00:00,67131.0,67131.0,66644.0,66825.0,1354.64008,18553
2026-06-15 18:00:00,66825.0,66904.0,66688.0,66729.0,617.70019,12938
2026-06-15 19:00:00,66730.0,66861.0,66323.0,66561.0,1388.19625,17323
2026-06-15 20:00:00,66562.0,66649.0,66454.0,66484.0,679.96223,12540
2026-06-15 21:00:00,66484.0,66524.0,66285.0,66338.0,904.6379,11798
2026-06-15 22:00:00,66339.0,66442.0,66057.0,66167.0,1454.65466,17694
2026-06-15 23:00:00,66168.0,66330.0,66094.0,66294.0,314.7141,10384
2026-06-16 00:00:00,66293.0,66441.0,66206.0,66215.0,923.91959,12664
2026-06-16 01:00:00,66215.0,66389.0,66214.0,66314.0,396.19811,8732
2026-06-16 02:00:00,66315.0,66330.0,65647.0,65710.0,2414.16819,20848
2026-06-16 03:00:00,65711.0,66128.0,65603.0,66128.0,1209.13049,15161
2026-06-16 04:00:00,66127.0,66245.0,65771.0,65807.0,647.51075,12541
2026-06-16 05:00:00,65807.0,66111.0,65807.0,66032.0,620.13479,11024
2026-06-16 06:00:00,66033.0,66552.0,66032.0,66408.0,1207.11742,14102
2026-06-16 07:00:00,66409.0,66499.0,66259.0,66343.0,950.16641,11345
2026-06-16 08:00:00,66343.0,66964.0,66314.0,66858.0,1518.52337,18748
2026-06-16 09:00:00,66859.0,66887.0,66445.0,66482.0,1577.11901,16405
2026-06-16 10:00:00,66482.0,66745.0,66450.0,66481.0,963.27756,13170
2026-06-16 11:00:00,66481.0,66612.0,66336.0,66456.0,439.87729,11020
2026-06-16 12:00:00,66456.0,66792.0,66349.0,66397.0,1270.06408,19803
2026-06-16 13:00:00,66396.0,66431.0,65907.0,66019.0,2189.8396,27708
2026-06-16 14:00:00,66020.0,66240.0,65320.0,65624.0,3134.61053,36630
2026-06-16 15:00:00,65624.0,65974.0,65585.0,65851.0,1673.83955,21238
2026-06-16 16:00:00,65851.0,65930.0,65677.0,65732.0,917.04394,13866
2026-06-16 17:00:00,65733.0,65995.0,65692.0,65958.0,732.76061,13457
2026-06-16 18:00:00,65958.0,66216.0,65784.0,65822.0,1756.1345,15199
2026-06-16 19:00:00,65822.0,65822.0,65545.0,65642.0,918.21215,14456
2026-06-16 20:00:00,65642.0,65848.0,65567.0,65834.0,1046.20317,10308
2026-06-16 21:00:00,65835.0,65919.0,65615.0,65749.0,883.10557,8798
2026-06-16 22:00:00,65749.0,65863.0,65648.0,65748.0,607.22633,8021
2026-06-16 23:00:00,65748.0,65806.0,65587.0,65639.0,277.05046,7071
2026-06-17 00:00:00,65640.0,65823.0,65639.0,65682.0,329.41515,8615
2026-06-17 01:00:00,65683.0,65931.0,65450.0,65913.0,1093.10494,13513
2026-06-17 02:00:00,65914.0,66121.0,65756.0,65882.0,600.67455,12201
2026-06-17 03:00:00,65882.0,65882.0,65686.0,65822.0,284.07189,7701
2026-06-17 04:00:00,65823.0,66020.0,65765.0,65858.0,608.21797,7909
2026-06-17 05:00:00,65858.0,65954.0,65731.0,65813.0,696.76787,7559
2026-06-17 06:00:00,65813.0,65889.0,65555.0,65595.0,865.2545,8355
2026-06-17 07:00:00,65595.0,65692.0,65215.0,65511.0,1533.98153,14388
2026-06-17 08:00:00,65512.0,65550.0,64821.0,64896.0,2345.93198,22311
2026-06-17 09:00:00,64897.0,65066.0,64813.0,64886.0,1131.07727,13525
2026-06-17 10:00:00,64887.0,64986.0,64750.0,64782.0,1268.31872,13537
2026-06-17 11:00:00,64781.0,64849.0,64518.0,64796.0,1786.68587,21561
2026-06-17 12:00:00,64797.0,65098.0,64572.0,65033.0,996.14889,18175
2026-06-17 13:00:00,65033.0,65354.0,64826.0,65271.0,1608.29832,21434
2026-06-17 14:00:00,65271.0,65439.0,64754.0,65085.0,1252.21009,26365
2026-06-17 15:00:00,65085.0,65848.0,64951.0,65731.0,2129.69477,26360
2026-06-17 16:00:00,65730.0,66429.0,65702.0,65833.0,3894.93788,37882
2026-06-17 17:00:00,65834.0,66159.0,65756.0,66050.0,1525.09657,17005
2026-06-17 18:00:00,66051.0,66066.0,64668.0,65493.0,7649.40612,62812
2026-06-17 19:00:00,65492.0,65629.0,64000.0,64287.0,6745.7211,59035
2026-06-17 20:00:00,64286.0,64456.0,64159.0,64386.0,1615.46763,20425
2026-06-17 21:00:00,64387.0,64418.0,64106.0,64227.0,1630.46525,15592
2026-06-17 22:00:00,64228.0,64400.0,63878.0,64264.0,2402.72284,20147
2026-06-17 23:00:00,64265.0,64493.0,64206.0,64470.0,830.4888,11802
2026-06-18 00:00:00,64470.0,64666.0,64421.0,64431.0,1065.73128,13953
2026-06-18 01:00:00,64431.0,64771.0,64429.0,64513.0,913.46394,12594
2026-06-18 02:00:00,64514.0,64714.0,64452.0,64651.0,1049.26149,10670
2026-06-18 03:00:00,64652.0,64652.0,64222.0,64247.0,755.86735,11512
2026-06-18 04:00:00,64247.0,64296.0,63779.0,63852.0,3238.15401,25139
2026-06-18 05:00:00,63852.0,63993.0,63655.0,63961.0,1982.2226,17730
2026-06-18 06:00:00,63961.0,64095.0,63812.0,64053.0,535.02162,10991
2026-06-18 07:00:00,64052.0,64478.0,63979.0,64476.0,1288.58922,14337
2026-06-18 08:00:00,64476.0,64617.0,64327.0,64362.0,1150.70129,18247
2026-06-18 09:00:00,64363.0,64451.0,64148.0,64162.0,873.59865,13230
2026-06-18 10:00:00,64163.0,64190.0,63879.0,64061.0,1651.50321,14609
2026-06-18 11:00:00,64061.0,64167.0,63846.0,63952.0,1994.84893,11445
2026-06-18 12:00:00,63952.0,64379.0,63897.0,64348.0,1110.07185,12009
2026-06-18 13:00:00,64349.0,64420.0,63760.0,63945.0,2728.31121,24930
2026-06-18 14:00:00,63944.0,64176.0,63559.0,63777.0,3282.07103,39920
2026-06-18 15:00:00,63776.0,63778.0,62254.0,62339.0,7484.92023,56867
2026-06-18 16:00:00,62338.0,62784.0,62305.0,62663.0,4021.6617,24978
2026-06-18 17:00:00,62664.0,62725.0,62235.0,62580.0,2034.54317,19537
2026-06-18 18:00:00,62579.0,62954.0,62560.0,62674.0,2645.71722,18427
2026-06-18 19:00:00,62674.0,62980.0,62598.0,62917.0,1176.23915,13606
2026-06-18 20:00:00,62917.0,63253.0,62917.0,63069.0,2125.20328,19468
2026-06-18 21:00:00,63069.0,63107.0,62841.0,62945.0,792.39653,15555
2026-06-18 22:00:00,62945.0,62968.0,62709.0,62862.0,1669.00895,12328
2026-06-18 23:00:00,62863.0,62969.0,62726.0,62935.0,1086.50028,10135
2026-06-19 00:00:00,62936.0,63062.0,62809.0,62997.0,757.42376,11353
2026-06-19 01:00:00,62997.0,63077.0,62818.0,62999.0,909.01704,11986
2026-06-19 02:00:00,62998.0,63088.0,62864.0,62975.0,900.65933,9470
2026-06-19 03:00:00,62975.0,63001.0,62350.0,62753.0,2900.86653,22114
2026-06-19 04:00:00,62752.0,62900.0,62386.0,62432.0,883.63077,13612
2026-06-19 05:00:00,62431.0,62722.0,62425.0,62708.0,798.4247,11360
2026-06-19 06:00:00,62707.0,62890.0,62701.0,62867.0,440.75633,8893
2026-06-19 07:00:00,62867.0,62894.0,62468.0,62599.0,741.23205,12400
2026-06-19 08:00:00,62598.0,62759.0,62522.0,62554.0,1282.41429,13173
2026-06-19 09:00:00,62554.0,62622.0,62292.0,62360.0,1147.66513,11996
2026-06-19 10:00:00,62359.0,62572.0,62355.0,62506.0,892.02692,12407
2026-06-19 11:00:00,62506.0,62663.0,62420.0,62604.0,496.16637,9471
2026-06-19 12:00:00,62605.0,62853.0,62312.0,62800.0,1423.75297,16983
2026-06-19 13:00:00,62799.0,63423.0,62629.0,63189.0,2812.87547,27171
2026-06-19 14:00:00,63188.0,63386.0,62980.0,63179.0,1283.90321,22370
2026-06-19 15:00:00,63179.0,63269.0,63000.0,63184.0,919.33217,20239
2026-06-19 16:00:00,63183.0,63380.0,62902.0,62943.0,1201.46596,16986
2026-06-19 17:00:00,62942.0,63205.0,62835.0,63180.0,680.8849,14988
2026-06-19 18:00:00,63180.0,63180.0,62964.0,63083.0,501.97763,9440
2026-06-19 19:00:00,63083.0,63123.0,62915.0,62995.0,455.33887,7558
2026-06-19 20:00:00,62995.0,63263.0,62930.0,63230.0,458.79934,7773
2026-06-19 21:00:00,63230.0,63255.0,63030.0,63044.0,557.77376,7050
2026-06-19 22:00:00,63044.0,63359.0,63030.0,63293.0,637.32982,7944
2026-06-19 23:00:00,63293.0,63630.0,63251.0,63512.0,1169.02242,10168
2026-06-20 00:00:00,63513.0,63762.0,63437.0,63511.0,843.41651,12145
2026-06-20 01:00:00,63510.0,63591.0,63376.0,63550.0,290.41417,7888
2026-06-20 02:00:00,63551.0,63551.0,63310.0,63312.0,560.95783,7728
2026-06-20 03:00:00,63312.0,63486.0,63285.0,63444.0,142.28957,5442
2026-06-20 04:00:00,63444.0,63589.0,63368.0,63551.0,362.71487,6704
2026-06-20 05:00:00,63550.0,63878.0,63515.0,63653.0,930.34787,12329
2026-06-20 06:00:00,63653.0,63741.0,63611.0,63722.0,779.8692,8919
2026-06-20 07:00:00,63721.0,63776.0,63570.0,63617.0,676.12137,8973
2026-06-20 08:00:00,63618.0,63624.0,63354.0,63399.0,955.39739,9287
2026-06-20 09:00:00,63399.0,63764.0,63394.0,63704.0,426.00203,6835
2026-06-20 10:00:00,63705.0,63751.0,63564.0,63651.0,543.16596,6393
2026-06-20 11:00:00,63651.0,63773.0,63593.0,63658.0,315.38382,5386
2026-06-20 12:00:00,63659.0,63766.0,63513.0,63623.0,815.90781,8159
2026-06-20 13:00:00,63623.0,63623.0,63248.0,63373.0,1577.86098,12377
2026-06-20 14:00:00,63373.0,64122.0,63170.0,63930.0,2510.55934,26723
2026-06-20 15:00:00,63929.0,64361.0,63815.0,64120.0,1846.54792,21105
2026-06-20 16:00:00,64121.0,64136.0,63871.0,63990.0,776.18832,11182
2026-06-20 17:00:00,63991.0,64009.0,63725.0,63814.0,645.05,11691
2026-06-20 18:00:00,63815.0,63896.0,63753.0,63777.0,176.60731,5412
2026-06-20 19:00:00,63778.0,63947.0,63765.0,63906.0,247.29901,6142
2026-06-20 20:00:00,63907.0,63954.0,63828.0,63899.0,151.86369,4867
2026-06-20 21:00:00,63900.0,64068.0,63896.0,63989.0,305.99849,6059
2026-06-20 22:00:00,63989.0,64336.0,63957.0,64252.0,736.75935,10204
2026-06-20 23:00:00,64251.0,64315.0,64230.0,64276.0,341.26841,6320
2026-06-21 00:00:00,64276.0,64305.0,64211.0,64268.0,861.10432,7591
2026-06-21 01:00:00,64268.0,64312.0,64187.0,64229.0,801.40424,6755
2026-06-21 02:00:00,64228.0,64256.0,64196.0,64230.0,305.59457,4301
2026-06-21 03:00:00,64231.0,64449.0,64210.0,64399.0,855.10699,9219
2026-06-21 04:00:00,64399.0,64555.0,64235.0,64251.0,1496.11429,11479
2026-06-21 05:00:00,64252.0,64343.0,64196.0,64221.0,600.91225,6954
2026-06-21 06:00:00,64221.0,64301.0,64167.0,64265.0,294.12944,4882
2026-06-21 07:00:00,64265.0,64273.0,64117.0,64160.0,815.51906,6201
2026-06-21 08:00:00,64160.0,64186.0,63864.0,63985.0,680.33293,10303
2026-06-21 09:00:00,63985.0,64220.0,63923.0,64175.0,698.37607,8375
2026-06-21 10:00:00,64176.0,64383.0,64169.0,64336.0,575.88758,7898
2026-06-21 11:00:00,64336.0,64452.0,64067.0,64130.0,1409.34645,13664
2026-06-21 12:00:00,64134.0,64197.0,63910.0,64161.0,674.71756,10934
2026-06-21 13:00:00,64161.0,64162.0,63982.0,64105.0,424.08121,7249
2026-06-21 14:00:00,64106.0,64117.0,63968.0,64110.0,240.97644,8569
2026-06-21 15:00:00,64110.0,64306.0,64087.0,64185.0,499.49092,9157
2026-06-21 16:00:00,64186.0,64219.0,64007.0,64107.0,351.74118,8444
2026-06-21 17:00:00,64108.0,64189.0,64036.0,64111.0,220.96741,6895
2026-06-21 18:00:00,64111.0,64211.0,63922.0,64162.0,564.43893,11937
2026-06-21 19:00:00,64162.0,64255.0,64130.0,64168.0,200.86544,6331
2026-06-21 20:00:00,64168.0,64232.0,63654.0,63800.0,1670.0507,14008
2026-06-21 21:00:00,63800.0,63921.0,63461.0,63760.0,2622.87025,22362
2026-06-21 22:00:00,63760.0,63820.0,63541.0,63762.0,1391.48803,17182
2026-06-21 23:00:00,63763.0,63763.0,63242.0,63270.0,1387.95988,18708
2026-06-22 00:00:00,63270.0,64057.0,63270.0,63861.0,1287.55725,21687
2026-06-22 01:00:00,63860.0,64775.0,63814.0,64576.0,3786.05635,32016
2026-06-22 02:00:00,64575.0,64636.0,64211.0,64218.0,1027.96927,14837
2026-06-22 03:00:00,64218.0,64425.0,63884.0,63937.0,3766.25578,24406
2026-06-22 04:00:00,63936.0,64080.0,63832.0,64067.0,515.29044,9607
2026-06-22 05:00:00,64066.0,64313.0,64058.0,64204.0,736.25586,10765
2026-06-22 06:00:00,64204.0,64291.0,63919.0,63971.0,520.28014,8634
2026-06-22 07:00:00,63971.0,64363.0,63940.0,64178.0,744.27974,8952
2026-06-22 08:00:00,64177.0,64320.0,64009.0,64139.0,497.39054,10357
2026-06-22 09:00:00,64138.0,64225.0,64016.0,64108.0,193.91429,6399
2026-06-22 10:00:00,64108.0,64247.0,64042.0,64112.0,337.96316,5844
2026-06-22 11:00:00,64111.0,64741.0,64070.0,64630.0,2300.34531,21709
2026-06-22 12:00:00,64630.0,65200.0,64558.0,65116.0,5626.79447,34203
2026-06-22 13:00:00,65116.0,65555.0,64911.0,65537.0,3377.16257,38034
2026-06-22 14:00:00,65536.0,65587.0,64816.0,64946.0,2615.57677,50357
2026-06-22 15:00:00,64946.0,65105.0,64722.0,64802.0,1941.86517,21450
2026-06-22 16:00:00,64802.0,64826.0,64494.0,64702.0,1990.25875,21127
2026-06-22 17:00:00,64702.0,64750.0,64363.0,64587.0,1166.78882,16255
2026-06-22 18:00:00,64586.0,64710.0,64287.0,64309.0,1186.70803,16427
2026-06-22 19:00:00,64309.0,64486.0,64268.0,64482.0,2092.4829,19478
2026-06-22 20:00:00,64482.0,64653.0,64334.0,64420.0,2144.17898,13808
2026-06-22 21:00:00,64419.0,64467.0,64131.0,64298.0,912.55826,10467
2026-06-22 22:00:00,64298.0,64375.0,63785.0,63964.0,3299.93345,22667
2026-06-22 23:00:00,63964.0,64043.0,63880.0,64012.0,715.63008,10521
2026-06-23 00:00:00,64012.0,64145.0,63820.0,64138.0,910.07588,13143
2026-06-23 01:00:00,64138.0,64254.0,63871.0,64131.0,1607.21869,12824
2026-06-23 02:00:00,64132.0,64236.0,64019.0,64167.0,1387.86498,9677
2026-06-23 03:00:00,64167.0,64167.0,63936.0,64035.0,443.54906,8255
2026-06-23 04:00:00,64035.0,64068.0,63572.0,63595.0,1414.44315,12561
2026-06-23 05:00:00,63595.0,63705.0,63331.0,63371.0,1535.6246,17048
2026-06-23 06:00:00,63372.0,63372.0,62532.0,62900.0,5766.13396,37199
2026-06-23 07:00:00,62900.0,63051.0,62832.0,62852.0,1465.54835,15843
2026-06-23 08:00:00,62851.0,62910.0,61901.0,62348.0,4673.8126,38204
2026-06-23 09:00:00,62348.0,62478.0,62308.0,62349.0,1440.52282,13696
2026-06-23 10:00:00,62349.0,62549.0,62202.0,62294.0,1182.8059,13996
2026-06-23 11:00:00,62294.0,62617.0,62294.0,62481.0,1583.8692,16609
2026-06-23 12:00:00,62482.0,62537.0,62190.0,62231.0,837.97758,13003
2026-06-23 13:00:00,62232.0,62517.0,61935.0,62449.0,4479.42073,34782
2026-06-23 14:00:00,62449.0,62818.0,62390.0,62458.0,2536.26771,34380
2026-06-23 15:00:00,62458.0,62479.0,62157.0,62460.0,1887.89524,23776
2026-06-23 16:00:00,62461.0,62794.0,62396.0,62526.0,2365.7637,22019
2026-06-23 17:00:00,62526.0,62664.0,62300.0,62330.0,653.60423,14459
2026-06-23 18:00:00,62331.0,62424.0,62080.0,62219.0,1010.42987,15940
2026-06-23 19:00:00,62218.0,62453.0,62204.0,62381.0,676.11658,15198
2026-06-23 20:00:00,62381.0,62507.0,62357.0,62440.0,567.75253,11127
2026-06-23 21:00:00,62440.0,62638.0,62440.0,62568.0,514.1885,10631
2026-06-23 22:00:00,62568.0,62757.0,62505.0,62560.0,893.02809,12345
2026-06-23 23:00:00,62561.0,62768.0,62500.0,62706.0,1102.94061,11153
2026-06-24 00:00:00,62706.0,63000.0,62706.0,62991.0,1026.07616,16088
2026-06-24 01:00:00,62991.0,63087.0,62751.0,62910.0,1215.08474,14554
2026-06-24 02:00:00,62910.0,62984.0,62573.0,62599.0,889.60427,12852
2026-06-24 03:00:00,62598.0,62812.0,62441.0,62703.0,1153.8214,11629
2026-06-24 04:00:00,62704.0,62778.0,62511.0,62741.0,584.82833,8939
2026-06-24 05:00:00,62741.0,63065.0,62690.0,62857.0,1890.28622,12383
2026-06-24 06:00:00,62857.0,62885.0,62700.0,62747.0,586.96332,8097
2026-06-24 07:00:00,62748.0,62821.0,62568.0,62616.0,813.84929,10821
2026-06-24 08:00:00,62616.0,62791.0,62578.0,62781.0,742.97442,10220
2026-06-24 09:00:00,62781.0,62781.0,62610.0,62657.0,265.34469,6626
2026-06-24 10:00:00,62658.0,62658.0,62400.0,62416.0,750.33844,9703
2026-06-24 11:00:00,62416.0,63196.0,62293.0,62884.0,2348.60159,21915
2026-06-24 12:00:00,62883.0,62939.0,62555.0,62587.0,1110.42866,15984
2026-06-24 13:00:00,62587.0,62595.0,61223.0,61308.0,7114.41646,61577
2026-06-24 14:00:00,61309.0,61444.0,60856.0,61084.0,4860.24015,48877
2026-06-24 15:00:00,61083.0,61110.0,60227.0,60245.0,4163.62149,43867
2026-06-24 16:00:00,60245.0,60639.0,59565.0,59822.0,6392.66059,52210
2026-06-24 17:00:00,59822.0,60026.0,59060.0,59373.0,7640.22114,63688
2026-06-24 18:00:00,59373.0,59914.0,59280.0,59570.0,3585.6111,39176
2026-06-24 19:00:00,59570.0,59966.0,59495.0,59943.0,1852.81423,26337
2026-06-24 20:00:00,59942.0,61181.0,59823.0,60931.0,6697.27608,53155
2026-06-24 21:00:00,60931.0,61115.0,60640.0,61083.0,1722.64814,20670
2026-06-24 22:00:00,61082.0,61231.0,60780.0,60838.0,903.85791,15401
2026-06-24 23:00:00,60839.0,61084.0,60796.0,61047.0,542.45138,12031
2026-06-25 00:00:00,61048.0,61128.0,60703.0,60787.0,1328.86773,16761
2026-06-25 01:00:00,60788.0,60968.0,60692.0,60895.0,897.33824,13276
2026-06-25 02:00:00,60896.0,60930.0,60664.0,60756.0,659.96447,11675
2026-06-25 03:00:00,60757.0,60881.0,60661.0,60854.0,556.21517,9594
2026-06-25 04:00:00,60855.0,61373.0,60758.0,61337.0,1332.5364,14572
2026-06-25 05:00:00,61337.0,61777.0,61255.0,61572.0,2655.93238,24093
2026-06-25 06:00:00,61573.0,61809.0,61572.0,61689.0,1139.93665,13219
2026-06-25 07:00:00,61690.0,61927.0,61625.0,61874.0,1402.99338,14601
2026-06-25 08:00:00,61875.0,61884.0,61637.0,61668.0,1064.62462,11400
2026-06-25 09:00:00,61668.0,61752.0,61571.0,61703.0,763.04642,9680
2026-06-25 10:00:00,61704.0,61719.0,61217.0,61229.0,947.80987,13287
2026-06-25 11:00:00,61229.0,61384.0,61028.0,61249.0,1470.26123,18058
2026-06-25 12:00:00,61249.0,61700.0,61037.0,61213.0,2100.94603,23486
2026-06-25 13:00:00,61212.0,61336.0,58062.0,58234.0,12985.44539,84600
2026-06-25 14:00:00,58242.0,60465.0,58236.0,59438.0,14759.20133,107276
2026-06-25 15:00:00,59439.0,59620.0,58819.0,59530.0,6089.59779,55591
2026-06-25 16:00:00,59530.0,60030.0,59117.0,59276.0,4108.68347,40173
2026-06-25 17:00:00,59277.0,59699.0,59102.0,59649.0,2862.52999,29628
2026-06-25 18:00:00,59649.0,59759.0,59332.0,59466.0,1976.7205,24399
2026-06-25 19:00:00,59466.0,59490.0,59136.0,59283.0,1771.20098,19904
2026-06-25 20:00:00,59284.0,59710.0,59284.0,59422.0,1581.78603,18583
2026-06-25 21:00:00,59423.0,60210.0,59418.0,60180.0,1857.84983,20282
2026-06-25 22:00:00,60180.0,60180.0,59699.0,59811.0,1051.6982,18675
2026-06-25 23:00:00,59812.0,60166.0,59691.0,59759.0,1350.74377,17566
2026-06-26 00:00:00,59760.0,59871.0,59595.0,59634.0,584.87724,14766
2026-06-26 01:00:00,59633.0,59747.0,59192.0,59405.0,1340.86839,21188
2026-06-26 02:00:00,59405.0,59411.0,58308.0,58518.0,3370.82564,36803
2026-06-26 03:00:00,58528.0,60091.0,58311.0,60025.0,4291.06969,38896
2026-06-26 04:00:00,60024.0,60212.0,59804.0,59892.0,3090.32295,28559
2026-06-26 05:00:00,59892.0,60017.0,59697.0,59920.0,1591.7406,19079
2026-06-26 06:00:00,59920.0,60421.0,59670.0,60292.0,2870.94483,28990
2026-06-26 07:00:00,60291.0,60726.0,60249.0,60500.0,1882.52399,24167
2026-06-26 08:00:00,60500.0,60542.0,60112.0,60211.0,2203.19917,23303
2026-06-26 09:00:00,60213.0,60227.0,59554.0,59705.0,1216.58099,19507
2026-06-26 10:00:00,59704.0,59831.0,59207.0,59283.0,1564.27822,21530
2026-06-26 11:00:00,59283.0,59563.0,59242.0,59387.0,669.07912,16704
2026-06-26 12:00:00,59388.0,59979.0,58922.0,59146.0,5446.77574,44315
2026-06-26 13:00:00,59148.0,60188.0,58482.0,60143.0,6307.13193,61112
2026-06-26 14:00:00,60142.0,60258.0,59354.0,59557.0,3714.58911,48731
2026-06-26 15:00:00,59556.0,60477.0,59549.0,60300.0,2966.19011,39870
2026-06-26 16:00:00,60300.0,60543.0,59931.0,60003.0,1622.68232,28437
2026-06-26 17:00:00,60003.0,60256.0,59920.0,59992.0,645.98536,21366
2026-06-26 18:00:00,59991.0,60127.0,59522.0,59634.0,1035.79729,20721
2026-06-26 19:00:00,59635.0,60060.0,59579.0,59736.0,1295.58197,20222
2026-06-26 20:00:00,59752.0,59952.0,59560.0,59684.0,1108.49361,17486
2026-06-26 21:00:00,59685.0,60027.0,59641.0,59882.0,669.8419,12723
2026-06-26 22:00:00,59883.0,60049.0,59718.0,60009.0,728.92757,10884
2026-06-26 23:00:00,60010.0,60097.0,59906.0,60074.0,1055.85549,10816
2026-06-27 00:00:00,60074.0,60159.0,59837.0,60026.0,741.18558,10508
2026-06-27 01:00:00,60025.0,60033.0,59899.0,59915.0,233.98429,6276
2026-06-27 02:00:00,59916.0,60357.0,59887.0,60257.0,1044.7199,13442
2026-06-27 03:00:00,60258.0,60391.0,60138.0,60280.0,720.80631,10549
2026-06-27 04:00:00,60281.0,60457.0,60184.0,60210.0,501.99798,9577
2026-06-27 05:00:00,60210.0,60285.0,60103.0,60213.0,478.24364,8608
2026-06-27 06:00:00,60214.0,60459.0,60082.0,60345.0,742.07032,10060
2026-06-27 07:00:00,60345.0,60546.0,60265.0,60518.0,652.50388,10019
2026-06-27 08:00:00,60519.0,60519.0,60333.0,60426.0,600.02412,9855
2026-06-27 09:00:00,60427.0,60478.0,60249.0,60393.0,592.34799,8265
2026-06-27 10:00:00,60393.0,60459.0,60340.0,60383.0,212.22625,6063
2026-06-27 11:00:00,60383.0,60420.0,60166.0,60338.0,751.42184,10310
2026-06-27 12:00:00,60338.0,60393.0,60224.0,60389.0,496.09709,8028
2026-06-27 13:00:00,60390.0,60628.0,60353.0,60553.0,918.37609,12177
2026-06-27 14:00:00,60554.0,60700.0,60473.0,60583.0,672.66985,13378
2026-06-27 15:00:00,60584.0,60935.0,60541.0,60813.0,1277.52191,16444
2026-06-27 16:00:00,60814.0,60820.0,60648.0,60785.0,642.80742,9623
2026-06-27 17:00:00,60784.0,60796.0,60402.0,60498.0,799.14442,12502
2026-06-27 18:00:00,60498.0,60548.0,60417.0,60536.0,280.21895,7940
2026-06-27 19:00:00,60537.0,60580.0,60058.0,60145.0,1274.44901,14801
2026-06-27 20:00:00,60145.0,60276.0,60145.0,60265.0,468.45275,7529
2026-06-27 21:00:00,60266.0,60455.0,60110.0,60174.0,638.46782,10454
2026-06-27 22:00:00,60174.0,60225.0,59825.0,60197.0,1152.9071,14221
2026-06-27 23:00:00,60198.0,60291.0,59913.0,59996.0,737.35092,12252
2026-06-28 00:00:00,59996.0,60160.0,59979.0,60118.0,237.6679,6782
2026-06-28 01:00:00,60118.0,60245.0,59938.0,60191.0,971.00072,9606
2026-06-28 02:00:00,60190.0,60311.0,60014.0,60125.0,270.07699,6948
2026-06-28 03:00:00,60124.0,60250.0,60122.0,60172.0,346.25749,5180
2026-06-28 04:00:00,60172.0,60208.0,60059.0,60106.0,277.01111,5022
2026-06-28 05:00:00,60106.0,60106.0,59732.0,59962.0,907.38563,11653
2026-06-28 06:00:00,59963.0,60008.0,59785.0,59973.0,386.23208,7467
2026-06-28 07:00:00,59974.0,60233.0,59974.0,60190.0,467.2837,7405
2026-06-28 08:00:00,60191.0,60500.0,60110.0,60337.0,1421.782,9921
2026-06-28 09:00:00,60337.0,60434.0,60208.0,60224.0,991.77014,8164
2026-06-28 10:00:00,60225.0,60258.0,60032.0,60131.0,382.69236,6874
2026-06-28 11:00:00,60132.0,60343.0,60089.0,60310.0,629.00691,8478
2026-06-28 12:00:00,60311.0,60418.0,60157.0,60268.0,444.63921,9156
2026-06-28 13:00:00,60269.0,60269.0,59946.0,60043.0,589.1966,11196
2026-06-28 14:00:00,60044.0,60212.0,59981.0,60006.0,408.52598,11461
2026-06-28 15:00:00,60006.0,60090.0,59790.0,59854.0,737.74317,12625
2026-06-28 16:00:00,59855.0,59912.0,59550.0,59659.0,1359.78996,19320
2026-06-28 17:00:00,59660.0,59820.0,59370.0,59559.0,1788.27674,19722
2026-06-28 18:00:00,59559.0,59680.0,59469.0,59593.0,607.15129,11215
2026-06-28 19:00:00,59593.0,59650.0,59230.0,59450.0,1384.54068,16460
2026-06-28 20:00:00,59451.0,59740.0,59442.0,59633.0,1061.90001,11753
2026-06-28 21:00:00,59633.0,59758.0,59297.0,59418.0,1114.97202,14096
2026-06-28 22:00:00,59418.0,59884.0,58875.0,59041.0,3236.32754,38791
2026-06-28 23:00:00,59040.0,59823.0,58974.0,59549.0,2037.88177,25532
2026-06-29 00:00:00,59549.0,59683.0,58976.0,59648.0,2263.04806,32847
2026-06-29 01:00:00,59647.0,59660.0,59180.0,59411.0,1201.60136,20767
2026-06-29 02:00:00,59411.0,59770.0,58871.0,59721.0,1548.96594,26462
2026-06-29 03:00:00,59722.0,60188.0,59722.0,60015.0,1346.13106,21742
2026-06-29 04:00:00,60016.0,60029.0,59708.0,59792.0,833.9851,12659
2026-06-29 05:00:00,59793.0,60076.0,59353.0,60075.0,1078.86504,18735
2026-06-29 06:00:00,60075.0,60313.0,60015.0,60045.0,1064.45129,17752
2026-06-29 07:00:00,60046.0,60150.0,59894.0,59996.0,673.78246,13498
2026-06-29 08:00:00,59997.0,60068.0,59708.0,59807.0,848.422,15503
2026-06-29 09:00:00,59807.0,60085.0,59757.0,60024.0,660.43881,13871
2026-06-29 10:00:00,60025.0,60285.0,60025.0,60063.0,901.72114,14715
2026-06-29 11:00:00,60064.0,60183.0,59761.0,59941.0,1633.00123,17647
2026-06-29 12:00:00,59935.0,60767.0,59564.0,59922.0,5932.84044,56733
2026-06-29 13:00:00,59923.0,60300.0,59297.0,59556.0,3294.84645,47209
2026-06-29 14:00:00,59556.0,59680.0,58990.0,59438.0,3909.13474,52764
2026-06-29 15:00:00,59440.0,59931.0,59069.0,59792.0,3085.89016,35835
2026-06-29 16:00:00,59792.0,59974.0,59552.0,59867.0,1377.75447,18915
2026-06-29 17:00:00,59868.0,60648.0,59863.0,60386.0,3167.58386,34685
2026-06-29 18:00:00,60386.0,60491.0,60165.0,60274.0,1031.72208,16777
2026-06-29 19:00:00,60275.0,60537.0,60129.0,60404.0,1265.01732,18336
2026-06-29 20:00:00,60405.0,60524.0,60270.0,60270.0,1039.57086,11815
2026-06-29 21:00:00,60271.0,60570.0,60227.0,60453.0,1004.92367,11154
2026-06-29 22:00:00,60453.0,60493.0,60317.0,60321.0,706.47366,9263
2026-06-29 23:00:00,60322.0,60355.0,60175.0,60227.0,400.14722,8695
2026-06-30 00:00:00,60228.0,60248.0,59671.0,59818.0,1727.29702,22514
2026-06-30 01:00:00,59818.0,60027.0,59755.0,59915.0,663.1982,13481
2026-06-30 02:00:00,59915.0,60003.0,59721.0,59915.0,1134.75531,10332
2026-06-30 03:00:00,59916.0,60000.0,59565.0,59589.0,1451.35014,13845
2026-06-30 04:00:00,59589.0,59668.0,59390.0,59477.0,1090.15368,13865
2026-06-30 05:00:00,59478.0,59638.0,59334.0,59626.0,1720.15578,15026
2026-06-30 06:00:00,59627.0,59690.0,59479.0,59570.0,1040.61509,12162
2026-06-30 07:00:00,59571.0,59609.0,59422.0,59508.0,975.79263,10957
2026-06-30 08:00:00,59508.0,59528.0,59170.0,59287.0,1221.32756,16938
2026-06-30 09:00:00,59287.0,59395.0,59221.0,59351.0,584.19478,10079
2026-06-30 10:00:00,59351.0,59400.0,59261.0,59312.0,553.03153,9079
2026-06-30 11:00:00,59312.0,59390.0,59100.0,59158.0,1536.47886,15752
2026-06-30 12:00:00,59159.0,59159.0,58363.0,58374.0,4041.96874,34688
2026-06-30 13:00:00,58373.0,58762.0,58194.0,58711.0,3969.53714,37938
2026-06-30 14:00:00,58712.0,59293.0,58412.0,58474.0,6481.73152,54620
2026-06-30 15:00:00,58467.0,58778.0,58160.0,58356.0,5190.19763,37668
2026-06-30 16:00:00,58356.0,58600.0,58236.0,58479.0,1634.14071,19187
2026-06-30 17:00:00,58480.0,58596.0,58282.0,58400.0,1196.99995,13650
2026-06-30 18:00:00,58400.0,58673.0,58335.0,58661.0,1360.2229,14161
2026-06-30 19:00:00,58662.0,58815.0,58561.0,58796.0,1099.97484,12590
2026-06-30 20:00:00,58797.0,58857.0,58611.0,58704.0,1166.66628,12062
2026-06-30 21:00:00,58705.0,58742.0,58474.0,58610.0,536.82865,9300
2026-06-30 22:00:00,58611.0,58765.0,58479.0,58581.0,356.38815,7189
2026-06-30 23:00:00,58582.0,58640.0,58510.0,58603.0,479.32056,6537
2026-07-01 00:00:00,58604.0,58729.0,58275.0,58549.0,1357.75046,12976
2026-07-01 01:00:00,58549.0,58975.0,57768.0,58739.0,5992.8005,45156
2026-07-01 02:00:00,58739.0,59150.0,58627.0,59063.0,1772.57802,20441
2026-07-01 03:00:00,59063.0,59293.0,58821.0,59171.0,1801.7614,20224
2026-07-01 04:00:00,59172.0,59433.0,59039.0,59303.0,2048.23976,18727
2026-07-01 05:00:00,59302.0,59353.0,59095.0,59119.0,967.12313,11986
2026-07-01 06:00:00,59119.0,59128.0,58507.0,58735.0,2149.22334,19616
2026-07-01 07:00:00,58735.0,58807.0,58568.0,58745.0,1160.94758,10614
2026-07-01 08:00:00,58744.0,58969.0,58468.0,58953.0,2020.18358,14435
2026-07-01 09:00:00,58953.0,59070.0,58819.0,58923.0,907.25477,12651
2026-07-01 10:00:00,58922.0,58925.0,58590.0,58631.0,733.79319,9973
2026-07-01 11:00:00,58631.0,58731.0,58524.0,58591.0,1031.36237,10439
2026-07-01 12:00:00,58591.0,58651.0,58306.0,58503.0,1937.67677,18848
2026-07-01 13:00:00,58502.0,59500.0,58501.0,59468.0,4852.7329,44926
2026-07-01 14:00:00,59467.0,60063.0,59255.0,59519.0,5636.0498,58840
2026-07-01 15:00:00,59518.0,60569.0,59512.0,60123.0,6292.83948,48200
2026-07-01 16:00:00,60122.0,60239.0,59843.0,59901.0,1533.87365,23061
2026-07-01 17:00:00,59900.0,60221.0,59764.0,60174.0,1813.86569,20655
2026-07-01 18:00:00,60174.0,60288.0,60000.0,60153.0,1367.22646,18035
2026-07-01 19:00:00,60153.0,60340.0,59975.0,59996.0,1756.04889,19461
2026-07-01 20:00:00,59996.0,60187.0,59853.0,60112.0,1606.02228,17282
2026-07-01 21:00:00,60112.0,60825.0,60110.0,60801.0,3136.27876,34130
2026-07-01 22:00:00,60801.0,61357.0,60350.0,60464.0,3225.71362,33926
2026-07-01 23:00:00,60465.0,60465.0,59965.0,60010.0,1405.37013,20016
2026-07-02 00:00:00,60010.0,60013.0,59561.0,59736.0,2090.27122,23222
2026-07-02 01:00:00,59737.0,60308.0,59703.0,60169.0,1937.23199,24129
2026-07-02 02:00:00,60169.0,60490.0,60010.0,60409.0,1027.7156,17687
2026-07-02 03:00:00,60410.0,61152.0,60284.0,61067.0,2714.03963,26343
2026-07-02 04:00:00,61068.0,61068.0,60731.0,60786.0,1119.22983,16963
2026-07-02 05:00:00,60786.0,60880.0,60476.0,60497.0,1314.63547,17684
2026-07-02 06:00:00,60497.0,60661.0,60245.0,60267.0,1373.03203,18219
2026-07-02 07:00:00,60267.0,60293.0,60102.0,60150.0,1204.90346,17961
2026-07-02 08:00:00,60150.0,60551.0,60135.0,60516.0,1058.44009,16732
2026-07-02 09:00:00,60516.0,61465.0,60371.0,61188.0,3212.54461,33166
2026-07-02 10:00:00,61188.0,61354.0,61048.0,61267.0,1410.49849,21773
2026-07-02 11:00:00,61267.0,61391.0,61126.0,61365.0,1241.43158,20272
2026-07-02 12:00:00,61364.0,61600.0,61166.0,61532.0,2931.70606,33942
2026-07-02 13:00:00,61531.0,62043.0,61500.0,61932.0,6006.69467,49570
2026-07-02 14:00:00,61933.0,62224.0,61381.0,61688.0,7345.69805,55395
2026-07-02 15:00:00,61688.0,61830.0,61404.0,61593.0,1701.9864,26465
2026-07-02 16:00:00,61601.0,61806.0,61131.0,61684.0,3739.01892,32642
2026-07-02 17:00:00,61684.0,61947.0,61627.0,61669.0,1408.33825,19413
2026-07-02 18:00:00,61669.0,61868.0,61663.0,61756.0,880.99727,12096
2026-07-02 19:00:00,61757.0,61764.0,61423.0,61482.0,1431.774,16512
2026-07-02 20:00:00,61483.0,61617.0,61354.0,61597.0,1126.16963,16286
2026-07-02 21:00:00,61597.0,61679.0,61527.0,61612.0,869.33773,11475
2026-07-02 22:00:00,61612.0,61612.0,61410.0,61478.0,618.45949,8940
2026-07-02 23:00:00,61479.0,61636.0,61357.0,61587.0,1604.59201,16181
2026-07-03 00:00:00,61587.0,61602.0,61264.0,61331.0,665.94341,12925
2026-07-03 01:00:00,61331.0,61762.0,61306.0,61620.0,586.91826,14761
2026-07-03 02:00:00,61621.0,61697.0,61300.0,61460.0,1325.41643,15548
2026-07-03 03:00:00,61460.0,61598.0,61345.0,61451.0,573.19508,10534
2026-07-03 04:00:00,61452.0,61563.0,61353.0,61469.0,1199.98846,12557
2026-07-03 05:00:00,61469.0,61840.0,61442.0,61729.0,1320.83568,14601
2026-07-03 06:00:00,61730.0,61894.0,61629.0,61743.0,932.99673,12716
2026-07-03 07:00:00,61744.0,61911.0,61702.0,61788.0,940.64036,12905
2026-07-03 08:00:00,61788.0,61951.0,61563.0,61602.0,1253.2756,15523
2026-07-03 09:00:00,61601.0,61800.0,61531.0,61745.0,1088.75503,12907
2026-07-03 10:00:00,61744.0,62105.0,61693.0,61943.0,1234.30196,14307
2026-07-03 11:00:00,61945.0,62127.0,61870.0,62046.0,1149.90618,16872
2026-07-03 12:00:00,62044.0,62197.0,61886.0,61996.0,1175.41502,17258
2026-07-03 13:00:00,61996.0,62279.0,61963.0,62125.0,884.76799,15582
2026-07-03 14:00:00,62126.0,62288.0,61708.0,62176.0,1960.07195,23615
2026-07-03 15:00:00,62177.0,62400.0,61829.0,61934.0,1297.68574,21451
2026-07-03 16:00:00,61933.0,62133.0,61915.0,62110.0,477.57443,10274
2026-07-03 17:00:00,62109.0,62301.0,62079.0,62189.0,675.10712,10834
2026-07-03 18:00:00,62191.0,62252.0,62122.0,62214.0,402.3096,7379
2026-07-03 19:00:00,62213.0,62320.0,62154.0,62210.0,691.46466,9480
2026-07-03 20:00:00,62210.0,62914.0,62190.0,62781.0,3483.14203,31772
2026-07-03 21:00:00,62782.0,62949.0,62505.0,62737.0,2261.03581,20675
2026-07-03 22:00:00,62738.0,62753.0,62524.0,62564.0,2144.95569,12719
2026-07-03 23:00:00,62563.0,62677.0,62522.0,62576.0,728.15706,9195
2026-07-04 00:00:00,62575.0,62939.0,62574.0,62758.0,2093.23247,15750
2026-07-04 01:00:00,62757.0,62758.0,62388.0,62454.0,1263.62389,14035
2026-07-04 02:00:00,62454.0,62570.0,62414.0,62526.0,473.71262,7678
2026-07-04 03:00:00,62526.0,62730.0,62466.0,62621.0,509.60983,7944
2026-07-04 04:00:00,62620.0,62743.0,62585.0,62683.0,363.95667,7485
2026-07-04 05:00:00,62683.0,62684.0,62433.0,62464.0,535.61318,8176
2026-07-04 06:00:00,62463.0,62555.0,62319.0,62492.0,893.03848,10415
2026-07-04 07:00:00,62490.0,62621.0,62452.0,62570.0,433.1741,6777
2026-07-04 08:00:00,62570.0,62668.0,62498.0,62552.0,421.60709,7094
2026-07-04 09:00:00,62551.0,62577.0,62401.0,62484.0,566.24294,8016
2026-07-04 10:00:00,62483.0,62534.0,62434.0,62503.0,198.09171,4981
2026-07-04 11:00:00,62503.0,62541.0,62459.0,62473.0,216.88615,4849
2026-07-04 12:00:00,62472.0,62681.0,62472.0,62649.0,249.2418,5488
2026-07-04 13:00:00,62648.0,62772.0,62533.0,62578.0,409.4537,7393
2026-07-04 14:00:00,62578.0,62719.0,62578.0,62690.0,181.76421,8416
2026-07-04 15:00:00,62688.0,63051.0,62687.0,62921.0,1388.83059,19605
2026-07-04 16:00:00,62921.0,62954.0,62772.0,62911.0,713.27357,10879
2026-07-04 17:00:00,62911.0,63419.0,62800.0,63258.0,2524.78253,26376
2026-07-04 18:00:00,63258.0,63342.0,63094.0,63160.0,1571.42166,18008
2026-07-04 19:00:00,63159.0,63460.0,63111.0,63292.0,1826.98817,17237
2026-07-04 20:00:00,63291.0,63387.0,63143.0,63224.0,2044.51551,17028
2026-07-04 21:00:00,63224.0,63460.0,63196.0,63305.0,1554.50217,14274
2026-07-04 22:00:00,63304.0,63311.0,63157.0,63180.0,713.7679,8848
2026-07-04 23:00:00,63181.0,63243.0,62923.0,63127.0,1631.71301,15104
2026-07-05 00:00:00,63128.0,63128.0,62897.0,62986.0,853.70343,12015
2026-07-05 01:00:00,62986.0,63039.0,62794.0,62891.0,793.63764,11365
2026-07-05 02:00:00,62891.0,62926.0,62589.0,62686.0,1105.80089,12757
2026-07-05 03:00:00,62687.0,62790.0,62646.0,62764.0,425.42999,7475
2026-07-05 04:00:00,62765.0,62961.0,62705.0,62823.0,683.14014,8893
2026-07-05 05:00:00,62822.0,62823.0,62640.0,62738.0,466.94098,7694
2026-07-05 06:00:00,62737.0,62818.0,62659.0,62766.0,194.94028,5420
2026-07-05 07:00:00,62766.0,63063.0,62716.0,63024.0,624.16628,8664
2026-07-05 08:00:00,63024.0,63100.0,62885.0,62911.0,355.0483,8465
2026-07-05 09:00:00,62911.0,62923.0,62434.0,62609.0,1035.76424,11407
2026-07-05 10:00:00,62615.0,62759.0,62540.0,62757.0,316.46197,7037
2026-07-05 11:00:00,62757.0,62810.0,62603.0,62644.0,329.28422,6693
2026-07-05 12:00:00,62645.0,62775.0,62550.0,62750.0,722.88157,8606
2026-07-05 13:00:00,62750.0,62828.0,62643.0,62801.0,742.97014,7034
2026-07-05 14:00:00,62802.0,62826.0,62650.0,62817.0,658.6585,9121
2026-07-05 15:00:00,62817.0,62953.0,62680.0,62735.0,700.02251,10551
2026-07-05 16:00:00,62736.0,62760.0,62600.0,62637.0,467.56867,7488
2026-07-05 17:00:00,62636.0,62822.0,62600.0,62627.0,364.29747,7059
2026-07-05 18:00:00,62628.0,62879.0,62612.0,62819.0,627.76482,8145
2026-07-05 19:00:00,62819.0,62879.0,62726.0,62772.0,530.53841,7595
2026-07-05 20:00:00,62772.0,62838.0,62691.0,62730.0,347.27195,6061
2026-07-05 21:00:00,62731.0,63233.0,62592.0,63092.0,1954.1657,18371
2026-07-05 22:00:00,63092.0,63941.0,63008.0,63735.0,2744.55314,35656
2026-07-05 23:00:00,63736.0,63997.0,63558.0,63635.0,1443.55648,23576
2026-07-06 00:00:00,63635.0,63761.0,63323.0,63757.0,1901.59809,22583
2026-07-06 01:00:00,63757.0,63919.0,63543.0,63564.0,1210.02519,16952
2026-07-06 02:00:00,63564.0,63663.0,63371.0,63458.0,1000.08127,14588
2026-07-06 03:00:00,63459.0,63491.0,63123.0,63292.0,879.18815,13312
2026-07-06 04:00:00,63292.0,63390.0,63176.0,63266.0,524.91847,10027
2026-07-06 05:00:00,63267.0,63267.0,62939.0,63107.0,597.37265,12087
2026-07-06 06:00:00,63107.0,63140.0,62962.0,62991.0,763.19963,10309
2026-07-06 07:00:00,62991.0,63133.0,62880.0,63104.0,609.17974,9800
2026-07-06 08:00:00,63104.0,63253.0,62828.0,62903.0,884.25629,12381
2026-07-06 09:00:00,62904.0,62914.0,62625.0,62668.0,936.10925,12181
2026-07-06 10:00:00,62668.0,63046.0,62663.0,62815.0,903.44566,12693
2026-07-06 11:00:00,62816.0,63017.0,62500.0,62501.0,1815.24252,15542
2026-07-06 12:00:00,62501.0,62501.0,61673.0,61766.0,5960.89062,52927
2026-07-06 13:00:00,61766.0,62060.0,61342.0,61780.0,5802.7736,55749
2026-07-06 14:00:00,61781.0,62421.0,61728.0,62058.0,2740.73994,40535
2026-07-06 15:00:00,62058.0,63558.0,62058.0,63538.0,6215.77275,58353
2026-07-06 16:00:00,63539.0,63903.0,63390.0,63737.0,3896.88179,42193
2026-07-06 17:00:00,63737.0,63962.0,63576.0,63586.0,2672.84632,26844
2026-07-06 18:00:00,63586.0,63885.0,63556.0,63698.0,1599.81339,18521
2026-07-06 19:00:00,63698.0,63893.0,63655.0,63741.0,1021.33615,14315
2026-07-06 20:00:00,63741.0,63894.0,63582.0,63826.0,1025.05699,13923
2026-07-06 21:00:00,63826.0,64698.0,63811.0,64499.0,4095.01946,40849
2026-07-06 22:00:00,64500.0,64515.0,64175.0,64260.0,736.18504,13689
2026-07-06 23:00:00,64263.0,64357.0,64031.0,64054.0,797.41671,12659
2026-07-07 00:00:00,64054.0,64331.0,64026.0,64215.0,675.78866,16632
2026-07-07 01:00:00,64216.0,64216.0,63798.0,63844.0,844.99881,17213
2026-07-07 02:00:00,63844.0,63910.0,63291.0,63332.0,1453.63208,20444
2026-07-07 03:00:00,63332.0,63418.0,63155.0,63189.0,754.87104,13472
2026-07-07 04:00:00,63190.0,63294.0,63072.0,63105.0,1157.52757,13746
2026-07-07 05:00:00,63105.0,63278.0,62800.0,63138.0,1264.25748,16262
2026-07-07 06:00:00,63137.0,63426.0,63000.0,63364.0,820.59457,13824
2026-07-07 07:00:00,63364.0,63460.0,63079.0,63088.0,1576.22269,13866
2026-07-07 08:00:00,63088.0,63201.0,63003.0,63111.0,721.53542,11203
2026-07-07 09:00:00,63111.0,63354.0,63069.0,63268.0,523.33957,10721
2026-07-07 10:00:00,63269.0,63485.0,63234.0,63283.0,728.58173,10473
2026-07-07 11:00:00,63284.0,63461.0,63125.0,63420.0,1167.43004,12955
2026-07-07 12:00:00,63421.0,63892.0,63420.0,63479.0,1633.22927,21244
2026-07-07 13:00:00,63480.0,63480.0,62993.0,63059.0,3089.27065,37032
2026-07-07 14:00:00,63059.0,63640.0,62667.0,63569.0,4085.17387,48778
2026-07-07 15:00:00,63570.0,64100.0,63382.0,63942.0,2739.60831,35255
2026-07-07 16:00:00,63942.0,64260.0,63820.0,63987.0,1882.20407,25661
2026-07-07 17:00:00,63988.0,64242.0,63896.0,64194.0,558.84208,16033
2026-07-07 18:00:00,64194.0,64203.0,63675.0,63683.0,1157.22904,21480
2026-07-07 19:00:00,63683.0,63900.0,63397.0,63825.0,1893.2003,26279
2026-07-07 20:00:00,63826.0,63912.0,63624.0,63699.0,741.22811,11893
2026-07-07 21:00:00,63700.0,63873.0,63310.0,63421.0,2485.85782,21323
2026-07-07 22:00:00,63421.0,63668.0,63198.0,63543.0,1500.21245,17056
2026-07-07 23:00:00,63544.0,63718.0,63312.0,63355.0,1007.56109,12834
2026-07-08 00:00:00,63355.0,63750.0,63292.0,63608.0,914.36203,15715
2026-07-08 01:00:00,63607.0,63646.0,62879.0,63015.0,2659.50562,24629
2026-07-08 02:00:00,63016.0,63050.0,62510.0,62974.0,2365.90635,27419
2026-07-08 03:00:00,62974.0,63091.0,62678.0,62746.0,848.82048,12100
2026-07-08 04:00:00,62747.0,62900.0,62663.0,62790.0,1082.08821,12877
2026-07-08 05:00:00,62791.0,62864.0,62535.0,62621.0,976.27826,12454
2026-07-08 06:00:00,62622.0,62736.0,62458.0,62646.0,1543.02156,17765
2026-07-08 07:00:00,62646.0,62893.0,62541.0,62887.0,1520.87644,16953
2026-07-08 08:00:00,62888.0,62933.0,61856.0,62006.0,3532.92044,41964
2026-07-08 09:00:00,62006.0,62164.0,61731.0,62064.0,1752.34627,23152
2026-07-08 10:00:00,62063.0,62185.0,61894.0,62171.0,681.61751,13773
2026-07-08 11:00:00,62171.0,62378.0,62053.0,62301.0,1030.477,13951
2026-07-08 12:00:00,62300.0,62443.0,61956.0,61956.0,1472.93892,17809
2026-07-08 13:00:00,61956.0,62094.0,61626.0,61948.0,1942.18405,27507
2026-07-08 14:00:00,61947.0,62175.0,61716.0,61885.0,1106.49763,29897
2026-07-08 15:00:00,61885.0,61915.0,61550.0,61705.0,1668.13789,22448
2026-07-08 16:00:00,61706.0,62148.0,61680.0,62112.0,1472.7748,20857
2026-07-08 17:00:00,62113.0,62390.0,62027.0,62105.0,1487.98213,18526
2026-07-08 18:00:00,62106.0,62349.0,62029.0,62173.0,881.0278,14583
2026-07-08 19:00:00,62174.0,62283.0,62057.0,62272.0,806.34268,11990
2026-07-08 20:00:00,62272.0,62295.0,62066.0,62088.0,535.00228,10160
2026-07-08 21:00:00,62089.0,62248.0,61955.0,62185.0,1217.24372,12968
2026-07-08 22:00:00,62186.0,62345.0,62175.0,62335.0,422.3136,8832
2026-07-08 23:00:00,62335.0,62350.0,62158.0,62283.0,482.26543,9015
2026-07-09 00:00:00,62283.0,62303.0,62035.0,62117.0,1581.28753,17333
2026-07-09 01:00:00,62118.0,62628.0,61802.0,61895.0,2680.20839,28888
2026-07-09 02:00:00,61895.0,62100.0,61695.0,61771.0,1286.86471,15790
2026-07-09 03:00:00,61771.0,62064.0,61717.0,61963.0,841.53659,12932
2026-07-09 04:00:00,61964.0,62468.0,61952.0,62451.0,1455.41698,14100
2026-07-09 05:00:00,62451.0,62620.0,62228.0,62591.0,1202.03483,16002
2026-07-09 06:00:00,62591.0,62969.0,62478.0,62962.0,1108.96818,19475
2026-07-09 07:00:00,62963.0,63263.0,62789.0,63001.0,1814.71688,23784
2026-07-09 08:00:00,63001.0,63087.0,62851.0,62894.0,1342.39837,15415
2026-07-09 09:00:00,62894.0,62999.0,62782.0,62943.0,475.68072,11620
2026-07-09 10:00:00,62943.0,63051.0,62672.0,62779.0,804.37461,11496
2026-07-09 11:00:00,62778.0,62822.0,62604.0,62770.0,671.88994,12885
2026-07-09 12:00:00,62769.0,62957.0,62456.0,62605.0,1915.07262,26418
2026-07-09 13:00:00,62605.0,63239.0,62505.0,63026.0,1571.4652,28931
2026-07-09 14:00:00,63026.0,63144.0,62659.0,63006.0,1104.85247,24816
2026-07-09 15:00:00,63007.0,63247.0,62790.0,62848.0,1387.04191,22598
2026-07-09 16:00:00,62847.0,62983.0,62546.0,62678.0,1113.32444,15374
2026-07-09 17:00:00,62679.0,63158.0,62654.0,63129.0,807.95084,13416
2026-07-09 18:00:00,63129.0,63500.0,63060.0,63218.0,1885.42456,22699
2026-07-09 19:00:00,63217.0,63381.0,63145.0,63244.0,971.79712,11954
2026-07-09 20:00:00,63244.0,63331.0,63184.0,63309.0,412.31544,8188
2026-07-09 21:00:00,63309.0,63403.0,63216.0,63275.0,598.57448,11422
2026-07-09 22:00:00,63275.0,63412.0,63219.0,63220.0,371.79726,8795
2026-07-09 23:00:00,63219.0,63324.0,63055.0,63225.0,557.78395,10524
2026-07-10 00:00:00,63224.0,63249.0,62922.0,63107.0,860.57139,14363
2026-07-10 01:00:00,63107.0,63945.0,62959.0,63754.0,2771.23338,24774
2026-07-10 02:00:00,63753.0,64038.0,63691.0,63958.0,1597.97462,18477
2026-07-10 03:00:00,63958.0,64037.0,63818.0,63949.0,990.49307,11858
2026-07-10 04:00:00,63948.0,64168.0,63845.0,64035.0,1094.8841,12329
2026-07-10 05:00:00,64036.0,64200.0,63936.0,64109.0,753.0751,10945
2026-07-10 06:00:00,64110.0,64155.0,63841.0,63858.0,1172.23102,10459
2026-07-10 07:00:00,63858.0,64010.0,63811.0,63989.0,1426.74383,12802
2026-07-10 08:00:00,63988.0,64390.0,63979.0,64247.0,1439.5771,18208
2026-07-10 09:00:00,64247.0,64496.0,64109.0,64383.0,958.31788,17024
2026-07-10 10:00:00,64383.0,64494.0,64271.0,64413.0,446.54672,10188
2026-07-10 11:00:00,64413.0,64482.0,64335.0,64423.0,700.13359,10732
2026-07-10 12:00:00,64423.0,64609.0,64263.0,64286.0,1186.37644,16613
2026-07-10 13:00:00,64285.0,64690.0,64153.0,64477.0,1437.5903,23329
2026-07-10 14:00:00,64477.0,64512.0,63810.0,63900.0,3224.02856,36557
2026-07-10 15:00:00,63900.0,64214.0,63884.0,64039.0,1250.64934,18451
2026-07-10 16:00:00,64039.0,64220.0,63808.0,64138.0,1695.60325,18679
2026-07-10 17:00:00,64139.0,64156.0,63808.0,63815.0,1268.20988,15821
2026-07-10 18:00:00,63816.0,63988.0,63725.0,63800.0,720.3756,11378
2026-07-10 19:00:00,63800.0,64045.0,63768.0,63920.0,1131.7377,14185
2026-07-10 20:00:00,63921.0,63922.0,63647.0,63842.0,735.89954,11164
2026-07-10 21:00:00,63842.0,64088.0,63830.0,64006.0,805.48619,10188
2026-07-10 22:00:00,64006.0,64153.0,63981.0,64104.0,614.30435,8152
2026-07-10 23:00:00,64104.0,64200.0,64009.0,64155.0,638.43499,7912
2026-07-11 00:00:00,64156.0,64156.0,64020.0,64113.0,286.57607,5076
2026-07-11 01:00:00,64113.0,64297.0,63981.0,63999.0,907.14492,9348
2026-07-11 02:00:00,64000.0,64151.0,63965.0,64141.0,484.33347,7651
2026-07-11 03:00:00,64142.0,64184.0,64066.0,64147.0,326.53306,5918
2026-07-11 04:00:00,64147.0,64199.0,64065.0,64140.0,137.21307,5559
2026-07-11 05:00:00,64141.0,64217.0,64109.0,64159.0,328.85268,5539
2026-07-11 06:00:00,64159.0,64261.0,64109.0,64207.0,386.51275,7059
2026-07-11 07:00:00,64207.0,64252.0,64140.0,64145.0,696.2139,8068
2026-07-11 08:00:00,64146.0,64288.0,64139.0,64250.0,298.42476,5264
2026-07-11 09:00:00,64250.0,64289.0,64146.0,64163.0,256.16928,5080
2026-07-11 10:00:00,64163.0,64204.0,64131.0,64179.0,195.31276,3959
2026-07-11 11:00:00,64179.0,64209.0,64165.0,64191.0,91.60535,3321
2026-07-11 12:00:00,64191.0,64222.0,64123.0,64186.0,420.61671,5384
2026-07-11 13:00:00,64186.0,64264.0,64160.0,64230.0,167.30859,3894
2026-07-11 14:00:00,64231.0,64494.0,64230.0,64347.0,836.36277,12090
2026-07-11 15:00:00,64347.0,64481.0,63950.0,64175.0,1322.82026,13922
2026-07-11 16:00:00,64175.0,64274.0,64085.0,64173.0,576.59052,9142
2026-07-11 17:00:00,64172.0,64400.0,64163.0,64319.0,552.09546,7508
2026-07-11 18:00:00,64318.0,64390.0,64288.0,64331.0,311.7476,6825
2026-07-11 19:00:00,64331.0,64348.0,64241.0,64287.0,257.79193,5771
2026-07-11 20:00:00,64287.0,64482.0,64286.0,64391.0,388.71345,7073
2026-07-11 21:00:00,64391.0,64439.0,64345.0,64362.0,168.81367,5070
2026-07-11 22:00:00,64363.0,64440.0,64150.0,64209.0,502.48279,8550
2026-07-11 23:00:00,64209.0,64259.0,63818.0,63823.0,1341.72103,17405
2026-07-12 00:00:00,63823.0,63916.0,63713.0,63829.0,459.69628,12584
2026-07-12 01:00:00,63830.0,64179.0,63816.0,64135.0,572.76111,10248
2026-07-12 02:00:00,64135.0,64140.0,64030.0,64081.0,416.86121,5988
2026-07-12 03:00:00,64081.0,64226.0,64036.0,64218.0,493.77765,7133
2026-07-12 04:00:00,64218.0,64250.0,63935.0,63994.0,515.11925,6335
2026-07-12 05:00:00,63994.0,64015.0,63892.0,63969.0,365.65869,5961
2026-07-12 06:00:00,63968.0,63968.0,63642.0,63755.0,758.57079,10600
2026-07-12 07:00:00,63755.0,63903.0,63736.0,63883.0,195.62899,4740
2026-07-12 08:00:00,63883.0,64129.0,63882.0,63982.0,1000.02048,8169
2026-07-12 09:00:00,63982.0,64049.0,63769.0,63963.0,333.57374,7662
2026-07-12 10:00:00,63963.0,63964.0,63846.0,63887.0,241.43793,4298
2026-07-12 11:00:00,63888.0,64043.0,63837.0,64027.0,223.10631,5478
2026-07-12 12:00:00,64026.0,64141.0,63978.0,64032.0,406.5628,6201
2026-07-12 13:00:00,64031.0,64100.0,64000.0,64032.0,303.5382,5077
2026-07-12 14:00:00,64031.0,64297.0,63964.0,64202.0,818.4434,11855
2026-07-12 15:00:00,64202.0,64259.0,64120.0,64167.0,510.0207,8576
2026-07-12 16:00:00,64168.0,64211.0,64057.0,64176.0,533.4698,7194
2026-07-12 17:00:00,64177.0,64178.0,64037.0,64082.0,168.57224,5041
2026-07-12 18:00:00,64082.0,64153.0,64015.0,64146.0,443.55772,5740
2026-07-12 19:00:00,64145.0,64267.0,64140.0,64240.0,359.77164,5831
2026-07-12 20:00:00,64240.0,64261.0,64176.0,64202.0,111.98165,3991
2026-07-12 21:00:00,64203.0,64237.0,63883.0,63926.0,1243.69693,12347
2026-07-12 22:00:00,63925.0,63927.0,63675.0,63890.0,1615.49586,17093
2026-07-12 23:00:00,63890.0,63917.0,63725.0,63780.0,605.69488,9804
2026-07-13 00:00:00,63780.0,64420.0,63525.0,64058.0,3364.75175,34082
2026-07-13 01:00:00,64059.0,64059.0,63364.0,63404.0,1555.50589,23698
2026-07-13 02:00:00,63405.0,63550.0,63235.0,63364.0,1165.62703,19279
2026-07-13 03:00:00,63365.0,63376.0,62740.0,62811.0,2489.64839,28278
2026-07-13 04:00:00,62811.0,62916.0,62648.0,62685.0,933.43693,13949
2026-07-13 05:00:00,62685.0,62931.0,62499.0,62814.0,1256.45204,15717
2026-07-13 06:00:00,62814.0,62891.0,62731.0,62812.0,459.16074,8409
2026-07-13 07:00:00,62813.0,63080.0,62767.0,63003.0,624.72986,10111
2026-07-13 08:00:00,63003.0,63320.0,62954.0,63214.0,1284.63077,10468
2026-07-13 09:00:00,63213.0,63214.0,63088.0,63098.0,749.58854,7994
2026-07-13 10:00:00,63099.0,63150.0,62874.0,62875.0,725.02463,6423
2026-07-13 11:00:00,62875.0,63144.0,62875.0,62910.0,372.32656,5545
2026-07-13 12:00:00,62911.0,62991.0,62577.0,62639.0,1264.44859,12002
2026-07-13 13:00:00,62639.0,62774.0,62172.0,62326.0,2883.23423,27883
2026-07-13 14:00:00,62327.0,62816.0,62120.0,62814.0,3040.56999,30472
2026-07-13 15:00:00,62815.0,63000.0,62570.0,62635.0,1503.94959,15656
2026-07-13 16:00:00,62635.0,62647.0,62202.0,62277.0,1678.13421,15993
2026-07-13 17:00:00,62277.0,62373.0,61896.0,61908.0,1676.94901,18484
2026-07-13 18:00:00,61907.0,62113.0,61821.0,62027.0,1762.86365,16084
2026-07-13 19:00:00,62028.0,62289.0,62000.0,62287.0,723.55071,9380
2026-07-13 20:00:00,62287.0,62322.0,62043.0,62200.0,1229.29169,10721
2026-07-13 21:00:00,62199.0,62206.0,61879.0,62054.0,1162.80181,9589
2026-07-13 22:00:00,62054.0,62220.0,61898.0,61907.0,1377.68688,10184
2026-07-13 23:00:00,61907.0,62346.0,61867.0,62331.0,1303.49082,11550
2026-07-14 00:00:00,62331.0,62641.0,62264.0,62540.0,740.93569,13128
2026-07-14 01:00:00,62539.0,62631.0,62450.0,62521.0,579.95755,8888
2026-07-14 02:00:00,62521.0,62631.0,62305.0,62528.0,421.9107,7709
2026-07-14 03:00:00,62528.0,62591.0,62294.0,62554.0,487.68038,7438
2026-07-14 04:00:00,62555.0,62751.0,62517.0,62734.0,929.28524,7356
2026-07-14 05:00:00,62734.0,62866.0,62691.0,62717.0,864.574,10339
2026-07-14 06:00:00,62717.0,62762.0,62556.0,62614.0,659.34499,7064
2026-07-14 07:00:00,62614.0,62640.0,62492.0,62536.0,336.83429,6125
2026-07-14 08:00:00,62537.0,62790.0,62490.0,62688.0,831.74683,7680
2026-07-14 09:00:00,62688.0,62732.0,62512.0,62609.0,581.78325,6659
2026-07-14 10:00:00,62609.0,62903.0,62587.0,62773.0,1055.96744,9475
2026-07-14 11:00:00,62774.0,62910.0,62700.0,62833.0,823.32126,9885
2026-07-14 12:00:00,62833.0,63942.0,62771.0,63927.0,7347.9072,52877
2026-07-14 13:00:00,63927.0,64140.0,63673.0,63815.0,4144.70974,36289
2026-07-14 14:00:00,63815.0,64329.0,63596.0,64294.0,3911.27635,33040
2026-07-14 15:00:00,64294.0,64970.0,64173.0,64727.0,6240.40528,45265
2026-07-14 16:00:00,64727.0,64877.0,64607.0,64696.0,2152.5412,19904
2026-07-14 17:00:00,64697.0,64697.0,64268.0,64609.0,2456.13232,18209
2026-07-14 18:00:00,64609.0,64636.0,64464.0,64551.0,909.53924,9369
2026-07-14 19:00:00,64551.0,64698.0,64475.0,64543.0,666.91824,8965
2026-07-14 20:00:00,64543.0,64591.0,64414.0,64564.0,1091.41751,10354
2026-07-14 21:00:00,64564.0,64883.0,64516.0,64656.0,1587.82831,14081
2026-07-14 22:00:00,64656.0,65079.0,64522.0,64840.0,2817.45986,19947
2026-07-14 23:00:00,64840.0,65016.0,64761.0,65000.0,1236.28891,10918
2026-07-15 00:00:00,65000.0,65032.0,64763.0,64819.0,1126.25935,12207
2026-07-15 01:00:00,64819.0,64854.0,64647.0,64672.0,1177.82273,11457
2026-07-15 02:00:00,64673.0,64759.0,64483.0,64493.0,1028.72209,8802
2026-07-15 03:00:00,64494.0,64847.0,64493.0,64789.0,850.61837,8505
2026-07-15 04:00:00,64788.0,64902.0,64709.0,64750.0,613.39339,7045
2026-07-15 05:00:00,64749.0,64997.0,64611.0,64954.0,1189.25821,8821
2026-07-15 06:00:00,64954.0,65271.0,64806.0,64806.0,2694.96611,17693
2026-07-15 07:00:00,64805.0,64875.0,64491.0,64554.0,1021.75523,11523
2026-07-15 08:00:00,64554.0,64779.0,64554.0,64764.0,620.87308,10157
2026-07-15 09:00:00,64764.0,64922.0,64646.0,64660.0,411.58566,7996
2026-07-15 10:00:00,64661.0,64838.0,64605.0,64654.0,430.95102,6927
2026-07-15 11:00:00,64654.0,64739.0,64610.0,64729.0,308.34784,6216
2026-07-15 12:00:00,64729.0,65257.0,64601.0,65157.0,1334.2628,18200
2026-07-15 13:00:00,65157.0,65572.0,64871.0,65106.0,3504.66556,36078
2026-07-15 14:00:00,65106.0,65520.0,65049.0,65389.0,2629.21398,25151
2026-07-15 15:00:00,65388.0,65577.0,65250.0,65407.0,1767.54197,17737
2026-07-15 16:00:00,65406.0,65453.0,64768.0,65106.0,1728.24769,20398
2026-07-15 17:00:00,65108.0,65173.0,64956.0,65049.0,826.27992,12592
2026-07-15 18:00:00,65048.0,65136.0,64827.0,64845.0,670.05692,10846
2026-07-15 19:00:00,64849.0,64977.0,64721.0,64947.0,835.5931,9750
2026-07-15 20:00:00,64948.0,65036.0,64896.0,64952.0,235.62919,4619
2026-07-15 21:00:00,64952.0,64998.0,64756.0,64802.0,1378.1259,7844
2026-07-15 22:00:00,64803.0,64944.0,64740.0,64843.0,689.18082,6974
2026-07-15 23:00:00,64844.0,64924.0,64675.0,64738.0,518.05567,6053
2026-07-16 00:00:00,64738.0,64836.0,64469.0,64563.0,1113.43718,11039
2026-07-16 01:00:00,64564.0,64817.0,64357.0,64713.0,739.8398,9767
2026-07-16 02:00:00,64713.0,64719.0,64555.0,64628.0,349.54095,4719
2026-07-16 03:00:00,64628.0,64737.0,64532.0,64602.0,414.41703,5238
2026-07-16 04:00:00,64602.0,64680.0,64532.0,64625.0,341.14189,4020
2026-07-16 05:00:00,64626.0,64999.0,64589.0,64912.0,1705.24199,11230
2026-07-16 06:00:00,64913.0,64967.0,64620.0,64759.0,511.74647,8433
2026-07-16 07:00:00,64759.0,64765.0,64052.0,64222.0,1738.64034,17315
2026-07-16 08:00:00,64222.0,64349.0,63865.0,64104.0,2452.11754,19151
2026-07-16 09:00:00,64104.0,64179.0,63997.0,64070.0,376.63173,6536
2026-07-16 10:00:00,64071.0,64250.0,64064.0,64201.0,542.25048,8013
2026-07-16 11:00:00,64202.0,64250.0,64076.0,64235.0,525.2952,10331
2026-07-16 12:00:00,64235.0,64235.0,63845.0,63945.0,1220.16303,12179
2026-07-16 13:00:00,63946.0,64451.0,63939.0,64363.0,2255.429,19172
2026-07-16 14:00:00,64363.0,64850.0,64313.0,64515.0,2613.03094,24602
2026-07-16 15:00:00,64516.0,64885.0,64294.0,64689.0,2196.19087,18571
2026-07-16 16:00:00,64688.0,64700.0,64305.0,64461.0,1258.81019,14227
2026-07-16 17:00:00,64461.0,64461.0,63977.0,64057.0,1181.54913,12834
2026-07-16 18:00:00,64057.0,64315.0,64040.0,64248.0,719.45608,9143
2026-07-16 19:00:00,64242.0,64294.0,64136.0,64263.0,712.38377,7344
2026-07-16 20:00:00,64262.0,64268.0,64091.0,64102.0,589.19812,6267
2026-07-16 21:00:00,64103.0,64242.0,64085.0,64153.0,442.41246,5934
2026-07-16 22:00:00,64154.0,64240.0,63942.0,63952.0,820.20852,10573
2026-07-16 23:00:00,63953.0,63992.0,63723.0,63815.0,1178.55425,12503
2026-07-17 00:00:00,63815.0,63900.0,63594.0,63868.0,1043.35478,11257
2026-07-17 01:00:00,63867.0,64048.0,63473.0,63539.0,2379.63383,15886
2026-07-17 02:00:00,63539.0,63653.0,63377.0,63491.0,997.12884,11131
2026-07-17 03:00:00,63491.0,63729.0,63490.0,63572.0,882.41949,9008
2026-07-17 04:00:00,63572.0,63581.0,63312.0,63492.0,766.45024,8055
2026-07-17 05:00:00,63492.0,63492.0,62812.0,62844.0,1852.1331,16463
2026-07-17 06:00:00,62845.0,63030.0,62725.0,62966.0,1835.02986,15439
2026-07-17 07:00:00,62966.0,63008.0,62822.0,62839.0,797.0915,9793
2026-07-17 08:00:00,62839.0,62966.0,62684.0,62908.0,1093.86818,11738
2026-07-17 09:00:00,62909.0,63091.0,62884.0,63013.0,429.03207,8424
2026-07-17 10:00:00,63014.0,63233.0,63013.0,63200.0,977.59135,10796
2026-07-17 11:00:00,63201.0,63379.0,63077.0,63301.0,931.14915,10835
2026-07-17 12:00:00,63300.0,63366.0,63069.0,63093.0,871.58075,12550
2026-07-17 13:00:00,63099.0,63218.0,62550.0,63182.0,2219.10373,24702
2026-07-17 14:00:00,63181.0,63547.0,63095.0,63201.0,2365.24987,23590
2026-07-17 15:00:00,63201.0,63484.0,62859.0,63478.0,1082.29869,14805
2026-07-17 16:00:00,63478.0,63728.0,63329.0,63604.0,1944.27086,19607
2026-07-17 17:00:00,63605.0,64233.0,63604.0,64049.0,2748.52786,23565
2026-07-17 18:00:00,64050.0,64398.0,63887.0,64250.0,1613.63638,20670
2026-07-17 19:00:00,64251.0,64253.0,63966.0,64156.0,822.57188,12681
2026-07-17 20:00:00,64153.0,64203.0,63965.0,64118.0,1366.08969,10327
2026-07-17 21:00:00,64119.0,64231.0,64065.0,64106.0,574.29974,6133
2026-07-17 22:00:00,64106.0,64158.0,63910.0,63971.0,889.85304,7143
2026-07-17 23:00:00,63970.0,64000.0,63876.0,63928.0,242.82366,4911
2026-07-18 00:00:00,63927.0,64000.0,63884.0,63892.0,243.50548,4586
2026-07-18 01:00:00,63897.0,63999.0,63873.0,63948.0,344.25957,4741
2026-07-18 02:00:00,63947.0,64029.0,63921.0,63950.0,247.29273,4150
2026-07-18 03:00:00,63950.0,64010.0,63922.0,64009.0,110.49714,3557
2026-07-18 04:00:00,64009.0,64010.0,63929.0,63955.0,370.06418,3691
2026-07-18 05:00:00,63955.0,63986.0,63914.0,63942.0,314.5643,4152
2026-07-18 06:00:00,63943.0,63990.0,63930.0,63970.0,137.34261,2805
2026-07-18 07:00:00,63970.0,64020.0,63969.0,63995.0,196.80484,3166
2026-07-18 08:00:00,63993.0,64014.0,63944.0,63986.0,346.67682,5418
2026-07-18 09:00:00,63987.0,63992.0,63924.0,63973.0,126.63278,3080
2026-07-18 10:00:00,63973.0,63996.0,63969.0,63991.0,90.4099,2143
2026-07-18 11:00:00,63992.0,64088.0,63991.0,64049.0,429.62692,3732
2026-07-18 12:00:00,64048.0,64250.0,64035.0,64196.0,894.13034,10211
2026-07-18 13:00:00,64197.0,64197.0,63943.0,64094.0,468.85354,5543
2026-07-18 14:00:00,64095.0,64181.0,64083.0,64102.0,249.67754,6282
2026-07-18 15:00:00,64102.0,64153.0,64020.0,64104.0,242.11882,4985
2026-07-18 16:00:00,64105.0,64300.0,64070.0,64277.0,383.46936,6564
2026-07-18 17:00:00,64287.0,64505.0,64259.0,64477.0,1322.24187,11840
2026-07-18 18:00:00,64477.0,64619.0,64455.0,64513.0,1292.53771,14007
2026-07-18 19:00:00,64514.0,64589.0,64467.0,64546.0,960.33177,8905
2026-07-18 20:00:00,64545.0,64742.0,64500.0,64694.0,1113.97809,10138
2026-07-18 21:00:00,64693.0,64847.0,64609.0,64729.0,1322.41824,10896
2026-07-18 22:00:00,64730.0,64873.0,64703.0,64805.0,379.91361,6471
2026-07-18 23:00:00,64805.0,64839.0,64710.0,64827.0,498.58162,5946
2026-07-19 00:00:00,64828.0,64901.0,64757.0,64766.0,940.22292,8611
2026-07-19 01:00:00,64766.0,64781.0,64749.0,64757.0,213.12113,3480
2026-07-19 02:00:00,64758.0,64957.0,64696.0,64814.0,780.96749,8438
2026-07-19 03:00:00,64814.0,64830.0,64616.0,64694.0,305.42015,4518
2026-07-19 04:00:00,64695.0,64787.0,64601.0,64712.0,431.75151,5174
2026-07-19 05:00:00,64712.0,64810.0,64657.0,64715.0,239.40858,3505
2026-07-19 06:00:00,64716.0,64752.0,64687.0,64706.0,216.09087,3424
2026-07-19 07:00:00,64706.0,64776.0,64665.0,64713.0,250.94737,5299
2026-07-19 08:00:00,64714.0,64740.0,64620.0,64697.0,305.46286,4007
2026-07-19 09:00:00,64697.0,64715.0,64488.0,64507.0,939.04506,6373
2026-07-19 10:00:00,64508.0,64686.0,64465.0,64565.0,503.28605,5252
2026-07-19 11:00:00,64566.0,64622.0,64424.0,64452.0,559.33589,5925
2026-07-19 12:00:00,64453.0,64453.0,64275.0,64437.0,991.92145,8848
2026-07-19 13:00:00,64437.0,64515.0,64293.0,64482.0,546.14081,6162
2026-07-19 14:00:00,64482.0,64641.0,64410.0,64588.0,464.63741,8942
2026-07-19 15:00:00,64588.0,64618.0,64488.0,64574.0,613.28285,6385
2026-07-19 16:00:00,64575.0,64648.0,64514.0,64536.0,406.62482,6465
2026-07-19 17:00:00,64536.0,64762.0,64401.0,64536.0,786.70523,11089
2026-07-19 18:00:00,64536.0,64545.0,64285.0,64411.0,756.78329,8487
2026-07-19 19:00:00,64411.0,64456.0,64338.0,64456.0,231.09384,4217
2026-07-19 20:00:00,64456.0,64537.0,64455.0,64536.0,144.62497,4218
2026-07-19 21:00:00,64536.0,64559.0,64339.0,64404.0,552.7159,7063
2026-07-19 22:00:00,64404.0,64890.0,64345.0,64659.0,2487.80939,17529
2026-07-19 23:00:00,64660.0,64767.0,64553.0,64718.0,402.63192,7368
2026-07-20 00:00:00,64719.0,65082.0,64400.0,64539.0,2180.8028,18311
2026-07-20 01:00:00,64539.0,65018.0,64482.0,64604.0,1679.1089,13668
2026-07-20 02:00:00,64604.0,64900.0,64560.0,64799.0,1884.07001,12591
2026-07-20 03:00:00,64800.0,64896.0,64616.0,64841.0,1148.74589,8358
2026-07-20 04:00:00,64840.0,64841.0,64506.0,64510.0,1396.82185,7981
2026-07-20 05:00:00,64510.0,64529.0,64060.0,64099.0,1412.54755,15590
2026-07-20 06:00:00,64100.0,64200.0,63730.0,63883.0,2392.63577,14952
2026-07-20 07:00:00,63884.0,64275.0,63865.0,64241.0,740.95258,9797
2026-07-20 08:00:00,64241.0,64334.0,63808.0,64025.0,1638.41157,13450
2026-07-20 09:00:00,64025.0,64258.0,63986.0,64187.0,609.06998,8781
2026-07-20 10:00:00,64187.0,64396.0,64139.0,64278.0,615.12727,10355
2026-07-20 11:00:00,64278.0,65057.0,64242.0,64989.0,2486.86905,19328
2026-07-20 12:00:00,64989.0,64989.0,64582.0,64629.0,1237.10549,13450
2026-07-20 13:00:00,64629.0,64750.0,64199.0,64327.0,1873.24554,19554
2026-07-20 14:00:00,64326.0,64548.0,64031.0,64392.0,1841.10714,19765
2026-07-20 15:00:00,64391.0,65600.0,64391.0,65565.0,4779.15699,36279
2026-07-20 16:00:00,65564.0,65599.0,65321.0,65474.0,1731.53687,19209
2026-07-20 17:00:00,65474.0,65600.0,65315.0,65558.0,1076.89958,12465
2026-07-20 18:00:00,65557.0,65778.0,65157.0,65200.0,4557.94756,27476
2026-07-20 19:00:00,65200.0,65237.0,65010.0,65100.0,2721.54221,21355
2026-07-20 20:00:00,65100.0,65416.0,65020.0,65348.0,2394.56,14374
2026-07-20 21:00:00,65349.0,65427.0,65246.0,65262.0,683.22343,7300
2026-07-20 22:00:00,65261.0,65262.0,65051.0,65100.0,866.49983,8969
2026-07-20 23:00:00,65100.0,65247.0,65093.0,65226.0,787.96474,7533
2026-07-21 00:00:00,65227.0,65553.0,65124.0,65545.0,766.06615,11222
2026-07-21 01:00:00,65544.0,65635.0,65204.0,65205.0,842.57826,11038
2026-07-21 02:00:00,65205.0,65464.0,65137.0,65380.0,1007.74608,9722
2026-07-21 03:00:00,65381.0,65565.0,65379.0,65539.0,1178.31984,8772
2026-07-21 04:00:00,65538.0,65719.0,65456.0,65502.0,1024.86351,11321
2026-07-21 05:00:00,65502.0,65860.0,65451.0,65720.0,1550.49254,12925
2026-07-21 06:00:00,65720.0,65970.0,65608.0,65892.0,984.21042,12966
2026-07-21 07:00:00,65893.0,66215.0,65840.0,66170.0,2515.52882,18435
2026-07-21 08:00:00,66168.0,66329.0,66102.0,66194.0,1791.43727,19247
2026-07-21 09:00:00,66195.0,66316.0,66113.0,66259.0,807.15009,10971
2026-07-21 10:00:00,66260.0,66382.0,66151.0,66160.0,1109.56199,13534
2026-07-21 11:00:00,66160.0,66326.0,66110.0,66320.0,393.03795,8186
2026-07-21 12:00:00,66321.0,66620.0,66238.0,66528.0,2085.21216,16767
2026-07-21 13:00:00,66529.0,66778.0,66301.0,66748.0,2558.57786,23386
2026-07-21 14:00:00,66748.0,66918.0,66606.0,66806.0,2916.64238,28712
2026-07-21 15:00:00,66807.0,66807.0,66489.0,66644.0,1286.74716,18439
2026-07-21 16:00:00,66645.0,66729.0,66437.0,66511.0,763.49988,14168
2026-07-21 17:00:00,66510.0,66536.0,66100.0,66189.0,2326.82222,19926
2026-07-21 18:00:00,66188.0,66341.0,66065.0,66302.0,1672.97811,15141
2026-07-21 19:00:00,66301.0,66469.0,66236.0,66417.0,1051.87411,10609
2026-07-21 20:00:00,66417.0,66469.0,66326.0,66374.0,786.47567,8572
2026-07-21 21:00:00,66373.0,66383.0,66248.0,66352.0,686.68275,10239
2026-07-21 22:00:00,66353.0,66354.0,66185.0,66272.0,385.79044,8909
2026-07-21 23:00:00,66271.0,66553.0,66188.0,66527.0,982.17791,10519
2026-07-22 00:00:00,66526.0,66714.0,66510.0,66593.0,790.09848,13106
2026-07-22 01:00:00,66591.0,66627.0,66261.0,66399.0,1681.71235,14236
2026-07-22 02:00:00,66400.0,66513.0,66271.0,66285.0,441.91538,7917
2026-07-22 03:00:00,66286.0,66349.0,66152.0,66180.0,700.8109,9822
2026-07-22 04:00:00,66179.0,66400.0,66165.0,66359.0,358.77491,8285
2026-07-22 05:00:00,66360.0,66360.0,65917.0,65955.0,2278.88082,16663
2026-07-22 06:00:00,65954.0,66000.0,65790.0,65898.0,1600.4677,14753
2026-07-22 07:00:00,65898.0,65930.0,65663.0,65808.0,837.57469,11972
2026-07-22 08:00:00,65808.0,66142.0,65808.0,65958.0,1146.46452,13881
2026-07-22 09:00:00,65958.0,66060.0,65823.0,65902.0,415.06037,11328
2026-07-22 10:00:00,65903.0,66097.0,65868.0,66027.0,380.14471,10347
2026-07-22 11:00:00,66027.0,66075.0,65882.0,65990.0,467.93503,11897
2026-07-22 12:00:00,65989.0,65993.0,65534.0,65613.0,1145.58883,14892
2026-07-22 13:00:00,65613.0,65962.0,65544.0,65939.0,1433.1311,19069
2026-07-22 14:00:00,65939.0,66190.0,65555.0,65780.0,3641.89642,31519
2026-07-22 15:00:00,65780.0,66114.0,65780.0,66022.0,2444.25172,19927
2026-07-22 16:00:00,66022.0,66358.0,65891.0,66208.0,2422.20933,19321
2026-07-22 17:00:00,66207.0,66250.0,65909.0,66000.0,1640.84049,14048
2026-07-22 18:00:00,66000.0,66058.0,65692.0,65866.0,1767.31318,16624
2026-07-22 19:00:00,65866.0,65945.0,65666.0,65906.0,850.88628,12259
2026-07-22 20:00:00,65902.0,65971.0,65770.0,65890.0,719.56634,10918
2026-07-22 21:00:00,65890.0,66107.0,65867.0,66040.0,626.87377,9600
2026-07-22 22:00:00,66040.0,66054.0,65907.0,66019.0,537.41759,8169
2026-07-22 23:00:00,66018.0,66125.0,65809.0,66086.0,1636.91766,11452
2026-07-23 00:00:00,66086.0,66295.0,66017.0,66028.0,1294.32117,13013
2026-07-23 01:00:00,66027.0,66181.0,65703.0,65803.0,2064.26877,16976
2026-07-23 02:00:00,65802.0,65811.0,65612.0,65779.0,1143.15261,11350
2026-07-23 03:00:00,65778.0,65789.0,65540.0,65626.0,876.65481,10665
2026-07-23 04:00:00,65625.0,65708.0,65559.0,65577.0,389.16158,8202
2026-07-23 05:00:00,65580.0,65768.0,65539.0,65662.0,289.91678,7430
2026-07-23 06:00:00,65661.0,65794.0,65592.0,65766.0,660.10683,7206
2026-07-23 07:00:00,65766.0,65766.0,65323.0,65416.0,1091.3183,14549
2026-07-23 08:00:00,65417.0,65641.0,65390.0,65611.0,763.24487,13734
2026-07-23 09:00:00,65612.0,65739.0,65580.0,65611.0,923.45001,11332
2026-07-23 10:00:00,65611.0,65774.0,65550.0,65699.0,1361.46256,9472
2026-07-23 11:00:00,65698.0,65710.0,65502.0,65523.0,343.1374,7984
2026-07-23 12:00:00,65523.0,65566.0,64967.0,65153.0,2179.65403,22832
2026-07-23 13:00:00,65153.0,65206.0,64848.0,64860.0,2504.1453,25612
2026-07-23 14:00:00,64860.0,65194.0,64807.0,64884.0,2255.51532,20871
2026-07-23 15:00:00,64885.0,65000.0,64700.0,64942.0,1706.02844,21477
2026-07-23 16:00:00,64941.0,64942.0,64697.0,64735.0,972.85693,13968
2026-07-23 17:00:00,64735.0,64872.0,64637.0,64656.0,1177.4359,12866
2026-07-23 18:00:00,64657.0,64929.0,64656.0,64846.0,738.90143,10506
2026-07-23 19:00:00,64847.0,64914.0,64675.0,64834.0,460.53106,8877
2026-07-23 20:00:00,64837.0,65174.0,64810.0,65117.0,1372.88614,12913
2026-07-23 21:00:00,65118.0,65181.0,64975.0,65144.0,610.14517,8405
2026-07-23 22:00:00,65144.0,65187.0,64985.0,65158.0,915.60797,9407
2026-07-23 23:00:00,65157.0,65187.0,65020.0,65069.0,347.87617,6451
2026-07-24 00:00:00,65070.0,65083.0,64721.0,64941.0,1120.6807,12751
2026-07-24 01:00:00,64942.0,65144.0,64909.0,65054.0,880.97982,9153
2026-07-24 02:00:00,65054.0,65158.0,64887.0,65093.0,1185.28788,9852
2026-07-24 03:00:00,65094.0,65440.0,65052.0,65426.0,2060.74147,15827
2026-07-24 04:00:00,65426.0,65426.0,65232.0,65271.0,567.79341,7488
2026-07-24 05:00:00,65271.0,65367.0,65216.0,65287.0,836.15073,6555
2026-07-24 06:00:00,65287.0,65500.0,65254.0,65453.0,680.59184,8225
2026-07-24 07:00:00,65454.0,65795.0,65340.0,65483.0,2350.91075,20350
2026-07-24 08:00:00,65488.0,65496.0,65283.0,65285.0,638.65444,9779
2026-07-24 09:00:00,65285.0,65295.0,64923.0,65089.0,2629.22596,19102
2026-07-24 10:00:00,65089.0,65141.0,64878.0,64928.0,1013.05924,13151
2026-07-24 11:00:00,64929.0,65077.0,64828.0,65065.0,1439.82809,11268
2026-07-24 12:00:00,65065.0,65125.0,64727.0,64751.0,1125.05003,10347
2026-07-24 13:00:00,64751.0,64780.0,63900.0,64138.0,5085.77283,40406
2026-07-24 14:00:00,64140.0,64201.0,63730.0,64052.0,3621.43615,28818
2026-07-24 15:00:00,64052.0,64323.0,63846.0,64085.0,1984.41105,22378
2026-07-24 16:00:00,64087.0,64185.0,63862.0,63939.0,1254.89786,12250
2026-07-24 17:00:00,63939.0,64194.0,63892.0,64169.0,1317.93206,11237
2026-07-24 18:00:00,64169.0,64279.0,64110.0,64258.0,868.56967,9947
2026-07-24 19:00:00,64258.0,64280.0,64111.0,64199.0,814.32525,9830
2026-07-24 20:00:00,64199.0,64264.0,64099.0,64144.0,589.39254,7381
2026-07-24 21:00:00,64144.0,64201.0,64110.0,64125.0,549.56136,5894
2026-07-24 22:00:00,64125.0,64205.0,64111.0,64144.0,320.01134,5108
2026-07-24 23:00:00,64143.0,64157.0,64115.0,64123.0,188.42194,4127
2026-07-25 00:00:00,64122.0,64155.0,64016.0,64048.0,341.11903,5293
2026-07-25 01:00:00,64047.0,64135.0,63983.0,64041.0,620.25634,6321
2026-07-25 02:00:00,64040.0,64068.0,63990.0,64013.0,331.87857,4627
2026-07-25 03:00:00,64012.0,64072.0,63991.0,64062.0,213.81707,4348
2026-07-25 04:00:00,64060.0,64173.0,64055.0,64150.0,318.71325,4622
2026-07-25 05:00:00,64150.0,64171.0,63949.0,63995.0,446.1534,4604
2026-07-25 06:00:00,63995.0,64037.0,63926.0,63978.0,1135.94505,7144
2026-07-25 07:00:00,63979.0,64007.0,63970.0,63984.0,212.76366,4564
2026-07-25 08:00:00,63985.0,63985.0,63736.0,63841.0,1648.79484,9418
2026-07-25 09:00:00,63842.0,64000.0,63800.0,63975.0,923.57807,8221
2026-07-25 10:00:00,63976.0,64053.0,63971.0,64047.0,450.34524,5915
2026-07-25 11:00:00,64047.0,64087.0,64024.0,64032.0,329.77794,6033
2026-07-25 12:00:00,64032.0,64103.0,64010.0,64103.0,271.50068,3627
2026-07-25 13:00:00,64103.0,64233.0,64082.0,64155.0,486.01299,5632
2026-07-25 14:00:00,64155.0,64198.0,64101.0,64197.0,217.17007,4079
2026-07-25 15:00:00,64197.0,64250.0,64153.0,64157.0,301.3342,5226
2026-07-25 16:00:00,64157.0,64219.0,64094.0,64184.0,239.56479,4159
2026-07-25 17:00:00,64184.0,64314.0,64170.0,64240.0,505.08496,5893
2026-07-25 18:00:00,64241.0,64434.0,64240.0,64398.0,702.02261,7812
2026-07-25 19:00:00,64399.0,64427.0,64367.0,64368.0,384.95921,4930
2026-07-25 20:00:00,64369.0,64374.0,64282.0,64309.0,334.59043,4364
2026-07-25 21:00:00,64309.0,64400.0,64234.0,64318.0,188.90741,4037
2026-07-25 22:00:00,64318.0,64408.0,64318.0,64390.0,216.01668,2969
2026-07-25 23:00:00,64391.0,64410.0,64355.0,64361.0,160.132,2631
2026-07-26 00:00:00,64361.0,64490.0,64334.0,64490.0,273.55116,4594
2026-07-26 01:00:00,64490.0,64530.0,64426.0,64436.0,281.24274,3698
2026-07-26 02:00:00,64436.0,64498.0,64399.0,64496.0,81.67744,2695
2026-07-26 03:00:00,64496.0,64558.0,64460.0,64520.0,357.547,4151
2026-07-26 04:00:00,64520.0,64571.0,64463.0,64501.0,165.6269,3287
2026-07-26 05:00:00,64501.0,64501.0,64387.0,64388.0,348.00322,3434
2026-07-26 06:00:00,64388.0,64429.0,64262.0,64407.0,437.72676,4840
2026-07-26 07:00:00,64407.0,64433.0,64320.0,64346.0,225.86615,3287
2026-07-26 08:00:00,64347.0,64470.0,64333.0,64458.0,197.07607,4717
2026-07-26 09:00:00,64458.0,64528.0,64449.0,64508.0,194.76129,3814
2026-07-26 10:00:00,64508.0,64543.0,64469.0,64488.0,118.58331,2722
2026-07-26 11:00:00,64488.0,64512.0,64467.0,64476.0,119.19223,2909
2026-07-26 12:00:00,64477.0,64630.0,64407.0,64438.0,649.72467,7399
2026-07-26 13:00:00,64439.0,64541.0,64377.0,64490.0,246.05447,4777
2026-07-26 14:00:00,64490.0,64725.0,64489.0,64683.0,904.69315,10060
2026-07-26 15:00:00,64684.0,64780.0,64641.0,64737.0,448.41523,6668
2026-07-26 16:00:00,64737.0,64907.0,64668.0,64702.0,967.36344,7945
2026-07-26 17:00:00,64703.0,64768.0,64638.0,64666.0,426.54102,6069
2026-07-26 18:00:00,64666.0,64746.0,64637.0,64710.0,179.34865,5132
2026-07-26 19:00:00,64710.0,64730.0,64642.0,64669.0,299.09441,6486
2026-07-26 20:00:00,64670.0,64670.0,64599.0,64616.0,416.32527,5878
2026-07-26 21:00:00,64617.0,64895.0,64616.0,64819.0,500.16477,9110
2026-07-26 22:00:00,64819.0,65484.0,64819.0,65377.0,2521.09556,22506
2026-07-26 23:00:00,65377.0,65561.0,65253.0,65366.0,1125.26094,12498
2026-07-27 00:00:00,65372.0,65395.0,65045.0,65099.0,915.98925,13158
2026-07-27 01:00:00,65100.0,65198.0,64866.0,65180.0,554.45739,11250
2026-07-27 02:00:00,65180.0,65259.0,65083.0,65148.0,593.26931,8130
2026-07-27 03:00:00,65148.0,65342.0,65143.0,65261.0,318.24114,6956
2026-07-27 04:00:00,65261.0,65470.0,65225.0,65256.0,529.65314,8193
2026-07-27 05:00:00,65257.0,65470.0,65251.0,65437.0,399.23276,6410
2026-07-27 06:00:00,65438.0,65715.0,65379.0,65381.0,1007.29423,11373
2026-07-27 07:00:00,65380.0,65417.0,65180.0,65191.0,575.96225,8822
2026-07-27 08:00:00,65190.0,65226.0,65090.0,65139.0,616.48705,11047
2026-07-27 09:00:00,65138.0,65316.0,65069.0,65234.0,367.54945,8416
2026-07-27 10:00:00,65232.0,65411.0,65203.0,65304.0,270.37862,7731
2026-07-27 11:00:00,65304.0,65305.0,65058.0,65074.0,606.5374,9068
2026-07-27 12:00:00,65073.0,65232.0,64796.0,65057.0,2096.75979,17116
2026-07-27 13:00:00,65057.0,65680.0,64893.0,65182.0,2954.34462,27599
2026-07-27 14:00:00,65181.0,65395.0,64450.0,64667.0,3688.51446,36361
2026-07-27 15:00:00,64667.0,64756.0,64394.0,64514.0,2742.85515,22255
2026-07-27 16:00:00,64515.0,64938.0,64500.0,64865.0,1664.90042,18936
2026-07-27 17:00:00,64865.0,65059.0,64749.0,64984.0,1489.21261,15549
2026-07-27 18:00:00,64985.0,65031.0,64718.0,64849.0,703.76435,11694
2026-07-27 19:00:00,64848.0,65046.0,64776.0,64949.0,828.24091,10896
2026-07-27 20:00:00,64948.0,65027.0,64865.0,64933.0,396.3068,7964
2026-07-27 21:00:00,64934.0,64934.0,64755.0,64787.0,717.8564,9374
2026-07-27 22:00:00,64787.0,64788.0,63768.0,63769.0,3558.89633,27067
2026-07-27 23:00:00,63768.0,63920.0,63576.0,63736.0,3433.7327,24545
2026-07-28 00:00:00,63737.0,63804.0,63442.0,63451.0,2020.53231,18753
2026-07-28 01:00:00,63453.0,63504.0,63026.0,63200.0,2658.93447,22742
2026-07-28 02:00:00,63200.0,63278.0,63069.0,63159.0,820.91433,10223
2026-07-28 03:00:00,63160.0,63355.0,63146.0,63320.0,1615.15432,11578
2026-07-28 04:00:00,63320.0,63342.0,63200.0,63332.0,427.12117,6937
2026-07-28 05:00:00,63333.0,63600.0,63307.0,63429.0,768.05021,8799
2026-07-28 06:00:00,63430.0,63641.0,63377.0,63621.0,609.6549,7904
2026-07-28 07:00:00,63622.0,63636.0,63430.0,63480.0,373.50661,6506
2026-07-28 08:00:00,63480.0,63506.0,63377.0,63402.0,283.20344,7388
2026-07-28 09:00:00,63403.0,63557.0,63345.0,63374.0,361.55564,6722
2026-07-28 10:00:00,63374.0,63531.0,63265.0,63451.0,419.91225,9032
2026-07-28 11:00:00,63452.0,63567.0,63330.0,63441.0,588.32891,11566
2026-07-28 12:00:00,63440.0,63567.0,63363.0,63543.0,763.11305,9046
2026-07-28 13:00:00,63543.0,63565.0,62703.0,63089.0,2960.18831,27257
2026-07-28 14:00:00,63089.0,63532.0,62946.0,63400.0,2557.15089,24709
2026-07-28 15:00:00,63400.0,64000.0,63250.0,63911.0,3280.91911,26895
2026-07-28 16:00:00,63910.0,64100.0,63755.0,64025.0,1414.60059,12900
2026-07-28 17:00:00,64025.0,64025.0,63476.0,63664.0,1926.28583,16502
2026-07-28 18:00:00,63663.0,63810.0,63628.0,63701.0,735.376,11753
2026-07-28 19:00:00,63701.0,63875.0,63653.0,63870.0,1002.87576,11343
2026-07-28 20:00:00,63873.0,63992.0,63847.0,63885.0,814.25754,11478
2026-07-28 21:00:00,63886.0,64039.0,63860.0,63946.0,580.71362,10704
2026-07-28 22:00:00,63947.0,63995.0,63738.0,63751.0,841.55489,11676
2026-07-28 23:00:00,63750.0,63933.0,63525.0,63906.0,1928.35873,17366
2026-07-29 00:00:00,63907.0,64164.0,63858.0,63934.0,1121.53971,14633
2026-07-29 01:00:00,63934.0,63981.0,63663.0,63677.0,850.47812,12776
2026-07-29 02:00:00,63678.0,64106.0,63635.0,63948.0,623.53954,12171
2026-07-29 03:00:00,63948.0,63981.0,63681.0,63721.0,714.47004,10068
2026-07-29 04:00:00,63722.0,63944.0,63565.0,63944.0,790.0595,12005
2026-07-29 05:00:00,63944.0,64073.0,63859.0,64042.0,591.27829,9677
2026-07-29 06:00:00,64041.0,64439.0,64002.0,64402.0,1265.97183,15393
2026-07-29 07:00:00,64402.0,64548.0,64374.0,64530.0,510.18695,10565
2026-07-29 08:00:00,64531.0,64577.0,64250.0,64392.0,1031.77277,12971
2026-07-29 09:00:00,64392.0,64696.0,64354.0,64659.0,941.77418,15523
2026-07-29 10:00:00,64660.0,64685.0,64378.0,64438.0,984.05624,12567
2026-07-29 11:00:00,64437.0,64568.0,64386.0,64482.0,716.08352,9880
2026-07-29 12:00:00,64483.0,64483.0,64200.0,64249.0,713.22689,12275
2026-07-29 13:00:00,64249.0,64640.0,64116.0,64627.0,1600.55938,20930
2026-07-29 14:00:00,64628.0,64689.0,64025.0,64079.0,1742.26519,22722
2026-07-29 15:00:00,64080.0,64173.0,63848.0,63943.0,1487.64613,16616
2026-07-29 16:00:00,63943.0,64108.0,63581.0,63789.0,2032.09829,20720
2026-07-29 17:00:00,63789.0,64255.0,63685.0,64254.0,2040.69127,19473
2026-07-29 18:00:00,64254.0,64690.0,63714.0,64474.0,5827.73751,49472
2026-07-29 19:00:00,64474.0,64566.0,63478.0,63563.0,4229.95742,39409
2026-07-29 20:00:00,63562.0,63700.0,63345.0,63497.0,2441.02948,25888
2026-07-29 21:00:00,63498.0,63853.0,63245.0,63848.0,2421.15541,21099
2026-07-29 22:00:00,63848.0,64094.0,63843.0,63918.0,1884.47504,17011
2026-07-29 23:00:00,63917.0,64044.0,63838.0,63962.0,877.98303,9494
2026-07-30 00:00:00,63961.0,64090.0,63588.0,63676.0,740.68813,11881
2026-07-30 01:00:00,63675.0,64345.0,63661.0,64243.0,1827.48415,16994
2026-07-30 02:00:00,64243.0,64390.0,64129.0,64158.0,519.32367,9955
2026-07-30 03:00:00,64158.0,64273.0,64108.0,64138.0,368.87496,7824
2026-07-30 04:00:00,64141.0,64156.0,63974.0,63994.0,378.39369,7027
2026-07-30 05:00:00,63995.0,64142.0,63877.0,64009.0,893.62246,9237
2026-07-30 06:00:00,64009.0,64057.0,63930.0,63968.0,206.06049,4575
2026-07-30 07:00:00,63969.0,64115.0,63904.0,63977.0,295.26215,5687
2026-07-30 08:00:00,63979.0,64324.0,63954.0,64277.0,1005.76673,11413
2026-07-30 09:00:00,64278.0,64600.0,64257.0,64540.0,869.61223,12385
2026-07-30 10:00:00,64540.0,64600.0,64534.0,64553.0,411.65,6670
2026-07-30 11:00:00,64554.0,64850.0,64516.0,64747.0,996.55731,10434
2026-07-30 12:00:00,64748.0,64997.0,64748.0,64892.0,1036.13242,13654
2026-07-30 13:00:00,64892.0,65153.0,64657.0,64986.0,1654.50002,18428
2026-07-30 14:00:00,64987.0,65006.0,64575.0,64645.0,1937.7111,19049
2026-07-30 15:00:00,64644.0,64854.0,64569.0,64692.0,1205.54974,13721
2026-07-30 16:00:00,64692.0,64930.0,64690.0,64789.0,943.69709,10649
2026-07-30 17:00:00,64789.0,64951.0,64738.0,64836.0,572.43555,8147
2026-07-30 18:00:00,64837.0,64860.0,64642.0,64669.0,344.60821,6976
2026-07-30 19:00:00,64669.0,64879.0,64668.0,64769.0,771.74148,7919
2026-07-30 20:00:00,64768.0,64905.0,64724.0,64744.0,694.47068,7159
2026-07-30 21:00:00,64744.0,64771.0,64669.0,64701.0,251.47061,5082
2026-07-30 22:00:00,64701.0,64992.0,64623.0,64828.0,1007.84825,10513
2026-07-30 23:00:00,64827.0,65066.0,64720.0,64754.0,700.93889,7945
2026-07-31 00:00:00,64755.0,64870.0,64667.0,64702.0,401.21061,6172
2026-07-31 01:00:00,64703.0,65385.0,64469.0,64530.0,2029.95971,20561
2026-07-31 02:00:00,64531.0,64583.0,64157.0,64267.0,2118.61196,15648
2026-07-31 03:00:00,64268.0,64412.0,64150.0,64347.0,1594.62371,9612
2026-07-31 04:00:00,64345.0,64413.0,64195.0,64284.0,521.16463,5813
2026-07-31 05:00:00,64285.0,64405.0,64237.0,64330.0,855.17838,6683
2026-07-31 06:00:00,64331.0,64470.0,64168.0,64203.0,972.91181,8404
2026-07-31 07:00:00,64204.0,64204.0,63849.0,63918.0,1618.84667,15078
2026-07-31 08:00:00,63919.0,63956.0,63800.0,63806.0,690.39775,9992
2026-07-31 09:00:00,63806.0,63819.0,63601.0,63696.0,935.12855,12138
2026-07-31 10:00:00,63697.0,63928.0,63582.0,63894.0,636.28181,10020
2026-07-31 11:00:00,63893.0,63983.0,63755.0,63771.0,1040.09919,8875
2026-07-31 12:00:00,63771.0,63793.0,63593.0,63728.0,826.8357,8777
2026-07-31 13:00:00,63729.0,63807.0,63205.0,63258.0,3316.35463,21578
2026-07-31 14:00:00,63258.0,63295.0,62440.0,62669.0,5667.62746,45738
2026-07-31 15:00:00,62669.0,62752.0,62470.0,62705.0,1532.7342,13915
2026-07-31 16:00:00,62705.0,62920.0,62693.0,62847.0,2411.83108,13148
2026-07-31 17:00:00,62847.0,63279.0,62779.0,63209.0,2301.19258,15388
2026-07-31 18:00:00,63210.0,63267.0,62934.0,63071.0,1206.46357,13106
2026-07-31 19:00:00,63072.0,63132.0,62902.0,62935.0,287.33742,7127
2026-07-31 20:00:00,62938.0,63007.0,62894.0,62921.0,274.60644,4956
2026-07-31 21:00:00,62922.0,63025.0,62813.0,62920.0,681.86939,6171
2026-07-31 22:00:00,62921.0,63003.0,62835.0,62900.0,531.87994,4947
2026-07-31 23:00:00,62900.0,62988.0,62821.0,62856.0,342.63743,5046
2026-08-01 00:00:00,62857.0,62993.0,62856.0,62906.0,281.6698,4440
2026-08-01 01:00:00,62906.0,62960.0,62899.0,62940.0,132.64688,2916
2026-08-01 02:00:00,62940.0,63078.0,62939.0,63042.0,273.19104,3342
2026-08-01 03:00:00,63043.0,63047.0,62950.0,62975.0,366.34507,3867
2026-08-01 04:00:00,62976.0,63080.0,62971.0,63073.0,97.44346,2707
2026-08-01 05:00:00,63073.0,63115.0,62967.0,63008.0,143.73327,3321
2026-08-01 06:00:00,63008.0,63040.0,62965.0,63040.0,218.78274,2429
2026-08-01 07:00:00,63040.0,63073.0,63000.0,63018.0,213.57813,2731
2026-08-01 08:00:00,63018.0,63114.0,63017.0,63103.0,112.73468,3118
2026-08-01 09:00:00,63103.0,63114.0,63015.0,63024.0,115.17166,2832
2026-08-01 10:00:00,63024.0,63083.0,62951.0,63021.0,187.32019,3670
2026-08-01 11:00:00,63022.0,63059.0,63010.0,63046.0,77.45119,2441
2026-08-01 12:00:00,63046.0,63093.0,63045.0,63070.0,112.5681,2419
2026-08-01 13:00:00,63069.0,63082.0,63025.0,63041.0,117.00408,2350
2026-08-01 14:00:00,63042.0,63098.0,63041.0,63098.0,269.41907,3350
2026-08-01 15:00:00,63097.0,63099.0,62982.0,62982.0,323.30985,3296
2026-08-01 16:00:00,62982.0,62995.0,62846.0,62885.0,486.69234,5943
2026-08-01 17:00:00,62885.0,62969.0,62630.0,62675.0,1316.45111,11368
2026-08-01 18:00:00,62675.0,62700.0,62237.0,62550.0,2567.42923,22657
2026-08-01 19:00:00,62549.0,62598.0,62419.0,62503.0,745.05452,8407
2026-08-01 20:00:00,62503.0,62646.0,62456.0,62635.0,600.37305,8042
2026-08-01 21:00:00,62634.0,62840.0,62634.0,62792.0,1180.20545,10943
2026-08-01 22:00:00,62791.0,62852.0,62769.0,62804.0,440.91704,5023
2026-08-01 23:00:00,62804.0,62830.0,62739.0,62790.0,271.50744,3963
2026-08-02 00:00:00,62789.0,62946.0,62786.0,62811.0,816.11388,6964
2026-08-02 01:00:00,62810.0,63064.0,62810.0,62971.0,432.14,6488
2026-08-02 02:00:00,62970.0,63550.0,62939.0,63431.0,3582.43561,19877
2026-08-02 03:00:00,63431.0,63534.0,63365.0,63436.0,376.18492,6040
2026-08-02 04:00:00,63436.0,63600.0,63436.0,63567.0,526.79894,5526
2026-08-02 05:00:00,63566.0,63617.0,63398.0,63432.0,583.54995,6089
2026-08-02 06:00:00,63431.0,63480.0,63408.0,63472.0,276.32124,4231
2026-08-02 07:00:00,63471.0,63524.0,63457.0,63467.0,147.61498,3253
2026-08-02 08:00:00,63466.0,63517.0,63142.0,63165.0,956.18236,8041
2026-08-02 09:00:00,63164.0,63299.0,63070.0,63256.0,475.71394,5705
2026-08-02 10:00:00,63255.0,63256.0,63098.0,63173.0,296.27112,4952
2026-08-02 11:00:00,63173.0,63182.0,62960.0,63011.0,499.39967,6016
2026-08-02 12:00:00,63010.0,63214.0,63010.0,63097.0,653.26636,6699
2026-08-02 13:00:00,63097.0,63122.0,62989.0,63099.0,321.64384,4632
2026-08-02 14:00:00,63099.0,63160.0,63037.0,63047.0,422.55671,4945
2026-08-02 15:00:00,63048.0,63168.0,63029.0,63102.0,513.90615,4999
2026-08-02 16:00:00,63102.0,63257.0,63044.0,63174.0,555.43302,6180
2026-08-02 17:00:00,63172.0,63340.0,63129.0,63297.0,447.22237,5809
2026-08-02 18:00:00,63296.0,63611.0,63271.0,63362.0,842.4428,8762
2026-08-02 19:00:00,63361.0,63461.0,63309.0,63443.0,470.50678,5661
2026-08-02 20:00:00,63442.0,63492.0,63382.0,63484.0,246.42922,4699
2026-08-02 21:00:00,63483.0,63777.0,63464.0,63560.0,1231.88874,12030
2026-08-02 22:00:00,63560.0,63784.0,63342.0,63400.0,2031.85176,12324
2026-08-02 23:00:00,63401.0,63580.0,63320.0,63556.0,1198.89466,8979
2026-08-03 00:00:00,63557.0,63590.0,63202.0,63296.0,837.05133,7984
2026-08-03 01:00:00,63297.0,63337.0,63100.0,63196.0,314.74569,6591
2026-08-03 02:00:00,63197.0,63267.0,63081.0,63128.0,368.61501,5361
2026-08-03 03:00:00,63129.0,63152.0,62764.0,62846.0,779.93815,8771
2026-08-03 04:00:00,62847.0,62983.0,62760.0,62768.0,490.0741,7056
2026-08-03 05:00:00,62768.0,62862.0,62720.0,62808.0,1009.41613,7296
2026-08-03 06:00:00,62809.0,62852.0,62583.0,62594.0,569.12894,8780
2026-08-03 07:00:00,62595.0,62681.0,62535.0,62597.0,617.52629,8596
2026-08-03 08:00:00,62596.0,62618.0,62270.0,62518.0,1252.65633,14215
2026-08-03 09:00:00,62518.0,62835.0,62499.0,62812.0,1176.29094,10417
2026-08-03 10:00:00,62813.0,62835.0,62599.0,62720.0,425.94576,7761
2026-08-03 11:00:00,62720.0,62759.0,62511.0,62534.0,746.60055,8148
2026-08-03 12:00:00,62534.0,62781.0,62423.0,62677.0,886.21035,11237
2026-08-03 13:00:00,62677.0,63377.0,62545.0,63340.0,2762.4072,29920
2026-08-03 14:00:00,63341.0,63946.0,63120.0,63940.0,5273.04484,45510
2026-08-03 15:00:00,63940.0,63955.0,63609.0,63661.0,2769.72563,18815
2026-08-03 16:00:00,63661.0,63916.0,63630.0,63745.0,1120.9341,14220
2026-08-03 17:00:00,63744.0,64017.0,63686.0,63874.0,920.85502,11798
2026-08-03 18:00:00,63875.0,63963.0,63728.0,63839.0,864.6098,7841
2026-08-03 19:00:00,63839.0,64050.0,63814.0,63832.0,1281.89843,10945
2026-08-03 20:00:00,63832.0,64006.0,63736.0,63761.0,962.81851,7929
2026-08-03 21:00:00,63761.0,63761.0,63521.0,63560.0,724.59295,9878
2026-08-03 22:00:00,63560.0,63651.0,63367.0,63579.0,877.23847,12140
2026-08-03 23:00:00,63580.0,63593.0,63429.0,63492.0,403.05421,6006
2026-08-04 00:00:00,63492.0,63562.0,63287.0,63339.0,483.73838,9697
2026-08-04 01:00:00,63338.0,63905.0,63333.0,63823.0,2236.69529,17157
2026-08-04 02:00:00,63823.0,63948.0,63657.0,63799.0,962.50758,10058
2026-08-04 03:00:00,63806.0,63835.0,63629.0,63777.0,376.12125,7433
2026-08-04 04:00:00,63776.0,64220.0,63719.0,64007.0,3185.27298,15974
2026-08-04 05:00:00,64006.0,64025.0,63749.0,63777.0,815.067,11066
2026-08-04 06:00:00,63778.0,63828.0,63632.0,63647.0,804.53868,9643
2026-08-04 07:00:00,63647.0,63738.0,63486.0,63659.0,855.22337,11674
2026-08-04 08:00:00,63660.0,63712.0,63531.0,63557.0,488.36423,10102
2026-08-04 09:00:00,63558.0,63575.0,63492.0,63569.0,761.17047,10920
2026-08-04 10:00:00,63569.0,63820.0,63423.0,63739.0,1226.8679,15509
2026-08-04 11:00:00,63739.0,63930.0,63685.0,63899.0,584.77911,9966
2026-08-04 12:00:00,63900.0,64044.0,63761.0,63879.0,838.58458,10757
2026-08-04 13:00:00,63878.0,64076.0,63621.0,63655.0,1512.95764,17537
2026-08-04 14:00:00,63655.0,64160.0,63587.0,64097.0,2102.64072,24619
2026-08-04 15:00:00,64096.0,64195.0,63781.0,64091.0,1135.27375,15342
2026-08-04 16:00:00,64090.0,64097.0,63866.0,63923.0,604.72337,11441
2026-08-04 17:00:00,63924.0,64153.0,63853.0,63943.0,668.69986,11644
2026-08-04 18:00:00,63944.0,64370.0,63943.0,64268.0,1815.5216,19443
2026-08-04 19:00:00,64268.0,64385.0,64170.0,64202.0,1073.54903,13342
2026-08-04 20:00:00,64202.0,64400.0,63974.0,64318.0,1308.76551,15016
2026-08-04 21:00:00,64318.0,64321.0,64148.0,64163.0,563.98109,9082
2026-08-04 22:00:00,64163.0,64269.0,64107.0,64242.0,578.52659,8435
2026-08-04 23:00:00,64243.0,64500.0,64047.0,64068.0,2632.52579,22723
2026-08-05 00:00:00,64068.0,64164.0,63953.0,63962.0,1472.9177,14955
2026-08-05 01:00:00,63962.0,64321.0,63921.0,64304.0,1996.91273,12639
2026-08-05 02:00:00,64304.0,64469.0,64299.0,64339.0,1256.71394,11173
2026-08-05 03:00:00,64338.0,64424.0,64030.0,64157.0,564.25002,8750
2026-08-05 04:00:00,64157.0,64193.0,64070.0,64148.0,330.23198,6242
2026-08-05 05:00:00,64148.0,64490.0,64144.0,64315.0,637.82127,8886
2026-08-05 06:00:00,64315.0,64344.0,64206.0,64222.0,458.17685,6951
2026-08-05 07:00:00,64222.0,64246.0,63971.0,64138.0,1180.31575,11780
2026-08-05 08:00:00,64139.0,64250.0,64062.0,64092.0,885.35762,11343
2026-08-05 09:00:00,64093.0,64183.0,64085.0,64127.0,242.45636,6343
2026-08-05 10:00:00,64127.0,64212.0,63990.0,64032.0,694.50998,9404
2026-08-05 11:00:00,64033.0,64115.0,64014.0,64041.0,767.4381,9300
2026-08-05 12:00:00,64042.0,64540.0,64024.0,64291.0,1912.48705,19941
2026-08-05 13:00:00,64292.0,64382.0,63850.0,64381.0,2905.32206,32264
2026-08-05 14:00:00,64381.0,64532.0,64268.0,64440.0,2112.87054,26333
2026-08-05 15:00:00,64441.0,64700.0,64351.0,64351.0,2256.71052,22899
2026-08-05 16:00:00,64352.0,64723.0,64351.0,64628.0,1706.90708,13134
2026-08-05 17:00:00,64628.0,64755.0,64505.0,64730.0,1074.6566,10662
2026-08-05 18:00:00,64729.0,64825.0,64650.0,64766.0,1196.73684,12275
2026-08-05 19:00:00,64767.0,64901.0,64751.0,64796.0,1684.3143,12117
2026-08-05 20:00:00,64797.0,64986.0,64780.0,64794.0,1570.6535,12857
2026-08-05 21:00:00,64795.0,64799.0,64621.0,64699.0,920.04898,9440
2026-08-05 22:00:00,64699.0,64746.0,64589.0,64596.0,487.40132,6575
2026-08-05 23:00:00,64596.0,64717.0,64546.0,64625.0,549.17899,5722
2026-08-06 00:00:00,64625.0,64690.0,64547.0,64618.0,476.70583,5588
2026-08-06 01:00:00,64618.0,64629.0,64478.0,64565.0,566.33478,5579
2026-08-06 02:00:00,64563.0,64627.0,64425.0,64552.0,568.25242,5620
2026-08-06 03:00:00,64552.0,64559.0,64465.0,64511.0,242.28839,3756
2026-08-06 04:00:00,64511.0,64719.0,64473.0,64703.0,427.57263,5267
2026-08-06 05:00:00,64702.0,64966.0,64701.0,64865.0,832.38549,9384
2026-08-06 06:00:00,64865.0,64867.0,64710.0,64824.0,352.95895,4939
2026-08-06 07:00:00,64824.0,64938.0,64726.0,64784.0,941.74879,5910
2026-08-06 08:00:00,64784.0,64967.0,64713.0,64913.0,385.07039,6974
2026-08-06 09:00:00,64912.0,64913.0,64600.0,64654.0,596.54013,8253
2026-08-06 10:00:00,64653.0,64653.0,64555.0,64589.0,345.60234,6131
2026-08-06 11:00:00,64589.0,64634.0,64466.0,64598.0,778.10299,7781
2026-08-06 12:00:00,64597.0,64610.0,64365.0,64393.0,785.89648,7356
2026-08-06 13:00:00,64394.0,64496.0,64156.0,64405.0,2529.02559,18290
2026-08-06 14:00:00,64405.0,64817.0,64333.0,64745.0,1093.47742,15449
2026-08-06 15:00:00,64746.0,64945.0,64597.0,64598.0,1616.47387,16399
2026-08-06 16:00:00,64599.0,64747.0,64557.0,64724.0,639.82491,9983
2026-08-06 17:00:00,64725.0,64801.0,64512.0,64585.0,477.45627,7777
2026-08-06 18:00:00,64586.0,64586.0,64341.0,64390.0,1195.46861,10065
2026-08-06 19:00:00,64391.0,64443.0,64318.0,64416.0,626.43126,6406
2026-08-06 20:00:00,64423.0,64505.0,64391.0,64406.0,769.50512,5852
2026-08-06 21:00:00,64407.0,64485.0,64375.0,64414.0,413.15609,5820
2026-08-06 22:00:00,64414.0,64421.0,64285.0,64320.0,336.67296,5101
2026-08-06 23:00:00,64320.0,64333.0,64171.0,64293.0,758.6074,6076
2026-08-07 00:00:00,64294.0,64388.0,64205.0,64288.0,321.11342,5236
2026-08-07 01:00:00,64289.0,64442.0,64267.0,64393.0,201.50367,5319
2026-08-07 02:00:00,64394.0,64518.0,64227.0,64363.0,687.45966,6583
2026-08-07 03:00:00,64364.0,64378.0,64236.0,64259.0,422.41946,4235
2026-08-07 04:00:00,64260.0,64337.0,64137.0,64228.0,581.60104,5237
2026-08-07 05:00:00,64228.0,64364.0,64140.0,64306.0,380.56531,4667
2026-08-07 06:00:00,64306.0,64444.0,64251.0,64270.0,427.8785,4806
2026-08-07 07:00:00,64270.0,64389.0,64231.0,64288.0,382.62776,4123
2026-08-07 08:00:00,64288.0,64635.0,64270.0,64570.0,966.50197,9294
2026-08-07 09:00:00,64571.0,64925.0,64570.0,64795.0,996.9927,12379
2026-08-07 10:00:00,64795.0,64878.0,64764.0,64859.0,502.27699,7720
2026-08-07 11:00:00,64859.0,65183.0,64858.0,64994.0,2023.78548,17622
2026-08-07 12:00:00,64995.0,65356.0,64936.0,65254.0,2654.41907,20527
2026-08-07 13:00:00,65253.0,65297.0,64967.0,64985.0,1743.96213,15953
2026-08-07 14:00:00,64985.0,65237.0,64746.0,64927.0,2084.79374,25069
2026-08-07 15:00:00,64929.0,65103.0,64858.0,64876.0,544.88466,9147
2026-08-07 16:00:00,64877.0,65044.0,64775.0,64776.0,490.99732,7786
2026-08-07 17:00:00,64776.0,64797.0,64484.0,64736.0,1581.26672,14002
2026-08-07 18:00:00,64736.0,64850.0,64644.0,64690.0,1098.69825,9407
2026-08-07 19:00:00,64690.0,64990.0,64690.0,64919.0,782.06391,10699
2026-08-07 20:00:00,64920.0,64999.0,64910.0,64940.0,270.11417,6197
2026-08-07 21:00:00,64941.0,65063.0,64884.0,64884.0,477.30321,12320
2026-08-07 22:00:00,64885.0,64913.0,64813.0,64852.0,299.41764,6766
2026-08-07 23:00:00,64851.0,64886.0,64839.0,64885.0,186.34967,7129
2026-08-08 00:00:00,64886.0,64920.0,64778.0,64888.0,271.88408,8895
2026-08-08 01:00:00,64887.0,64923.0,64870.0,64885.0,99.91812,7133
2026-08-08 02:00:00,64886.0,64921.0,64860.0,64887.0,199.9889,6942
2026-08-08 03:00:00,64886.0,65045.0,64886.0,64998.0,208.15115,8218
2026-08-08 04:00:00,64997.0,65041.0,64939.0,64974.0,280.78952,8180
2026-08-08 05:00:00,64973.0,64992.0,64946.0,64967.0,175.5186,6894
2026-08-08 06:00:00,64967.0,64989.0,64928.0,64975.0,201.95495,6931
2026-08-08 07:00:00,64976.0,64976.0,64914.0,64926.0,161.6845,6866
2026-08-08 08:00:00,64926.0,64983.0,64919.0,64961.0,109.42002,6492
2026-08-08 09:00:00,64960.0,65025.0,64955.0,64959.0,153.28044,7807
2026-08-08 10:00:00,64959.0,64992.0,64959.0,64981.0,144.98524,6848
2026-08-08 11:00:00,64982.0,64995.0,64927.0,64939.0,211.61852,6189
2026-08-08 12:00:00,64940.0,65015.0,64883.0,64970.0,245.86138,6635
2026-08-08 13:00:00,64971.0,64988.0,64969.0,64988.0,100.70549,5161
2026-08-08 14:00:00,64987.0,65168.0,64976.0,65103.0,790.58615,12399
2026-08-08 15:00:00,65104.0,65132.0,65020.0,65051.0,426.27144,7832
2026-08-08 16:00:00,65051.0,65078.0,65006.0,65062.0,313.86515,7031
2026-08-08 17:00:00,65062.0,65125.0,65049.0,65088.0,355.13148,8630
2026-08-08 18:00:00,65087.0,65097.0,65000.0,65014.0,272.85677,6251
2026-08-08 19:00:00,65013.0,65054.0,64977.0,65044.0,287.80768,5963
2026-08-08 20:00:00,65044.0,65061.0,65017.0,65045.0,333.66029,5712
2026-08-08 21:00:00,65045.0,65046.0,64981.0,64987.0,250.10484,6714
2026-08-08 22:00:00,64987.0,65009.0,64912.0,64912.0,253.39132,5977
2026-08-08 23:00:00,64913.0,64946.0,64901.0,64933.0,283.1193,6610
2026-08-09 00:00:00,64933.0,64959.0,64928.0,64946.0,115.81003,6672
2026-08-09 01:00:00,64946.0,64979.0,64817.0,64838.0,284.26873,7849
2026-08-09 02:00:00,64838.0,64838.0,64753.0,64795.0,242.13915,6699
2026-08-09 03:00:00,64795.0,64795.0,64700.0,64759.0,234.87454,7040
2026-08-09 04:00:00,64760.0,64800.0,64756.0,64757.0,144.00941,6019
2026-08-09 05:00:00,64757.0,64776.0,64748.0,64775.0,91.70434,5062
2026-08-09 06:00:00,64776.0,64836.0,64775.0,64822.0,159.60292,5646
2026-08-09 07:00:00,64821.0,64827.0,64794.0,64795.0,119.0132,4803
2026-08-09 08:00:00,64795.0,64909.0,64758.0,64789.0,268.53905,6910
2026-08-09 09:00:00,64790.0,64854.0,64781.0,64854.0,311.82179,5640
2026-08-09 10:00:00,64854.0,64946.0,64853.0,64927.0,290.84236,4987
2026-08-09 11:00:00,64927.0,64969.0,64914.0,64914.0,224.41709,4131
2026-08-09 12:00:00,64914.0,64921.0,64884.0,64921.0,152.53655,6468
2026-08-09 13:00:00,64921.0,65236.0,64920.0,65191.0,1011.49387,14827
2026-08-09 14:00:00,65192.0,65266.0,65121.0,65231.0,645.66156,13371
2026-08-09 15:00:00,65231.0,65238.0,65173.0,65200.0,440.98517,7548
2026-08-09 16:00:00,65200.0,65241.0,65148.0,65197.0,517.09469,9307
2026-08-09 17:00:00,65197.0,65200.0,65161.0,65161.0,255.26664,6925
2026-08-09 18:00:00,65162.0,65192.0,65154.0,65162.0,205.64014,6795
2026-08-09 19:00:00,65162.0,65187.0,65141.0,65149.0,232.59296,7399
2026-08-09 20:00:00,65150.0,65159.0,65042.0,65106.0,550.31358,7456
2026-08-09 21:00:00,65105.0,65225.0,65091.0,65174.0,601.94576,11459
2026-08-09 22:00:00,65174.0,65475.0,64940.0,65044.0,1846.65909,22233
2026-08-09 23:00:00,65044.0,65074.0,64805.0,64868.0,962.22271,15700
2026-08-10 00:00:00,64868.0,65304.0,64779.0,64933.0,2300.90409,14384
2026-08-10 01:00:00,64933.0,65365.0,64868.0,65166.0,886.33093,8291
2026-08-10 02:00:00,65166.0,65191.0,64885.0,65077.0,687.40125,6913
2026-08-10 03:00:00,65077.0,65134.0,64869.0,64952.0,624.14687,5886
2026-08-10 04:00:00,64952.0,65077.0,64899.0,64985.0,369.49753,4239
2026-08-10 05:00:00,64985.0,65127.0,64958.0,65100.0,444.37206,3875
2026-08-10 06:00:00,65101.0,65300.0,65099.0,65263.0,295.91429,5048
2026-08-10 07:00:00,65264.0,65344.0,65176.0,65182.0,604.31351,7141
2026-08-10 08:00:00,65181.0,65295.0,65164.0,65220.0,243.23213,4767
2026-08-10 09:00:00,65220.0,65220.0,64934.0,64946.0,354.00561,7238
2026-08-10 10:00:00,64945.0,65050.0,64944.0,64988.0,364.66675,5268
2026-08-10 11:00:00,64989.0,65113.0,64960.0,65107.0,381.64112,5336
2026-08-10 12:00:00,65107.0,65220.0,64828.0,64852.0,1013.91119,9750
2026-08-10 13:00:00,64852.0,64953.0,64500.0,64542.0,2004.32951,17246
2026-08-10 14:00:00,64542.0,64863.0,64520.0,64604.0,1613.29423,14747
2026-08-10 15:00:00,64604.0,64693.0,64170.0,64275.0,3776.12385,21637
2026-08-10 16:00:00,64276.0,64334.0,63797.0,63886.0,3316.7779,25818
2026-08-10 17:00:00,63886.0,64005.0,63807.0,63934.0,1812.11159,12621
2026-08-10 18:00:00,63934.0,64003.0,63783.0,63873.0,852.20244,8852
2026-08-10 19:00:00,63873.0,64101.0,63873.0,64030.0,1519.35561,9828
2026-08-10 20:00:00,64030.0,64194.0,64004.0,64149.0,803.07783,8459
2026-08-10 21:00:00,64149.0,64149.0,63956.0,63959.0,697.13451,6317
2026-08-10 22:00:00,63959.0,64046.0,63922.0,63999.0,404.26183,4909
2026-08-10 23:00:00,63999.0,64005.0,63896.0,63952.0,400.03947,4114
2026-08-11 00:00:00,63951.0,64043.0,63874.0,64025.0,363.35188,5077
2026-08-11 01:00:00,64026.0,64065.0,63934.0,64039.0,578.09839,4662
2026-08-11 02:00:00,64040.0,64074.0,64012.0,64025.0,211.39137,3488
2026-08-11 03:00:00,64026.0,64164.0,64025.0,64127.0,259.93848,4008
2026-08-11 04:00:00,64126.0,64139.0,64011.0,64011.0,351.13086,3999
2026-08-11 05:00:00,64012.0,64034.0,63946.0,63979.0,469.21824,5480
2026-08-11 06:00:00,63980.0,64045.0,63850.0,63953.0,387.53034,5460
2026-08-11 07:00:00,63953.0,64088.0,63891.0,64044.0,468.4537,5635
2026-08-11 08:00:00,64045.0,64125.0,64030.0,64117.0,492.8848,5834
2026-08-11 09:00:00,64118.0,64278.0,64109.0,64277.0,476.60868,7060
2026-08-11 10:00:00,64278.0,64286.0,64172.0,64206.0,851.76039,6979
2026-08-11 11:00:00,64207.0,64373.0,64206.0,64359.0,535.31582,6995
2026-08-11 12:00:00,64360.0,64460.0,64260.0,64298.0,975.17545,8487
2026-08-11 13:00:00,64299.0,64344.0,64019.0,64168.0,1206.11885,12391
2026-08-11 14:00:00,64168.0,64238.0,63677.0,63744.0,2079.36903,19421
2026-08-11 15:00:00,63744.0,63849.0,63410.0,63584.0,2837.87659,20964
2026-08-11 16:00:00,63585.0,63631.0,63427.0,63468.0,971.95608,10745
2026-08-11 17:00:00,63476.0,63614.0,63433.0,63577.0,833.60146,10172
2026-08-11 18:00:00,63578.0,63599.0,63229.0,63344.0,1397.48006,14192
2026-08-11 19:00:00,63344.0,63508.0,63195.0,63507.0,941.47645,11295
2026-08-11 20:00:00,63508.0,63720.0,63507.0,63712.0,980.68293,11028
2026-08-11 21:00:00,63712.0,63736.0,63586.0,63636.0,708.83971,7808
2026-08-11 22:00:00,63636.0,63742.0,63592.0,63637.0,480.24963,6646
2026-08-11 23:00:00,63637.0,63637.0,63513.0,63560.0,454.65186,5839
2026-08-12 00:00:00,63560.0,63722.0,63514.0,63718.0,662.72495,6444
2026-08-12 01:00:00,63718.0,63832.0,63671.0,63791.0,586.6813,6520
2026-08-12 02:00:00,63792.0,63879.0,63699.0,63715.0,489.45127,5440
2026-08-12 03:00:00,63715.0,63822.0,63672.0,63799.0,561.84306,4442
2026-08-12 04:00:00,63799.0,63864.0,63708.0,63744.0,358.48129,4542
2026-08-12 05:00:00,63743.0,63843.0,63698.0,63821.0,626.82485,5104
2026-08-12 06:00:00,63817.0,63818.0,63574.0,63687.0,1087.67919,7445
2026-08-12 07:00:00,63686.0,63810.0,63617.0,63810.0,276.62444,5049
2026-08-12 08:00:00,63809.0,63837.0,63744.0,63764.0,335.53984,5394
2026-08-12 09:00:00,63763.0,64086.0,63740.0,64082.0,2027.12404,12505
2026-08-12 10:00:00,64083.0,64200.0,64037.0,64114.0,1236.98973,9712
2026-08-12 11:00:00,64114.0,64217.0,64086.0,64207.0,466.94622,5958
2026-08-12 12:00:00,64207.0,64487.0,63939.0,64101.0,4783.08999,24831
2026-08-12 13:00:00,64101.0,64142.0,63811.0,63820.0,2196.37392,15691
2026-08-12 14:00:00,63819.0,63904.0,63334.0,63340.0,3817.21,27365
2026-08-12 15:00:00,63341.0,63565.0,63297.0,63424.0,1694.75448,13474
2026-08-12 16:00:00,63424.0,63571.0,63350.0,63472.0,799.33956,8647
2026-08-12 17:00:00,63472.0,63536.0,63400.0,63456.0,315.20212,6084
2026-08-12 18:00:00,63456.0,63501.0,63358.0,63367.0,397.22712,5970
2026-08-12 19:00:00,63367.0,63450.0,63286.0,63417.0,898.68807,8491
2026-08-12 20:00:00,63416.0,63586.0,63408.0,63586.0,880.54443,7726
2026-08-12 21:00:00,63585.0,63636.0,63408.0,63457.0,1131.56889,8475
2026-08-12 22:00:00,63457.0,63528.0,63354.0,63413.0,602.06631,6384
2026-08-12 23:00:00,63413.0,63476.0,63353.0,63468.0,432.97219,5042
2026-08-13 00:00:00,63467.0,63700.0,63449.0,63550.0,1539.52942,9162
2026-08-13 01:00:00,63550.0,63617.0,63364.0,63434.0,905.12428,6665
2026-08-13 02:00:00,63434.0,63570.0,63365.0,63528.0,856.65684,5181
2026-08-13 03:00:00,63528.0,63658.0,63490.0,63622.0,946.0935,4566
2026-08-13 04:00:00,63621.0,63750.0,63565.0,63664.0,420.12174,4574
2026-08-13 05:00:00,63664.0,63978.0,63647.0,63850.0,855.81632,8664
2026-08-13 06:00:00,63849.0,63911.0,63726.0,63911.0,587.8269,7321
2026-08-13 07:00:00,63910.0,63917.0,63820.0,63831.0,384.12231,5538
2026-08-13 08:00:00,63831.0,63889.0,63711.0,63731.0,533.80771,6669
2026-08-13 09:00:00,63732.0,63751.0,63560.0,63751.0,467.21344,7333
2026-08-13 10:00:00,63751.0,63789.0,63560.0,63625.0,342.18827,6388
2026-08-13 11:00:00,63625.0,63636.0,63318.0,63462.0,1561.56823,8661
2026-08-13 12:00:00,63462.0,63691.0,63415.0,63674.0,1542.9834,10760
2026-08-13 13:00:00,63675.0,63828.0,63532.0,63695.0,2235.88067,19133
2026-08-13 14:00:00,63696.0,63953.0,63660.0,63836.0,1706.63103,17752
2026-08-13 15:00:00,63837.0,63915.0,63381.0,63381.0,1266.17908,13897
2026-08-13 16:00:00,63397.0,63547.0,62816.0,63132.0,4948.07485,31262
2026-08-13 17:00:00,63132.0,63298.0,63060.0,63129.0,2418.04295,15747
2026-08-13 18:00:00,63129.0,63364.0,63096.0,63299.0,2128.35294,10951
2026-08-13 19:00:00,63299.0,63520.0,63298.0,63395.0,998.65771,11450
2026-08-13 20:00:00,63395.0,63459.0,63356.0,63399.0,398.49013,7023
2026-08-13 21:00:00,63398.0,63501.0,63382.0,63475.0,642.76825,6721
2026-08-13 22:00:00,63474.0,63650.0,63474.0,63527.0,645.95968,8263
2026-08-13 23:00:00,63528.0,63534.0,63395.0,63480.0,583.52388,4655
2026-08-14 00:00:00,63479.0,63561.0,63411.0,63544.0,342.01755,5916
2026-08-14 01:00:00,63543.0,63590.0,63461.0,63574.0,313.45234,4885
2026-08-14 02:00:00,63574.0,63615.0,63469.0,63469.0,449.166,4917
2026-08-14 03:00:00,63470.0,63582.0,63305.0,63319.0,726.74318,6231
2026-08-14 04:00:00,63319.0,63473.0,63282.0,63379.0,343.66162,4563
2026-08-14 05:00:00,63378.0,63405.0,63281.0,63387.0,326.97858,4490
2026-08-14 06:00:00,63386.0,63387.0,62933.0,62970.0,962.91533,11362
2026-08-14 07:00:00,62969.0,63110.0,62909.0,62909.0,881.95342,10680
2026-08-14 08:00:00,62909.0,62980.0,62680.0,62921.0,1669.22237,16750
2026-08-14 09:00:00,62922.0,62922.0,62729.0,62777.0,401.93225,8051
2026-08-14 10:00:00,62776.0,62936.0,62727.0,62806.0,679.80161,9594
2026-08-14 11:00:00,62806.0,62931.0,62806.0,62851.0,402.78293,7891
2026-08-14 12:00:00,62851.0,62895.0,62716.0,62729.0,598.69644,9417
2026-08-14 13:00:00,62728.0,62812.0,62581.0,62642.0,2666.8056,20784
2026-08-14 14:00:00,62641.0,62779.0,62523.0,62606.0,1397.49515,19317
2026-08-14 15:00:00,62605.0,63068.0,62605.0,62969.0,1839.29062,17347
2026-08-14 16:00:00,62969.0,63209.0,62948.0,63115.0,1293.44475,15529
2026-08-14 17:00:00,63115.0,63224.0,62976.0,62988.0,1364.09526,13370
2026-08-14 18:00:00,62988.0,63066.0,62873.0,62910.0,742.27636,10389
2026-08-14 19:00:00,62910.0,62983.0,62820.0,62952.0,735.30725,10170
2026-08-14 20:00:00,62951.0,63013.0,62880.0,62891.0,625.60735,8796
2026-08-14 21:00:00,62891.0,62925.0,62867.0,62917.0,278.14388,5578
2026-08-14 22:00:00,62917.0,62950.0,62778.0,62860.0,697.12044,7668
2026-08-14 23:00:00,62860.0,63058.0,62838.0,63029.0,501.21314,6966
2026-08-15 00:00:00,63029.0,63043.0,62981.0,63004.0,279.80588,4408
2026-08-15 01:00:00,63005.0,63033.0,62979.0,63022.0,215.30113,4313
2026-08-15 02:00:00,63023.0,63131.0,63022.0,63130.0,231.01178,5196
2026-08-15 03:00:00,63131.0,63176.0,63035.0,63037.0,177.70304,4163
2026-08-15 04:00:00,63037.0,63139.0,63036.0,63108.0,150.92058,3123
2026-08-15 05:00:00,63107.0,63144.0,63032.0,63069.0,179.67788,3263
2026-08-15 06:00:00,63069.0,63108.0,63014.0,63089.0,149.22862,4313
2026-08-15 07:00:00,63090.0,63109.0,63023.0,63050.0,136.64133,3850
2026-08-15 08:00:00,63051.0,63064.0,62904.0,62906.0,342.25635,5241
2026-08-15 09:00:00,62906.0,63024.0,62890.0,63010.0,298.28255,5013
2026-08-15 10:00:00,63011.0,63031.0,62978.0,63030.0,97.38635,3332
2026-08-15 11:00:00,63031.0,63033.0,62973.0,63000.0,61.76468,2571
2026-08-15 12:00:00,63000.0,63029.0,62923.0,63029.0,145.14315,3958
2026-08-15 13:00:00,63028.0,63066.0,63001.0,63020.0,321.78958,5316
2026-08-15 14:00:00,63021.0,63035.0,62967.0,63017.0,91.0433,4614
2026-08-15 15:00:00,63017.0,63112.0,63006.0,63074.0,314.26979,6356
2026-08-15 16:00:00,63075.0,63092.0,63042.0,63082.0,295.33015,5114
2026-08-15 17:00:00,63083.0,63088.0,63037.0,63043.0,163.8176,3350
2026-08-15 18:00:00,63043.0,63077.0,63017.0,63026.0,106.42012,3014
2026-08-15 19:00:00,63026.0,63103.0,63025.0,63097.0,195.96794,3215
2026-08-15 20:00:00,63097.0,63097.0,63047.0,63072.0,143.32509,2296
2026-08-15 21:00:00,63073.0,63144.0,63072.0,63135.0,288.12298,3805
2026-08-15 22:00:00,63135.0,63143.0,63106.0,63106.0,238.24582,3985
2026-08-15 23:00:00,63107.0,63117.0,63056.0,63056.0,223.61167,2286
2026-08-16 00:00:00,63057.0,63069.0,63035.0,63061.0,125.79463,2610
2026-08-16 01:00:00,63061.0,63061.0,62977.0,63053.0,179.10693,3086
2026-08-16 02:00:00,63053.0,63130.0,63000.0,63098.0,185.90768,2999
2026-08-16 03:00:00,63098.0,63102.0,63093.0,63101.0,34.13328,1896
2026-08-16 04:00:00,63101.0,63128.0,63060.0,63061.0,116.59411,2187
2026-08-16 05:00:00,63061.0,63066.0,63010.0,63037.0,138.5963,2306
2026-08-16 06:00:00,63036.0,63062.0,63030.0,63041.0,66.14774,1747
2026-08-16 07:00:00,63041.0,63041.0,63036.0,63040.0,32.07959,1259
2026-08-16 08:00:00,63040.0,63052.0,63039.0,63052.0,40.33463,1964
2026-08-16 09:00:00,63052.0,63052.0,62950.0,62964.0,100.93001,3189
2026-08-16 10:00:00,62964.0,62983.0,62942.0,62980.0,124.75982,2583
2026-08-16 11:00:00,62980.0,63000.0,62956.0,62992.0,316.9042,2951
2026-08-16 12:00:00,62992.0,63000.0,62966.0,62988.0,202.63418,4035
2026-08-16 13:00:00,62987.0,63047.0,62987.0,63040.0,207.41938,4957
2026-08-16 14:00:00,63040.0,63081.0,63035.0,63078.0,260.56345,4968
2026-08-16 15:00:00,63078.0,63115.0,63077.0,63113.0,248.71839,6190
2026-08-16 16:00:00,63114.0,63368.0,63106.0,63230.0,1393.70378,11070
2026-08-16 17:00:00,63230.0,63247.0,63095.0,63135.0,582.18354,5845
2026-08-16 18:00:00,63136.0,63145.0,63090.0,63121.0,156.96081,2920
2026-08-16 19:00:00,63121.0,63207.0,63062.0,63081.0,617.57505,4896
2026-08-16 20:00:00,63082.0,63110.0,63001.0,63034.0,276.24117,3835
2026-08-16 21:00:00,63034.0,63059.0,62737.0,62900.0,990.71782,9638
2026-08-16 22:00:00,62899.0,62932.0,62678.0,62894.0,1471.79359,12516
2026-08-16 23:00:00,62894.0,62982.0,62798.0,62873.0,2084.4495,8521
2026-08-17 00:00:00,62874.0,62942.0,62730.0,62889.0,1862.43176,9809
2026-08-17 01:00:00,62890.0,63222.0,62873.0,63077.0,3176.5237,15282
2026-08-17 02:00:00,63078.0,63441.0,62996.0,63371.0,1979.87169,11729
2026-08-17 03:00:00,63371.0,63489.0,63316.0,63402.0,800.92939,5931
2026-08-17 04:00:00,63403.0,63559.0,63402.0,63508.0,828.24862,6752
2026-08-17 05:00:00,63508.0,63553.0,63416.0,63488.0,379.41099,5190
2026-08-17 06:00:00,63489.0,63685.0,63446.0,63635.0,1268.00503,8087
2026-08-17 07:00:00,63635.0,63635.0,63489.0,63492.0,305.69821,5192
2026-08-17 08:00:00,63492.0,63514.0,63318.0,63350.0,643.00891,8576
2026-08-17 09:00:00,63351.0,63400.0,63252.0,63282.0,345.17673,6307
2026-08-17 10:00:00,63283.0,63663.0,63266.0,63659.0,854.53219,10683
2026-08-17 11:00:00,63658.0,63750.0,63554.0,63599.0,913.22394,10902
2026-08-17 12:00:00,63598.0,63650.0,63495.0,63520.0,570.15615,15639
2026-08-17 13:00:00,63520.0,63756.0,63407.0,63637.0,1407.85646,25480
2026-08-17 14:00:00,63638.0,63870.0,63550.0,63870.0,998.94461,14686
2026-08-17 15:00:00,63870.0,64196.0,63771.0,64164.0,4086.01664,23700
2026-08-17 16:00:00,64164.0,64182.0,64025.0,64081.0,1257.99842,15018
2026-08-17 17:00:00,64080.0,64401.0,63938.0,64298.0,2714.76909,20331
2026-08-17 18:00:00,64298.0,64580.0,64245.0,64391.0,2927.70199,22042
2026-08-17 19:00:00,64392.0,64392.0,64240.0,64275.0,1063.18689,10711
2026-08-17 20:00:00,64274.0,64400.0,64226.0,64355.0,542.76395,7482
2026-08-17 21:00:00,64356.0,64394.0,64244.0,64341.0,531.11551,6134
2026-08-17 22:00:00,64341.0,64382.0,64236.0,64249.0,305.21368,4765
2026-08-17 23:00:00,64250.0,64543.0,64249.0,64494.0,751.26285,8198
2026-08-18 00:00:00,64494.0,64523.0,64314.0,64343.0,1142.94254,8598
2026-08-18 01:00:00,64344.0,64348.0,64107.0,64165.0,535.39535,7721
2026-08-18 02:00:00,64166.0,64239.0,64003.0,64069.0,796.30104,8974
2026-08-18 03:00:00,64069.0,64149.0,64000.0,64147.0,406.27946,5487
2026-08-18 04:00:00,64147.0,64213.0,64050.0,64180.0,336.78933,4360
2026-08-18 05:00:00,64181.0,64242.0,64103.0,64199.0,367.74682,4615
2026-08-18 06:00:00,64198.0,64418.0,64124.0,64287.0,688.07032,7527
2026-08-18 07:00:00,64287.0,64326.0,64120.0,64166.0,802.52965,6424
2026-08-18 08:00:00,64167.0,64303.0,64049.0,64249.0,700.96363,7373
2026-08-18 09:00:00,64250.0,64250.0,64108.0,64145.0,368.00528,6229
2026-08-18 10:00:00,64145.0,64190.0,64083.0,64172.0,295.73467,4778
2026-08-18 11:00:00,64173.0,64376.0,64168.0,64324.0,677.19463,7985
2026-08-18 12:00:00,64324.0,64324.0,64191.0,64191.0,335.67622,7100
2026-08-18 13:00:00,64192.0,64257.0,64016.0,64190.0,893.89712,12852
2026-08-18 14:00:00,64191.0,65018.0,64190.0,64684.0,6058.49073,40822
2026-08-18 15:00:00,64684.0,64852.0,64620.0,64820.0,1088.94647,13041
2026-08-18 16:00:00,64821.0,64861.0,64636.0,64807.0,1372.2617,11304
2026-08-18 17:00:00,64806.0,64806.0,64633.0,64634.0,710.93106,7561
2026-08-18 18:00:00,64633.0,64795.0,64617.0,64733.0,1119.89852,6549
2026-08-18 19:00:00,64734.0,64772.0,64612.0,64621.0,496.89085,6143
2026-08-18 20:00:00,64621.0,64631.0,64530.0,64544.0,588.99396,6226
2026-08-18 21:00:00,64545.0,64626.0,64538.0,64571.0,391.28994,6212
2026-08-18 22:00:00,64572.0,64623.0,64529.0,64605.0,255.13437,5372
2026-08-18 23:00:00,64606.0,64760.0,64605.0,64696.0,984.51633,6953
2026-08-19 00:00:00,64696.0,64710.0,64442.0,64454.0,1417.05562,11271
2026-08-19 01:00:00,64454.0,64500.0,64361.0,64368.0,884.43819,7770
2026-08-19 02:00:00,64369.0,64388.0,64310.0,64320.0,455.71359,5429
2026-08-19 03:00:00,64319.0,64388.0,64239.0,64300.0,777.71122,5929
2026-08-19 04:00:00,64300.0,64371.0,64262.0,64286.0,397.55896,4279
2026-08-19 05:00:00,64286.0,64388.0,64202.0,64203.0,345.75507,4295
2026-08-19 06:00:00,64203.0,64319.0,64122.0,64311.0,992.13628,8022
2026-08-19 07:00:00,64310.0,64369.0,64240.0,64266.0,301.74882,5828
2026-08-19 08:00:00,64267.0,64492.0,64216.0,64388.0,439.68842,6346
2026-08-19 09:00:00,64388.0,64440.0,64326.0,64398.0,151.11188,5599
2026-08-19 10:00:00,64397.0,64432.0,64337.0,64431.0,285.07341,5509
2026-08-19 11:00:00,64431.0,64500.0,64421.0,64479.0,915.41144,7572
2026-08-19 12:00:00,64479.0,64952.0,64437.0,64841.0,2850.33451,16977
2026-08-19 13:00:00,64840.0,65200.0,64745.0,64980.0,4453.82552,36992
2026-08-19 14:00:00,64979.0,65941.0,64977.0,65892.0,6994.26327,50580
2026-08-19 15:00:00,65892.0,70224.0,65851.0,68532.0,27314.3548,139931
2026-08-19 16:00:00,68533.0,68956.0,68372.0,68430.0,6303.47638,43934
2026-08-19 17:00:00,68430.0,68496.0,67792.0,68170.0,7850.9191,38653
2026-08-19 18:00:00,68170.0,68426.0,68001.0,68369.0,2400.67246,20574
2026-08-19 19:00:00,68369.0,68459.0,68067.0,68404.0,2275.75066,20235
2026-08-19 20:00:00,68403.0,69628.0,68354.0,69028.0,5521.97045,34498
2026-08-19 21:00:00,69027.0,70046.0,68966.0,69714.0,6136.24316,51704
2026-08-19 22:00:00,69713.0,69830.0,68967.0,69244.0,2586.3031,36188
2026-08-19 23:00:00,69243.0,69445.0,69139.0,69323.0,1459.6837,13755
2026-08-20 00:00:00,69323.0,69773.0,69311.0,69400.0,1748.9291,17995
2026-08-20 01:00:00,69399.0,69874.0,69256.0,69701.0,1048.53265,13079
2026-08-20 02:00:00,69702.0,69813.0,69257.0,69304.0,766.78213,11163
2026-08-20 03:00:00,69302.0,69351.0,68898.0,69188.0,1458.53577,12773
2026-08-20 04:00:00,69188.0,69585.0,69161.0,69486.0,1201.64052,10144
2026-08-20 05:00:00,69486.0,69661.0,69352.0,69407.0,645.39962,8373
2026-08-20 06:00:00,69413.0,69950.0,69352.0,69843.0,1532.6131,12541
2026-08-20 07:00:00,69843.0,69999.0,69493.0,69838.0,1383.72752,13257
2026-08-20 08:00:00,69839.0,71801.0,69792.0,71565.0,11497.52632,62700
2026-08-20 09:00:00,71565.0,72055.0,71485.0,71792.0,5084.81358,32053
2026-08-20 10:00:00,71790.0,72501.0,71691.0,71984.0,6223.80131,35665
2026-08-20 11:00:00,71983.0,72319.0,71800.0,71902.0,3050.15173,23148
2026-08-20 12:00:00,71902.0,71988.0,71454.0,71931.0,3036.12053,25463
2026-08-20 13:00:00,71931.0,72068.0,71134.0,71650.0,4743.78542,32320
2026-08-20 14:00:00,71650.0,71961.0,71349.0,71803.0,2644.84075,25804
2026-08-20 15:00:00,71804.0,72824.0,71771.0,72453.0,7024.95612,46480
2026-08-20 16:00:00,72454.0,72956.0,72191.0,72834.0,2018.75364,23885
2026-08-20 17:00:00,72834.0,72969.0,72525.0,72717.0,1891.59336,20438
2026-08-20 18:00:00,72718.0,72800.0,72359.0,72408.0,1732.85541,18695
2026-08-20 19:00:00,72409.0,72750.0,72303.0,72609.0,1154.51172,15660
2026-08-20 20:00:00,72613.0,73028.0,72565.0,72642.0,1753.2687,17274
2026-08-20 21:00:00,72643.0,72826.0,72522.0,72699.0,856.40748,9350
2026-08-20 22:00:00,72700.0,72843.0,72448.0,72649.0,1323.56019,11048
2026-08-20 23:00:00,72650.0,73370.0,72632.0,72996.0,3103.44475,21028
2026-08-21 00:00:00,73001.0,73998.0,73001.0,73700.0,5416.92367,34396
2026-08-21 01:00:00,73699.0,75816.0,73651.0,75121.0,11670.06921,62840
2026-08-21 02:00:00,75121.0,75184.0,74362.0,74425.0,5905.63821,33166
2026-08-21 03:00:00,74425.0,74905.0,74227.0,74516.0,3256.61235,19237
2026-08-21 04:00:00,74515.0,75058.0,74515.0,75032.0,1787.3913,18605
2026-08-21 05:00:00,75031.0,75499.0,74896.0,75463.0,3477.56416,22401
2026-08-21 06:00:00,75462.0,75737.0,75083.0,75633.0,3223.44822,22910
2026-08-21 07:00:00,75632.0,76941.0,75613.0,76339.0,6557.46207,45032
2026-08-21 08:00:00,76338.0,79584.0,76287.0,79317.0,10011.10647,76934
2026-08-21 09:00:00,79316.0,79408.0,77302.0,77936.0,10264.46221,73672
2026-08-21 10:00:00,77935.0,78301.0,77639.0,77838.0,2868.95722,28921
2026-08-21 11:00:00,77837.0,77877.0,76444.0,76768.0,4853.46506,40855
2026-08-21 12:00:00,76768.0,77510.0,76551.0,77230.0,2730.33848,29239
2026-08-21 13:00:00,77231.0,77730.0,76256.0,77278.0,5689.55188,45542
2026-08-21 14:00:00,77278.0,77475.0,76549.0,77413.0,3333.97811,35730
2026-08-21 15:00:00,77412.0,77894.0,77184.0,77242.0,3252.35726,29592
2026-08-21 16:00:00,77243.0,77583.0,76814.0,77499.0,2588.62902,23256
2026-08-21 17:00:00,77499.0,77727.0,77200.0,77400.0,1350.94657,16937
2026-08-21 18:00:00,77401.0,77559.0,76620.0,77136.0,1747.00248,19754
2026-08-21 19:00:00,77135.0,77366.0,76848.0,77018.0,1259.52149,19015
2026-08-21 20:00:00,77019.0,77525.0,76853.0,77510.0,1729.01584,17378
2026-08-21 21:00:00,77509.0,78745.0,77364.0,78556.0,4321.43331,33527
2026-08-21 22:00:00,78557.0,78800.0,78131.0,78485.0,2716.34066,27734
2026-08-21 23:00:00,78493.0,78760.0,78157.0,78383.0,2185.55139,19308
2026-08-22 00:00:00,78382.0,78566.0,77686.0,77970.0,2687.73259,24967
2026-08-22 01:00:00,77970.0,78269.0,77830.0,77859.0,1130.99756,14586
2026-08-22 02:00:00,77859.0,78600.0,77817.0,78518.0,1351.59085,16259
2026-08-22 03:00:00,78518.0,78885.0,78399.0,78463.0,1693.34675,18621
2026-08-22 04:00:00,78463.0,78874.0,78247.0,78518.0,1558.72917,17748
2026-08-22 05:00:00,78518.0,78644.0,76600.0,77421.0,7347.10845,53473
2026-08-22 06:00:00,77437.0,77637.0,77013.0,77538.0,1894.93986,18538
2026-08-22 07:00:00,77538.0,77715.0,77259.0,77326.0,1800.13009,14821
2026-08-22 08:00:00,77326.0,77497.0,77083.0,77244.0,2065.35724,16470
2026-08-22 09:00:00,77244.0,77428.0,76828.0,77072.0,3248.95066,20946
2026-08-22 10:00:00,77071.0,77225.0,76558.0,77008.0,2166.7475,20607
2026-08-22 11:00:00,77009.0,77253.0,76840.0,77163.0,841.26034,11780
2026-08-22 12:00:00,77164.0,77434.0,77108.0,77351.0,1712.32964,12028
2026-08-22 13:00:00,77351.0,77416.0,77155.0,77341.0,513.1836,8186
2026-08-22 14:00:00,77342.0,77371.0,76976.0,77053.0,1003.77159,12476
2026-08-22 15:00:00,77054.0,77158.0,76932.0,77035.0,731.80292,9152
2026-08-22 16:00:00,77035.0,77608.0,77009.0,77340.0,1526.7872,15804
2026-08-22 17:00:00,77340.0,77431.0,77127.0,77322.0,824.12643,11178
2026-08-22 18:00:00,77323.0,77400.0,77187.0,77312.0,444.96395,7075
2026-08-22 19:00:00,77312.0,77536.0,77259.0,77473.0,623.81045,8498
2026-08-22 20:00:00,77473.0,77522.0,77320.0,77389.0,700.2505,10752
2026-08-22 21:00:00,77389.0,77389.0,76844.0,76903.0,1666.10987,12982
2026-08-22 22:00:00,76903.0,77217.0,76811.0,77053.0,1004.08688,10137
2026-08-22 23:00:00,77057.0,77196.0,76958.0,77133.0,427.04015,6163
2026-08-23 00:00:00,77132.0,77416.0,77106.0,77359.0,582.38849,8577
2026-08-23 01:00:00,77361.0,77470.0,77213.0,77247.0,438.8449,7140
2026-08-23 02:00:00,77246.0,77266.0,77068.0,77128.0,708.30892,8959
2026-08-23 03:00:00,77129.0,77208.0,76886.0,76976.0,846.20879,9437
2026-08-23 04:00:00,76977.0,77090.0,76526.0,76653.0,1237.39309,12641
2026-08-23 05:00:00,76651.0,76775.0,75608.0,76104.0,5375.63146,35167
2026-08-23 06:00:00,76101.0,76379.0,75921.0,76141.0,1862.22333,13948
2026-08-23 07:00:00,76142.0,76379.0,75957.0,76058.0,963.08782,9726
2026-08-23 08:00:00,76060.0,76707.0,76000.0,76541.0,1606.03138,13353
2026-08-23 09:00:00,76541.0,76703.0,76525.0,76595.0,565.95122,8782
2026-08-23 10:00:00,76595.0,76972.0,76587.0,76823.0,960.76556,14537
2026-08-23 11:00:00,76824.0,77442.0,76777.0,77353.0,1556.7088,19370
2026-08-23 12:00:00,77354.0,77354.0,77049.0,77259.0,1007.68938,10509
2026-08-23 13:00:00,77259.0,77848.0,77253.0,77531.0,2287.83783,20771
2026-08-23 14:00:00,77531.0,77718.0,76801.0,77217.0,2547.4252,24581
2026-08-23 15:00:00,77218.0,77387.0,76963.0,77185.0,777.02304,11060
2026-08-23 16:00:00,77186.0,77507.0,77185.0,77456.0,740.7376,9192
2026-08-23 17:00:00,77455.0,77482.0,77178.0,77241.0,857.18028,8727
2026-08-23 18:00:00,77234.0,77447.0,77150.0,77377.0,507.81868,7920
2026-08-23 19:00:00,77379.0,77511.0,77285.0,77375.0,365.9267,6429
2026-08-23 20:00:00,77375.0,77481.0,77225.0,77430.0,598.89588,6474
2026-08-23 21:00:00,77431.0,78118.0,77431.0,77902.0,3503.60479,25926
2026-08-23 22:00:00,77902.0,78050.0,77629.0,77659.0,1014.34433,14648
2026-08-23 23:00:00,77660.0,77877.0,77347.0,77804.0,1694.04288,14867
2026-08-24 00:00:00,77805.0,77820.0,77204.0,77738.0,1535.86251,16846
2026-08-24 01:00:00,77738.0,77780.0,76943.0,76944.0,1457.16994,13637
2026-08-24 02:00:00,76943.0,77578.0,76901.0,77522.0,1535.01507,13075
2026-08-24 03:00:00,77522.0,77576.0,76971.0,76975.0,1573.80872,10738
2026-08-24 04:00:00,76976.0,77300.0,76693.0,76943.0,1299.83135,12888
2026-08-24 05:00:00,76944.0,77271.0,76874.0,77207.0,1406.96418,15947
2026-08-24 06:00:00,77208.0,77560.0,77115.0,77514.0,681.16198,12126
2026-08-24 07:00:00,77514.0,77859.0,77333.0,77362.0,793.90862,13401
2026-08-24 08:00:00,77362.0,77460.0,76862.0,77083.0,1932.74452,18417
2026-08-24 09:00:00,77084.0,77633.0,77069.0,77584.0,701.66262,11913
2026-08-24 10:00:00,77585.0,78072.0,77582.0,77661.0,1327.82091,17555
2026-08-24 11:00:00,77661.0,78708.0,77486.0,78521.0,4704.88965,37759
2026-08-24 12:00:00,78521.0,79408.0,78050.0,79221.0,4022.24546,41693
2026-08-24 13:00:00,79221.0,79479.0,77923.0,78648.0,7080.41533,60779
2026-08-24 14:00:00,78647.0,79895.0,78647.0,79565.0,7593.46384,64502
2026-08-24 15:00:00,79565.0,80035.0,78835.0,79120.0,7755.56991,50778
2026-08-24 16:00:00,79119.0,79880.0,78901.0,79069.0,4413.04137,34763
2026-08-24 17:00:00,79068.0,79217.0,78450.0,78760.0,5063.42575,34668
2026-08-24 18:00:00,78759.0,79088.0,78729.0,78932.0,1629.6202,20555
2026-08-24 19:00:00,78931.0,79123.0,78569.0,78740.0,2248.45347,19384
2026-08-24 20:00:00,78740.0,78997.0,78554.0,78924.0,1316.17142,11992
2026-08-24 21:00:00,78924.0,79041.0,78842.0,78971.0,1002.39327,8993
2026-08-24 22:00:00,78970.0,78987.0,78683.0,78729.0,845.79954,9469
2026-08-24 23:00:00,78729.0,79017.0,78622.0,78996.0,1356.19304,11012
2026-08-25 00:00:00,78995.0,79900.0,78708.0,79755.0,3568.06088,25776
2026-08-25 01:00:00,79754.0,79999.0,79500.0,79838.0,2221.15456,20192
2026-08-25 02:00:00,79837.0,81299.0,79755.0,80672.0,7167.0585,48744
2026-08-25 03:00:00,80672.0,80978.0,80307.0,80490.0,4395.06521,25439
2026-08-25 04:00:00,80490.0,80615.0,80168.0,80385.0,1995.48584,16153
2026-08-25 05:00:00,80385.0,80843.0,80341.0,80753.0,2071.2425,16307
2026-08-25 06:00:00,80753.0,80941.0,80424.0,80590.0,1935.53262,15366
2026-08-25 07:00:00,80590.0,80843.0,79335.0,79713.0,3509.3241,26940
2026-08-25 08:00:00,79713.0,80254.0,79624.0,79924.0,2285.39025,19580
2026-08-25 09:00:00,79926.0,79967.0,78822.0,79170.0,3418.46566,24618
2026-08-25 10:00:00,79171.0,79482.0,78971.0,79289.0,2035.5323,17190
2026-08-25 11:00:00,79288.0,79445.0,79017.0,79108.0,1832.66182,16434
2026-08-25 12:00:00,79107.0,79164.0,78591.0,78967.0,2450.49302,22536
2026-08-25 13:00:00,78967.0,79207.0,78060.0,78617.0,4092.76207,34936
2026-08-25 14:00:00,78622.0,79381.0,78527.0,79222.0,4106.40471,30268
2026-08-25 15:00:00,79222.0,79538.0,79000.0,79490.0,2818.27729,21129
2026-08-25 16:00:00,79491.0,79560.0,79063.0,79139.0,2029.89083,16897
2026-08-25 17:00:00,79139.0,79238.0,78664.0,79217.0,2854.04165,17580
2026-08-25 18:00:00,79217.0,79338.0,79010.0,79105.0,1383.48431,11287
2026-08-25 19:00:00,79105.0,79220.0,78706.0,78901.0,1294.45558,12882
2026-08-25 20:00:00,78905.0,78944.0,78129.0,78162.0,2843.88235,21871
2026-08-25 21:00:00,78161.0,78641.0,77794.0,78547.0,4469.52126,28307
2026-08-25 22:00:00,78546.0,78998.0,78546.0,78866.0,2504.93878,19326
2026-08-25 23:00:00,78865.0,78940.0,78346.0,78494.0,2075.50201,16743
2026-08-26 00:00:00,78494.0,78677.0,78270.0,78605.0,1748.21045,17413
2026-08-26 01:00:00,78604.0,78928.0,78577.0,78792.0,1000.63458,10723
2026-08-26 02:00:00,78791.0,79226.0,78728.0,79099.0,1532.29221,12538
2026-08-26 03:00:00,79099.0,79175.0,78894.0,79071.0,735.5936,9276
2026-08-26 04:00:00,79072.0,79182.0,78786.0,78817.0,890.17406,10752
2026-08-26 05:00:00,78817.0,79127.0,78616.0,79079.0,1650.35785,13684
2026-08-26 06:00:00,79081.0,79206.0,78792.0,78930.0,1823.20798,11810
2026-08-26 07:00:00,78930.0,79084.0,78850.0,78917.0,821.70852,8403
2026-08-26 08:00:00,78917.0,79108.0,78585.0,78691.0,1468.62321,12968
2026-08-26 09:00:00,78691.0,78873.0,78203.0,78433.0,2274.78672,19412
2026-08-26 10:00:00,78432.0,78858.0,78267.0,78700.0,1212.39731,13021
2026-08-26 11:00:00,78700.0,78768.0,78273.0,78474.0,1290.10129,12292
2026-08-26 12:00:00,78474.0,78699.0,77955.0,78300.0,2723.1711,22553
2026-08-26 13:00:00,78301.0,78532.0,77875.0,78437.0,3651.68469,26603
2026-08-26 14:00:00,78429.0,78602.0,77729.0,77775.0,3373.12591,25670
2026-08-26 15:00:00,77774.0,78160.0,77618.0,77998.0,3338.67632,23775
2026-08-26 16:00:00,77998.0,78154.0,77832.0,77972.0,1140.5123,10441
2026-08-26 17:00:00,77971.0,78606.0,77971.0,78435.0,2027.16111,17475
2026-08-26 18:00:00,78436.0,78659.0,78263.0,78469.0,1298.44321,10949
2026-08-26 19:00:00,78469.0,78535.0,78272.0,78445.0,1430.37113,9050
2026-08-26 20:00:00,78454.0,78503.0,78170.0,78424.0,996.06491,10542
2026-08-26 21:00:00,78424.0,78831.0,78369.0,78718.0,1945.85728,13820
2026-08-26 22:00:00,78719.0,79007.0,78542.0,78690.0,2891.71614,16028
2026-08-26 23:00:00,78690.0,79173.0,78644.0,79026.0,1234.80584,11786
2026-08-27 00:00:00,79025.0,79034.0,78679.0,78681.0,1305.79341,11790
2026-08-27 01:00:00,78681.0,78994.0,78547.0,78881.0,1264.55068,10133
2026-08-27 02:00:00,78881.0,78951.0,78696.0,78710.0,357.34826,6110
2026-08-27 03:00:00,78710.0,78971.0,78621.0,78809.0,303.87258,7056
2026-08-27 04:00:00,78809.0,78885.0,78674.0,78770.0,714.42527,7330
2026-08-27 05:00:00,78771.0,78936.0,78585.0,78897.0,1486.99953,9925
2026-08-27 06:00:00,78897.0,78898.0,78596.0,78826.0,1429.08479,9648
2026-08-27 07:00:00,78825.0,79080.0,78743.0,79066.0,417.82199,6540
2026-08-27 08:00:00,79066.0,80041.0,79029.0,79758.0,4959.14105,32484
2026-08-27 09:00:00,79758.0,80542.0,79670.0,79995.0,3162.16604,24713
2026-08-27 10:00:00,79996.0,80171.0,79298.0,79612.0,3648.30757,24827
2026-08-27 11:00:00,79614.0,79765.0,79167.0,79477.0,2450.84695,17116
2026-08-27 12:00:00,79477.0,79588.0,79254.0,79266.0,1170.03615,11271
2026-08-27 13:00:00,79265.0,79561.0,78881.0,79521.0,2778.52714,21101
2026-08-27 14:00:00,79520.0,80380.0,79335.0,80186.0,4132.51664,33258
2026-08-27 15:00:00,80186.0,80786.0,80064.0,80271.0,4422.07988,31340
2026-08-27 16:00:00,80270.0,80603.0,80148.0,80328.0,2092.0616,17290
2026-08-27 17:00:00,80328.0,80801.0,80187.0,80414.0,2475.74262,18855
2026-08-27 18:00:00,80414.0,80414.0,79705.0,80127.0,2424.30193,19321
2026-08-27 19:00:00,80128.0,80263.0,79857.0,79859.0,874.94859,12195
2026-08-27 20:00:00,79876.0,80091.0,79839.0,80064.0,644.04267,7075
2026-08-27 21:00:00,80063.0,80166.0,79943.0,80154.0,873.71815,7657
2026-08-27 22:00:00,80156.0,80400.0,80104.0,80269.0,1608.07905,11823
2026-08-27 23:00:00,80269.0,80368.0,80092.0,80221.0,1172.59616,8646
2026-08-28 00:00:00,80220.0,80679.0,80106.0,80548.0,1413.9773,12639
2026-08-28 01:00:00,80548.0,81483.0,80400.0,80472.0,5164.88955,34659
2026-08-28 02:00:00,80472.0,80473.0,79703.0,79895.0,2794.38081,23245
2026-08-28 03:00:00,79895.0,80013.0,79738.0,79791.0,1077.48389,10494
2026-08-28 04:00:00,79790.0,79940.0,79557.0,79611.0,1134.26618,11436
2026-08-28 05:00:00,79612.0,79848.0,79534.0,79650.0,879.72077,9216
2026-08-28 06:00:00,79649.0,79979.0,79649.0,79876.0,906.8049,8486
2026-08-28 07:00:00,79877.0,79877.0,79552.0,79641.0,1186.1758,10344
2026-08-28 08:00:00,79642.0,79819.0,79456.0,79483.0,1356.71582,11655
2026-08-28 09:00:00,79483.0,79483.0,79218.0,79252.0,1528.00353,11991
2026-08-28 10:00:00,79252.0,79553.0,78975.0,79540.0,1708.9884,14193
2026-08-28 11:00:00,79539.0,79742.0,79511.0,79567.0,1173.49125,10074
2026-08-28 12:00:00,79568.0,79686.0,79261.0,79391.0,990.85896,11156
2026-08-28 13:00:00,79391.0,79529.0,78993.0,79319.0,1613.82388,18598
2026-08-28 14:00:00,79319.0,79700.0,78404.0,79505.0,10238.52168,67888
2026-08-28 15:00:00,79506.0,79830.0,78275.0,78297.0,3759.38439,29659
2026-08-28 16:00:00,78296.0,78368.0,76831.0,77752.0,9840.49008,70452
2026-08-28 17:00:00,77753.0,78091.0,77630.0,77873.0,2259.49312,21726
2026-08-28 18:00:00,77873.0,77914.0,77231.0,77526.0,2687.27322,19212
2026-08-28 19:00:00,77526.0,77765.0,77353.0,77550.0,1913.92104,13878
2026-08-28 20:00:00,77534.0,77582.0,77283.0,77376.0,962.50114,9900
2026-08-28 21:00:00,77377.0,77511.0,77234.0,77345.0,824.24774,8681
2026-08-28 22:00:00,77346.0,77746.0,77308.0,77729.0,1447.31464,11521
2026-08-28 23:00:00,77729.0,77834.0,77598.0,77832.0,904.86425,8837
2026-08-29 00:00:00,77832.0,77924.0,77685.0,77696.0,890.9506,8568
2026-08-29 01:00:00,77696.0,77817.0,77603.0,77763.0,230.2761,4831
2026-08-29 02:00:00,77763.0,77788.0,77535.0,77636.0,655.51848,6482
2026-08-29 03:00:00,77636.0,77698.0,77468.0,77469.0,426.60281,5360
2026-08-29 04:00:00,77469.0,77650.0,77469.0,77624.0,199.92893,4449
2026-08-29 05:00:00,77624.0,77698.0,77575.0,77613.0,287.32243,4539
2026-08-29 06:00:00,77613.0,77613.0,77341.0,77436.0,526.66067,6191
2026-08-29 07:00:00,77437.0,77648.0,77398.0,77591.0,650.30824,5648
2026-08-29 08:00:00,77591.0,77603.0,77444.0,77603.0,388.06589,5212
2026-08-29 09:00:00,77604.0,77727.0,77531.0,77624.0,289.81518,4823
2026-08-29 10:00:00,77625.0,77702.0,77485.0,77607.0,175.14233,4536
2026-08-29 11:00:00,77607.0,77700.0,77534.0,77564.0,122.09081,3485
2026-08-29 12:00:00,77564.0,77627.0,77467.0,77554.0,306.99937,4728
2026-08-29 13:00:00,77554.0,77698.0,77542.0,77681.0,214.86497,4483
2026-08-29 14:00:00,77681.0,78162.0,77634.0,77987.0,1148.26495,12984
2026-08-29 15:00:00,77986.0,77991.0,77776.0,77827.0,816.3655,7666
2026-08-29 16:00:00,77827.0,78110.0,77827.0,77995.0,1407.07399,10611
2026-08-29 17:00:00,77996.0,78074.0,77866.0,78070.0,1008.95507,7151
2026-08-29 18:00:00,78069.0,78241.0,77987.0,78131.0,1354.98433,8847
2026-08-29 19:00:00,78132.0,78331.0,78116.0,78160.0,682.31224,8663
2026-08-29 20:00:00,78160.0,78272.0,78089.0,78100.0,337.80233,5727
2026-08-29 21:00:00,78100.0,78189.0,78025.0,78145.0,386.85919,5367
2026-08-29 22:00:00,78145.0,78209.0,78055.0,78202.0,308.85486,4596
2026-08-29 23:00:00,78202.0,78264.0,78174.0,78228.0,246.40589,5037
2026-08-30 00:00:00,78229.0,78312.0,78132.0,78146.0,389.93337,6439
2026-08-30 01:00:00,78149.0,78162.0,77955.0,78050.0,745.91636,6544
2026-08-30 02:00:00,78050.0,78160.0,77981.0,78086.0,227.82408,4163
2026-08-30 03:00:00,78086.0,78220.0,78030.0,78124.0,370.85899,4763
2026-08-30 04:00:00,78118.0,78202.0,77962.0,78079.0,691.39021,5301
2026-08-30 05:00:00,78079.0,78188.0,78078.0,78099.0,109.53487,3660
2026-08-30 06:00:00,78099.0,78288.0,78084.0,78265.0,566.71206,4887
2026-08-30 07:00:00,78265.0,78276.0,78085.0,78086.0,185.59386,3987
2026-08-30 08:00:00,78086.0,78177.0,78013.0,78064.0,157.47661,4747
2026-08-30 09:00:00,78064.0,78100.0,77964.0,77982.0,133.01966,4190
2026-08-30 10:00:00,77983.0,78134.0,77936.0,78125.0,159.13119,4375
2026-08-30 11:00:00,78130.0,78221.0,78093.0,78149.0,180.20874,4312
2026-08-30 12:00:00,78149.0,78879.0,78149.0,78775.0,2855.63405,20831
2026-08-30 13:00:00,78776.0,78950.0,78567.0,78851.0,958.94837,11228
2026-08-30 14:00:00,78851.0,78940.0,78696.0,78755.0,804.3552,11585
2026-08-30 15:00:00,78754.0,78885.0,78622.0,78809.0,419.20736,6866
2026-08-30 16:00:00,78809.0,79389.0,78724.0,79318.0,2136.79469,20729
2026-08-30 17:00:00,79319.0,79329.0,78759.0,79000.0,1139.03335,15823
2026-08-30 18:00:00,79001.0,79172.0,78757.0,79023.0,890.56087,9891
2026-08-30 19:00:00,79023.0,79030.0,78699.0,78841.0,892.95213,8910
2026-08-30 20:00:00,78842.0,78915.0,78407.0,78563.0,1164.79563,10975
2026-08-30 21:00:00,78563.0,78720.0,78199.0,78644.0,1232.85952,14769
2026-08-30 22:00:00,78645.0,78806.0,78260.0,78404.0,799.10665,10644
2026-08-30 23:00:00,78404.0,78425.0,76971.0,77659.0,5022.74028,36521
2026-08-31 00:00:00,77660.0,78163.0,77409.0,77924.0,2011.76644,18003
2026-08-31 01:00:00,77924.0,77987.0,77546.0,77622.0,1116.29765,13393
2026-08-31 02:00:00,77623.0,78004.0,77357.0,77446.0,1493.43902,12248
2026-08-31 03:00:00,77446.0,77853.0,77353.0,77738.0,1006.1021,8745
2026-08-31 04:00:00,77738.0,77755.0,77436.0,77612.0,763.48898,8660
2026-08-31 05:00:00,77613.0,78155.0,77506.0,78012.0,1620.75194,14194
2026-08-31 06:00:00,78012.0,78143.0,77857.0,78088.0,830.51778,9442
2026-08-31 07:00:00,78087.0,78318.0,78028.0,78195.0,426.93846,8700
2026-08-31 08:00:00,78196.0,78516.0,77967.0,78463.0,1117.78356,12288
2026-08-31 09:00:00,78464.0,78790.0,78389.0,78505.0,1276.39011,13257
2026-08-31 10:00:00,78505.0,78733.0,78301.0,78704.0,855.40999,11385
2026-08-31 11:00:00,78705.0,78705.0,78280.0,78300.0,786.17792,7975
2026-08-31 12:00:00,78300.0,78533.0,77678.0,77905.0,2064.49252,21038
2026-08-31 13:00:00,77905.0,78293.0,77711.0,77855.0,3150.21381,27371
2026-08-31 14:00:00,77856.0,78677.0,77740.0,78572.0,2400.74753,26498
2026-08-31 15:00:00,78574.0,78773.0,78208.0,78566.0,1847.64501,16338
2026-08-31 16:00:00,78566.0,78882.0,78510.0,78624.0,1815.47416,14383
2026-08-31 17:00:00,78623.0,78985.0,78471.0,78885.0,1590.32037,14171
2026-08-31 18:00:00,78886.0,79203.0,78761.0,79010.0,2266.36817,16462
2026-08-31 19:00:00,79010.0,79250.0,78837.0,78872.0,1334.58032,11611
2026-08-31 20:00:00,78872.0,79164.0,78783.0,78842.0,1113.05606,8564
2026-08-31 21:00:00,78842.0,79066.0,78715.0,78950.0,589.32767,7086
2026-08-31 22:00:00,78950.0,79008.0,78560.0,78572.0,464.92276,6839
2026-08-31 23:00:00,78573.0,78581.0,78373.0,78574.0,525.77116,6807
2026-09-01 00:00:00,78575.0,78889.0,78555.0,78637.0,891.6037,8906
2026-09-01 01:00:00,78637.0,78789.0,78360.0,78382.0,1164.37851,8752
2026-09-01 02:00:00,78382.0,78444.0,78153.0,78429.0,879.93797,8587
2026-09-01 03:00:00,78429.0,78871.0,78388.0,78665.0,1071.50931,9517
2026-09-01 04:00:00,78665.0,78914.0,78643.0,78722.0,877.45069,9653
2026-09-01 05:00:00,78722.0,79233.0,78722.0,79182.0,3242.35658,19481
2026-09-01 06:00:00,79182.0,79183.0,78740.0,78741.0,842.83628,10786
2026-09-01 07:00:00,78740.0,78813.0,78499.0,78642.0,665.677,11393
2026-09-01 08:00:00,78642.0,78663.0,77820.0,77883.0,2205.44634,24338
2026-09-01 09:00:00,77882.0,78050.0,77773.0,77899.0,799.90402,11495
2026-09-01 10:00:00,77899.0,78184.0,77740.0,78018.0,786.9853,12165
2026-09-01 11:00:00,78018.0,78193.0,77890.0,78094.0,1200.92151,10583
2026-09-01 12:00:00,78095.0,78150.0,77740.0,78000.0,673.19308,11764
2026-09-01 13:00:00,78000.0,78204.0,77500.0,78049.0,3155.18753,26307
2026-09-01 14:00:00,78050.0,78418.0,78035.0,78156.0,1821.55597,21354
2026-09-01 15:00:00,78155.0,78156.0,77718.0,77910.0,1342.28258,14917
2026-09-01 16:00:00,77910.0,77968.0,77290.0,77583.0,2697.54021,20832
2026-09-01 17:00:00,77582.0,77722.0,77219.0,77238.0,1320.26369,13544
2026-09-01 18:00:00,77246.0,77282.0,76397.0,77146.0,6884.30975,44650
2026-09-01 19:00:00,77147.0,77453.0,77097.0,77290.0,1474.97834,17895
2026-09-01 20:00:00,77298.0,77475.0,77218.0,77436.0,508.03239,10243
2026-09-01 21:00:00,77436.0,77501.0,76897.0,77195.0,1339.11342,14217
2026-09-01 22:00:00,77195.0,77350.0,77010.0,77255.0,699.47371,9174
2026-09-01 23:00:00,77255.0,77611.0,77193.0,77419.0,599.4287,9544
2026-09-02 00:00:00,77420.0,77506.0,77109.0,77194.0,563.11099,8896
2026-09-02 01:00:00,77195.0,77368.0,76687.0,77000.0,1344.20381,14965
2026-09-02 02:00:00,77001.0,77343.0,76925.0,77313.0,777.1363,11286
2026-09-02 03:00:00,77314.0,77777.0,77288.0,77549.0,2131.03829,17580
2026-09-02 04:00:00,77550.0,77599.0,77274.0,77546.0,762.18657,9793
2026-09-02 05:00:00,77546.0,77777.0,77412.0,77635.0,1220.64917,12276
2026-09-02 06:00:00,77636.0,77715.0,77473.0,77480.0,470.66796,4724
