t,open,high,low,close,volume,trades
2026-05-21 02:30:00,78020.0,78064.0,77939.0,77939.0,160.0099,3747
2026-05-21 03:00:00,77939.0,78027.0,77878.0,78025.0,386.72595,4571
2026-05-21 03:30:00,78024.0,78085.0,77971.0,78075.0,271.40478,3564
2026-05-21 04:00:00,78074.0,78158.0,77942.0,78004.0,712.41054,4908
2026-05-21 04:30:00,78004.0,78024.0,77936.0,78010.0,380.91129,3172
2026-05-21 05:00:00,78010.0,78117.0,77834.0,77850.0,379.24039,3878
2026-05-21 05:30:00,77849.0,77887.0,77700.0,77801.0,406.62754,4313
2026-05-21 06:00:00,77800.0,77851.0,77683.0,77755.0,123.62546,3517
2026-05-21 06:30:00,77755.0,77801.0,77480.0,77585.0,933.49779,5143
2026-05-21 07:00:00,77585.0,77654.0,77476.0,77573.0,392.27702,5153
2026-05-21 07:30:00,77572.0,77874.0,77572.0,77853.0,264.7256,4285
2026-05-21 08:00:00,77853.0,78157.0,77852.0,78031.0,982.27799,10420
2026-05-21 08:30:00,78030.0,78031.0,77856.0,77888.0,462.68677,4352
2026-05-21 09:00:00,77887.0,77950.0,77863.0,77894.0,398.42709,3917
2026-05-21 09:30:00,77893.0,77913.0,77603.0,77604.0,961.65419,5815
2026-05-21 10:00:00,77603.0,77649.0,77135.0,77345.0,1352.10203,9006
2026-05-21 10:30:00,77345.0,77418.0,77153.0,77158.0,995.47308,9848
2026-05-21 11:00:00,77158.0,77342.0,77106.0,77288.0,755.03326,7475
2026-05-21 11:30:00,77288.0,77346.0,77144.0,77147.0,333.12379,4356
2026-05-21 12:00:00,77148.0,77246.0,77065.0,77080.0,678.41851,7016
2026-05-21 12:30:00,77080.0,77342.0,77035.0,77253.0,212.10475,5755
2026-05-21 13:00:00,77253.0,77320.0,77162.0,77262.0,124.19786,4499
2026-05-21 13:30:00,77263.0,77285.0,76700.0,77099.0,1683.88365,21431
2026-05-21 14:00:00,77099.0,77222.0,76746.0,77012.0,795.69329,14040
2026-05-21 14:30:00,77013.0,77166.0,76853.0,76945.0,479.16639,6835
2026-05-21 15:00:00,76946.0,77289.0,76867.0,77235.0,682.3438,8806
2026-05-21 15:30:00,77236.0,77374.0,77028.0,77229.0,620.24666,7095
2026-05-21 16:00:00,77230.0,77310.0,77081.0,77145.0,312.88025,6021
2026-05-21 16:30:00,77146.0,77263.0,76969.0,77159.0,947.79403,6624
2026-05-21 17:00:00,77159.0,77968.0,77144.0,77942.0,1479.06877,16302
2026-05-21 17:30:00,77942.0,78053.0,77748.0,77828.0,2229.47719,13461
2026-05-21 18:00:00,77828.0,77885.0,77584.0,77702.0,1264.26807,9363
2026-05-21 18:30:00,77702.0,77777.0,77207.0,77356.0,1333.20134,10537
2026-05-21 19:00:00,77356.0,77570.0,77332.0,77506.0,353.36125,6527
2026-05-21 19:30:00,77507.0,77771.0,77506.0,77667.0,861.26684,6757
2026-05-21 20:00:00,77667.0,77711.0,77629.0,77656.0,365.89698,3574
2026-05-21 20:30:00,77657.0,77769.0,77604.0,77674.0,490.5919,4604
2026-05-21 21:00:00,77675.0,77787.0,77675.0,77781.0,508.08993,4783
2026-05-21 21:30:00,77780.0,77783.0,77621.0,77641.0,134.76631,3938
2026-05-21 22:00:00,77640.0,77720.0,77562.0,77669.0,85.61166,3885
2026-05-21 22:30:00,77669.0,77691.0,77516.0,77587.0,128.24911,3278
2026-05-21 23:00:00,77588.0,77691.0,77501.0,77622.0,217.82534,3888
2026-05-21 23:30:00,77622.0,77724.0,77580.0,77587.0,119.18759,2993
2026-05-22 00:00:00,77587.0,77608.0,77379.0,77454.0,266.49212,5108
2026-05-22 00:30:00,77455.0,77532.0,77320.0,77345.0,260.03328,4401
2026-05-22 01:00:00,77344.0,77513.0,77290.0,77433.0,445.52955,4910
2026-05-22 01:30:00,77433.0,77636.0,77330.0,77581.0,112.29386,3288
2026-05-22 02:00:00,77582.0,77699.0,77581.0,77632.0,473.91242,4273
2026-05-22 02:30:00,77632.0,77663.0,77555.0,77641.0,158.98526,2601
2026-05-22 03:00:00,77641.0,77759.0,77640.0,77757.0,84.91393,2538
2026-05-22 03:30:00,77757.0,77779.0,77720.0,77740.0,230.52618,2593
2026-05-22 04:00:00,77739.0,77870.0,77730.0,77755.0,162.26528,3005
2026-05-22 04:30:00,77756.0,77770.0,77609.0,77620.0,152.03279,2642
2026-05-22 05:00:00,77619.0,77689.0,77536.0,77572.0,193.25826,2810
2026-05-22 05:30:00,77572.0,77647.0,77418.0,77446.0,237.16499,3580
2026-05-22 06:00:00,77447.0,77491.0,77377.0,77425.0,215.96093,4064
2026-05-22 06:30:00,77425.0,77478.0,77340.0,77375.0,262.507,4009
2026-05-22 07:00:00,77374.0,77493.0,77247.0,77469.0,256.46635,4468
2026-05-22 07:30:00,77468.0,77505.0,77352.0,77363.0,144.37766,2755
2026-05-22 08:00:00,77363.0,77507.0,77326.0,77444.0,287.19257,4651
2026-05-22 08:30:00,77446.0,77471.0,77162.0,77239.0,455.48291,6911
2026-05-22 09:00:00,77239.0,77281.0,77166.0,77235.0,260.09417,5454
2026-05-22 09:30:00,77235.0,77333.0,77161.0,77285.0,478.98302,4013
2026-05-22 10:00:00,77285.0,77326.0,77241.0,77326.0,121.75061,2502
2026-05-22 10:30:00,77325.0,77338.0,77249.0,77285.0,136.93522,2302
2026-05-22 11:00:00,77285.0,77330.0,77136.0,77278.0,310.17693,4176
2026-05-22 11:30:00,77278.0,77406.0,77264.0,77406.0,314.64411,3579
2026-05-22 12:00:00,77406.0,77540.0,77369.0,77395.0,310.92807,5523
2026-05-22 12:30:00,77395.0,77497.0,77383.0,77496.0,392.77151,3617
2026-05-22 13:00:00,77496.0,77519.0,77275.0,77276.0,394.89676,4891
2026-05-22 13:30:00,77276.0,77334.0,77091.0,77262.0,928.57541,11439
2026-05-22 14:00:00,77262.0,77262.0,76731.0,76827.0,1516.59162,16948
2026-05-22 14:30:00,76827.0,76835.0,76735.0,76735.0,730.65366,8023
2026-05-22 15:00:00,76736.0,76936.0,76517.0,76869.0,1407.20113,12563
2026-05-22 15:30:00,76869.0,76995.0,76616.0,76770.0,819.97792,8338
2026-05-22 16:00:00,76770.0,76924.0,76738.0,76908.0,535.91915,6876
2026-05-22 16:30:00,76908.0,76970.0,76838.0,76919.0,220.77018,4262
2026-05-22 17:00:00,76919.0,77076.0,76741.0,77034.0,619.5817,7317
2026-05-22 17:30:00,77035.0,77084.0,76730.0,76731.0,387.26004,5903
2026-05-22 18:00:00,76731.0,76880.0,76675.0,76791.0,443.28983,5709
2026-05-22 18:30:00,76791.0,76791.0,76051.0,76504.0,2539.78046,16319
2026-05-22 19:00:00,76504.0,76555.0,76151.0,76218.0,1296.95128,11053
2026-05-22 19:30:00,76218.0,76238.0,75621.0,75823.0,3371.53612,23721
2026-05-22 20:00:00,75828.0,75999.0,75804.0,75938.0,604.47086,7116
2026-05-22 20:30:00,75937.0,76050.0,75782.0,75955.0,886.20826,8381
2026-05-22 21:00:00,75955.0,76005.0,75914.0,76003.0,318.03743,4026
2026-05-22 21:30:00,76003.0,76051.0,75902.0,75943.0,310.29428,4599
2026-05-22 22:00:00,75943.0,75945.0,75717.0,75765.0,351.21387,4925
2026-05-22 22:30:00,75764.0,75840.0,75507.0,75707.0,1054.71832,8807
2026-05-22 23:00:00,75707.0,75846.0,75643.0,75643.0,431.97378,5316
2026-05-22 23:30:00,75643.0,75781.0,75350.0,75500.0,768.7708,10212
2026-05-23 00:00:00,75500.0,75598.0,75366.0,75452.0,548.30112,8964
2026-05-23 00:30:00,75452.0,75468.0,75173.0,75331.0,695.51515,10120
2026-05-23 01:00:00,75327.0,75474.0,75327.0,75435.0,195.7378,4620
2026-05-23 01:30:00,75435.0,75468.0,75313.0,75452.0,211.85993,3907
2026-05-23 02:00:00,75452.0,75515.0,75382.0,75443.0,295.78507,4701
2026-05-23 02:30:00,75443.0,75560.0,75430.0,75537.0,276.60628,3756
2026-05-23 03:00:00,75536.0,75599.0,75530.0,75563.0,252.3778,3444
2026-05-23 03:30:00,75563.0,75631.0,75560.0,75602.0,166.01378,2802
2026-05-23 04:00:00,75601.0,75613.0,75523.0,75546.0,483.84087,2649
2026-05-23 04:30:00,75546.0,75610.0,75472.0,75494.0,103.13223,2237
2026-05-23 05:00:00,75493.0,75519.0,75441.0,75453.0,159.09926,2556
2026-05-23 05:30:00,75452.0,75482.0,75432.0,75447.0,51.83685,1727
2026-05-23 06:00:00,75447.0,75464.0,75415.0,75420.0,78.86578,2266
2026-05-23 06:30:00,75420.0,75453.0,75353.0,75361.0,124.96482,2867
2026-05-23 07:00:00,75360.0,75400.0,75195.0,75249.0,475.68552,5916
2026-05-23 07:30:00,75248.0,75307.0,74234.0,74568.0,3537.43117,25212
2026-05-23 08:00:00,74569.0,74700.0,74437.0,74556.0,1264.99912,11016
2026-05-23 08:30:00,74557.0,74643.0,74290.0,74643.0,1004.47672,11746
2026-05-23 09:00:00,74643.0,74650.0,74585.0,74649.0,298.79857,4659
2026-05-23 09:30:00,74650.0,74714.0,74603.0,74610.0,235.0916,4042
2026-05-23 10:00:00,74611.0,74718.0,74611.0,74703.0,140.78166,3143
2026-05-23 10:30:00,74704.0,74746.0,74663.0,74663.0,191.8211,3430
2026-05-23 11:00:00,74665.0,74831.0,74664.0,74820.0,438.52886,3852
2026-05-23 11:30:00,74820.0,74820.0,74743.0,74761.0,167.51723,2616
2026-05-23 12:00:00,74761.0,74761.0,74615.0,74698.0,221.85168,3636
2026-05-23 12:30:00,74698.0,74727.0,74685.0,74718.0,88.60142,2302
2026-05-23 13:00:00,74719.0,74990.0,74718.0,74949.0,662.04096,7782
2026-05-23 13:30:00,74949.0,75223.0,74833.0,75172.0,629.59101,8738
2026-05-23 14:00:00,75173.0,75292.0,75050.0,75277.0,612.15021,10299
2026-05-23 14:30:00,75277.0,75664.0,75242.0,75495.0,754.42768,10799
2026-05-23 15:00:00,75496.0,75631.0,75431.0,75500.0,550.6058,7245
2026-05-23 15:30:00,75499.0,75500.0,75356.0,75478.0,350.61004,5994
2026-05-23 16:00:00,75478.0,75582.0,75370.0,75437.0,290.04001,5105
2026-05-23 16:30:00,75437.0,75518.0,75381.0,75394.0,207.88865,3771
2026-05-23 17:00:00,75395.0,75474.0,75372.0,75430.0,216.59299,3943
2026-05-23 17:30:00,75429.0,75476.0,75323.0,75439.0,186.2477,3849
2026-05-23 18:00:00,75439.0,75883.0,75414.0,75788.0,705.60305,10810
2026-05-23 18:30:00,75788.0,75943.0,75713.0,75809.0,1398.35153,10074
2026-05-23 19:00:00,75810.0,75950.0,75735.0,75926.0,373.3683,5690
2026-05-23 19:30:00,75926.0,75962.0,75839.0,75947.0,194.5355,4401
2026-05-23 20:00:00,75947.0,76155.0,75907.0,75972.0,1363.55219,10256
2026-05-23 20:30:00,75971.0,77266.0,75940.0,77258.0,6127.04208,43104
2026-05-23 21:00:00,77257.0,77375.0,76690.0,76715.0,2765.02758,22699
2026-05-23 21:30:00,76714.0,76886.0,76478.0,76769.0,1700.65243,16141
2026-05-23 22:00:00,76769.0,76858.0,76490.0,76498.0,891.04405,9983
2026-05-23 22:30:00,76498.0,76579.0,76356.0,76544.0,570.5195,7975
2026-05-23 23:00:00,76543.0,76748.0,76489.0,76594.0,602.75287,7060
2026-05-23 23:30:00,76594.0,76781.0,76593.0,76712.0,352.69984,5578
2026-05-24 00:00:00,76711.0,76755.0,76600.0,76652.0,206.59781,5165
2026-05-24 00:30:00,76652.0,76908.0,76649.0,76806.0,180.83039,6013
2026-05-24 01:00:00,76805.0,76876.0,76720.0,76865.0,230.9432,5046
2026-05-24 01:30:00,76865.0,76887.0,76769.0,76852.0,147.15441,4101
2026-05-24 02:00:00,76851.0,76937.0,76659.0,76710.0,148.69706,4269
2026-05-24 02:30:00,76710.0,76817.0,76710.0,76786.0,162.10944,3104
2026-05-24 03:00:00,76786.0,76969.0,76775.0,76873.0,209.75719,3728
2026-05-24 03:30:00,76874.0,76875.0,76694.0,76706.0,124.60807,3372
2026-05-24 04:00:00,76706.0,76812.0,76705.0,76719.0,93.22426,2659
2026-05-24 04:30:00,76719.0,76777.0,76689.0,76737.0,157.50766,2871
2026-05-24 05:00:00,76737.0,76737.0,76627.0,76656.0,167.79687,2731
2026-05-24 05:30:00,76656.0,76834.0,76597.0,76780.0,212.24326,3702
2026-05-24 06:00:00,76780.0,76823.0,76668.0,76692.0,105.73325,3017
2026-05-24 06:30:00,76692.0,77042.0,76692.0,76949.0,358.68963,5804
2026-05-24 07:00:00,76948.0,76975.0,76829.0,76863.0,186.67181,4155
2026-05-24 07:30:00,76864.0,76874.0,76745.0,76759.0,408.45342,4749
2026-05-24 08:00:00,76760.0,76811.0,76689.0,76774.0,87.32662,3327
2026-05-24 08:30:00,76774.0,76815.0,76742.0,76796.0,168.39076,3320
2026-05-24 09:00:00,76795.0,76942.0,76778.0,76916.0,128.24046,3858
2026-05-24 09:30:00,76916.0,77000.0,76876.0,76986.0,402.4884,3651
2026-05-24 10:00:00,76987.0,77534.0,76881.0,77198.0,645.75811,8973
2026-05-24 10:30:00,77198.0,77203.0,77037.0,77153.0,1095.2258,7390
2026-05-24 11:00:00,77153.0,77330.0,77150.0,77251.0,206.45759,5565
2026-05-24 11:30:00,77251.0,77287.0,77168.0,77286.0,154.58282,3969
2026-05-24 12:00:00,77287.0,77287.0,77009.0,77032.0,567.19525,7135
2026-05-24 12:30:00,77032.0,77080.0,77000.0,77068.0,350.54569,4001
2026-05-24 13:00:00,77068.0,77077.0,76900.0,76911.0,322.28126,3962
2026-05-24 13:30:00,76911.0,76962.0,76639.0,76752.0,545.15002,9097
2026-05-24 14:00:00,76751.0,76795.0,76086.0,76368.0,2345.57834,23961
2026-05-24 14:30:00,76368.0,76474.0,76300.0,76403.0,1202.05649,9410
2026-05-24 15:00:00,76404.0,76486.0,76368.0,76393.0,232.02278,5922
2026-05-24 15:30:00,76393.0,76454.0,76305.0,76318.0,161.17637,4577
2026-05-24 16:00:00,76317.0,76700.0,76317.0,76549.0,1652.54572,9617
2026-05-24 16:30:00,76548.0,76654.0,76390.0,76629.0,257.15932,5293
2026-05-24 17:00:00,76628.0,76692.0,76525.0,76575.0,475.13615,5933
2026-05-24 17:30:00,76574.0,76742.0,76536.0,76651.0,270.45696,4645
2026-05-24 18:00:00,76650.0,76751.0,76582.0,76645.0,599.76107,5311
2026-05-24 18:30:00,76644.0,76672.0,76548.0,76628.0,137.12769,3688
2026-05-24 19:00:00,76627.0,76709.0,76572.0,76614.0,120.44993,4129
2026-05-24 19:30:00,76613.0,76741.0,76597.0,76719.0,71.67735,3266
2026-05-24 20:00:00,76719.0,76754.0,76568.0,76636.0,205.30549,4658
2026-05-24 20:30:00,76636.0,76675.0,76572.0,76619.0,202.90898,4242
2026-05-24 21:00:00,76618.0,76700.0,76425.0,76474.0,246.92522,4467
2026-05-24 21:30:00,76473.0,76522.0,76060.0,76096.0,956.04155,14047
2026-05-24 22:00:00,76096.0,76985.0,76089.0,76809.0,1873.17518,20854
2026-05-24 22:30:00,76809.0,76957.0,76627.0,76759.0,586.58537,9812
2026-05-24 23:00:00,76758.0,76985.0,76758.0,76811.0,381.15835,7900
2026-05-24 23:30:00,76811.0,77185.0,76811.0,77015.0,410.8608,9246
2026-05-25 00:00:00,77015.0,77200.0,77015.0,77166.0,417.90877,7355
2026-05-25 00:30:00,77166.0,77243.0,77038.0,77102.0,341.56687,7768
2026-05-25 01:00:00,77102.0,77211.0,76970.0,77126.0,457.26018,7447
2026-05-25 01:30:00,77126.0,77170.0,76867.0,76891.0,501.21125,7538
2026-05-25 02:00:00,76891.0,77445.0,76891.0,77100.0,1194.75253,12533
2026-05-25 02:30:00,77099.0,77138.0,77026.0,77065.0,180.31596,4139
2026-05-25 03:00:00,77065.0,77121.0,77026.0,77042.0,277.26977,4726
2026-05-25 03:30:00,77042.0,77075.0,76959.0,76977.0,276.26712,4171
2026-05-25 04:00:00,76977.0,77132.0,76943.0,77128.0,166.68389,4020
2026-05-25 04:30:00,77128.0,77407.0,77086.0,77346.0,407.94178,6509
2026-05-25 05:00:00,77345.0,77436.0,77275.0,77353.0,356.7696,5798
2026-05-25 05:30:00,77353.0,77446.0,77345.0,77361.0,150.73294,4071
2026-05-25 06:00:00,77360.0,77591.0,77175.0,77235.0,537.88546,8605
2026-05-25 06:30:00,77234.0,77484.0,77234.0,77379.0,265.12574,5503
2026-05-25 07:00:00,77379.0,77480.0,77123.0,77176.0,323.64106,6307
2026-05-25 07:30:00,77176.0,77366.0,77158.0,77366.0,218.58782,4570
2026-05-25 08:00:00,77365.0,77366.0,77235.0,77266.0,272.96057,3783
2026-05-25 08:30:00,77265.0,77430.0,77265.0,77417.0,221.86914,4485
2026-05-25 09:00:00,77417.0,77500.0,77379.0,77481.0,145.35405,4266
2026-05-25 09:30:00,77481.0,77673.0,77473.0,77567.0,557.65994,6487
2026-05-25 10:00:00,77567.0,77645.0,77475.0,77499.0,276.29858,4740
2026-05-25 10:30:00,77499.0,77540.0,77447.0,77500.0,154.80368,3243
2026-05-25 11:00:00,77500.0,77501.0,77368.0,77375.0,289.02058,3476
2026-05-25 11:30:00,77375.0,77483.0,77274.0,77306.0,351.58527,4108
2026-05-25 12:00:00,77305.0,77384.0,77239.0,77354.0,351.75399,5103
2026-05-25 12:30:00,77354.0,77394.0,77252.0,77311.0,208.09846,4099
2026-05-25 13:00:00,77311.0,77398.0,77245.0,77296.0,275.88774,4211
2026-05-25 13:30:00,77295.0,77325.0,77257.0,77295.0,276.4453,4481
2026-05-25 14:00:00,77294.0,77585.0,77270.0,77585.0,403.15421,10182
2026-05-25 14:30:00,77584.0,77744.0,77507.0,77672.0,357.08208,7613
2026-05-25 15:00:00,77671.0,77865.0,77552.0,77562.0,802.94346,10800
2026-05-25 15:30:00,77561.0,77645.0,77508.0,77590.0,286.14972,6220
2026-05-25 16:00:00,77589.0,77605.0,77464.0,77553.0,223.31867,4679
2026-05-25 16:30:00,77552.0,77773.0,77537.0,77699.0,229.62412,5351
2026-05-25 17:00:00,77698.0,77764.0,77551.0,77603.0,196.1062,5042
2026-05-25 17:30:00,77602.0,77603.0,77526.0,77537.0,219.44849,2924
2026-05-25 18:00:00,77536.0,77625.0,77526.0,77602.0,200.11176,3236
2026-05-25 18:30:00,77602.0,77605.0,77501.0,77501.0,166.83421,2871
2026-05-25 19:00:00,77501.0,77504.0,77383.0,77476.0,296.83543,4755
2026-05-25 19:30:00,77476.0,77479.0,77299.0,77404.0,216.07016,4817
2026-05-25 20:00:00,77404.0,77468.0,77380.0,77392.0,208.15542,3394
2026-05-25 20:30:00,77392.0,77429.0,77175.0,77237.0,521.90882,6620
2026-05-25 21:00:00,77236.0,77333.0,77236.0,77315.0,180.36384,3364
2026-05-25 21:30:00,77314.0,77354.0,77228.0,77325.0,358.49758,4674
2026-05-25 22:00:00,77324.0,77400.0,77215.0,77250.0,518.69069,5974
2026-05-25 22:30:00,77249.0,77250.0,76987.0,77072.0,407.9756,7577
2026-05-25 23:00:00,77072.0,77284.0,77028.0,77248.0,338.82129,4611
2026-05-25 23:30:00,77248.0,77331.0,77222.0,77282.0,220.9366,3167
2026-05-26 00:00:00,77281.0,77310.0,77035.0,77081.0,570.98749,6752
2026-05-26 00:30:00,77081.0,77155.0,76520.0,76755.0,933.42014,12766
2026-05-26 01:00:00,76755.0,76844.0,76582.0,76751.0,542.84817,8363
2026-05-26 01:30:00,76751.0,76751.0,76550.0,76711.0,478.34924,7141
2026-05-26 02:00:00,76711.0,76775.0,76581.0,76624.0,287.72946,5617
2026-05-26 02:30:00,76624.0,76686.0,76456.0,76614.0,339.78893,5356
2026-05-26 03:00:00,76615.0,76615.0,76414.0,76525.0,640.47134,6104
2026-05-26 03:30:00,76525.0,76672.0,76496.0,76619.0,253.40994,3278
2026-05-26 04:00:00,76620.0,76709.0,76564.0,76703.0,285.33162,3742
2026-05-26 04:30:00,76702.0,76781.0,76698.0,76716.0,334.39685,3068
2026-05-26 05:00:00,76716.0,76852.0,76666.0,76828.0,256.42583,3819
2026-05-26 05:30:00,76828.0,76941.0,76804.0,76877.0,222.79235,3247
2026-05-26 06:00:00,76878.0,76878.0,76733.0,76795.0,114.74985,3053
2026-05-26 06:30:00,76795.0,77009.0,76795.0,76867.0,270.83809,4063
2026-05-26 07:00:00,76868.0,76880.0,76559.0,76641.0,309.77385,4691
2026-05-26 07:30:00,76642.0,76719.0,76556.0,76671.0,559.52697,4824
2026-05-26 08:00:00,76671.0,76768.0,76640.0,76758.0,182.55897,3578
2026-05-26 08:30:00,76757.0,76807.0,76671.0,76672.0,93.64479,3674
2026-05-26 09:00:00,76671.0,76763.0,76602.0,76693.0,146.84291,4813
2026-05-26 09:30:00,76693.0,76742.0,76601.0,76632.0,83.75823,3031
2026-05-26 10:00:00,76632.0,77231.0,76524.0,77196.0,722.20358,10976
2026-05-26 10:30:00,77197.0,77595.0,77132.0,77397.0,2536.83522,19639
2026-05-26 11:00:00,77397.0,77476.0,77182.0,77201.0,691.83905,7167
2026-05-26 11:30:00,77200.0,77278.0,77124.0,77144.0,608.20618,5348
2026-05-26 12:00:00,77144.0,77192.0,76809.0,76968.0,540.3161,8758
2026-05-26 12:30:00,76968.0,77101.0,76934.0,77094.0,158.77299,4828
2026-05-26 13:00:00,77094.0,77114.0,76751.0,76755.0,420.00882,6921
2026-05-26 13:30:00,76755.0,77439.0,76638.0,77181.0,1354.60048,17330
2026-05-26 14:00:00,77181.0,78060.0,77124.0,77915.0,2113.29163,25813
2026-05-26 14:30:00,77915.0,77947.0,76678.0,76870.0,3996.49344,33129
2026-05-26 15:00:00,76870.0,76969.0,76534.0,76602.0,947.8389,13914
2026-05-26 15:30:00,76603.0,76657.0,76234.0,76482.0,1252.40178,17852
2026-05-26 16:00:00,76482.0,76538.0,76199.0,76509.0,811.1429,11434
2026-05-26 16:30:00,76510.0,76683.0,76373.0,76537.0,490.02251,8033
2026-05-26 17:00:00,76537.0,76616.0,75960.0,76040.0,2194.85298,12735
2026-05-26 17:30:00,76039.0,76121.0,75802.0,75901.0,1647.11456,12695
2026-05-26 18:00:00,75901.0,76240.0,75826.0,76063.0,706.26433,7528
2026-05-26 18:30:00,76063.0,76105.0,75754.0,75811.0,624.2732,6026
2026-05-26 19:00:00,75812.0,75898.0,75765.0,75887.0,432.6515,5286
2026-05-26 19:30:00,75887.0,76067.0,75847.0,76015.0,350.12725,4319
2026-05-26 20:00:00,76019.0,76120.0,75976.0,76119.0,384.94492,4128
2026-05-26 20:30:00,76120.0,76141.0,75943.0,76049.0,340.36556,3487
2026-05-26 21:00:00,76049.0,76077.0,75804.0,76012.0,411.84407,3763
2026-05-26 21:30:00,76012.0,76044.0,75824.0,75838.0,321.73282,3577
2026-05-26 22:00:00,75838.0,75961.0,75692.0,75749.0,468.39879,5604
2026-05-26 22:30:00,75748.0,75824.0,75623.0,75707.0,490.97957,4365
2026-05-26 23:00:00,75706.0,75913.0,75706.0,75867.0,796.6336,4879
2026-05-26 23:30:00,75866.0,75943.0,75853.0,75894.0,206.63,2250
2026-05-27 00:00:00,75895.0,75976.0,75847.0,75898.0,115.91895,2751
2026-05-27 00:30:00,75897.0,76051.0,75864.0,76050.0,146.63334,3013
2026-05-27 01:00:00,76051.0,76067.0,75784.0,75831.0,303.5149,3963
2026-05-27 01:30:00,75832.0,75944.0,75800.0,75838.0,229.49464,3411
2026-05-27 02:00:00,75838.0,75857.0,75643.0,75720.0,887.74767,4568
2026-05-27 02:30:00,75720.0,75838.0,75663.0,75838.0,446.39681,3562
2026-05-27 03:00:00,75838.0,75933.0,75761.0,75805.0,353.69315,4680
2026-05-27 03:30:00,75804.0,75827.0,75590.0,75628.0,332.30221,5277
2026-05-27 04:00:00,75629.0,75664.0,75451.0,75470.0,621.27173,6802
2026-05-27 04:30:00,75471.0,75537.0,75251.0,75522.0,1580.46011,11391
2026-05-27 05:00:00,75522.0,75658.0,75521.0,75621.0,208.62872,5262
2026-05-27 05:30:00,75622.0,75693.0,75544.0,75668.0,280.53125,5573
2026-05-27 06:00:00,75669.0,75757.0,75628.0,75702.0,286.79096,5779
2026-05-27 06:30:00,75702.0,75858.0,75684.0,75793.0,188.60532,4859
2026-05-27 07:00:00,75793.0,75845.0,75718.0,75822.0,111.0504,4213
2026-05-27 07:30:00,75822.0,75933.0,75818.0,75927.0,123.93019,4350
2026-05-27 08:00:00,75927.0,76030.0,75850.0,76002.0,154.4595,5322
2026-05-27 08:30:00,76002.0,76003.0,75800.0,75817.0,231.62598,4074
2026-05-27 09:00:00,75816.0,75824.0,75667.0,75771.0,175.81708,4582
2026-05-27 09:30:00,75771.0,75939.0,75764.0,75879.0,425.62571,4745
2026-05-27 10:00:00,75880.0,75998.0,75845.0,75964.0,163.95422,4000
2026-05-27 10:30:00,75964.0,75978.0,75833.0,75858.0,116.51011,3677
2026-05-27 11:00:00,75858.0,75993.0,75845.0,75885.0,116.31182,4185
2026-05-27 11:30:00,75884.0,75884.0,75711.0,75724.0,346.96858,5697
2026-05-27 12:00:00,75724.0,76120.0,75530.0,75894.0,1215.06212,13411
2026-05-27 12:30:00,75894.0,75956.0,75631.0,75631.0,530.21736,7700
2026-05-27 13:00:00,75631.0,75719.0,75126.0,75152.0,1164.55408,14511
2026-05-27 13:30:00,75151.0,75289.0,74832.0,75043.0,2380.08403,24049
2026-05-27 14:00:00,75042.0,75228.0,74738.0,74845.0,1484.96149,18281
2026-05-27 14:30:00,74845.0,75127.0,74782.0,75009.0,805.94435,9399
2026-05-27 15:00:00,75007.0,75376.0,74953.0,75333.0,1626.83527,10934
2026-05-27 15:30:00,75332.0,75480.0,75150.0,75300.0,723.11617,9790
2026-05-27 16:00:00,75300.0,75390.0,75013.0,75059.0,1006.42545,9123
2026-05-27 16:30:00,75059.0,75286.0,74959.0,75271.0,612.48719,7027
2026-05-27 17:00:00,75272.0,75310.0,74875.0,74976.0,726.15244,9500
2026-05-27 17:30:00,74975.0,75007.0,74630.0,74830.0,770.2522,9502
2026-05-27 18:00:00,74830.0,74905.0,74628.0,74865.0,700.07774,8276
2026-05-27 18:30:00,74865.0,74998.0,74848.0,74991.0,485.22158,5042
2026-05-27 19:00:00,74990.0,75042.0,74932.0,75000.0,380.36627,4387
2026-05-27 19:30:00,75000.0,75069.0,74921.0,75027.0,254.00791,3938
2026-05-27 20:00:00,75031.0,75378.0,75021.0,75239.0,785.26273,7192
2026-05-27 20:30:00,75240.0,75252.0,75171.0,75238.0,309.92516,3825
2026-05-27 21:00:00,75238.0,75239.0,75069.0,75069.0,371.92552,3987
2026-05-27 21:30:00,75069.0,75070.0,74310.0,74443.0,3057.37758,19215
2026-05-27 22:00:00,74443.0,74744.0,74236.0,74573.0,1230.26235,12818
2026-05-27 22:30:00,74574.0,74642.0,74378.0,74384.0,675.3088,6413
2026-05-27 23:00:00,74384.0,74547.0,74202.0,74262.0,623.42224,7227
2026-05-27 23:30:00,74263.0,74462.0,74233.0,74420.0,532.62187,6383
2026-05-28 00:00:00,74420.0,74557.0,74331.0,74445.0,462.29151,6657
2026-05-28 00:30:00,74445.0,74547.0,74416.0,74535.0,141.46826,4027
2026-05-28 01:00:00,74536.0,74547.0,74119.0,74256.0,1231.0522,9823
2026-05-28 01:30:00,74256.0,74364.0,74136.0,74300.0,381.09865,6655
2026-05-28 02:00:00,74301.0,74350.0,74140.0,74176.0,180.54049,5236
2026-05-28 02:30:00,74176.0,74327.0,74100.0,74249.0,637.67958,7019
2026-05-28 03:00:00,74249.0,74341.0,73443.0,73705.0,3105.57513,20056
2026-05-28 03:30:00,73706.0,73752.0,73035.0,73234.0,2514.53946,20159
2026-05-28 04:00:00,73234.0,73235.0,72684.0,72979.0,2231.12182,18707
2026-05-28 04:30:00,72979.0,73186.0,72919.0,73155.0,1465.79949,9084
2026-05-28 05:00:00,73156.0,73156.0,72900.0,72925.0,625.14365,6891
2026-05-28 05:30:00,72925.0,73050.0,72869.0,72950.0,1354.498,6240
2026-05-28 06:00:00,72951.0,72998.0,72844.0,72897.0,386.93099,5086
2026-05-28 06:30:00,72897.0,73175.0,72729.0,73171.0,829.97315,7919
2026-05-28 07:00:00,73171.0,73301.0,73120.0,73217.0,788.2021,6049
2026-05-28 07:30:00,73218.0,73471.0,73218.0,73461.0,650.5123,6185
2026-05-28 08:00:00,73462.0,73468.0,73202.0,73235.0,445.9538,5795
2026-05-28 08:30:00,73235.0,73394.0,73175.0,73297.0,725.49017,6078
2026-05-28 09:00:00,73298.0,73386.0,73231.0,73386.0,488.43706,4895
2026-05-28 09:30:00,73386.0,73537.0,73339.0,73514.0,334.16447,4576
2026-05-28 10:00:00,73514.0,73586.0,73318.0,73401.0,389.5211,4927
2026-05-28 10:30:00,73400.0,73565.0,73344.0,73370.0,125.28183,3506
2026-05-28 11:00:00,73369.0,73430.0,73301.0,73325.0,194.27683,3517
2026-05-28 11:30:00,73324.0,73502.0,73293.0,73474.0,187.44444,3420
2026-05-28 12:00:00,73474.0,73495.0,73221.0,73345.0,243.29024,4540
2026-05-28 12:30:00,73346.0,73541.0,73320.0,73491.0,353.41403,5512
2026-05-28 13:00:00,73490.0,73541.0,72947.0,73132.0,877.51439,8937
2026-05-28 13:30:00,73131.0,73132.0,72745.0,72999.0,1716.16039,15631
2026-05-28 14:00:00,72999.0,73549.0,72555.0,72942.0,4650.12268,36342
2026-05-28 14:30:00,72943.0,73030.0,72690.0,73007.0,1075.85649,12421
2026-05-28 15:00:00,73007.0,73164.0,72680.0,72953.0,1509.32259,11472
2026-05-28 15:30:00,72953.0,73055.0,72822.0,72924.0,478.51053,6748
2026-05-28 16:00:00,72925.0,73314.0,72724.0,73144.0,1021.30322,10722
2026-05-28 16:30:00,73144.0,73433.0,73143.0,73426.0,1461.66673,10904
2026-05-28 17:00:00,73426.0,73479.0,73275.0,73325.0,921.29095,7276
2026-05-28 17:30:00,73324.0,73756.0,73304.0,73519.0,942.63411,9016
2026-05-28 18:00:00,73519.0,73723.0,73479.0,73561.0,1036.39502,8002
2026-05-28 18:30:00,73562.0,73711.0,73543.0,73636.0,281.0464,5420
2026-05-28 19:00:00,73637.0,73637.0,73404.0,73544.0,356.59821,5712
2026-05-28 19:30:00,73543.0,73569.0,73356.0,73392.0,464.45048,6144
2026-05-28 20:00:00,73392.0,73647.0,73215.0,73628.0,1015.58665,10375
2026-05-28 20:30:00,73628.0,73704.0,73537.0,73560.0,783.63195,5810
2026-05-28 21:00:00,73560.0,73737.0,73537.0,73679.0,262.95751,4474
2026-05-28 21:30:00,73680.0,73904.0,73679.0,73807.0,565.39981,7923
2026-05-28 22:00:00,73807.0,73932.0,73586.0,73587.0,439.39239,6609
2026-05-28 22:30:00,73586.0,73596.0,73431.0,73445.0,341.85493,5070
2026-05-28 23:00:00,73446.0,73685.0,73446.0,73663.0,92.80256,3697
2026-05-28 23:30:00,73663.0,73700.0,73507.0,73587.0,164.94683,3859
2026-05-29 00:00:00,73588.0,73834.0,73588.0,73758.0,369.25751,6792
2026-05-29 00:30:00,73758.0,73831.0,73654.0,73692.0,135.16433,4001
2026-05-29 01:00:00,73692.0,73847.0,73542.0,73573.0,170.81837,5826
2026-05-29 01:30:00,73571.0,73607.0,73418.0,73563.0,860.34936,6273
2026-05-29 02:00:00,73563.0,73626.0,73350.0,73356.0,255.64135,5438
2026-05-29 02:30:00,73356.0,73466.0,73151.0,73186.0,1056.79856,7501
2026-05-29 03:00:00,73186.0,73430.0,73186.0,73364.0,628.79054,4826
2026-05-29 03:30:00,73363.0,73419.0,73228.0,73261.0,216.71421,3901
2026-05-29 04:00:00,73261.0,73352.0,73182.0,73341.0,217.77152,4754
2026-05-29 04:30:00,73340.0,73480.0,73322.0,73476.0,57.30113,3829
2026-05-29 05:00:00,73476.0,73610.0,73469.0,73550.0,172.46992,4560
2026-05-29 05:30:00,73549.0,73696.0,73464.0,73678.0,230.50784,5060
2026-05-29 06:00:00,73676.0,73924.0,73609.0,73741.0,1101.8405,6575
2026-05-29 06:30:00,73740.0,73762.0,73634.0,73746.0,241.92552,3300
2026-05-29 07:00:00,73747.0,73791.0,73708.0,73724.0,177.7544,3679
2026-05-29 07:30:00,73724.0,73725.0,73340.0,73494.0,477.02165,6828
2026-05-29 08:00:00,73493.0,73803.0,73493.0,73756.0,404.90991,6685
2026-05-29 08:30:00,73755.0,73798.0,73606.0,73615.0,355.45681,5107
2026-05-29 09:00:00,73615.0,73866.0,73610.0,73862.0,299.49302,5040
2026-05-29 09:30:00,73861.0,73862.0,73681.0,73697.0,116.44085,3375
2026-05-29 10:00:00,73697.0,73697.0,73575.0,73595.0,142.60439,3825
2026-05-29 10:30:00,73594.0,73700.0,73548.0,73605.0,98.26609,3631
2026-05-29 11:00:00,73604.0,73665.0,73531.0,73532.0,71.46045,3248
2026-05-29 11:30:00,73532.0,73549.0,73299.0,73428.0,274.08647,5843
2026-05-29 12:00:00,73428.0,73428.0,73278.0,73292.0,325.01256,4885
2026-05-29 12:30:00,73293.0,73344.0,73159.0,73259.0,842.58622,7815
2026-05-29 13:00:00,73259.0,73259.0,72928.0,73038.0,867.65036,10001
2026-05-29 13:30:00,73037.0,73327.0,72863.0,73107.0,1246.51664,13576
2026-05-29 14:00:00,73110.0,73177.0,72476.0,72696.0,1599.44925,21675
2026-05-29 14:30:00,72695.0,73154.0,72545.0,73069.0,1921.98339,18667
2026-05-29 15:00:00,73069.0,73745.0,72978.0,73657.0,2983.72125,26703
2026-05-29 15:30:00,73657.0,74210.0,73643.0,73776.0,4034.30984,29635
2026-05-29 16:00:00,73777.0,73989.0,73528.0,73622.0,1131.82785,15021
2026-05-29 16:30:00,73621.0,74094.0,73612.0,74021.0,1294.94097,15300
2026-05-29 17:00:00,74022.0,74300.0,73903.0,74195.0,1030.18198,13359
2026-05-29 17:30:00,74196.0,74300.0,73889.0,73942.0,690.80886,8748
2026-05-29 18:00:00,73941.0,74032.0,73705.0,73756.0,954.35174,11020
2026-05-29 18:30:00,73756.0,73820.0,73150.0,73345.0,2061.80944,16853
2026-05-29 19:00:00,73345.0,73479.0,73208.0,73299.0,665.20398,9331
2026-05-29 19:30:00,73299.0,73698.0,73299.0,73487.0,472.80168,10091
2026-05-29 20:00:00,73487.0,73728.0,73473.0,73675.0,204.12821,6054
2026-05-29 20:30:00,73676.0,73735.0,73583.0,73642.0,253.11865,4831
2026-05-29 21:00:00,73642.0,73820.0,73495.0,73496.0,561.63818,6934
2026-05-29 21:30:00,73495.0,73585.0,73365.0,73375.0,412.51533,6127
2026-05-29 22:00:00,73375.0,73527.0,73339.0,73484.0,305.26959,5294
2026-05-29 22:30:00,73485.0,73516.0,73369.0,73445.0,177.50092,4644
2026-05-29 23:00:00,73445.0,73484.0,73269.0,73343.0,469.81293,6304
2026-05-29 23:30:00,73343.0,73467.0,73275.0,73431.0,125.72193,3286
2026-05-30 00:00:00,73432.0,73513.0,73388.0,73435.0,117.81632,3898
2026-05-30 00:30:00,73435.0,73551.0,73372.0,73467.0,183.52549,3722
2026-05-30 01:00:00,73466.0,73620.0,73430.0,73602.0,226.17532,3872
2026-05-30 01:30:00,73602.0,73625.0,73558.0,73618.0,107.3775,2794
2026-05-30 02:00:00,73618.0,73679.0,73576.0,73589.0,173.48877,2973
2026-05-30 02:30:00,73589.0,73765.0,73588.0,73765.0,496.77166,3919
2026-05-30 03:00:00,73765.0,73765.0,73640.0,73640.0,265.48245,2715
2026-05-30 03:30:00,73640.0,73640.0,73484.0,73493.0,229.74769,3364
2026-05-30 04:00:00,73494.0,73539.0,73269.0,73316.0,298.01742,5295
2026-05-30 04:30:00,73315.0,73362.0,73163.0,73361.0,670.07229,7606
2026-05-30 05:00:00,73361.0,73580.0,73312.0,73482.0,253.17423,4961
2026-05-30 05:30:00,73483.0,73614.0,73483.0,73569.0,317.35039,3304
2026-05-30 06:00:00,73569.0,73587.0,73491.0,73572.0,209.09519,2769
2026-05-30 06:30:00,73572.0,73678.0,73532.0,73552.0,324.68655,3878
2026-05-30 07:00:00,73552.0,73552.0,73493.0,73519.0,181.13958,2591
2026-05-30 07:30:00,73519.0,73540.0,73439.0,73511.0,187.03932,3345
2026-05-30 08:00:00,73512.0,73524.0,73470.0,73521.0,80.57334,2243
2026-05-30 08:30:00,73521.0,73522.0,73483.0,73488.0,175.16603,2288
2026-05-30 09:00:00,73488.0,73520.0,73471.0,73518.0,237.61732,3446
2026-05-30 09:30:00,73518.0,73581.0,73515.0,73576.0,210.3634,2779
2026-05-30 10:00:00,73577.0,73652.0,73556.0,73615.0,284.12755,4118
2026-05-30 10:30:00,73615.0,73630.0,73598.0,73612.0,140.77513,2852
2026-05-30 11:00:00,73613.0,73614.0,73532.0,73561.0,71.26093,2099
2026-05-30 11:30:00,73561.0,73598.0,73553.0,73574.0,106.84617,2126
2026-05-30 12:00:00,73574.0,73659.0,73563.0,73621.0,181.23557,2531
2026-05-30 12:30:00,73622.0,73695.0,73621.0,73678.0,261.03383,4387
2026-05-30 13:00:00,73677.0,73828.0,73677.0,73749.0,931.42295,7564
2026-05-30 13:30:00,73748.0,73807.0,73654.0,73801.0,193.29351,3456
2026-05-30 14:00:00,73801.0,74032.0,73794.0,74007.0,746.50065,9621
2026-05-30 14:30:00,74008.0,74065.0,73881.0,73892.0,398.46201,5661
2026-05-30 15:00:00,73892.0,74005.0,73808.0,73908.0,874.35418,5949
2026-05-30 15:30:00,73909.0,73939.0,73808.0,73885.0,785.18801,5069
2026-05-30 16:00:00,73886.0,73943.0,73835.0,73872.0,178.01859,3168
2026-05-30 16:30:00,73871.0,73942.0,73860.0,73893.0,292.45777,2943
2026-05-30 17:00:00,73893.0,73990.0,73844.0,73896.0,240.70205,3727
2026-05-30 17:30:00,73895.0,73994.0,73777.0,73985.0,418.61869,4962
2026-05-30 18:00:00,73986.0,74086.0,73896.0,73933.0,291.82739,3982
2026-05-30 18:30:00,73934.0,74095.0,73930.0,74007.0,217.82255,3217
2026-05-30 19:00:00,74008.0,74032.0,73966.0,73966.0,104.1144,2631
2026-05-30 19:30:00,73967.0,74038.0,73926.0,73980.0,105.84658,2629
2026-05-30 20:00:00,73980.0,73980.0,73895.0,73925.0,73.08479,2141
2026-05-30 20:30:00,73926.0,73944.0,73888.0,73944.0,117.3188,2581
2026-05-30 21:00:00,73944.0,73975.0,73931.0,73971.0,76.77662,2078
2026-05-30 21:30:00,73970.0,74018.0,73893.0,73950.0,64.69803,3223
2026-05-30 22:00:00,73950.0,73950.0,73782.0,73858.0,209.43951,4263
2026-05-30 22:30:00,73858.0,73863.0,73756.0,73844.0,135.0433,2866
2026-05-30 23:00:00,73845.0,73968.0,73792.0,73814.0,148.42872,4009
2026-05-30 23:30:00,73814.0,73854.0,73745.0,73853.0,161.31481,3006
2026-05-31 00:00:00,73853.0,74007.0,73827.0,73937.0,473.59897,4781
2026-05-31 00:30:00,73936.0,74016.0,73896.0,74015.0,374.38746,3953
2026-05-31 01:00:00,74016.0,74250.0,74000.0,74065.0,1133.10223,8130
2026-05-31 01:30:00,74065.0,74190.0,74009.0,74017.0,933.38746,5297
2026-05-31 02:00:00,74018.0,74208.0,73921.0,73925.0,762.93639,5421
2026-05-31 02:30:00,73925.0,74075.0,73839.0,74049.0,404.65691,5464
2026-05-31 03:00:00,74049.0,74196.0,74030.0,74181.0,201.7564,4519
2026-05-31 03:30:00,74181.0,74188.0,74105.0,74118.0,159.3119,3521
2026-05-31 04:00:00,74118.0,74190.0,74072.0,74165.0,104.18791,3252
2026-05-31 04:30:00,74165.0,74195.0,74117.0,74156.0,117.27873,3201
2026-05-31 05:00:00,74154.0,74182.0,74097.0,74139.0,109.29059,3072
2026-05-31 05:30:00,74139.0,74158.0,74030.0,74037.0,154.72494,3048
2026-05-31 06:00:00,74037.0,74038.0,73959.0,73999.0,99.03309,2293
2026-05-31 06:30:00,73999.0,74067.0,73991.0,74022.0,31.61931,1858
2026-05-31 07:00:00,74022.0,74023.0,73859.0,73867.0,93.93376,2936
2026-05-31 07:30:00,73867.0,73874.0,73802.0,73843.0,304.06806,4053
2026-05-31 08:00:00,73843.0,73953.0,73843.0,73945.0,85.59175,2975
2026-05-31 08:30:00,73945.0,73946.0,73815.0,73918.0,135.68137,2794
2026-05-31 09:00:00,73918.0,73947.0,73842.0,73928.0,100.73593,2349
2026-05-31 09:30:00,73928.0,74000.0,73774.0,73806.0,159.98233,3550
2026-05-31 10:00:00,73806.0,73837.0,73708.0,73771.0,212.55105,4033
2026-05-31 10:30:00,73772.0,73872.0,73772.0,73872.0,96.9429,2114
2026-05-31 11:00:00,73871.0,73943.0,73863.0,73942.0,117.67879,2668
2026-05-31 11:30:00,73942.0,73943.0,73873.0,73915.0,221.66428,2557
2026-05-31 12:00:00,73914.0,73959.0,73830.0,73905.0,208.04443,3278
2026-05-31 12:30:00,73905.0,73957.0,73861.0,73883.0,75.5603,1948
2026-05-31 13:00:00,73884.0,73984.0,73850.0,73929.0,144.90692,2355
2026-05-31 13:30:00,73929.0,73941.0,73780.0,73835.0,480.74152,3927
2026-05-31 14:00:00,73835.0,73837.0,73424.0,73578.0,1141.27689,14683
2026-05-31 14:30:00,73574.0,73721.0,73562.0,73583.0,311.9372,5347
2026-05-31 15:00:00,73583.0,73750.0,73563.0,73718.0,260.27822,4408
2026-05-31 15:30:00,73718.0,73722.0,73584.0,73631.0,219.41383,3011
2026-05-31 16:00:00,73632.0,73707.0,73495.0,73587.0,401.58939,5090
2026-05-31 16:30:00,73586.0,73586.0,73377.0,73505.0,793.91792,7233
2026-05-31 17:00:00,73505.0,73586.0,73445.0,73579.0,142.22038,3614
2026-05-31 17:30:00,73579.0,73710.0,73579.0,73683.0,148.36763,3204
2026-05-31 18:00:00,73684.0,73702.0,73582.0,73613.0,508.86223,4163
2026-05-31 18:30:00,73613.0,73699.0,73555.0,73594.0,150.26098,3042
2026-05-31 19:00:00,73594.0,73634.0,73432.0,73497.0,369.21488,4040
2026-05-31 19:30:00,73497.0,73552.0,73426.0,73541.0,298.36264,3298
2026-05-31 20:00:00,73541.0,73735.0,73541.0,73662.0,548.23016,5196
2026-05-31 20:30:00,73662.0,73747.0,73654.0,73717.0,181.36514,4747
2026-05-31 21:00:00,73717.0,73742.0,73607.0,73626.0,259.84771,7344
2026-05-31 21:30:00,73626.0,73920.0,73604.0,73874.0,586.95301,10754
2026-05-31 22:00:00,73874.0,73995.0,73652.0,73870.0,690.56624,12417
2026-05-31 22:30:00,73871.0,73993.0,73857.0,73934.0,680.83778,5907
2026-05-31 23:00:00,73935.0,74180.0,73774.0,73802.0,1150.34855,12375
2026-05-31 23:30:00,73803.0,73803.0,73462.0,73658.0,1232.40255,10392
2026-06-01 00:00:00,73658.0,73945.0,73626.0,73937.0,219.93578,7383
2026-06-01 00:30:00,73937.0,74075.0,73807.0,73870.0,558.73855,11342
2026-06-01 01:00:00,73871.0,73900.0,73540.0,73581.0,1229.49265,13375
2026-06-01 01:30:00,73581.0,73642.0,73250.0,73268.0,751.27323,9230
2026-06-01 02:00:00,73269.0,73549.0,73204.0,73498.0,960.13623,13692
2026-06-01 02:30:00,73499.0,73833.0,73435.0,73766.0,861.74389,12756
2026-06-01 03:00:00,73766.0,74000.0,73765.0,73898.0,1100.2165,14747
2026-06-01 03:30:00,73899.0,73955.0,73700.0,73737.0,339.98044,6555
2026-06-01 04:00:00,73737.0,73810.0,73371.0,73380.0,944.87178,8078
2026-06-01 04:30:00,73379.0,73564.0,73325.0,73502.0,219.58882,5285
2026-06-01 05:00:00,73503.0,73509.0,73309.0,73309.0,170.27547,4061
2026-06-01 05:30:00,73309.0,73440.0,73300.0,73327.0,191.64069,3759
2026-06-01 06:00:00,73327.0,73347.0,73123.0,73163.0,323.74939,6958
2026-06-01 06:30:00,73162.0,73207.0,72944.0,73131.0,822.99881,10848
2026-06-01 07:00:00,73132.0,73187.0,72944.0,72968.0,703.6894,7286
2026-06-01 07:30:00,72967.0,72974.0,72684.0,72792.0,1266.74347,11623
2026-06-01 08:00:00,72793.0,72851.0,72638.0,72729.0,383.36624,7310
2026-06-01 08:30:00,72730.0,72925.0,72606.0,72890.0,511.72498,8536
2026-06-01 09:00:00,72890.0,73090.0,72890.0,72988.0,377.22844,5697
2026-06-01 09:30:00,72987.0,73029.0,72819.0,72864.0,361.63354,5411
2026-06-01 10:00:00,72864.0,72888.0,72651.0,72692.0,227.89123,5216
2026-06-01 10:30:00,72693.0,72779.0,72571.0,72740.0,464.41345,7030
2026-06-01 11:00:00,72741.0,72759.0,72635.0,72658.0,217.45145,5215
2026-06-01 11:30:00,72657.0,72750.0,72258.0,72456.0,1464.67474,11853
2026-06-01 12:00:00,72456.0,72606.0,71845.0,72210.0,4609.56083,30218
2026-06-01 12:30:00,72209.0,72304.0,72096.0,72204.0,781.07579,10655
2026-06-01 13:00:00,72205.0,72225.0,71707.0,71802.0,2478.3967,22591
2026-06-01 13:30:00,71802.0,72033.0,71327.0,71700.0,3577.07287,32560
2026-06-01 14:00:00,71699.0,71877.0,71466.0,71525.0,1752.32734,20583
2026-06-01 14:30:00,71525.0,71617.0,71397.0,71559.0,1776.43755,15119
2026-06-01 15:00:00,71559.0,71672.0,71060.0,71074.0,2193.16504,21462
2026-06-01 15:30:00,71073.0,71489.0,71068.0,71128.0,1892.31591,17003
2026-06-01 16:00:00,71129.0,71187.0,70683.0,71083.0,2473.6439,21937
2026-06-01 16:30:00,71082.0,71595.0,71037.0,71552.0,1540.62472,15633
2026-06-01 17:00:00,71553.0,71718.0,71460.0,71717.0,901.46514,10691
2026-06-01 17:30:00,71717.0,71788.0,71525.0,71648.0,947.17477,11810
2026-06-01 18:00:00,71647.0,71683.0,71359.0,71534.0,1433.45137,10276
2026-06-01 18:30:00,71533.0,71677.0,71381.0,71484.0,991.14249,9855
2026-06-01 19:00:00,71484.0,71610.0,71369.0,71609.0,311.99772,5866
2026-06-01 19:30:00,71609.0,71657.0,71503.0,71586.0,424.67645,6736
2026-06-01 20:00:00,71586.0,71691.0,71507.0,71607.0,324.94081,5725
2026-06-01 20:30:00,71607.0,71672.0,71395.0,71425.0,476.20967,5960
2026-06-01 21:00:00,71424.0,71428.0,71065.0,71135.0,1726.57453,11369
2026-06-01 21:30:00,71136.0,71155.0,70914.0,71022.0,1141.59826,9298
2026-06-01 22:00:00,71023.0,71338.0,70828.0,71286.0,1328.35975,11726
2026-06-01 22:30:00,71287.0,71475.0,71062.0,71413.0,1393.99528,10970
2026-06-01 23:00:00,71413.0,71470.0,71237.0,71237.0,360.6878,6045
2026-06-01 23:30:00,71238.0,71589.0,71218.0,71411.0,3016.11653,11538
2026-06-02 00:00:00,71411.0,71412.0,71151.0,71228.0,608.44378,7339
2026-06-02 00:30:00,71229.0,71284.0,71091.0,71279.0,615.80103,6948
2026-06-02 01:00:00,71280.0,71350.0,71188.0,71188.0,294.80423,6144
2026-06-02 01:30:00,71188.0,71216.0,70620.0,70633.0,1469.48805,14039
2026-06-02 02:00:00,70641.0,70800.0,70127.0,70793.0,3641.49499,28127
2026-06-02 02:30:00,70793.0,70854.0,70556.0,70822.0,1673.06835,12880
2026-06-02 03:00:00,70822.0,71027.0,70782.0,70941.0,776.56301,8754
2026-06-02 03:30:00,70942.0,71015.0,70897.0,70943.0,360.71213,5798
2026-06-02 04:00:00,70944.0,71014.0,70711.0,70961.0,589.9302,8248
2026-06-02 04:30:00,70961.0,71032.0,70739.0,70801.0,297.65669,6615
2026-06-02 05:00:00,70801.0,70831.0,70568.0,70581.0,591.98277,9212
2026-06-02 05:30:00,70581.0,70713.0,70240.0,70253.0,1143.14606,12761
2026-06-02 06:00:00,70253.0,70422.0,70211.0,70359.0,884.40671,10530
2026-06-02 06:30:00,70359.0,70411.0,69924.0,70074.0,2534.72679,19649
2026-06-02 07:00:00,70075.0,70244.0,69709.0,69884.0,2013.06117,21418
2026-06-02 07:30:00,69884.0,70232.0,69881.0,70089.0,1029.22444,10743
2026-06-02 08:00:00,70096.0,70142.0,69836.0,70000.0,630.5946,13108
2026-06-02 08:30:00,69999.0,70063.0,69673.0,69792.0,582.26346,10928
2026-06-02 09:00:00,69792.0,69822.0,69300.0,69379.0,2091.53275,20120
2026-06-02 09:30:00,69379.0,69548.0,69321.0,69409.0,1039.13248,11727
2026-06-02 10:00:00,69409.0,69747.0,69330.0,69626.0,955.42762,12038
2026-06-02 10:30:00,69625.0,69684.0,69423.0,69633.0,536.00488,8257
2026-06-02 11:00:00,69633.0,69646.0,69405.0,69479.0,302.12469,8007
2026-06-02 11:30:00,69480.0,69591.0,69390.0,69452.0,279.6149,7226
2026-06-02 12:00:00,69453.0,69529.0,69217.0,69268.0,901.63331,13837
2026-06-02 12:30:00,69268.0,69269.0,68974.0,68975.0,1548.18588,16962
2026-06-02 13:00:00,68975.0,69154.0,68837.0,69003.0,2476.26431,20479
2026-06-02 13:30:00,69003.0,69085.0,68734.0,68785.0,3188.37434,23819
2026-06-02 14:00:00,68785.0,68812.0,67591.0,67867.0,6557.9389,51858
2026-06-02 14:30:00,67866.0,68263.0,67842.0,68006.0,3920.44371,29329
2026-06-02 15:00:00,68007.0,68073.0,67324.0,67422.0,4340.06569,32697
2026-06-02 15:30:00,67421.0,67491.0,67050.0,67288.0,4203.14205,36575
2026-06-02 16:00:00,67288.0,68132.0,67221.0,67837.0,3027.86872,30779
2026-06-02 16:30:00,67837.0,67840.0,67381.0,67390.0,1942.68574,20011
2026-06-02 17:00:00,67389.0,67786.0,67345.0,67712.0,1856.55626,19129
2026-06-02 17:30:00,67712.0,67823.0,67364.0,67471.0,1200.80054,14170
2026-06-02 18:00:00,67472.0,67636.0,67263.0,67273.0,991.28631,12903
2026-06-02 18:30:00,67273.0,67342.0,67100.0,67315.0,1574.83474,16415
2026-06-02 19:00:00,67315.0,67400.0,66866.0,66950.0,1843.14377,17944
2026-06-02 19:30:00,66950.0,67475.0,66356.0,67291.0,6656.46904,40706
2026-06-02 20:00:00,67291.0,67461.0,66877.0,66917.0,2637.31892,22411
2026-06-02 20:30:00,66917.0,67684.0,66917.0,67567.0,2284.3942,18210
2026-06-02 21:00:00,67567.0,67896.0,67377.0,67861.0,2118.54161,17193
2026-06-02 21:30:00,67862.0,67899.0,67472.0,67532.0,1225.99525,12115
2026-06-02 22:00:00,67533.0,67533.0,66911.0,67270.0,2652.73094,19708
2026-06-02 22:30:00,67271.0,67298.0,66211.0,66345.0,5963.76439,33677
2026-06-02 23:00:00,66345.0,66750.0,66169.0,66420.0,3881.80417,28402
2026-06-02 23:30:00,66420.0,66837.0,66219.0,66732.0,2520.64354,17316
2026-06-03 00:00:00,66732.0,67080.0,66624.0,66739.0,1933.63456,17743
2026-06-03 00:30:00,66739.0,67155.0,66669.0,66897.0,1002.71827,13197
2026-06-03 01:00:00,66897.0,67010.0,66642.0,66990.0,817.14057,14097
2026-06-03 01:30:00,66991.0,67015.0,66437.0,66881.0,1254.68397,15653
2026-06-03 02:00:00,66881.0,66904.0,66602.0,66623.0,468.1478,11208
2026-06-03 02:30:00,66624.0,66823.0,66550.0,66578.0,627.1695,10797
2026-06-03 03:00:00,66578.0,66629.0,66066.0,66122.0,2100.28914,16361
2026-06-03 03:30:00,66122.0,66235.0,65417.0,65812.0,4149.61258,30582
2026-06-03 04:00:00,65811.0,66590.0,65792.0,66549.0,2040.31564,20982
2026-06-03 04:30:00,66549.0,66549.0,66239.0,66425.0,660.06929,10324
2026-06-03 05:00:00,66425.0,67249.0,66425.0,67062.0,3175.3178,22883
2026-06-03 05:30:00,67062.0,67367.0,66731.0,67295.0,1481.75621,15057
2026-06-03 06:00:00,67295.0,67337.0,67076.0,67226.0,1256.75882,12462
2026-06-03 06:30:00,67226.0,67479.0,66918.0,66938.0,1538.84488,13783
2026-06-03 07:00:00,66938.0,67301.0,66836.0,67160.0,819.80929,12246
2026-06-03 07:30:00,67161.0,67296.0,67043.0,67192.0,373.69782,8766
2026-06-03 08:00:00,67193.0,67226.0,66975.0,66995.0,313.80538,8490
2026-06-03 08:30:00,66996.0,67198.0,66934.0,66987.0,527.40033,10835
2026-06-03 09:00:00,66988.0,67064.0,66780.0,66800.0,482.57518,8806
2026-06-03 09:30:00,66800.0,67300.0,66615.0,67051.0,824.20089,13031
2026-06-03 10:00:00,67050.0,67442.0,67033.0,67290.0,1261.87887,13279
2026-06-03 10:30:00,67290.0,67394.0,67160.0,67268.0,1093.62923,9439
2026-06-03 11:00:00,67268.0,67345.0,67174.0,67311.0,593.67859,8396
2026-06-03 11:30:00,67311.0,67311.0,67017.0,67044.0,894.43889,9035
2026-06-03 12:00:00,67045.0,67098.0,66759.0,67016.0,1141.42533,13366
2026-06-03 12:30:00,67016.0,67148.0,66817.0,67061.0,590.55939,10495
2026-06-03 13:00:00,67062.0,67230.0,66816.0,66824.0,627.39615,12386
2026-06-03 13:30:00,66824.0,67170.0,66618.0,66887.0,2466.5498,25650
2026-06-03 14:00:00,66888.0,66933.0,66638.0,66769.0,1311.18008,20189
2026-06-03 14:30:00,66770.0,66981.0,66702.0,66841.0,755.52307,14086
2026-06-03 15:00:00,66841.0,66870.0,66233.0,66588.0,1852.12871,23135
2026-06-03 15:30:00,66588.0,66668.0,66053.0,66055.0,1534.83336,21924
2026-06-03 16:00:00,66054.0,66365.0,65535.0,65591.0,4607.98378,37500
2026-06-03 16:30:00,65591.0,66063.0,65584.0,66050.0,1874.48657,22063
2026-06-03 17:00:00,66049.0,66117.0,65692.0,65938.0,972.17872,17616
2026-06-03 17:30:00,65938.0,66181.0,65783.0,65945.0,911.31005,14950
2026-06-03 18:00:00,65944.0,66082.0,65730.0,65891.0,844.29475,15136
2026-06-03 18:30:00,65892.0,66148.0,65784.0,66022.0,749.42744,13440
2026-06-03 19:00:00,66022.0,66037.0,65591.0,65647.0,849.25239,14556
2026-06-03 19:30:00,65648.0,65833.0,65204.0,65465.0,2134.19793,22649
2026-06-03 20:00:00,65461.0,65598.0,65242.0,65528.0,2290.76643,21158
2026-06-03 20:30:00,65529.0,65554.0,64688.0,64988.0,3994.43241,30675
2026-06-03 21:00:00,64988.0,65573.0,64936.0,65506.0,2248.32657,23889
2026-06-03 21:30:00,65505.0,65853.0,65278.0,65750.0,2363.67311,22590
2026-06-03 22:00:00,65749.0,65822.0,64958.0,65141.0,2066.14198,22742
2026-06-03 22:30:00,65140.0,65244.0,64762.0,64884.0,2975.15603,26148
2026-06-03 23:00:00,64884.0,64959.0,64332.0,64478.0,4299.12228,34447
2026-06-03 23:30:00,64479.0,64610.0,64061.0,64118.0,2583.78949,26956
2026-06-04 00:00:00,64118.0,64413.0,63323.0,63324.0,3729.97868,36411
2026-06-04 00:30:00,63323.0,63796.0,62980.0,63310.0,4468.35732,44602
2026-06-04 01:00:00,63312.0,63496.0,62562.0,62659.0,4007.73731,41772
2026-06-04 01:30:00,62663.0,63137.0,62076.0,62148.0,3554.98849,38421
2026-06-04 02:00:00,62148.0,63074.0,61350.0,62968.0,8928.30241,70303
2026-06-04 02:30:00,62968.0,63603.0,62869.0,63190.0,3678.64943,35723
2026-06-04 03:00:00,63189.0,64095.0,63181.0,63881.0,3171.16481,32371
2026-06-04 03:30:00,63881.0,64508.0,63876.0,64342.0,3206.06742,27045
2026-06-04 04:00:00,64341.0,64752.0,64316.0,64544.0,2203.61492,21263
2026-06-04 04:30:00,64543.0,64593.0,64240.0,64374.0,849.91323,13908
2026-06-04 05:00:00,64374.0,64374.0,63615.0,63823.0,2146.81462,25152
2026-06-04 05:30:00,63823.0,64322.0,63744.0,63927.0,1010.8122,18210
2026-06-04 06:00:00,63927.0,64468.0,63861.0,64220.0,805.68265,17310
2026-06-04 06:30:00,64219.0,64408.0,63943.0,63994.0,935.26228,16966
2026-06-04 07:00:00,63997.0,64046.0,63456.0,63665.0,1783.93201,21200
2026-06-04 07:30:00,63665.0,64014.0,63560.0,63566.0,736.1729,15847
2026-06-04 08:00:00,63565.0,63878.0,63212.0,63460.0,2198.81892,24695
2026-06-04 08:30:00,63459.0,63724.0,63357.0,63605.0,764.47522,14476
2026-06-04 09:00:00,63606.0,63618.0,62759.0,62826.0,2040.324,24962
2026-06-04 09:30:00,62827.0,63242.0,62680.0,63230.0,1636.85668,23124
2026-06-04 10:00:00,63231.0,63250.0,62460.0,62473.0,2113.93651,23456
2026-06-04 10:30:00,62471.0,62766.0,62266.0,62386.0,1851.49691,25694
2026-06-04 11:00:00,62387.0,62639.0,62160.0,62573.0,1735.13943,22996
2026-06-04 11:30:00,62574.0,62802.0,62171.0,62514.0,1401.7456,20470
2026-06-04 12:00:00,62515.0,63395.0,62360.0,63240.0,3032.72723,26969
2026-06-04 12:30:00,63242.0,63959.0,63130.0,63736.0,3514.7517,30832
2026-06-04 13:00:00,63736.0,63813.0,63045.0,63202.0,2694.34923,27544
2026-06-04 13:30:00,63202.0,64244.0,63174.0,64184.0,4433.80949,39260
2026-06-04 14:00:00,64185.0,64464.0,63950.0,64115.0,2321.25369,31135
2026-06-04 14:30:00,64116.0,64116.0,63750.0,63925.0,1021.6369,20217
2026-06-04 15:00:00,63923.0,64380.0,63765.0,63947.0,1445.23148,23927
2026-06-04 15:30:00,63947.0,64058.0,63662.0,63862.0,753.7653,17663
2026-06-04 16:00:00,63861.0,63891.0,63605.0,63606.0,1043.65172,17041
2026-06-04 16:30:00,63604.0,63888.0,63418.0,63536.0,1949.22743,23606
2026-06-04 17:00:00,63536.0,63692.0,63097.0,63198.0,1956.83378,21025
2026-06-04 17:30:00,63197.0,63646.0,62935.0,63518.0,2232.3554,25686
2026-06-04 18:00:00,63514.0,63886.0,63108.0,63876.0,1568.82281,21590
2026-06-04 18:30:00,63877.0,64117.0,63706.0,63788.0,1939.1304,22953
2026-06-04 19:00:00,63787.0,64138.0,63583.0,64108.0,1657.28417,19262
2026-06-04 19:30:00,64108.0,64117.0,63499.0,63596.0,2176.88857,20229
2026-06-04 20:00:00,63597.0,63618.0,63138.0,63317.0,2380.08539,20727
2026-06-04 20:30:00,63304.0,63630.0,63304.0,63615.0,1276.82102,14200
2026-06-04 21:00:00,63615.0,63848.0,63406.0,63474.0,1481.61127,17403
2026-06-04 21:30:00,63474.0,63513.0,63071.0,63255.0,2317.66872,20081
2026-06-04 22:00:00,63255.0,63466.0,63160.0,63317.0,1128.10671,17630
2026-06-04 22:30:00,63318.0,63753.0,63193.0,63715.0,1272.5091,15285
2026-06-04 23:00:00,63715.0,63830.0,63352.0,63433.0,1208.39239,13304
2026-06-04 23:30:00,63434.0,63896.0,63434.0,63855.0,913.34172,11986
2026-06-05 00:00:00,63854.0,63872.0,63560.0,63869.0,582.17027,13855
2026-06-05 00:30:00,63870.0,63949.0,63373.0,63399.0,576.14356,13978
2026-06-05 01:00:00,63399.0,63400.0,63017.0,63316.0,998.06138,18091
2026-06-05 01:30:00,63318.0,63542.0,63215.0,63341.0,1263.15951,15179
2026-06-05 02:00:00,63342.0,63414.0,62660.0,62662.0,1146.98764,18853
2026-06-05 02:30:00,62663.0,62920.0,62556.0,62574.0,1510.93347,19644
2026-06-05 03:00:00,62574.0,62786.0,62293.0,62560.0,1752.58653,20606
2026-06-05 03:30:00,62562.0,62864.0,62543.0,62707.0,1420.32179,14698
2026-06-05 04:00:00,62706.0,63230.0,62440.0,63230.0,1562.86651,18865
2026-06-05 04:30:00,63225.0,63671.0,62839.0,63601.0,1806.1042,17296
2026-06-05 05:00:00,63601.0,63707.0,63252.0,63487.0,1618.25644,15055
2026-06-05 05:30:00,63487.0,63535.0,62222.0,62274.0,2847.13072,24105
2026-06-05 06:00:00,62280.0,62600.0,61095.0,61637.0,6832.14525,44846
2026-06-05 06:30:00,61647.0,62203.0,61631.0,61923.0,3132.93485,28656
2026-06-05 07:00:00,61925.0,62348.0,61350.0,62236.0,2157.35015,27002
2026-06-05 07:30:00,62235.0,63094.0,62167.0,63091.0,2393.71398,27632
2026-06-05 08:00:00,63091.0,63104.0,62551.0,62783.0,1672.19743,19564
2026-06-05 08:30:00,62782.0,62893.0,62260.0,62437.0,1114.36018,14872
2026-06-05 09:00:00,62436.0,63258.0,62421.0,63094.0,2816.2201,23822
2026-06-05 09:30:00,63094.0,63106.0,62743.0,62838.0,882.13275,12782
2026-06-05 10:00:00,62838.0,62907.0,62485.0,62553.0,935.85097,12615
2026-06-05 10:30:00,62553.0,62689.0,62350.0,62524.0,959.51419,12431
2026-06-05 11:00:00,62516.0,62600.0,62214.0,62440.0,1107.54568,14771
2026-06-05 11:30:00,62442.0,62499.0,61929.0,61930.0,1504.33873,15832
2026-06-05 12:00:00,61930.0,62426.0,61595.0,62187.0,2627.73802,24811
2026-06-05 12:30:00,62186.0,62368.0,61579.0,61931.0,1917.47566,23279
2026-06-05 13:00:00,61931.0,62280.0,61854.0,62105.0,1230.74876,18506
2026-06-05 13:30:00,62104.0,62300.0,60685.0,60700.0,4009.27145,37531
2026-06-05 14:00:00,60700.0,61203.0,60304.0,60360.0,5987.23424,45361
2026-06-05 14:30:00,60360.0,61153.0,60304.0,60822.0,3214.55942,33973
2026-06-05 15:00:00,60828.0,61086.0,60478.0,60759.0,2091.38697,28482
2026-06-05 15:30:00,60758.0,60817.0,60006.0,60405.0,5996.99585,39228
2026-06-05 16:00:00,60406.0,61536.0,59738.0,60901.0,9327.89072,65396
2026-06-05 16:30:00,60900.0,61460.0,60675.0,61372.0,2723.72176,30291
2026-06-05 17:00:00,61371.0,61496.0,60630.0,60669.0,3180.53302,27144
2026-06-05 17:30:00,60669.0,61127.0,60637.0,60780.0,1729.08558,20431
2026-06-05 18:00:00,60779.0,60932.0,60086.0,60129.0,2089.45206,23350
2026-06-05 18:30:00,60128.0,60314.0,59107.0,59364.0,6031.05993,47740
2026-06-05 19:00:00,59363.0,59846.0,59100.0,59831.0,3735.43339,34875
2026-06-05 19:30:00,59832.0,60449.0,59462.0,60272.0,3310.47139,32461
2026-06-05 20:00:00,60272.0,61064.0,59909.0,60929.0,7261.71128,40045
2026-06-05 20:30:00,60930.0,61792.0,60870.0,61624.0,4978.53989,30481
2026-06-05 21:00:00,61624.0,61998.0,61549.0,61566.0,2175.93227,24497
2026-06-05 21:30:00,61565.0,61932.0,61436.0,61666.0,1892.13269,16364
2026-06-05 22:00:00,61666.0,61666.0,61204.0,61465.0,2721.40836,24565
2026-06-05 22:30:00,61464.0,61994.0,61390.0,61570.0,6771.16225,30784
2026-06-05 23:00:00,61570.0,61751.0,60798.0,60919.0,4947.38493,25846
2026-06-05 23:30:00,60917.0,61049.0,60482.0,61033.0,1945.98438,19155
2026-06-06 00:00:00,61033.0,61508.0,61013.0,61291.0,2023.12879,19392
2026-06-06 00:30:00,61291.0,61384.0,61157.0,61254.0,900.26845,12103
2026-06-06 01:00:00,61254.0,61365.0,60951.0,61277.0,740.58627,12713
2026-06-06 01:30:00,61276.0,61281.0,60931.0,61045.0,586.91055,9670
2026-06-06 02:00:00,61046.0,61079.0,60650.0,60799.0,975.05272,13903
2026-06-06 02:30:00,60798.0,61170.0,60764.0,60933.0,391.46936,9021
2026-06-06 03:00:00,60932.0,60949.0,60702.0,60780.0,457.41076,11288
2026-06-06 03:30:00,60778.0,60786.0,60498.0,60663.0,803.42976,12891
2026-06-06 04:00:00,60665.0,60854.0,59806.0,59939.0,2914.36482,29139
2026-06-06 04:30:00,59940.0,60289.0,59459.0,60074.0,3610.21185,26235
2026-06-06 05:00:00,60074.0,61036.0,59587.0,60729.0,5331.39665,29370
2026-06-06 05:30:00,60729.0,61046.0,60581.0,60926.0,2390.06725,17347
2026-06-06 06:00:00,60923.0,61240.0,60922.0,61000.0,2801.17603,18227
2026-06-06 06:30:00,61001.0,61164.0,60656.0,60760.0,1589.70531,13776
2026-06-06 07:00:00,60761.0,61210.0,60706.0,60858.0,1231.8405,10875
2026-06-06 07:30:00,60858.0,61077.0,60840.0,60975.0,592.644,7017
2026-06-06 08:00:00,60976.0,61434.0,60855.0,61380.0,529.78927,10302
2026-06-06 08:30:00,61379.0,61475.0,61216.0,61232.0,640.67265,10702
2026-06-06 09:00:00,61233.0,61313.0,61070.0,61284.0,928.84175,10033
2026-06-06 09:30:00,61285.0,61285.0,60858.0,60953.0,616.09259,10109
2026-06-06 10:00:00,60953.0,60953.0,60451.0,60492.0,1402.72063,15556
2026-06-06 10:30:00,60492.0,60583.0,60176.0,60574.0,1403.24852,18063
2026-06-06 11:00:00,60574.0,60843.0,60521.0,60777.0,685.70371,10253
2026-06-06 11:30:00,60777.0,60937.0,60708.0,60774.0,578.54216,8298
2026-06-06 12:00:00,60774.0,61069.0,60696.0,60697.0,744.14606,12112
2026-06-06 12:30:00,60697.0,61166.0,60603.0,60992.0,792.4705,13505
2026-06-06 13:00:00,60992.0,61076.0,60843.0,60846.0,592.76497,9327
2026-06-06 13:30:00,60846.0,61029.0,60672.0,60771.0,1152.54658,13536
2026-06-06 14:00:00,60771.0,60978.0,60744.0,60856.0,487.43452,13295
2026-06-06 14:30:00,60856.0,60974.0,60750.0,60760.0,626.36993,10492
2026-06-06 15:00:00,60759.0,60851.0,60323.0,60637.0,2347.99857,20188
2026-06-06 15:30:00,60637.0,60891.0,60537.0,60751.0,558.12884,11688
2026-06-06 16:00:00,60751.0,60936.0,60568.0,60585.0,588.80627,11050
2026-06-06 16:30:00,60586.0,60833.0,60462.0,60737.0,685.37906,10777
2026-06-06 17:00:00,60737.0,60818.0,60555.0,60652.0,845.40979,10396
2026-06-06 17:30:00,60653.0,60775.0,60458.0,60559.0,1522.08665,11428
2026-06-06 18:00:00,60559.0,60724.0,60382.0,60685.0,679.80097,9861
2026-06-06 18:30:00,60684.0,60684.0,60463.0,60608.0,420.31526,7558
2026-06-06 19:00:00,60609.0,60766.0,60533.0,60590.0,307.84927,7952
2026-06-06 19:30:00,60590.0,60669.0,60514.0,60571.0,396.80713,6316
2026-06-06 20:00:00,60570.0,60620.0,60500.0,60570.0,201.78136,6501
2026-06-06 20:30:00,60570.0,60730.0,60548.0,60680.0,339.18951,6529
2026-06-06 21:00:00,60681.0,60921.0,60680.0,60863.0,713.32415,7624
2026-06-06 21:30:00,60864.0,60988.0,60714.0,60722.0,848.23099,7637
2026-06-06 22:00:00,60723.0,60797.0,60402.0,60427.0,955.69271,12378
2026-06-06 22:30:00,60429.0,60691.0,60400.0,60518.0,381.77501,7040
2026-06-06 23:00:00,60516.0,60747.0,60511.0,60684.0,332.02677,7183
2026-06-06 23:30:00,60684.0,60937.0,60650.0,60861.0,835.69568,8718
2026-06-07 00:00:00,60860.0,60915.0,60744.0,60808.0,491.41347,7322
2026-06-07 00:30:00,60807.0,60974.0,60714.0,60750.0,802.02135,8507
2026-06-07 01:00:00,60749.0,61636.0,60727.0,61618.0,2480.74904,22427
2026-06-07 01:30:00,61617.0,61632.0,61350.0,61455.0,1113.33891,11270
2026-06-07 02:00:00,61455.0,61537.0,61136.0,61230.0,1442.70501,12248
2026-06-07 02:30:00,61229.0,61551.0,61174.0,61480.0,1070.69336,10416
2026-06-07 03:00:00,61480.0,61754.0,61400.0,61640.0,691.36101,9224
2026-06-07 03:30:00,61640.0,61717.0,61524.0,61686.0,171.3229,6286
2026-06-07 04:00:00,61685.0,61690.0,61463.0,61536.0,600.87033,7868
2026-06-07 04:30:00,61535.0,61888.0,61516.0,61871.0,775.5254,10172
2026-06-07 05:00:00,61871.0,62130.0,61706.0,61715.0,1192.29769,14974
2026-06-07 05:30:00,61714.0,61849.0,61630.0,61721.0,541.52779,9667
2026-06-07 06:00:00,61721.0,61997.0,61599.0,61962.0,614.23042,9649
2026-06-07 06:30:00,61961.0,62258.0,61944.0,62079.0,1317.49862,16011
2026-06-07 07:00:00,62078.0,62238.0,61972.0,62214.0,249.06658,8828
2026-06-07 07:30:00,62213.0,62401.0,62155.0,62384.0,585.90617,9328
2026-06-07 08:00:00,62384.0,62573.0,62238.0,62513.0,922.82231,12511
2026-06-07 08:30:00,62513.0,62955.0,62375.0,62839.0,1182.2698,18609
2026-06-07 09:00:00,62838.0,62879.0,62584.0,62676.0,469.83538,11418
2026-06-07 09:30:00,62676.0,62676.0,62384.0,62521.0,490.35604,10416
2026-06-07 10:00:00,62521.0,62558.0,62372.0,62496.0,413.10047,8646
2026-06-07 10:30:00,62496.0,62546.0,62302.0,62360.0,591.18608,9026
2026-06-07 11:00:00,62359.0,62540.0,62350.0,62512.0,395.64783,7516
2026-06-07 11:30:00,62512.0,62763.0,62432.0,62615.0,497.96258,9105
2026-06-07 12:00:00,62615.0,62636.0,61903.0,61933.0,1455.15984,19547
2026-06-07 12:30:00,61933.0,61991.0,61558.0,61895.0,2609.67145,22500
2026-06-07 13:00:00,61894.0,61897.0,61646.0,61844.0,780.39212,13198
2026-06-07 13:30:00,61844.0,61893.0,61659.0,61701.0,279.00371,7896
2026-06-07 14:00:00,61701.0,62148.0,61692.0,62074.0,739.42212,13510
2026-06-07 14:30:00,62073.0,62300.0,61726.0,61901.0,819.90772,12934
2026-06-07 15:00:00,61900.0,61951.0,61661.0,61941.0,656.77797,10163
2026-06-07 15:30:00,61941.0,62207.0,61941.0,62072.0,646.55198,9983
2026-06-07 16:00:00,62072.0,62300.0,61938.0,62157.0,454.11963,9086
2026-06-07 16:30:00,62156.0,62273.0,61958.0,62056.0,800.9277,8254
2026-06-07 17:00:00,62056.0,62308.0,62024.0,62222.0,504.21392,8497
2026-06-07 17:30:00,62221.0,62299.0,62068.0,62138.0,495.15032,7332
2026-06-07 18:00:00,62137.0,62284.0,62121.0,62212.0,236.51402,5097
2026-06-07 18:30:00,62210.0,62273.0,61985.0,61998.0,603.64237,6670
2026-06-07 19:00:00,61998.0,62008.0,61237.0,61458.0,2486.2905,24046
2026-06-07 19:30:00,61457.0,61471.0,61145.0,61300.0,1964.4414,17838
2026-06-07 20:00:00,61299.0,61852.0,61192.0,61714.0,1379.20795,15953
2026-06-07 20:30:00,61713.0,61946.0,61665.0,61851.0,497.13514,9165
2026-06-07 21:00:00,61851.0,61986.0,61672.0,61759.0,433.19296,9248
2026-06-07 21:30:00,61759.0,61810.0,61619.0,61749.0,588.85784,7965
2026-06-07 22:00:00,61750.0,64228.0,61696.0,62971.0,6068.10177,44132
2026-06-07 22:30:00,62972.0,63386.0,62763.0,62833.0,1769.70531,20113
2026-06-07 23:00:00,62834.0,63255.0,62779.0,63240.0,1067.41567,14712
2026-06-07 23:30:00,63241.0,63443.0,63100.0,63309.0,1187.72552,12989
2026-06-08 00:00:00,63309.0,63498.0,63120.0,63491.0,743.76732,11675
2026-06-08 00:30:00,63490.0,63862.0,63383.0,63612.0,1361.73676,15974
2026-06-08 01:00:00,63613.0,63627.0,62731.0,62805.0,1564.1522,16329
2026-06-08 01:30:00,62804.0,63224.0,62700.0,63192.0,810.62301,11261
2026-06-08 02:00:00,63191.0,63239.0,62942.0,63082.0,366.83919,7553
2026-06-08 02:30:00,63082.0,63165.0,62885.0,63109.0,1366.00267,9283
2026-06-08 03:00:00,63105.0,63464.0,62956.0,63122.0,815.85821,9075
2026-06-08 03:30:00,63122.0,63209.0,63041.0,63100.0,258.8678,5369
2026-06-08 04:00:00,63100.0,63158.0,62778.0,62917.0,485.72488,8481
2026-06-08 04:30:00,62917.0,62961.0,62628.0,62661.0,877.23348,8775
2026-06-08 05:00:00,62660.0,62796.0,62477.0,62703.0,1034.47637,10767
2026-06-08 05:30:00,62703.0,62751.0,62375.0,62739.0,1068.66998,11275
2026-06-08 06:00:00,62739.0,63118.0,62711.0,63048.0,521.29369,10045
2026-06-08 06:30:00,63048.0,63075.0,62892.0,62960.0,400.68921,6351
2026-06-08 07:00:00,62959.0,63233.0,62781.0,63160.0,1025.48973,12342
2026-06-08 07:30:00,63161.0,63329.0,63054.0,63263.0,458.63883,9612
2026-06-08 08:00:00,63261.0,63261.0,62959.0,63077.0,441.17467,10394
2026-06-08 08:30:00,63076.0,63173.0,63000.0,63100.0,190.04632,6306
2026-06-08 09:00:00,63101.0,63575.0,63094.0,63364.0,2409.31837,13937
2026-06-08 09:30:00,63364.0,63484.0,63139.0,63480.0,865.73364,10573
2026-06-08 10:00:00,63479.0,63541.0,63080.0,63129.0,665.91456,7937
2026-06-08 10:30:00,63130.0,63390.0,63059.0,63122.0,657.13832,6974
2026-06-08 11:00:00,63123.0,63647.0,63021.0,63583.0,1242.32708,11496
2026-06-08 11:30:00,63584.0,63854.0,63389.0,63454.0,1050.75617,12622
2026-06-08 12:00:00,63454.0,63640.0,62676.0,63072.0,3607.10957,29972
2026-06-08 12:30:00,63073.0,63927.0,63073.0,63808.0,2404.48469,20695
2026-06-08 13:00:00,63822.0,63921.0,63539.0,63564.0,818.28873,13143
2026-06-08 13:30:00,63564.0,63876.0,63320.0,63728.0,2251.11989,24364
2026-06-08 14:00:00,63729.0,63887.0,63541.0,63739.0,734.43029,16822
2026-06-08 14:30:00,63740.0,64066.0,63738.0,63943.0,769.24308,11935
2026-06-08 15:00:00,63944.0,64196.0,63852.0,63976.0,1130.47673,16112
2026-06-08 15:30:00,63977.0,64003.0,63683.0,63755.0,1107.98522,12009
2026-06-08 16:00:00,63755.0,64030.0,63657.0,63852.0,1271.62916,12233
2026-06-08 16:30:00,63852.0,63854.0,63453.0,63505.0,729.34,8740
2026-06-08 17:00:00,63504.0,63630.0,63288.0,63599.0,1587.76331,11780
2026-06-08 17:30:00,63600.0,63600.0,63262.0,63536.0,421.17134,7008
2026-06-08 18:00:00,63536.0,63616.0,63492.0,63608.0,465.3299,5585
2026-06-08 18:30:00,63609.0,63665.0,63303.0,63440.0,468.75508,6596
2026-06-08 19:00:00,63441.0,63545.0,63337.0,63499.0,321.00529,6839
2026-06-08 19:30:00,63501.0,63573.0,63322.0,63349.0,227.27153,6799
2026-06-08 20:00:00,63350.0,63409.0,63143.0,63152.0,538.14331,8694
2026-06-08 20:30:00,63153.0,63460.0,63152.0,63459.0,344.45075,5931
2026-06-08 21:00:00,63459.0,63788.0,63459.0,63692.0,669.60039,9291
2026-06-08 21:30:00,63693.0,63835.0,63609.0,63693.0,523.94662,5996
2026-06-08 22:00:00,63694.0,63694.0,63186.0,63333.0,812.89811,10166
2026-06-08 22:30:00,63333.0,63439.0,63206.0,63417.0,463.9675,6443
2026-06-08 23:00:00,63419.0,63586.0,63050.0,63119.0,1390.60193,11648
2026-06-08 23:30:00,63120.0,63171.0,62951.0,63058.0,590.58693,7659
2026-06-09 00:00:00,63058.0,63151.0,62691.0,62701.0,810.69247,11051
2026-06-09 00:30:00,62702.0,62746.0,62395.0,62537.0,1837.77654,16251
2026-06-09 01:00:00,62537.0,62854.0,62522.0,62752.0,1153.18498,10472
2026-06-09 01:30:00,62752.0,62856.0,62634.0,62730.0,1001.83328,7299
2026-06-09 02:00:00,62731.0,62837.0,62542.0,62747.0,616.16481,7438
2026-06-09 02:30:00,62747.0,62851.0,62506.0,62850.0,1047.68257,8646
2026-06-09 03:00:00,62849.0,62947.0,62751.0,62780.0,355.0261,6643
2026-06-09 03:30:00,62779.0,62880.0,62665.0,62847.0,914.03186,5721
2026-06-09 04:00:00,62846.0,62966.0,62723.0,62766.0,234.34766,4955
2026-06-09 04:30:00,62765.0,63417.0,62739.0,63222.0,1266.96744,12609
2026-06-09 05:00:00,63221.0,63346.0,63085.0,63305.0,1165.68729,8381
2026-06-09 05:30:00,63305.0,63514.0,63300.0,63323.0,631.4486,7549
2026-06-09 06:00:00,63323.0,63500.0,63262.0,63409.0,505.94035,6388
2026-06-09 06:30:00,63410.0,63445.0,63208.0,63280.0,329.79552,4923
2026-06-09 07:00:00,63280.0,63421.0,62977.0,63009.0,582.26799,6800
2026-06-09 07:30:00,63010.0,63195.0,63009.0,63178.0,455.46862,4842
2026-06-09 08:00:00,63177.0,63196.0,62748.0,62851.0,803.48068,7645
2026-06-09 08:30:00,62851.0,62990.0,62778.0,62823.0,461.24112,6210
2026-06-09 09:00:00,62824.0,62930.0,62678.0,62794.0,666.26461,6829
2026-06-09 09:30:00,62792.0,62792.0,62566.0,62687.0,543.99565,6821
2026-06-09 10:00:00,62688.0,62776.0,62573.0,62718.0,315.82761,5928
2026-06-09 10:30:00,62719.0,62811.0,62612.0,62764.0,327.48154,5012
2026-06-09 11:00:00,62763.0,62783.0,62461.0,62573.0,1292.03956,8238
2026-06-09 11:30:00,62572.0,62706.0,62500.0,62682.0,394.021,5129
2026-06-09 12:00:00,62681.0,62882.0,62617.0,62629.0,783.58147,7381
2026-06-09 12:30:00,62630.0,62646.0,62403.0,62613.0,939.33007,8212
2026-06-09 13:00:00,62613.0,62735.0,62253.0,62322.0,1757.80516,11607
2026-06-09 13:30:00,62320.0,62504.0,62136.0,62254.0,1740.27811,16208
2026-06-09 14:00:00,62254.0,62369.0,61519.0,61574.0,2618.96008,26825
2026-06-09 14:30:00,61575.0,61661.0,61140.0,61533.0,3092.35611,26964
2026-06-09 15:00:00,61529.0,61684.0,61279.0,61285.0,1861.74611,18906
2026-06-09 15:30:00,61285.0,61408.0,61003.0,61111.0,3020.52735,19193
2026-06-09 16:00:00,61110.0,61199.0,60832.0,61026.0,2273.59384,22096
2026-06-09 16:30:00,61026.0,61468.0,60765.0,61369.0,3241.71818,26145
2026-06-09 17:00:00,61369.0,61870.0,61369.0,61730.0,2927.93024,22568
2026-06-09 17:30:00,61730.0,61845.0,61574.0,61671.0,1042.11383,10153
2026-06-09 18:00:00,61670.0,61938.0,61586.0,61708.0,925.55059,9346
2026-06-09 18:30:00,61707.0,61802.0,61566.0,61763.0,1071.79506,7866
2026-06-09 19:00:00,61760.0,61895.0,61691.0,61840.0,673.11213,8511
2026-06-09 19:30:00,61842.0,62084.0,61730.0,62074.0,1125.85661,10852
2026-06-09 20:00:00,62076.0,62250.0,61926.0,62068.0,564.2433,10050
2026-06-09 20:30:00,62068.0,62163.0,61954.0,62139.0,307.57336,5273
2026-06-09 21:00:00,62139.0,62153.0,61743.0,61762.0,946.9626,7282
2026-06-09 21:30:00,61762.0,61880.0,61663.0,61728.0,591.09629,7199
2026-06-09 22:00:00,61729.0,61917.0,61634.0,61787.0,695.37785,6329
2026-06-09 22:30:00,61788.0,61950.0,61650.0,61689.0,498.67556,6730
2026-06-09 23:00:00,61689.0,61855.0,61623.0,61658.0,240.31672,6166
2026-06-09 23:30:00,61658.0,61723.0,61528.0,61695.0,291.0357,5392
2026-06-10 00:00:00,61699.0,61869.0,61668.0,61822.0,445.10274,7089
2026-06-10 00:30:00,61822.0,61900.0,61413.0,61889.0,603.307,10110
2026-06-10 01:00:00,61888.0,61947.0,61649.0,61802.0,402.47164,8763
2026-06-10 01:30:00,61803.0,61865.0,61555.0,61684.0,260.3471,7415
2026-06-10 02:00:00,61685.0,61809.0,61313.0,61462.0,603.60977,8402
2026-06-10 02:30:00,61467.0,61525.0,61201.0,61272.0,587.1819,7895
2026-06-10 03:00:00,61272.0,61579.0,61259.0,61550.0,1159.54176,7541
2026-06-10 03:30:00,61548.0,61555.0,61414.0,61521.0,195.13029,4476
2026-06-10 04:00:00,61521.0,61536.0,61422.0,61443.0,254.07548,3546
2026-06-10 04:30:00,61443.0,61443.0,61160.0,61269.0,910.5563,6866
2026-06-10 05:00:00,61272.0,61297.0,61043.0,61231.0,1075.91238,7247
2026-06-10 05:30:00,61231.0,61374.0,61156.0,61316.0,233.20193,4649
2026-06-10 06:00:00,61316.0,61450.0,61261.0,61317.0,421.72233,5746
2026-06-10 06:30:00,61317.0,61491.0,61111.0,61433.0,294.82073,5959
2026-06-10 07:00:00,61434.0,61685.0,61399.0,61615.0,439.25344,6396
2026-06-10 07:30:00,61614.0,61777.0,61530.0,61645.0,276.57857,5134
2026-06-10 08:00:00,61650.0,61700.0,61457.0,61506.0,335.79536,6872
2026-06-10 08:30:00,61506.0,61581.0,61133.0,61230.0,654.86256,8398
2026-06-10 09:00:00,61230.0,61286.0,60733.0,61181.0,1775.84177,13263
2026-06-10 09:30:00,61181.0,61402.0,61124.0,61299.0,1032.51358,7960
2026-06-10 10:00:00,61300.0,61333.0,61124.0,61308.0,403.38548,6337
2026-06-10 10:30:00,61308.0,61432.0,61235.0,61354.0,392.24602,5556
2026-06-10 11:00:00,61355.0,61414.0,60832.0,60935.0,1202.52966,13215
2026-06-10 11:30:00,60936.0,61083.0,60885.0,61000.0,534.95296,7953
2026-06-10 12:00:00,61000.0,61210.0,60930.0,61142.0,834.7674,9373
2026-06-10 12:30:00,61140.0,61902.0,61120.0,61537.0,2978.33355,21657
2026-06-10 13:00:00,61537.0,61591.0,61409.0,61530.0,653.28338,8658
2026-06-10 13:30:00,61529.0,62436.0,61496.0,62115.0,3815.08739,29513
2026-06-10 14:00:00,62115.0,62241.0,61838.0,62029.0,1327.41408,19096
2026-06-10 14:30:00,62028.0,62183.0,61786.0,62181.0,1352.93556,13731
2026-06-10 15:00:00,62178.0,62412.0,61846.0,62240.0,1635.97729,17529
2026-06-10 15:30:00,62239.0,62827.0,62093.0,62609.0,4212.14958,25161
2026-06-10 16:00:00,62609.0,62621.0,62078.0,62251.0,1635.53173,13398
2026-06-10 16:30:00,62251.0,62377.0,61900.0,62189.0,1444.0222,12813
2026-06-10 17:00:00,62190.0,62343.0,61874.0,61874.0,1049.12112,11619
2026-06-10 17:30:00,61874.0,62037.0,61625.0,61954.0,1772.27895,16845
2026-06-10 18:00:00,61953.0,62130.0,61834.0,62000.0,1067.92923,9903
2026-06-10 18:30:00,61999.0,62000.0,61594.0,61850.0,1184.52149,9659
2026-06-10 19:00:00,61849.0,61925.0,61651.0,61767.0,782.06998,11310
2026-06-10 19:30:00,61766.0,62052.0,61766.0,61921.0,770.83588,8662
2026-06-10 20:00:00,61919.0,61933.0,61664.0,61890.0,1202.54683,10585
2026-06-10 20:30:00,61890.0,61896.0,61676.0,61779.0,403.47169,6642
2026-06-10 21:00:00,61778.0,61779.0,61469.0,61547.0,1219.38632,10792
2026-06-10 21:30:00,61547.0,61701.0,61150.0,61325.0,1774.55597,13512
2026-06-10 22:00:00,61325.0,61332.0,61069.0,61229.0,1660.46771,15386
2026-06-10 22:30:00,61228.0,61571.0,61223.0,61346.0,615.76577,10915
2026-06-10 23:00:00,61351.0,61551.0,61134.0,61526.0,892.44983,10150
2026-06-10 23:30:00,61527.0,61578.0,61440.0,61481.0,457.6102,7223
2026-06-11 00:00:00,61484.0,61976.0,61484.0,61856.0,1275.06012,12991
2026-06-11 00:30:00,61857.0,61905.0,61743.0,61795.0,497.6436,6791
2026-06-11 01:00:00,61796.0,62195.0,61796.0,62143.0,1258.62241,10820
2026-06-11 01:30:00,62143.0,62345.0,62065.0,62181.0,864.04543,8616
2026-06-11 02:00:00,62181.0,62278.0,62022.0,62031.0,624.59486,8082
2026-06-11 02:30:00,62031.0,62190.0,61900.0,62127.0,333.59425,6284
2026-06-11 03:00:00,62127.0,62158.0,61973.0,62079.0,403.76154,5083
2026-06-11 03:30:00,62079.0,62800.0,62078.0,62659.0,1099.72791,12595
2026-06-11 04:00:00,62659.0,62712.0,62549.0,62590.0,395.94441,8100
2026-06-11 04:30:00,62589.0,62825.0,62516.0,62692.0,1024.3545,7292
2026-06-11 05:00:00,62692.0,62694.0,62526.0,62599.0,295.62868,5588
2026-06-11 05:30:00,62599.0,62682.0,62564.0,62574.0,320.00919,5216
2026-06-11 06:00:00,62575.0,62971.0,62508.0,62832.0,1188.53794,11454
2026-06-11 06:30:00,62833.0,62961.0,62717.0,62732.0,500.10218,6498
2026-06-11 07:00:00,62731.0,62775.0,62579.0,62761.0,420.26484,6537
2026-06-11 07:30:00,62760.0,62813.0,62574.0,62689.0,295.81008,4664
2026-06-11 08:00:00,62690.0,62934.0,62685.0,62922.0,422.8131,5805
2026-06-11 08:30:00,62923.0,63026.0,62816.0,62915.0,485.26029,7313
2026-06-11 09:00:00,62915.0,62932.0,62753.0,62792.0,510.22158,5416
2026-06-11 09:30:00,62792.0,62972.0,62787.0,62895.0,468.95755,6308
2026-06-11 10:00:00,62902.0,62954.0,62772.0,62830.0,798.34735,7879
2026-06-11 10:30:00,62830.0,63175.0,62818.0,63119.0,977.90487,8554
2026-06-11 11:00:00,63120.0,63186.0,63007.0,63133.0,533.10187,7085
2026-06-11 11:30:00,63134.0,63244.0,63051.0,63072.0,989.75087,7325
2026-06-11 12:00:00,63073.0,63164.0,62628.0,62648.0,1799.95359,15060
2026-06-11 12:30:00,62649.0,63016.0,62475.0,62976.0,1379.54498,16775
2026-06-11 13:00:00,62976.0,63017.0,62761.0,62778.0,321.00097,7727
2026-06-11 13:30:00,62779.0,63201.0,62648.0,63042.0,1487.33621,18616
2026-06-11 14:00:00,63043.0,63056.0,62701.0,62988.0,1005.79483,16971
2026-06-11 14:30:00,62987.0,63049.0,62706.0,62707.0,435.20988,11179
2026-06-11 15:00:00,62707.0,62825.0,62510.0,62698.0,1585.30817,15006
2026-06-11 15:30:00,62698.0,62843.0,62538.0,62717.0,343.08648,10131
2026-06-11 16:00:00,62717.0,62811.0,62545.0,62601.0,473.79719,8909
2026-06-11 16:30:00,62602.0,62769.0,62530.0,62552.0,592.44787,8939
2026-06-11 17:00:00,62553.0,62960.0,62314.0,62930.0,1421.9597,14634
2026-06-11 17:30:00,62931.0,63638.0,62931.0,63631.0,5870.33749,34456
2026-06-11 18:00:00,63631.0,63777.0,63306.0,63368.0,2261.66609,22713
2026-06-11 18:30:00,63369.0,63559.0,63358.0,63430.0,543.11938,7430
2026-06-11 19:00:00,63430.0,63686.0,63369.0,63570.0,947.10035,11151
2026-06-11 19:30:00,63576.0,63919.0,63570.0,63581.0,2835.24842,18531
2026-06-11 20:00:00,63580.0,63641.0,63290.0,63338.0,1532.97119,8365
2026-06-11 20:30:00,63337.0,63383.0,63240.0,63369.0,984.13452,6197
2026-06-11 21:00:00,63370.0,63579.0,63369.0,63461.0,510.83833,5880
2026-06-11 21:30:00,63460.0,63548.0,63430.0,63493.0,218.68233,4338
2026-06-11 22:00:00,63493.0,63650.0,63482.0,63562.0,265.27342,6882
2026-06-11 22:30:00,63563.0,63624.0,63440.0,63471.0,648.19855,5214
2026-06-11 23:00:00,63471.0,63472.0,63334.0,63355.0,196.14981,4845
2026-06-11 23:30:00,63354.0,63685.0,63354.0,63621.0,649.64824,7744
2026-06-12 00:00:00,63621.0,63775.0,63501.0,63598.0,552.20781,8996
2026-06-12 00:30:00,63597.0,63728.0,63551.0,63628.0,172.9228,5608
2026-06-12 01:00:00,63629.0,63629.0,63277.0,63335.0,440.65077,7756
2026-06-12 01:30:00,63333.0,63434.0,63286.0,63399.0,297.6849,5120
2026-06-12 02:00:00,63400.0,63760.0,63400.0,63537.0,341.06055,6016
2026-06-12 02:30:00,63537.0,63607.0,63472.0,63592.0,217.45396,3844
2026-06-12 03:00:00,63593.0,63621.0,63322.0,63415.0,282.00104,4266
2026-06-12 03:30:00,63415.0,63505.0,63410.0,63496.0,228.21202,3555
2026-06-12 04:00:00,63496.0,63792.0,63400.0,63774.0,364.04929,6898
2026-06-12 04:30:00,63775.0,63846.0,63661.0,63675.0,390.39884,5638
2026-06-12 05:00:00,63675.0,63702.0,63400.0,63461.0,778.08344,6514
2026-06-12 05:30:00,63461.0,63471.0,63265.0,63328.0,553.30435,5999
2026-06-12 06:00:00,63329.0,63394.0,63064.0,63125.0,639.99973,7219
2026-06-12 06:30:00,63123.0,63123.0,62801.0,62947.0,2074.3277,9466
2026-06-12 07:00:00,62948.0,63088.0,62914.0,62999.0,341.52944,5082
2026-06-12 07:30:00,62999.0,63166.0,62944.0,63062.0,245.68747,4236
2026-06-12 08:00:00,63064.0,63576.0,63064.0,63496.0,938.98262,8499
2026-06-12 08:30:00,63499.0,63510.0,63319.0,63443.0,601.57222,5217
2026-06-12 09:00:00,63442.0,63776.0,63410.0,63743.0,866.3383,6911
2026-06-12 09:30:00,63743.0,63928.0,63710.0,63723.0,1432.16876,10147
2026-06-12 10:00:00,63723.0,63817.0,63552.0,63585.0,730.21028,6636
2026-06-12 10:30:00,63585.0,63731.0,63583.0,63667.0,102.14721,3587
2026-06-12 11:00:00,63668.0,63865.0,63647.0,63804.0,413.10191,5299
2026-06-12 11:30:00,63804.0,63858.0,63645.0,63724.0,1049.33683,7974
2026-06-12 12:00:00,63723.0,63740.0,63430.0,63431.0,724.76728,7490
2026-06-12 12:30:00,63430.0,63534.0,63343.0,63429.0,361.61839,7957
2026-06-12 13:00:00,63430.0,63506.0,63321.0,63371.0,426.90224,6860
2026-06-12 13:30:00,63371.0,63407.0,63016.0,63215.0,1299.97194,16123
2026-06-12 14:00:00,63205.0,63631.0,63176.0,63610.0,1908.93829,17430
2026-06-12 14:30:00,63609.0,63985.0,63442.0,63969.0,3687.86894,19905
2026-06-12 15:00:00,63970.0,64383.0,63856.0,64110.0,4221.1022,25855
2026-06-12 15:30:00,64110.0,64111.0,63529.0,63575.0,2221.19522,17551
2026-06-12 16:00:00,63570.0,64011.0,63490.0,63880.0,1589.16714,13713
2026-06-12 16:30:00,63881.0,63994.0,63744.0,63957.0,1352.77484,10476
2026-06-12 17:00:00,63957.0,64093.0,63714.0,63806.0,678.06877,8558
2026-06-12 17:30:00,63806.0,63899.0,63738.0,63841.0,532.35197,7240
2026-06-12 18:00:00,63841.0,63909.0,63661.0,63757.0,484.64304,7447
2026-06-12 18:30:00,63758.0,63894.0,63665.0,63670.0,191.94111,5807
2026-06-12 19:00:00,63670.0,63769.0,63631.0,63708.0,200.13104,5591
2026-06-12 19:30:00,63709.0,63790.0,63567.0,63567.0,271.95782,6352
2026-06-12 20:00:00,63567.0,63673.0,63484.0,63503.0,450.63075,6014
2026-06-12 20:30:00,63503.0,63549.0,63375.0,63438.0,384.02529,6579
2026-06-12 21:00:00,63438.0,63618.0,63418.0,63493.0,534.54002,6039
2026-06-12 21:30:00,63494.0,63565.0,63431.0,63460.0,509.29307,5256
2026-06-12 22:00:00,63461.0,63670.0,63459.0,63589.0,577.45949,5800
2026-06-12 22:30:00,63590.0,63600.0,63446.0,63497.0,516.89012,4608
2026-06-12 23:00:00,63497.0,63497.0,63409.0,63434.0,99.55713,3644
2026-06-12 23:30:00,63434.0,63571.0,63418.0,63561.0,475.26064,5230
2026-06-13 00:00:00,63560.0,63596.0,63506.0,63509.0,311.40826,4886
2026-06-13 00:30:00,63510.0,63630.0,63484.0,63584.0,200.78039,3731
2026-06-13 01:00:00,63585.0,63675.0,63585.0,63647.0,149.84187,3297
2026-06-13 01:30:00,63647.0,63854.0,63627.0,63813.0,287.88479,4455
2026-06-13 02:00:00,63813.0,63815.0,63689.0,63702.0,159.2901,3160
2026-06-13 02:30:00,63702.0,63705.0,63536.0,63625.0,157.02232,3146
2026-06-13 03:00:00,63626.0,63702.0,63420.0,63488.0,651.90029,4508
2026-06-13 03:30:00,63488.0,63541.0,63461.0,63510.0,242.59775,2358
2026-06-13 04:00:00,63509.0,63571.0,63453.0,63513.0,272.7045,3295
2026-06-13 04:30:00,63513.0,63634.0,63481.0,63481.0,574.64813,4138
2026-06-13 05:00:00,63482.0,63569.0,63467.0,63533.0,157.63235,2628
2026-06-13 05:30:00,63533.0,63579.0,63477.0,63563.0,136.33134,2634
2026-06-13 06:00:00,63564.0,63672.0,63526.0,63659.0,206.20357,3013
2026-06-13 06:30:00,63659.0,63722.0,63625.0,63710.0,95.33856,2678
2026-06-13 07:00:00,63714.0,63793.0,63650.0,63759.0,100.72363,3403
2026-06-13 07:30:00,63758.0,63861.0,63727.0,63829.0,562.14126,4181
2026-06-13 08:00:00,63829.0,63859.0,63730.0,63784.0,286.50443,4706
2026-06-13 08:30:00,63785.0,63910.0,63775.0,63786.0,445.95653,4192
2026-06-13 09:00:00,63786.0,63849.0,63767.0,63796.0,141.30532,2344
2026-06-13 09:30:00,63795.0,63811.0,63712.0,63713.0,155.4222,2500
2026-06-13 10:00:00,63713.0,63756.0,63705.0,63744.0,44.01362,1667
2026-06-13 10:30:00,63744.0,63881.0,63744.0,63811.0,511.78546,4208
2026-06-13 11:00:00,63811.0,63965.0,63810.0,63936.0,693.796,5722
2026-06-13 11:30:00,63937.0,63956.0,63857.0,63945.0,727.57116,4513
2026-06-13 12:00:00,63944.0,63966.0,63883.0,63935.0,376.11399,4024
2026-06-13 12:30:00,63934.0,64209.0,63934.0,64115.0,823.03907,7293
2026-06-13 13:00:00,64114.0,64217.0,64052.0,64213.0,351.67162,5875
2026-06-13 13:30:00,64214.0,64219.0,64029.0,64084.0,344.75568,6035
2026-06-13 14:00:00,64084.0,64174.0,64063.0,64119.0,140.34747,6129
2026-06-13 14:30:00,64118.0,64221.0,64115.0,64207.0,156.01059,3809
2026-06-13 15:00:00,64207.0,64307.0,64174.0,64273.0,324.70625,6264
2026-06-13 15:30:00,64273.0,64332.0,64185.0,64288.0,356.2181,6034
2026-06-13 16:00:00,64289.0,64298.0,63951.0,63958.0,1188.78715,8474
2026-06-13 16:30:00,63958.0,64159.0,63899.0,64010.0,423.88585,5917
2026-06-13 17:00:00,64011.0,64076.0,63918.0,64070.0,199.84985,4217
2026-06-13 17:30:00,64071.0,64106.0,63917.0,63957.0,333.89783,4320
2026-06-13 18:00:00,63958.0,64194.0,63953.0,64170.0,225.91709,3718
2026-06-13 18:30:00,64171.0,64271.0,64034.0,64130.0,472.07272,5455
2026-06-13 19:00:00,64130.0,64180.0,64120.0,64163.0,107.37299,3610
2026-06-13 19:30:00,64163.0,64315.0,64126.0,64271.0,667.19251,5148
2026-06-13 20:00:00,64272.0,64280.0,64204.0,64221.0,121.01005,3329
2026-06-13 20:30:00,64222.0,64265.0,64207.0,64263.0,88.27396,2901
2026-06-13 21:00:00,64264.0,64296.0,64201.0,64226.0,377.50127,3373
2026-06-13 21:30:00,64226.0,64750.0,64225.0,64450.0,1266.42871,12136
2026-06-13 22:00:00,64449.0,64514.0,64350.0,64502.0,520.27261,5058
2026-06-13 22:30:00,64502.0,64545.0,64430.0,64431.0,360.42189,4189
2026-06-13 23:00:00,64430.0,64574.0,64413.0,64432.0,87.67791,3547
2026-06-13 23:30:00,64433.0,64468.0,64363.0,64427.0,289.95121,3509
2026-06-14 00:00:00,64427.0,64515.0,64351.0,64443.0,664.79294,5041
2026-06-14 00:30:00,64443.0,64568.0,64440.0,64544.0,460.20821,3993
2026-06-14 01:00:00,64544.0,64697.0,64481.0,64635.0,360.62584,5018
2026-06-14 01:30:00,64636.0,64636.0,64534.0,64555.0,504.60701,4799
2026-06-14 02:00:00,64555.0,64617.0,64478.0,64515.0,372.95864,4223
2026-06-14 02:30:00,64514.0,64535.0,64445.0,64471.0,151.67048,3114
2026-06-14 03:00:00,64471.0,64529.0,64447.0,64515.0,272.0876,2785
2026-06-14 03:30:00,64514.0,64526.0,64449.0,64525.0,174.10957,2552
2026-06-14 04:00:00,64526.0,64540.0,64439.0,64441.0,135.75153,2344
2026-06-14 04:30:00,64441.0,64441.0,64298.0,64313.0,532.27786,4490
2026-06-14 05:00:00,64312.0,64359.0,64280.0,64280.0,155.93961,2771
2026-06-14 05:30:00,64280.0,64383.0,64275.0,64320.0,91.87302,2197
2026-06-14 06:00:00,64321.0,64461.0,64294.0,64367.0,1198.67444,7147
2026-06-14 06:30:00,64367.0,64367.0,64213.0,64261.0,2256.93398,10448
2026-06-14 07:00:00,64261.0,64365.0,64207.0,64340.0,436.54709,3700
2026-06-14 07:30:00,64341.0,64435.0,64277.0,64408.0,451.64412,4041
2026-06-14 08:00:00,64409.0,64486.0,64377.0,64457.0,243.63158,2774
2026-06-14 08:30:00,64457.0,64488.0,64425.0,64438.0,80.08145,2678
2026-06-14 09:00:00,64438.0,64453.0,64283.0,64330.0,237.40747,3422
2026-06-14 09:30:00,64329.0,64600.0,64329.0,64600.0,751.2544,5670
2026-06-14 10:00:00,64600.0,64631.0,64454.0,64570.0,590.51858,4366
2026-06-14 10:30:00,64571.0,64655.0,64493.0,64494.0,323.90559,3029
2026-06-14 11:00:00,64494.0,64567.0,64431.0,64557.0,273.00132,3084
2026-06-14 11:30:00,64557.0,64618.0,64517.0,64518.0,121.42345,2486
2026-06-14 12:00:00,64518.0,64540.0,64444.0,64446.0,215.49701,2747
2026-06-14 12:30:00,64445.0,64446.0,64274.0,64300.0,428.79848,5018
2026-06-14 13:00:00,64300.0,64374.0,64233.0,64253.0,349.88771,4262
2026-06-14 13:30:00,64253.0,64363.0,64221.0,64281.0,459.50944,4405
2026-06-14 14:00:00,64282.0,64317.0,64141.0,64142.0,274.62091,5945
2026-06-14 14:30:00,64141.0,64152.0,63838.0,63966.0,1139.85992,11230
2026-06-14 15:00:00,63966.0,64126.0,63951.0,64031.0,346.11903,5966
2026-06-14 15:30:00,64031.0,64087.0,63976.0,63996.0,175.38646,3777
2026-06-14 16:00:00,63997.0,64184.0,63987.0,64107.0,377.65459,4382
2026-06-14 16:30:00,64107.0,64173.0,63899.0,63900.0,530.81406,5380
2026-06-14 17:00:00,63900.0,63993.0,63878.0,63879.0,178.52258,4254
2026-06-14 17:30:00,63879.0,63942.0,63648.0,63702.0,813.54869,8415
2026-06-14 18:00:00,63702.0,63766.0,63648.0,63696.0,327.37096,5649
2026-06-14 18:30:00,63697.0,63806.0,63696.0,63800.0,328.73168,6251
2026-06-14 19:00:00,63800.0,63836.0,63705.0,63780.0,187.1103,3474
2026-06-14 19:30:00,63777.0,63815.0,63726.0,63786.0,103.02261,2455
2026-06-14 20:00:00,63787.0,63946.0,63776.0,63904.0,281.05392,3542
2026-06-14 20:30:00,63904.0,64112.0,63896.0,63983.0,390.88237,4442
2026-06-14 21:00:00,63984.0,64950.0,63983.0,64757.0,3182.6853,20282
2026-06-14 21:30:00,64756.0,65650.0,64650.0,65303.0,4649.47298,33137
2026-06-14 22:00:00,65305.0,65515.0,64923.0,65186.0,2866.14979,21728
2026-06-14 22:30:00,65187.0,65500.0,65152.0,65389.0,1459.42683,14087
2026-06-14 23:00:00,65388.0,65725.0,65230.0,65666.0,1774.79112,15837
2026-06-14 23:30:00,65666.0,65780.0,65512.0,65720.0,752.38763,10929
2026-06-15 00:00:00,65719.0,65872.0,65610.0,65739.0,1478.25289,12498
2026-06-15 00:30:00,65738.0,65740.0,65456.0,65608.0,737.72431,9328
2026-06-15 01:00:00,65608.0,65611.0,65325.0,65382.0,673.55583,9462
2026-06-15 01:30:00,65382.0,65702.0,65358.0,65487.0,468.99833,7452
2026-06-15 02:00:00,65487.0,65756.0,65423.0,65626.0,269.9191,6718
2026-06-15 02:30:00,65625.0,65654.0,65407.0,65446.0,273.98997,5711
2026-06-15 03:00:00,65445.0,65700.0,65412.0,65700.0,439.37299,6112
2026-06-15 03:30:00,65699.0,65980.0,65668.0,65898.0,645.45577,9628
2026-06-15 04:00:00,65897.0,65898.0,65670.0,65687.0,859.17442,6951
2026-06-15 04:30:00,65686.0,65715.0,65596.0,65611.0,363.23098,4723
2026-06-15 05:00:00,65611.0,65851.0,65583.0,65809.0,1473.15062,6250
2026-06-15 05:30:00,65808.0,65838.0,65686.0,65834.0,218.48839,4329
2026-06-15 06:00:00,65834.0,65955.0,65793.0,65924.0,374.85121,5776
2026-06-15 06:30:00,65924.0,65933.0,65753.0,65801.0,140.32143,4379
2026-06-15 07:00:00,65800.0,66020.0,65668.0,65947.0,716.68191,7888
2026-06-15 07:30:00,65947.0,65948.0,65620.0,65648.0,566.63485,5940
2026-06-15 08:00:00,65647.0,65747.0,65593.0,65655.0,265.50849,4510
2026-06-15 08:30:00,65655.0,65776.0,65629.0,65648.0,424.35202,5743
2026-06-15 09:00:00,65647.0,65755.0,65626.0,65627.0,342.55102,4087
2026-06-15 09:30:00,65626.0,65632.0,65487.0,65570.0,585.6987,5555
2026-06-15 10:00:00,65570.0,65739.0,65554.0,65693.0,222.18673,4053
2026-06-15 10:30:00,65693.0,65938.0,65684.0,65888.0,718.27368,6487
2026-06-15 11:00:00,65887.0,66353.0,65822.0,66251.0,2093.17885,18663
2026-06-15 11:30:00,66251.0,66290.0,66111.0,66221.0,748.91212,7599
2026-06-15 12:00:00,66220.0,66321.0,66086.0,66258.0,653.02292,7336
2026-06-15 12:30:00,66257.0,66587.0,66167.0,66547.0,1253.93636,11838
2026-06-15 13:00:00,66547.0,66940.0,66460.0,66820.0,1598.64369,16999
2026-06-15 13:30:00,66819.0,66869.0,66383.0,66412.0,1868.85784,14521
2026-06-15 14:00:00,66413.0,66525.0,66270.0,66521.0,842.55868,10860
2026-06-15 14:30:00,66527.0,66642.0,66397.0,66567.0,467.73594,5952
2026-06-15 15:00:00,66561.0,66684.0,66554.0,66628.0,379.51173,5189
2026-06-15 15:30:00,66627.0,67261.0,66586.0,67261.0,1446.59249,14501
2026-06-15 16:00:00,67250.0,67283.0,67065.0,67159.0,1035.04176,11991
2026-06-15 16:30:00,67159.0,67245.0,67064.0,67131.0,421.49465,7767
2026-06-15 17:00:00,67131.0,67131.0,66737.0,66781.0,801.0661,10725
2026-06-15 17:30:00,66781.0,66920.0,66644.0,66825.0,553.57398,7828
2026-06-15 18:00:00,66825.0,66904.0,66688.0,66805.0,282.30068,6835
2026-06-15 18:30:00,66806.0,66890.0,66715.0,66729.0,335.39951,6103
2026-06-15 19:00:00,66730.0,66861.0,66323.0,66496.0,1106.27513,10458
2026-06-15 19:30:00,66495.0,66708.0,66471.0,66561.0,281.92112,6865
2026-06-15 20:00:00,66562.0,66601.0,66470.0,66542.0,251.99996,6133
2026-06-15 20:30:00,66542.0,66649.0,66454.0,66484.0,427.96227,6407
2026-06-15 21:00:00,66484.0,66524.0,66346.0,66368.0,461.25571,6193
2026-06-15 21:30:00,66368.0,66441.0,66285.0,66338.0,443.38219,5605
2026-06-15 22:00:00,66339.0,66442.0,66057.0,66135.0,945.78651,9332
2026-06-15 22:30:00,66135.0,66350.0,66063.0,66167.0,508.86815,8362
2026-06-15 23:00:00,66168.0,66260.0,66108.0,66197.0,171.33862,5588
2026-06-15 23:30:00,66196.0,66330.0,66094.0,66294.0,143.37548,4796
2026-06-16 00:00:00,66293.0,66390.0,66206.0,66209.0,450.11895,5702
2026-06-16 00:30:00,66210.0,66441.0,66209.0,66215.0,473.80064,6962
2026-06-16 01:00:00,66215.0,66353.0,66214.0,66343.0,124.55391,4559
2026-06-16 01:30:00,66344.0,66389.0,66290.0,66314.0,271.6442,4173
2026-06-16 02:00:00,66315.0,66330.0,65704.0,65750.0,1862.81803,12228
2026-06-16 02:30:00,65750.0,65882.0,65647.0,65710.0,551.35016,8620
2026-06-16 03:00:00,65711.0,65974.0,65603.0,65944.0,881.06448,9328
2026-06-16 03:30:00,65944.0,66128.0,65943.0,66128.0,328.06601,5833
2026-06-16 04:00:00,66127.0,66245.0,65944.0,65945.0,296.88165,5972
2026-06-16 04:30:00,65945.0,65945.0,65771.0,65807.0,350.6291,6569
2026-06-16 05:00:00,65807.0,66082.0,65807.0,66050.0,363.94713,6252
2026-06-16 05:30:00,66050.0,66111.0,65985.0,66032.0,256.18766,4772
2026-06-16 06:00:00,66033.0,66330.0,66032.0,66314.0,381.75589,5705
2026-06-16 06:30:00,66314.0,66552.0,66271.0,66408.0,825.36153,8397
2026-06-16 07:00:00,66409.0,66499.0,66285.0,66307.0,641.94727,6536
2026-06-16 07:30:00,66307.0,66407.0,66259.0,66343.0,308.21914,4809
2026-06-16 08:00:00,66343.0,66547.0,66314.0,66520.0,399.31366,6936
2026-06-16 08:30:00,66520.0,66964.0,66475.0,66858.0,1119.20971,11812
2026-06-16 09:00:00,66859.0,66887.0,66526.0,66590.0,528.24838,8062
2026-06-16 09:30:00,66590.0,66707.0,66445.0,66482.0,1048.87063,8343
2026-06-16 10:00:00,66482.0,66745.0,66470.0,66641.0,758.64863,7587
2026-06-16 10:30:00,66641.0,66646.0,66450.0,66481.0,204.62893,5583
2026-06-16 11:00:00,66481.0,66612.0,66359.0,66452.0,320.68573,6307
2026-06-16 11:30:00,66452.0,66456.0,66336.0,66456.0,119.19156,4713
2026-06-16 12:00:00,66456.0,66654.0,66374.0,66555.0,481.14411,8181
2026-06-16 12:30:00,66555.0,66792.0,66349.0,66397.0,788.91997,11622
2026-06-16 13:00:00,66396.0,66431.0,65973.0,65989.0,1215.99869,13868
2026-06-16 13:30:00,65990.0,66190.0,65907.0,66019.0,973.84091,13840
2026-06-16 14:00:00,66020.0,66240.0,65474.0,65536.0,1735.66312,20922
2026-06-16 14:30:00,65536.0,65741.0,65320.0,65624.0,1398.94741,15708
2026-06-16 15:00:00,65624.0,65876.0,65585.0,65790.0,855.91411,11424
2026-06-16 15:30:00,65790.0,65974.0,65674.0,65851.0,817.92544,9814
2026-06-16 16:00:00,65851.0,65930.0,65697.0,65763.0,245.88227,7128
2026-06-16 16:30:00,65764.0,65849.0,65677.0,65732.0,671.16167,6738
2026-06-16 17:00:00,65733.0,65838.0,65693.0,65727.0,212.40768,5611
2026-06-16 17:30:00,65728.0,65995.0,65692.0,65958.0,520.35293,7846
2026-06-16 18:00:00,65958.0,66216.0,65849.0,65898.0,1479.33825,9890
2026-06-16 18:30:00,65898.0,65958.0,65784.0,65822.0,276.79625,5309
2026-06-16 19:00:00,65822.0,65822.0,65545.0,65694.0,553.11686,7529
2026-06-16 19:30:00,65695.0,65765.0,65550.0,65642.0,365.09529,6927
2026-06-16 20:00:00,65642.0,65831.0,65567.0,65705.0,741.34326,6540
2026-06-16 20:30:00,65706.0,65848.0,65700.0,65834.0,304.85991,3768
2026-06-16 21:00:00,65835.0,65919.0,65692.0,65699.0,437.75854,4476
2026-06-16 21:30:00,65700.0,65762.0,65615.0,65749.0,445.34703,4322
2026-06-16 22:00:00,65749.0,65863.0,65689.0,65747.0,300.40973,4355
2026-06-16 22:30:00,65747.0,65769.0,65648.0,65748.0,306.8166,3666
2026-06-16 23:00:00,65748.0,65806.0,65620.0,65707.0,110.11518,3603
2026-06-16 23:30:00,65708.0,65750.0,65587.0,65639.0,166.93528,3468
2026-06-17 00:00:00,65640.0,65776.0,65639.0,65691.0,156.45182,4138
2026-06-17 00:30:00,65692.0,65823.0,65657.0,65682.0,172.96333,4477
2026-06-17 01:00:00,65683.0,65802.0,65450.0,65553.0,444.43904,6658
2026-06-17 01:30:00,65554.0,65931.0,65515.0,65913.0,648.6659,6855
2026-06-17 02:00:00,65914.0,66121.0,65813.0,66074.0,301.57952,6503
2026-06-17 02:30:00,66074.0,66090.0,65756.0,65882.0,299.09503,5698
2026-06-17 03:00:00,65882.0,65882.0,65686.0,65759.0,189.78693,4315
2026-06-17 03:30:00,65760.0,65851.0,65740.0,65822.0,94.28496,3386
2026-06-17 04:00:00,65823.0,65876.0,65765.0,65868.0,234.90351,3731
2026-06-17 04:30:00,65869.0,66020.0,65839.0,65858.0,373.31446,4178
2026-06-17 05:00:00,65858.0,65954.0,65731.0,65832.0,603.09071,4594
2026-06-17 05:30:00,65833.0,65909.0,65750.0,65813.0,93.67716,2965
2026-06-17 06:00:00,65813.0,65889.0,65624.0,65626.0,600.14594,4446
2026-06-17 06:30:00,65625.0,65705.0,65555.0,65595.0,265.10856,3909
2026-06-17 07:00:00,65595.0,65692.0,65464.0,65521.0,652.77028,5325
2026-06-17 07:30:00,65522.0,65564.0,65215.0,65511.0,881.21125,9063
2026-06-17 08:00:00,65512.0,65550.0,65201.0,65296.0,577.95565,7574
2026-06-17 08:30:00,65296.0,65297.0,64821.0,64896.0,1767.97633,14737
2026-06-17 09:00:00,64897.0,65066.0,64887.0,65023.0,641.69947,7461
2026-06-17 09:30:00,65023.0,65047.0,64813.0,64886.0,489.3778,6064
2026-06-17 10:00:00,64887.0,64986.0,64800.0,64914.0,792.21734,7652
2026-06-17 10:30:00,64914.0,64954.0,64750.0,64782.0,476.10138,5885
2026-06-17 11:00:00,64781.0,64835.0,64518.0,64690.0,1300.44499,13724
2026-06-17 11:30:00,64689.0,64849.0,64652.0,64796.0,486.24088,7837
2026-06-17 12:00:00,64797.0,64866.0,64631.0,64667.0,350.05498,7885
2026-06-17 12:30:00,64666.0,65098.0,64572.0,65033.0,646.09391,10290
2026-06-17 13:00:00,65033.0,65085.0,64851.0,64906.0,637.86921,7857
2026-06-17 13:30:00,64906.0,65354.0,64826.0,65271.0,970.42911,13577
2026-06-17 14:00:00,65271.0,65439.0,65115.0,65241.0,555.77367,13414
2026-06-17 14:30:00,65239.0,65284.0,64754.0,65085.0,696.43642,12951
2026-06-17 15:00:00,65085.0,65408.0,64951.0,65315.0,398.88819,9365
2026-06-17 15:30:00,65316.0,65848.0,65248.0,65731.0,1730.80658,16995
2026-06-17 16:00:00,65730.0,66429.0,65702.0,66227.0,2523.32718,23041
2026-06-17 16:30:00,66227.0,66272.0,65813.0,65833.0,1371.6107,14841
2026-06-17 17:00:00,65834.0,65978.0,65756.0,65940.0,566.05375,8443
2026-06-17 17:30:00,65941.0,66159.0,65780.0,66050.0,959.04282,8562
2026-06-17 18:00:00,66051.0,66066.0,64668.0,65370.0,4639.64294,36773
2026-06-17 18:30:00,65370.0,66027.0,65256.0,65493.0,3009.76318,26039
2026-06-17 19:00:00,65492.0,65629.0,64283.0,64438.0,3339.40246,31575
2026-06-17 19:30:00,64438.0,64648.0,64000.0,64287.0,3406.31864,27460
2026-06-17 20:00:00,64286.0,64428.0,64166.0,64331.0,1246.9314,12889
2026-06-17 20:30:00,64332.0,64456.0,64159.0,64386.0,368.53623,7536
2026-06-17 21:00:00,64387.0,64418.0,64225.0,64234.0,517.34074,6833
2026-06-17 21:30:00,64233.0,64384.0,64106.0,64227.0,1113.12451,8759
2026-06-17 22:00:00,64228.0,64338.0,63878.0,64328.0,1409.97351,13341
2026-06-17 22:30:00,64327.0,64400.0,64197.0,64264.0,992.74933,6806
2026-06-17 23:00:00,64265.0,64493.0,64206.0,64466.0,614.22346,6861
2026-06-17 23:30:00,64466.0,64491.0,64363.0,64470.0,216.26534,4941
2026-06-18 00:00:00,64470.0,64666.0,64454.0,64559.0,564.65115,8186
2026-06-18 00:30:00,64558.0,64666.0,64421.0,64431.0,501.08013,5767
2026-06-18 01:00:00,64431.0,64771.0,64431.0,64626.0,566.39197,7134
2026-06-18 01:30:00,64628.0,64727.0,64429.0,64513.0,347.07197,5460
2026-06-18 02:00:00,64514.0,64714.0,64452.0,64669.0,519.61812,6009
2026-06-18 02:30:00,64668.0,64711.0,64630.0,64651.0,529.64337,4661
2026-06-18 03:00:00,64652.0,64652.0,64267.0,64268.0,375.19086,6019
2026-06-18 03:30:00,64267.0,64360.0,64222.0,64247.0,380.67649,5493
2026-06-18 04:00:00,64247.0,64296.0,63779.0,63902.0,2381.10427,16514
2026-06-18 04:30:00,63902.0,63948.0,63789.0,63852.0,857.04974,8625
2026-06-18 05:00:00,63852.0,63968.0,63655.0,63906.0,1579.66509,11586
2026-06-18 05:30:00,63906.0,63993.0,63816.0,63961.0,402.55751,6144
2026-06-18 06:00:00,63961.0,64039.0,63812.0,63949.0,255.71583,6003
2026-06-18 06:30:00,63949.0,64095.0,63945.0,64053.0,279.30579,4988
2026-06-18 07:00:00,64052.0,64286.0,63979.0,64280.0,609.31451,6244
2026-06-18 07:30:00,64280.0,64478.0,64228.0,64476.0,679.27471,8093
2026-06-18 08:00:00,64476.0,64617.0,64350.0,64543.0,557.76897,10472
2026-06-18 08:30:00,64544.0,64567.0,64327.0,64362.0,592.93232,7775
2026-06-18 09:00:00,64363.0,64451.0,64205.0,64215.0,674.29505,8206
2026-06-18 09:30:00,64216.0,64290.0,64148.0,64162.0,199.3036,5024
2026-06-18 10:00:00,64163.0,64163.0,63879.0,63934.0,681.47351,7254
2026-06-18 10:30:00,63934.0,64190.0,63910.0,64061.0,970.0297,7355
2026-06-18 11:00:00,64061.0,64167.0,63880.0,64048.0,1292.87455,6541
2026-06-18 11:30:00,64048.0,64053.0,63846.0,63952.0,701.97438,4904
2026-06-18 12:00:00,63952.0,64168.0,63897.0,64168.0,457.05877,5184
2026-06-18 12:30:00,64168.0,64379.0,64107.0,64348.0,653.01308,6825
2026-06-18 13:00:00,64349.0,64420.0,64251.0,64325.0,981.50842,6734
2026-06-18 13:30:00,64324.0,64335.0,63760.0,63945.0,1746.80279,18196
2026-06-18 14:00:00,63944.0,64176.0,63677.0,63776.0,1679.75542,21113
2026-06-18 14:30:00,63777.0,64041.0,63559.0,63777.0,1602.31561,18807
2026-06-18 15:00:00,63776.0,63778.0,63123.0,63194.0,2805.88831,24966
2026-06-18 15:30:00,63194.0,63343.0,62254.0,62339.0,4679.03192,31901
2026-06-18 16:00:00,62338.0,62734.0,62305.0,62575.0,3112.94182,16417
2026-06-18 16:30:00,62575.0,62784.0,62512.0,62663.0,908.71988,8561
2026-06-18 17:00:00,62664.0,62679.0,62235.0,62552.0,1130.2963,10429
2026-06-18 17:30:00,62551.0,62725.0,62490.0,62580.0,904.24687,9108
2026-06-18 18:00:00,62579.0,62954.0,62560.0,62831.0,747.66386,9295
2026-06-18 18:30:00,62832.0,62855.0,62581.0,62674.0,1898.05336,9132
2026-06-18 19:00:00,62674.0,62783.0,62598.0,62752.0,455.57801,5134
2026-06-18 19:30:00,62752.0,62980.0,62741.0,62917.0,720.66114,8472
2026-06-18 20:00:00,62917.0,63253.0,62917.0,63100.0,1200.85426,12841
2026-06-18 20:30:00,63100.0,63165.0,63022.0,63069.0,924.34902,6627
2026-06-18 21:00:00,63069.0,63107.0,62841.0,62946.0,375.34305,9892
2026-06-18 21:30:00,62946.0,62982.0,62856.0,62945.0,417.05348,5663
2026-06-18 22:00:00,62945.0,62968.0,62749.0,62804.0,927.23833,6679
2026-06-18 22:30:00,62805.0,62869.0,62709.0,62862.0,741.77062,5649
2026-06-18 23:00:00,62863.0,62909.0,62726.0,62841.0,783.56885,5603
2026-06-18 23:30:00,62842.0,62969.0,62828.0,62935.0,302.93143,4532
2026-06-19 00:00:00,62936.0,62966.0,62809.0,62933.0,493.12953,6549
2026-06-19 00:30:00,62936.0,63062.0,62933.0,62997.0,264.29423,4804
2026-06-19 01:00:00,62997.0,63077.0,62868.0,62901.0,435.97942,5943
2026-06-19 01:30:00,62901.0,63011.0,62818.0,62999.0,473.03762,6043
2026-06-19 02:00:00,62998.0,63088.0,62924.0,62925.0,207.45858,4210
2026-06-19 02:30:00,62925.0,63001.0,62864.0,62975.0,693.20075,5260
2026-06-19 03:00:00,62975.0,63001.0,62350.0,62819.0,2322.92281,14618
2026-06-19 03:30:00,62818.0,62819.0,62590.0,62753.0,577.94372,7496
2026-06-19 04:00:00,62752.0,62900.0,62592.0,62702.0,488.97981,6855
2026-06-19 04:30:00,62702.0,62707.0,62386.0,62432.0,394.65096,6757
2026-06-19 05:00:00,62431.0,62651.0,62425.0,62592.0,456.02159,6248
2026-06-19 05:30:00,62592.0,62722.0,62532.0,62708.0,342.40311,5112
2026-06-19 06:00:00,62707.0,62835.0,62701.0,62814.0,179.42573,4338
2026-06-19 06:30:00,62814.0,62890.0,62703.0,62867.0,261.3306,4555
2026-06-19 07:00:00,62867.0,62894.0,62692.0,62712.0,345.08523,5425
2026-06-19 07:30:00,62711.0,62805.0,62468.0,62599.0,396.14682,6975
2026-06-19 08:00:00,62598.0,62691.0,62522.0,62637.0,219.41992,5109
2026-06-19 08:30:00,62636.0,62759.0,62531.0,62554.0,1062.99437,8064
2026-06-19 09:00:00,62554.0,62622.0,62292.0,62351.0,771.41576,6348
2026-06-19 09:30:00,62351.0,62460.0,62307.0,62360.0,376.24937,5648
2026-06-19 10:00:00,62359.0,62529.0,62355.0,62478.0,558.54813,6755
2026-06-19 10:30:00,62478.0,62572.0,62373.0,62506.0,333.47879,5652
2026-06-19 11:00:00,62506.0,62663.0,62420.0,62621.0,369.76313,5608
2026-06-19 11:30:00,62622.0,62663.0,62560.0,62604.0,126.40324,3863
2026-06-19 12:00:00,62605.0,62662.0,62456.0,62534.0,456.66282,5594
2026-06-19 12:30:00,62533.0,62853.0,62312.0,62800.0,967.09015,11389
2026-06-19 13:00:00,62799.0,62955.0,62629.0,62762.0,1207.38486,10323
2026-06-19 13:30:00,62762.0,63423.0,62721.0,63189.0,1605.49061,16848
2026-06-19 14:00:00,63188.0,63281.0,62980.0,63244.0,836.96713,12380
2026-06-19 14:30:00,63246.0,63386.0,63144.0,63179.0,446.93608,9990
2026-06-19 15:00:00,63179.0,63229.0,63000.0,63033.0,450.30606,11336
2026-06-19 15:30:00,63033.0,63269.0,63033.0,63184.0,469.02611,8903
2026-06-19 16:00:00,63183.0,63380.0,63067.0,63305.0,396.79015,7948
2026-06-19 16:30:00,63304.0,63361.0,62902.0,62943.0,804.67581,9038
2026-06-19 17:00:00,62942.0,63093.0,62835.0,62889.0,388.43926,8188
2026-06-19 17:30:00,62889.0,63205.0,62889.0,63180.0,292.44564,6800
2026-06-19 18:00:00,63180.0,63180.0,63082.0,63093.0,319.97268,4352
2026-06-19 18:30:00,63093.0,63157.0,62964.0,63083.0,182.00495,5088
2026-06-19 19:00:00,63083.0,63094.0,62915.0,62972.0,210.71945,3937
2026-06-19 19:30:00,62971.0,63123.0,62944.0,62995.0,244.61942,3621
2026-06-19 20:00:00,62995.0,63056.0,62930.0,63054.0,235.95294,3565
2026-06-19 20:30:00,63055.0,63263.0,63005.0,63230.0,222.8464,4208
2026-06-19 21:00:00,63230.0,63255.0,63132.0,63140.0,187.66845,3564
2026-06-19 21:30:00,63140.0,63150.0,63030.0,63044.0,370.10531,3486
2026-06-19 22:00:00,63044.0,63287.0,63030.0,63247.0,296.57193,4193
2026-06-19 22:30:00,63246.0,63359.0,63217.0,63293.0,340.75789,3751
2026-06-19 23:00:00,63293.0,63322.0,63251.0,63287.0,275.48626,2557
2026-06-19 23:30:00,63292.0,63630.0,63274.0,63512.0,893.53616,7611
2026-06-20 00:00:00,63513.0,63627.0,63437.0,63592.0,283.67326,5900
2026-06-20 00:30:00,63592.0,63762.0,63490.0,63511.0,559.74325,6245
2026-06-20 01:00:00,63510.0,63517.0,63376.0,63480.0,155.0925,4232
2026-06-20 01:30:00,63480.0,63591.0,63480.0,63550.0,135.32167,3656
2026-06-20 02:00:00,63551.0,63551.0,63360.0,63375.0,277.54515,4006
2026-06-20 02:30:00,63375.0,63476.0,63310.0,63312.0,283.41268,3722
2026-06-20 03:00:00,63312.0,63429.0,63285.0,63409.0,81.17455,2949
2026-06-20 03:30:00,63409.0,63486.0,63386.0,63444.0,61.11502,2493
2026-06-20 04:00:00,63444.0,63543.0,63368.0,63542.0,208.7707,3305
2026-06-20 04:30:00,63542.0,63589.0,63490.0,63551.0,153.94417,3399
2026-06-20 05:00:00,63550.0,63878.0,63515.0,63602.0,730.09218,8700
2026-06-20 05:30:00,63602.0,63698.0,63560.0,63653.0,200.25569,3629
2026-06-20 06:00:00,63653.0,63733.0,63611.0,63673.0,478.61964,5331
2026-06-20 06:30:00,63672.0,63741.0,63662.0,63722.0,301.24956,3588
2026-06-20 07:00:00,63721.0,63776.0,63570.0,63766.0,264.82902,4138
2026-06-20 07:30:00,63766.0,63775.0,63608.0,63617.0,411.29235,4835
2026-06-20 08:00:00,63618.0,63624.0,63443.0,63449.0,576.73563,4885
2026-06-20 08:30:00,63449.0,63450.0,63354.0,63399.0,378.66176,4402
2026-06-20 09:00:00,63399.0,63549.0,63394.0,63543.0,214.98647,2846
2026-06-20 09:30:00,63543.0,63764.0,63529.0,63704.0,211.01556,3989
2026-06-20 10:00:00,63705.0,63751.0,63609.0,63650.0,262.90224,3321
2026-06-20 10:30:00,63649.0,63667.0,63564.0,63651.0,280.26372,3072
2026-06-20 11:00:00,63651.0,63711.0,63593.0,63673.0,159.96908,2752
2026-06-20 11:30:00,63673.0,63773.0,63652.0,63658.0,155.41474,2634
2026-06-20 12:00:00,63659.0,63766.0,63649.0,63706.0,281.01751,3492
2026-06-20 12:30:00,63706.0,63721.0,63513.0,63623.0,534.8903,4667
2026-06-20 13:00:00,63623.0,63623.0,63248.0,63309.0,950.86786,7016
2026-06-20 13:30:00,63309.0,63463.0,63308.0,63373.0,626.99312,5361
2026-06-20 14:00:00,63373.0,63389.0,63170.0,63354.0,626.00394,9511
2026-06-20 14:30:00,63353.0,64122.0,63321.0,63930.0,1884.5554,17212
2026-06-20 15:00:00,63929.0,64361.0,63815.0,64162.0,1498.92125,14669
2026-06-20 15:30:00,64163.0,64181.0,64045.0,64120.0,347.62667,6436
2026-06-20 16:00:00,64121.0,64136.0,63943.0,63964.0,479.97301,6482
2026-06-20 16:30:00,63964.0,64022.0,63871.0,63990.0,296.21531,4700
2026-06-20 17:00:00,63991.0,63991.0,63835.0,63959.0,138.43031,4751
2026-06-20 17:30:00,63959.0,64009.0,63725.0,63814.0,506.61969,6940
2026-06-20 18:00:00,63815.0,63896.0,63766.0,63833.0,94.90262,3045
2026-06-20 18:30:00,63834.0,63858.0,63753.0,63777.0,81.70469,2367
2026-06-20 19:00:00,63778.0,63904.0,63765.0,63829.0,117.10942,3592
2026-06-20 19:30:00,63829.0,63947.0,63814.0,63906.0,130.18959,2550
2026-06-20 20:00:00,63907.0,63954.0,63878.0,63881.0,78.15262,2576
2026-06-20 20:30:00,63882.0,63910.0,63828.0,63899.0,73.71107,2291
2026-06-20 21:00:00,63900.0,64024.0,63896.0,63905.0,135.58372,2813
2026-06-20 21:30:00,63904.0,64068.0,63897.0,63989.0,170.41477,3246
2026-06-20 22:00:00,63989.0,64316.0,63957.0,64278.0,540.91917,5507
2026-06-20 22:30:00,64277.0,64336.0,64225.0,64252.0,195.84018,4697
2026-06-20 23:00:00,64251.0,64289.0,64230.0,64248.0,125.73336,2947
2026-06-20 23:30:00,64249.0,64315.0,64233.0,64276.0,215.53505,3373
2026-06-21 00:00:00,64276.0,64289.0,64211.0,64241.0,493.88368,4036
2026-06-21 00:30:00,64241.0,64305.0,64222.0,64268.0,367.22064,3555
2026-06-21 01:00:00,64268.0,64312.0,64221.0,64222.0,302.40852,2641
2026-06-21 01:30:00,64222.0,64293.0,64187.0,64229.0,498.99572,4114
2026-06-21 02:00:00,64228.0,64230.0,64196.0,64203.0,150.77239,1927
2026-06-21 02:30:00,64203.0,64256.0,64201.0,64230.0,154.82218,2374
2026-06-21 03:00:00,64231.0,64449.0,64210.0,64324.0,496.04841,5084
2026-06-21 03:30:00,64325.0,64418.0,64260.0,64399.0,359.05858,4135
2026-06-21 04:00:00,64399.0,64549.0,64356.0,64508.0,667.65128,5502
2026-06-21 04:30:00,64508.0,64555.0,64235.0,64251.0,828.46301,5977
2026-06-21 05:00:00,64252.0,64275.0,64196.0,64265.0,202.92012,3172
2026-06-21 05:30:00,64265.0,64343.0,64201.0,64221.0,397.99213,3782
2026-06-21 06:00:00,64221.0,64277.0,64167.0,64258.0,173.26278,2676
2026-06-21 06:30:00,64257.0,64301.0,64226.0,64265.0,120.86666,2206
2026-06-21 07:00:00,64265.0,64273.0,64117.0,64142.0,678.97874,3414
2026-06-21 07:30:00,64142.0,64224.0,64135.0,64160.0,136.54032,2787
2026-06-21 08:00:00,64160.0,64186.0,64014.0,64014.0,292.86336,4933
2026-06-21 08:30:00,64014.0,64027.0,63864.0,63985.0,387.46957,5370
2026-06-21 09:00:00,63985.0,64059.0,63923.0,64021.0,478.50069,4065
2026-06-21 09:30:00,64021.0,64220.0,64021.0,64175.0,219.87538,4310
2026-06-21 10:00:00,64176.0,64360.0,64169.0,64273.0,290.17024,4126
2026-06-21 10:30:00,64273.0,64383.0,64268.0,64336.0,285.71734,3772
2026-06-21 11:00:00,64336.0,64452.0,64079.0,64356.0,768.10059,7271
2026-06-21 11:30:00,64357.0,64380.0,64067.0,64130.0,641.24586,6393
2026-06-21 12:00:00,64134.0,64197.0,63950.0,63976.0,294.47483,5807
2026-06-21 12:30:00,63976.0,64181.0,63910.0,64161.0,380.24273,5127
2026-06-21 13:00:00,64161.0,64162.0,64075.0,64127.0,158.41647,3303
2026-06-21 13:30:00,64128.0,64129.0,63982.0,64105.0,265.66474,3946
2026-06-21 14:00:00,64106.0,64110.0,63975.0,63999.0,152.78159,5380
2026-06-21 14:30:00,63999.0,64117.0,63968.0,64110.0,88.19485,3189
2026-06-21 15:00:00,64110.0,64270.0,64087.0,64229.0,257.6243,5280
2026-06-21 15:30:00,64230.0,64306.0,64161.0,64185.0,241.86662,3877
2026-06-21 16:00:00,64186.0,64219.0,64072.0,64150.0,168.01753,4132
2026-06-21 16:30:00,64151.0,64169.0,64007.0,64107.0,183.72365,4312
2026-06-21 17:00:00,64108.0,64189.0,64073.0,64073.0,104.77589,3472
2026-06-21 17:30:00,64073.0,64153.0,64036.0,64111.0,116.19152,3423
2026-06-21 18:00:00,64111.0,64125.0,63922.0,64005.0,264.97807,5093
2026-06-21 18:30:00,64005.0,64211.0,64001.0,64162.0,299.46086,6844
2026-06-21 19:00:00,64162.0,64255.0,64130.0,64186.0,150.77826,3795
2026-06-21 19:30:00,64186.0,64206.0,64141.0,64168.0,50.08718,2536
2026-06-21 20:00:00,64168.0,64232.0,64017.0,64083.0,393.66771,3867
2026-06-21 20:30:00,64084.0,64100.0,63654.0,63800.0,1276.38299,10141
2026-06-21 21:00:00,63800.0,63831.0,63461.0,63650.0,1961.39175,14234
2026-06-21 21:30:00,63649.0,63921.0,63649.0,63760.0,661.4785,8128
2026-06-21 22:00:00,63760.0,63817.0,63541.0,63692.0,1040.25825,11539
2026-06-21 22:30:00,63692.0,63820.0,63552.0,63762.0,351.22978,5643
2026-06-21 23:00:00,63763.0,63763.0,63585.0,63605.0,300.2119,6400
2026-06-21 23:30:00,63605.0,63626.0,63242.0,63270.0,1087.74798,12308
2026-06-22 00:00:00,63270.0,63725.0,63270.0,63688.0,650.33888,10612
2026-06-22 00:30:00,63688.0,64057.0,63670.0,63861.0,637.21837,11075
2026-06-22 01:00:00,63860.0,64775.0,63814.0,64616.0,2445.74397,18915
2026-06-22 01:30:00,64616.0,64676.0,64344.0,64576.0,1340.31238,13101
2026-06-22 02:00:00,64575.0,64636.0,64472.0,64510.0,359.05113,6902
2026-06-22 02:30:00,64510.0,64559.0,64211.0,64218.0,668.91814,7935
2026-06-22 03:00:00,64218.0,64425.0,63885.0,64253.0,2319.38836,14879
2026-06-22 03:30:00,64253.0,64410.0,63884.0,63937.0,1446.86742,9527
2026-06-22 04:00:00,63936.0,63998.0,63832.0,63936.0,247.74648,5387
2026-06-22 04:30:00,63936.0,64080.0,63926.0,64067.0,267.54396,4220
2026-06-22 05:00:00,64066.0,64268.0,64058.0,64203.0,177.78203,5190
2026-06-22 05:30:00,64203.0,64313.0,64137.0,64204.0,558.47383,5575
2026-06-22 06:00:00,64204.0,64291.0,64058.0,64091.0,151.01465,4192
2026-06-22 06:30:00,64091.0,64119.0,63919.0,63971.0,369.26549,4442
2026-06-22 07:00:00,63971.0,64272.0,63940.0,64230.0,455.28625,4778
2026-06-22 07:30:00,64230.0,64363.0,64137.0,64178.0,288.99349,4174
2026-06-22 08:00:00,64177.0,64320.0,64075.0,64165.0,339.91339,5494
2026-06-22 08:30:00,64164.0,64262.0,64009.0,64139.0,157.47715,4863
2026-06-22 09:00:00,64138.0,64225.0,64067.0,64093.0,80.17168,3194
2026-06-22 09:30:00,64092.0,64159.0,64016.0,64108.0,113.74261,3205
2026-06-22 10:00:00,64108.0,64247.0,64101.0,64142.0,239.98319,3136
2026-06-22 10:30:00,64142.0,64171.0,64042.0,64112.0,97.97997,2708
2026-06-22 11:00:00,64111.0,64437.0,64070.0,64349.0,619.28267,8490
2026-06-22 11:30:00,64349.0,64741.0,64342.0,64630.0,1681.06264,13219
2026-06-22 12:00:00,64630.0,64951.0,64558.0,64909.0,2630.10689,15528
2026-06-22 12:30:00,64910.0,65200.0,64812.0,65116.0,2996.68758,18675
2026-06-22 13:00:00,65116.0,65176.0,64911.0,64953.0,1052.80275,12947
2026-06-22 13:30:00,64953.0,65555.0,64952.0,65537.0,2324.35982,25087
2026-06-22 14:00:00,65536.0,65587.0,64942.0,64945.0,1407.78422,26820
2026-06-22 14:30:00,64944.0,65047.0,64816.0,64946.0,1207.79255,23537
2026-06-22 15:00:00,64946.0,65105.0,64878.0,65014.0,779.028,11505
2026-06-22 15:30:00,65013.0,65100.0,64722.0,64802.0,1162.83717,9945
2026-06-22 16:00:00,64802.0,64826.0,64626.0,64670.0,1182.34932,11625
2026-06-22 16:30:00,64670.0,64771.0,64494.0,64702.0,807.90943,9502
2026-06-22 17:00:00,64702.0,64750.0,64507.0,64508.0,519.91478,6946
2026-06-22 17:30:00,64508.0,64634.0,64363.0,64587.0,646.87404,9309
2026-06-22 18:00:00,64586.0,64710.0,64557.0,64584.0,683.99747,7887
2026-06-22 18:30:00,64584.0,64605.0,64287.0,64309.0,502.71056,8540
2026-06-22 19:00:00,64309.0,64428.0,64296.0,64343.0,1601.55479,11271
2026-06-22 19:30:00,64342.0,64486.0,64268.0,64482.0,490.92811,8207
2026-06-22 20:00:00,64482.0,64653.0,64334.0,64385.0,1765.5607,9635
2026-06-22 20:30:00,64384.0,64486.0,64373.0,64420.0,378.61828,4173
2026-06-22 21:00:00,64419.0,64467.0,64227.0,64278.0,534.27554,5291
2026-06-22 21:30:00,64278.0,64307.0,64131.0,64298.0,378.28272,5176
2026-06-22 22:00:00,64298.0,64375.0,63881.0,64015.0,1595.75649,10142
2026-06-22 22:30:00,64015.0,64130.0,63785.0,63964.0,1704.17696,12525
2026-06-22 23:00:00,63964.0,64043.0,63880.0,64031.0,518.06741,6471
2026-06-22 23:30:00,64032.0,64042.0,63935.0,64012.0,197.56267,4050
2026-06-23 00:00:00,64012.0,64031.0,63820.0,63845.0,598.89218,6659
2026-06-23 00:30:00,63846.0,64145.0,63846.0,64138.0,311.1837,6484
2026-06-23 01:00:00,64138.0,64254.0,64122.0,64180.0,907.23149,6432
2026-06-23 01:30:00,64179.0,64217.0,63871.0,64131.0,699.9872,6392
2026-06-23 02:00:00,64132.0,64195.0,64019.0,64143.0,594.88079,5245
2026-06-23 02:30:00,64143.0,64236.0,64126.0,64167.0,792.98419,4432
2026-06-23 03:00:00,64167.0,64167.0,63942.0,64063.0,211.03579,4709
2026-06-23 03:30:00,64063.0,64064.0,63936.0,64035.0,232.51327,3546
2026-06-23 04:00:00,64035.0,64068.0,63887.0,63952.0,383.58034,4057
2026-06-23 04:30:00,63952.0,63952.0,63572.0,63595.0,1030.86281,8504
2026-06-23 05:00:00,63595.0,63705.0,63358.0,63444.0,820.92973,9391
2026-06-23 05:30:00,63445.0,63495.0,63331.0,63371.0,714.69487,7657
2026-06-23 06:00:00,63372.0,63372.0,62532.0,62734.0,4475.31973,25204
2026-06-23 06:30:00,62734.0,63008.0,62657.0,62900.0,1290.81423,11995
2026-06-23 07:00:00,62900.0,63051.0,62856.0,62960.0,746.71139,8190
2026-06-23 07:30:00,62960.0,62995.0,62832.0,62852.0,718.83696,7653
2026-06-23 08:00:00,62851.0,62910.0,61901.0,62009.0,2822.13094,23618
2026-06-23 08:30:00,62009.0,62418.0,62000.0,62348.0,1851.68166,14586
2026-06-23 09:00:00,62348.0,62478.0,62308.0,62478.0,960.05263,7706
2026-06-23 09:30:00,62478.0,62478.0,62309.0,62349.0,480.47019,5990
2026-06-23 10:00:00,62349.0,62549.0,62306.0,62330.0,585.31255,7224
2026-06-23 10:30:00,62330.0,62341.0,62202.0,62294.0,597.49335,6772
2026-06-23 11:00:00,62294.0,62549.0,62294.0,62520.0,974.9059,9336
2026-06-23 11:30:00,62520.0,62617.0,62391.0,62481.0,608.9633,7273
2026-06-23 12:00:00,62482.0,62537.0,62319.0,62373.0,379.54321,5989
2026-06-23 12:30:00,62374.0,62453.0,62190.0,62231.0,458.43437,7014
2026-06-23 13:00:00,62232.0,62260.0,62000.0,62032.0,1266.82362,12424
2026-06-23 13:30:00,62031.0,62517.0,61935.0,62449.0,3212.59711,22358
2026-06-23 14:00:00,62449.0,62818.0,62408.0,62545.0,1759.61689,22032
2026-06-23 14:30:00,62545.0,62747.0,62390.0,62458.0,776.65082,12348
2026-06-23 15:00:00,62458.0,62479.0,62157.0,62254.0,818.36116,10679
2026-06-23 15:30:00,62254.0,62471.0,62175.0,62460.0,1069.53408,13097
2026-06-23 16:00:00,62461.0,62794.0,62396.0,62559.0,2064.20445,16210
2026-06-23 16:30:00,62559.0,62628.0,62467.0,62526.0,301.55925,5809
2026-06-23 17:00:00,62526.0,62630.0,62391.0,62617.0,327.31942,7106
2026-06-23 17:30:00,62617.0,62664.0,62300.0,62330.0,326.28481,7353
2026-06-23 18:00:00,62331.0,62424.0,62241.0,62321.0,392.13792,6969
2026-06-23 18:30:00,62320.0,62320.0,62080.0,62219.0,618.29195,8971
2026-06-23 19:00:00,62218.0,62417.0,62204.0,62416.0,427.56983,8570
2026-06-23 19:30:00,62417.0,62453.0,62246.0,62381.0,248.54675,6628
2026-06-23 20:00:00,62381.0,62507.0,62366.0,62471.0,366.17907,6583
2026-06-23 20:30:00,62471.0,62471.0,62357.0,62440.0,201.57346,4544
2026-06-23 21:00:00,62440.0,62584.0,62440.0,62545.0,271.50835,5726
2026-06-23 21:30:00,62546.0,62638.0,62527.0,62568.0,242.68015,4905
2026-06-23 22:00:00,62568.0,62757.0,62535.0,62586.0,620.79653,8090
2026-06-23 22:30:00,62587.0,62601.0,62505.0,62560.0,272.23156,4255
2026-06-23 23:00:00,62561.0,62672.0,62500.0,62652.0,775.64127,5743
2026-06-23 23:30:00,62652.0,62768.0,62571.0,62706.0,327.29934,5410
2026-06-24 00:00:00,62706.0,62900.0,62706.0,62820.0,690.19752,8914
2026-06-24 00:30:00,62820.0,63000.0,62768.0,62991.0,335.87864,7174
2026-06-24 01:00:00,62991.0,63006.0,62751.0,62886.0,497.31238,6876
2026-06-24 01:30:00,62887.0,63087.0,62887.0,62910.0,717.77236,7678
2026-06-24 02:00:00,62910.0,62984.0,62663.0,62735.0,324.52537,5869
2026-06-24 02:30:00,62734.0,62791.0,62573.0,62599.0,565.0789,6983
2026-06-24 03:00:00,62598.0,62656.0,62441.0,62646.0,864.99882,7490
2026-06-24 03:30:00,62647.0,62812.0,62647.0,62703.0,288.82258,4139
2026-06-24 04:00:00,62704.0,62732.0,62511.0,62571.0,287.51432,4122
2026-06-24 04:30:00,62571.0,62778.0,62570.0,62741.0,297.31401,4817
2026-06-24 05:00:00,62741.0,62876.0,62690.0,62867.0,415.13442,4793
2026-06-24 05:30:00,62866.0,63065.0,62832.0,62857.0,1475.1518,7590
2026-06-24 06:00:00,62857.0,62885.0,62737.0,62826.0,188.44798,3878
2026-06-24 06:30:00,62826.0,62856.0,62700.0,62747.0,398.51534,4219
2026-06-24 07:00:00,62748.0,62821.0,62641.0,62642.0,400.63579,5097
2026-06-24 07:30:00,62641.0,62706.0,62568.0,62616.0,413.2135,5724
2026-06-24 08:00:00,62616.0,62688.0,62578.0,62674.0,312.48601,5271
2026-06-24 08:30:00,62674.0,62791.0,62647.0,62781.0,430.48841,4949
2026-06-24 09:00:00,62781.0,62781.0,62654.0,62666.0,171.85741,3712
2026-06-24 09:30:00,62666.0,62688.0,62610.0,62657.0,93.48728,2914
2026-06-24 10:00:00,62658.0,62658.0,62467.0,62513.0,471.55581,5192
2026-06-24 10:30:00,62513.0,62601.0,62400.0,62416.0,278.78263,4511
2026-06-24 11:00:00,62416.0,62450.0,62293.0,62356.0,672.00697,7320
2026-06-24 11:30:00,62355.0,63196.0,62355.0,62884.0,1676.59462,14595
2026-06-24 12:00:00,62883.0,62939.0,62731.0,62794.0,514.3592,8720
2026-06-24 12:30:00,62793.0,62884.0,62555.0,62587.0,596.06946,7264
2026-06-24 13:00:00,62587.0,62595.0,61659.0,61829.0,3306.10621,27343
2026-06-24 13:30:00,61828.0,62130.0,61223.0,61308.0,3808.31025,34234
2026-06-24 14:00:00,61309.0,61444.0,60856.0,61201.0,3619.09316,31361
2026-06-24 14:30:00,61201.0,61349.0,60927.0,61084.0,1241.14699,17516
2026-06-24 15:00:00,61083.0,61110.0,60804.0,60848.0,1246.38817,16089
2026-06-24 15:30:00,60847.0,60848.0,60227.0,60245.0,2917.23332,27778
2026-06-24 16:00:00,60245.0,60639.0,60185.0,60523.0,1831.74508,19530
2026-06-24 16:30:00,60522.0,60541.0,59565.0,59822.0,4560.91551,32680
2026-06-24 17:00:00,59822.0,60026.0,59300.0,59661.0,3857.84168,33186
2026-06-24 17:30:00,59661.0,59720.0,59060.0,59373.0,3782.37946,30502
2026-06-24 18:00:00,59373.0,59914.0,59280.0,59684.0,1991.68336,22645
2026-06-24 18:30:00,59685.0,59719.0,59387.0,59570.0,1593.92774,16531
2026-06-24 19:00:00,59570.0,59819.0,59495.0,59808.0,1029.73257,14166
2026-06-24 19:30:00,59808.0,59966.0,59708.0,59943.0,823.08166,12171
2026-06-24 20:00:00,59942.0,60795.0,59823.0,60747.0,4399.06472,32957
2026-06-24 20:30:00,60748.0,61181.0,60651.0,60931.0,2298.21136,20198
2026-06-24 21:00:00,60931.0,60989.0,60640.0,60822.0,1134.6108,12352
2026-06-24 21:30:00,60823.0,61115.0,60767.0,61083.0,588.03734,8318
2026-06-24 22:00:00,61082.0,61231.0,60846.0,60846.0,639.19199,9598
2026-06-24 22:30:00,60847.0,60917.0,60780.0,60838.0,264.66592,5803
2026-06-24 23:00:00,60839.0,61008.0,60796.0,60952.0,294.24641,6403
2026-06-24 23:30:00,60952.0,61084.0,60913.0,61047.0,248.20497,5628
2026-06-25 00:00:00,61048.0,61128.0,60883.0,60889.0,551.56098,8171
2026-06-25 00:30:00,60890.0,60963.0,60703.0,60787.0,777.30675,8590
2026-06-25 01:00:00,60788.0,60897.0,60692.0,60829.0,390.27431,6903
2026-06-25 01:30:00,60830.0,60968.0,60769.0,60895.0,507.06393,6373
2026-06-25 02:00:00,60896.0,60930.0,60684.0,60900.0,277.03052,5708
2026-06-25 02:30:00,60900.0,60901.0,60664.0,60756.0,382.93395,5967
2026-06-25 03:00:00,60757.0,60835.0,60661.0,60762.0,145.59256,4812
2026-06-25 03:30:00,60762.0,60881.0,60713.0,60854.0,410.62261,4782
2026-06-25 04:00:00,60855.0,60883.0,60758.0,60871.0,303.3224,4491
2026-06-25 04:30:00,60871.0,61373.0,60779.0,61337.0,1029.214,10081
2026-06-25 05:00:00,61337.0,61777.0,61255.0,61578.0,2127.42751,17172
2026-06-25 05:30:00,61578.0,61651.0,61482.0,61572.0,528.50487,6921
2026-06-25 06:00:00,61573.0,61771.0,61572.0,61645.0,369.25195,6928
2026-06-25 06:30:00,61645.0,61809.0,61622.0,61689.0,770.6847,6291
2026-06-25 07:00:00,61690.0,61868.0,61625.0,61772.0,711.77295,7624
2026-06-25 07:30:00,61773.0,61927.0,61772.0,61874.0,691.22043,6977
2026-06-25 08:00:00,61875.0,61884.0,61677.0,61736.0,570.29475,6189
2026-06-25 08:30:00,61736.0,61775.0,61637.0,61668.0,494.32987,5211
2026-06-25 09:00:00,61668.0,61752.0,61571.0,61659.0,549.75732,5651
2026-06-25 09:30:00,61660.0,61748.0,61659.0,61703.0,213.2891,4029
2026-06-25 10:00:00,61704.0,61719.0,61534.0,61544.0,297.22999,4718
2026-06-25 10:30:00,61544.0,61556.0,61217.0,61229.0,650.57988,8569
2026-06-25 11:00:00,61229.0,61384.0,61028.0,61211.0,967.34814,11120
2026-06-25 11:30:00,61211.0,61358.0,61115.0,61249.0,502.91309,6938
2026-06-25 12:00:00,61249.0,61336.0,61037.0,61066.0,564.98291,7563
2026-06-25 12:30:00,61065.0,61700.0,61065.0,61213.0,1535.96312,15923
2026-06-25 13:00:00,61212.0,61336.0,61139.0,61208.0,278.24004,7379
2026-06-25 13:30:00,61208.0,61310.0,58062.0,58234.0,12707.20535,77221
2026-06-25 14:00:00,58242.0,59700.0,58236.0,59291.0,8873.81048,64314
2026-06-25 14:30:00,59292.0,60465.0,59134.0,59438.0,5885.39085,42962
2026-06-25 15:00:00,59439.0,59439.0,58819.0,59225.0,4116.38064,33719
2026-06-25 15:30:00,59226.0,59620.0,59040.0,59530.0,1973.21715,21872
2026-06-25 16:00:00,59530.0,60030.0,59438.0,59718.0,1929.86044,20453
2026-06-25 16:30:00,59718.0,59718.0,59117.0,59276.0,2178.82303,19720
2026-06-25 17:00:00,59277.0,59581.0,59102.0,59522.0,1829.95812,17065
2026-06-25 17:30:00,59523.0,59699.0,59410.0,59649.0,1032.57187,12563
2026-06-25 18:00:00,59649.0,59759.0,59364.0,59690.0,1217.63764,14352
2026-06-25 18:30:00,59691.0,59691.0,59332.0,59466.0,759.08286,10047
2026-06-25 19:00:00,59466.0,59490.0,59136.0,59312.0,1164.56864,11435
2026-06-25 19:30:00,59312.0,59405.0,59152.0,59283.0,606.63234,8469
2026-06-25 20:00:00,59284.0,59710.0,59284.0,59601.0,1204.3641,11202
2026-06-25 20:30:00,59601.0,59634.0,59303.0,59422.0,377.42193,7381
2026-06-25 21:00:00,59423.0,59681.0,59418.0,59677.0,335.36002,6458
2026-06-25 21:30:00,59677.0,60210.0,59672.0,60180.0,1522.48981,13824
2026-06-25 22:00:00,60180.0,60180.0,59759.0,59759.0,693.43985,11019
2026-06-25 22:30:00,59760.0,59898.0,59699.0,59811.0,358.25835,7656
2026-06-25 23:00:00,59812.0,60138.0,59764.0,60070.0,632.25253,8498
2026-06-25 23:30:00,60071.0,60166.0,59691.0,59759.0,718.49124,9068
2026-06-26 00:00:00,59760.0,59871.0,59675.0,59737.0,295.91836,7217
2026-06-26 00:30:00,59738.0,59844.0,59595.0,59634.0,288.95888,7549
2026-06-26 01:00:00,59633.0,59747.0,59257.0,59257.0,893.34111,11947
2026-06-26 01:30:00,59257.0,59406.0,59192.0,59405.0,447.52728,9241
2026-06-26 02:00:00,59405.0,59411.0,58308.0,58854.0,2271.55698,22122
2026-06-26 02:30:00,58854.0,58983.0,58397.0,58518.0,1099.26866,14681
2026-06-26 03:00:00,58528.0,59160.0,58311.0,59066.0,1094.30648,14310
2026-06-26 03:30:00,59066.0,60091.0,58981.0,60025.0,3196.76321,24586
2026-06-26 04:00:00,60024.0,60212.0,59812.0,59962.0,2580.06255,19080
2026-06-26 04:30:00,59962.0,59993.0,59804.0,59892.0,510.2604,9479
2026-06-26 05:00:00,59892.0,60008.0,59697.0,59930.0,1099.41948,10754
2026-06-26 05:30:00,59931.0,60017.0,59752.0,59920.0,492.32112,8325
2026-06-26 06:00:00,59920.0,60065.0,59670.0,60012.0,1235.86239,12913
2026-06-26 06:30:00,60009.0,60421.0,59916.0,60292.0,1635.08244,16077
2026-06-26 07:00:00,60291.0,60660.0,60249.0,60559.0,1332.54867,13833
2026-06-26 07:30:00,60559.0,60726.0,60465.0,60500.0,549.97532,10334
2026-06-26 08:00:00,60500.0,60542.0,60145.0,60281.0,1199.96699,13027
2026-06-26 08:30:00,60281.0,60318.0,60112.0,60211.0,1003.23218,10276
2026-06-26 09:00:00,60213.0,60227.0,60050.0,60094.0,431.6034,6827
2026-06-26 09:30:00,60094.0,60097.0,59554.0,59705.0,784.97759,12680
2026-06-26 10:00:00,59704.0,59831.0,59619.0,59696.0,671.53401,9255
2026-06-26 10:30:00,59697.0,59781.0,59207.0,59283.0,892.74421,12275
2026-06-26 11:00:00,59283.0,59563.0,59242.0,59388.0,348.40646,8265
2026-06-26 11:30:00,59389.0,59499.0,59257.0,59387.0,320.67266,8439
2026-06-26 12:00:00,59388.0,59707.0,59320.0,59707.0,1220.81678,12301
2026-06-26 12:30:00,59706.0,59979.0,58922.0,59146.0,4225.95896,32014
2026-06-26 13:00:00,59148.0,59232.0,58482.0,58874.0,2904.82906,26614
2026-06-26 13:30:00,58875.0,60188.0,58816.0,60143.0,3402.30287,34498
2026-06-26 14:00:00,60142.0,60258.0,59790.0,60031.0,1501.51364,25299
2026-06-26 14:30:00,60031.0,60036.0,59354.0,59557.0,2213.07547,23432
2026-06-26 15:00:00,59556.0,60356.0,59549.0,60162.0,1384.85606,20406
2026-06-26 15:30:00,60161.0,60477.0,60108.0,60300.0,1581.33405,19464
2026-06-26 16:00:00,60300.0,60543.0,59931.0,60008.0,1197.49889,17407
2026-06-26 16:30:00,60007.0,60350.0,59979.0,60003.0,425.18343,11030
2026-06-26 17:00:00,60003.0,60256.0,59977.0,60149.0,346.4695,10991
2026-06-26 17:30:00,60150.0,60187.0,59920.0,59992.0,299.51586,10375
2026-06-26 18:00:00,59991.0,60127.0,59770.0,59794.0,441.81201,10163
2026-06-26 18:30:00,59794.0,59842.0,59522.0,59634.0,593.98528,10558
2026-06-26 19:00:00,59635.0,60060.0,59579.0,59896.0,821.41462,11522
2026-06-26 19:30:00,59897.0,60060.0,59736.0,59736.0,474.16735,8700
2026-06-26 20:00:00,59752.0,59952.0,59646.0,59748.0,438.70549,9083
2026-06-26 20:30:00,59748.0,59772.0,59560.0,59684.0,669.78812,8403
2026-06-26 21:00:00,59685.0,59859.0,59641.0,59849.0,353.33344,5909
2026-06-26 21:30:00,59850.0,60027.0,59841.0,59882.0,316.50846,6814
2026-06-26 22:00:00,59883.0,59945.0,59718.0,59861.0,572.21774,6340
2026-06-26 22:30:00,59859.0,60049.0,59835.0,60009.0,156.70983,4544
2026-06-26 23:00:00,60010.0,60093.0,59947.0,59948.0,657.88196,5496
2026-06-26 23:30:00,59949.0,60097.0,59906.0,60074.0,397.97353,5320
2026-06-27 00:00:00,60074.0,60159.0,60000.0,60012.0,470.70955,5349
2026-06-27 00:30:00,60012.0,60040.0,59837.0,60026.0,270.47603,5159
2026-06-27 01:00:00,60025.0,60033.0,59906.0,59964.0,126.33066,3262
2026-06-27 01:30:00,59965.0,59965.0,59899.0,59915.0,107.65363,3014
2026-06-27 02:00:00,59916.0,60357.0,59887.0,60275.0,739.17118,8464
2026-06-27 02:30:00,60276.0,60337.0,60170.0,60257.0,305.54872,4978
2026-06-27 03:00:00,60258.0,60391.0,60138.0,60286.0,623.035,7309
2026-06-27 03:30:00,60286.0,60355.0,60232.0,60280.0,97.77131,3240
2026-06-27 04:00:00,60281.0,60457.0,60280.0,60370.0,244.16776,5215
2026-06-27 04:30:00,60371.0,60419.0,60184.0,60210.0,257.83022,4362
2026-06-27 05:00:00,60210.0,60285.0,60129.0,60130.0,380.72851,4585
2026-06-27 05:30:00,60131.0,60241.0,60103.0,60213.0,97.51513,4023
2026-06-27 06:00:00,60214.0,60214.0,60082.0,60175.0,317.34293,4339
2026-06-27 06:30:00,60175.0,60459.0,60174.0,60345.0,424.72739,5721
2026-06-27 07:00:00,60345.0,60427.0,60265.0,60405.0,453.12725,4880
2026-06-27 07:30:00,60406.0,60546.0,60363.0,60518.0,199.37663,5139
2026-06-27 08:00:00,60519.0,60519.0,60407.0,60419.0,299.31254,5452
2026-06-27 08:30:00,60420.0,60500.0,60333.0,60426.0,300.71158,4403
2026-06-27 09:00:00,60427.0,60478.0,60249.0,60333.0,432.13356,4817
2026-06-27 09:30:00,60334.0,60418.0,60333.0,60393.0,160.21443,3448
2026-06-27 10:00:00,60393.0,60459.0,60373.0,60428.0,65.14761,2819
2026-06-27 10:30:00,60429.0,60429.0,60340.0,60383.0,147.07864,3244
2026-06-27 11:00:00,60383.0,60420.0,60204.0,60227.0,279.33162,4491
2026-06-27 11:30:00,60228.0,60400.0,60166.0,60338.0,472.09022,5819
2026-06-27 12:00:00,60338.0,60338.0,60224.0,60305.0,313.76113,4310
2026-06-27 12:30:00,60305.0,60393.0,60274.0,60389.0,182.33596,3718
2026-06-27 13:00:00,60390.0,60460.0,60353.0,60444.0,204.64114,4350
2026-06-27 13:30:00,60444.0,60628.0,60421.0,60553.0,713.73495,7827
2026-06-27 14:00:00,60554.0,60700.0,60473.0,60572.0,418.18794,8636
2026-06-27 14:30:00,60573.0,60647.0,60503.0,60583.0,254.48191,4742
2026-06-27 15:00:00,60584.0,60886.0,60541.0,60784.0,832.98913,9743
2026-06-27 15:30:00,60785.0,60935.0,60723.0,60813.0,444.53278,6701
2026-06-27 16:00:00,60814.0,60820.0,60679.0,60689.0,414.97771,4942
2026-06-27 16:30:00,60689.0,60797.0,60648.0,60785.0,227.82971,4681
2026-06-27 17:00:00,60784.0,60796.0,60402.0,60552.0,589.94518,8257
2026-06-27 17:30:00,60552.0,60638.0,60487.0,60498.0,209.19924,4245
2026-06-27 18:00:00,60498.0,60541.0,60417.0,60487.0,177.54715,4735
2026-06-27 18:30:00,60486.0,60548.0,60467.0,60536.0,102.6718,3205
2026-06-27 19:00:00,60537.0,60580.0,60223.0,60291.0,444.91404,6410
2026-06-27 19:30:00,60291.0,60292.0,60058.0,60145.0,829.53497,8391
2026-06-27 20:00:00,60145.0,60276.0,60145.0,60240.0,401.87502,4850
2026-06-27 20:30:00,60240.0,60273.0,60222.0,60265.0,66.57773,2679
2026-06-27 21:00:00,60266.0,60425.0,60266.0,60424.0,336.87352,4608
2026-06-27 21:30:00,60424.0,60455.0,60110.0,60174.0,301.5943,5846
2026-06-27 22:00:00,60174.0,60174.0,59825.0,60099.0,888.62903,9823
2026-06-27 22:30:00,60099.0,60225.0,60092.0,60197.0,264.27807,4398
2026-06-27 23:00:00,60198.0,60291.0,59913.0,59951.0,519.7063,7966
2026-06-27 23:30:00,59951.0,60050.0,59930.0,59996.0,217.64462,4286
2026-06-28 00:00:00,59996.0,60160.0,59979.0,60129.0,135.09545,3886
2026-06-28 00:30:00,60132.0,60157.0,60057.0,60118.0,102.57245,2896
2026-06-28 01:00:00,60118.0,60208.0,59938.0,60175.0,638.39172,5988
2026-06-28 01:30:00,60176.0,60245.0,60158.0,60191.0,332.609,3618
2026-06-28 02:00:00,60190.0,60311.0,60014.0,60083.0,228.80445,4515
2026-06-28 02:30:00,60083.0,60151.0,60066.0,60125.0,41.27254,2433
2026-06-28 03:00:00,60124.0,60248.0,60122.0,60233.0,289.51883,2999
2026-06-28 03:30:00,60233.0,60250.0,60126.0,60172.0,56.73866,2181
2026-06-28 04:00:00,60172.0,60208.0,60115.0,60173.0,62.99532,2232
2026-06-28 04:30:00,60173.0,60173.0,60059.0,60106.0,214.01579,2790
2026-06-28 05:00:00,60106.0,60106.0,59732.0,59810.0,613.87318,6734
2026-06-28 05:30:00,59810.0,59990.0,59761.0,59962.0,293.51245,4919
2026-06-28 06:00:00,59963.0,60001.0,59785.0,59898.0,246.60702,4613
2026-06-28 06:30:00,59899.0,60008.0,59898.0,59973.0,139.62506,2854
2026-06-28 07:00:00,59974.0,60174.0,59974.0,60077.0,283.54716,4089
2026-06-28 07:30:00,60078.0,60233.0,60076.0,60190.0,183.73654,3316
2026-06-28 08:00:00,60191.0,60227.0,60110.0,60184.0,494.0525,2979
2026-06-28 08:30:00,60184.0,60500.0,60184.0,60337.0,927.7295,6942
2026-06-28 09:00:00,60337.0,60434.0,60249.0,60296.0,644.62193,4900
2026-06-28 09:30:00,60296.0,60369.0,60208.0,60224.0,347.14821,3264
2026-06-28 10:00:00,60225.0,60258.0,60032.0,60076.0,285.20398,4161
2026-06-28 10:30:00,60075.0,60143.0,60040.0,60131.0,97.48838,2713
2026-06-28 11:00:00,60132.0,60339.0,60089.0,60288.0,297.27287,4673
2026-06-28 11:30:00,60287.0,60343.0,60225.0,60310.0,331.73404,3805
2026-06-28 12:00:00,60311.0,60375.0,60157.0,60308.0,289.04526,4583
2026-06-28 12:30:00,60308.0,60418.0,60169.0,60268.0,155.59395,4573
2026-06-28 13:00:00,60269.0,60269.0,59946.0,60093.0,408.3723,7196
2026-06-28 13:30:00,60094.0,60150.0,60017.0,60043.0,180.8243,4000
2026-06-28 14:00:00,60044.0,60212.0,60000.0,60125.0,191.74871,6889
2026-06-28 14:30:00,60124.0,60157.0,59981.0,60006.0,216.77727,4572
2026-06-28 15:00:00,60006.0,60090.0,59854.0,60010.0,234.41528,6078
2026-06-28 15:30:00,60011.0,60064.0,59790.0,59854.0,503.32789,6547
2026-06-28 16:00:00,59855.0,59912.0,59640.0,59724.0,531.19742,8564
2026-06-28 16:30:00,59725.0,59761.0,59550.0,59659.0,828.59254,10756
2026-06-28 17:00:00,59660.0,59820.0,59543.0,59570.0,714.32712,8174
2026-06-28 17:30:00,59570.0,59614.0,59370.0,59559.0,1073.94962,11548
2026-06-28 18:00:00,59559.0,59680.0,59545.0,59578.0,392.45255,6670
2026-06-28 18:30:00,59579.0,59642.0,59469.0,59593.0,214.69874,4545
2026-06-28 19:00:00,59593.0,59593.0,59402.0,59520.0,453.31382,5697
2026-06-28 19:30:00,59520.0,59650.0,59230.0,59450.0,931.22686,10763
2026-06-28 20:00:00,59451.0,59740.0,59442.0,59690.0,735.38619,7157
2026-06-28 20:30:00,59690.0,59700.0,59600.0,59633.0,326.51382,4596
2026-06-28 21:00:00,59633.0,59724.0,59617.0,59686.0,252.95879,4083
2026-06-28 21:30:00,59686.0,59758.0,59297.0,59418.0,862.01323,10013
2026-06-28 22:00:00,59418.0,59884.0,59177.0,59345.0,1581.60402,19706
2026-06-28 22:30:00,59344.0,59430.0,58875.0,59041.0,1654.72352,19085
2026-06-28 23:00:00,59040.0,59563.0,58974.0,59517.0,1037.62319,13726
2026-06-28 23:30:00,59516.0,59823.0,59507.0,59549.0,1000.25858,11806
2026-06-29 00:00:00,59549.0,59666.0,59168.0,59176.0,1064.66608,16344
2026-06-29 00:30:00,59176.0,59683.0,58976.0,59648.0,1198.38198,16503
2026-06-29 01:00:00,59647.0,59660.0,59202.0,59271.0,748.62365,11574
2026-06-29 01:30:00,59272.0,59553.0,59180.0,59411.0,452.97771,9193
2026-06-29 02:00:00,59411.0,59555.0,58871.0,59511.0,1063.62153,16516
2026-06-29 02:30:00,59511.0,59770.0,59470.0,59721.0,485.34441,9946
2026-06-29 03:00:00,59722.0,60188.0,59722.0,60141.0,972.47906,14070
2026-06-29 03:30:00,60142.0,60170.0,59848.0,60015.0,373.652,7672
2026-06-29 04:00:00,60016.0,60029.0,59811.0,59926.0,389.51092,5948
2026-06-29 04:30:00,59928.0,59937.0,59708.0,59792.0,444.47418,6711
2026-06-29 05:00:00,59793.0,59831.0,59353.0,59659.0,683.25011,10671
2026-06-29 05:30:00,59659.0,60076.0,59623.0,60075.0,395.61493,8064
2026-06-29 06:00:00,60075.0,60313.0,60053.0,60136.0,661.12992,10692
2026-06-29 06:30:00,60136.0,60175.0,60015.0,60045.0,403.32137,7060
2026-06-29 07:00:00,60046.0,60150.0,59894.0,60075.0,460.67651,7808
2026-06-29 07:30:00,60076.0,60111.0,59996.0,59996.0,213.10595,5690
2026-06-29 08:00:00,59997.0,60068.0,59767.0,59801.0,513.46681,8937
2026-06-29 08:30:00,59800.0,59916.0,59708.0,59807.0,334.95519,6566
2026-06-29 09:00:00,59807.0,60085.0,59757.0,59905.0,296.93884,7369
2026-06-29 09:30:00,59906.0,60044.0,59866.0,60024.0,363.49997,6502
2026-06-29 10:00:00,60025.0,60285.0,60025.0,60188.0,649.86946,8594
2026-06-29 10:30:00,60188.0,60190.0,60041.0,60063.0,251.85168,6121
2026-06-29 11:00:00,60064.0,60066.0,59850.0,59971.0,525.02807,6691
2026-06-29 11:30:00,59970.0,60183.0,59761.0,59941.0,1107.97316,10956
2026-06-29 12:00:00,59935.0,60767.0,59564.0,60410.0,4066.42477,36657
2026-06-29 12:30:00,60412.0,60438.0,59753.0,59922.0,1866.41567,20076
2026-06-29 13:00:00,59923.0,60300.0,59922.0,59960.0,1089.32083,14590
2026-06-29 13:30:00,59959.0,60254.0,59297.0,59556.0,2205.52562,32619
2026-06-29 14:00:00,59556.0,59567.0,58990.0,59477.0,2495.27468,30971
2026-06-29 14:30:00,59478.0,59680.0,59225.0,59438.0,1413.86006,21793
2026-06-29 15:00:00,59440.0,59476.0,59069.0,59464.0,1338.47891,16850
2026-06-29 15:30:00,59465.0,59931.0,59465.0,59792.0,1747.41125,18985
2026-06-29 16:00:00,59792.0,59897.0,59552.0,59569.0,568.56893,9249
2026-06-29 16:30:00,59570.0,59974.0,59569.0,59867.0,809.18554,9666
2026-06-29 17:00:00,59868.0,60600.0,59863.0,60507.0,2281.41207,24158
2026-06-29 17:30:00,60508.0,60648.0,60360.0,60386.0,886.17179,10527
2026-06-29 18:00:00,60386.0,60491.0,60215.0,60244.0,584.08926,9610
2026-06-29 18:30:00,60245.0,60310.0,60165.0,60274.0,447.63282,7167
2026-06-29 19:00:00,60275.0,60458.0,60129.0,60429.0,833.6025,9333
2026-06-29 19:30:00,60429.0,60537.0,60288.0,60404.0,431.41482,9003
2026-06-29 20:00:00,60405.0,60524.0,60332.0,60370.0,625.72412,6512
2026-06-29 20:30:00,60371.0,60444.0,60270.0,60270.0,413.84674,5303
2026-06-29 21:00:00,60271.0,60391.0,60227.0,60332.0,511.72198,5439
2026-06-29 21:30:00,60327.0,60570.0,60326.0,60453.0,493.20169,5715
2026-06-29 22:00:00,60453.0,60493.0,60331.0,60421.0,476.79836,5642
2026-06-29 22:30:00,60422.0,60436.0,60317.0,60321.0,229.6753,3621
2026-06-29 23:00:00,60322.0,60355.0,60175.0,60200.0,238.8908,4382
2026-06-29 23:30:00,60200.0,60270.0,60188.0,60227.0,161.25642,4313
2026-06-30 00:00:00,60228.0,60248.0,59900.0,59908.0,625.16199,8516
2026-06-30 00:30:00,59908.0,59909.0,59671.0,59818.0,1102.13503,13998
2026-06-30 01:00:00,59818.0,60022.0,59755.0,60009.0,300.41917,7828
2026-06-30 01:30:00,60008.0,60027.0,59763.0,59915.0,362.77903,5653
2026-06-30 02:00:00,59915.0,59975.0,59721.0,59951.0,462.30021,5982
2026-06-30 02:30:00,59950.0,60003.0,59889.0,59915.0,672.4551,4350
2026-06-30 03:00:00,59916.0,60000.0,59770.0,59824.0,412.66081,5178
2026-06-30 03:30:00,59823.0,59824.0,59565.0,59589.0,1038.68933,8667
2026-06-30 04:00:00,59589.0,59590.0,59390.0,59533.0,706.40785,8114
2026-06-30 04:30:00,59533.0,59668.0,59415.0,59477.0,383.74583,5751
2026-06-30 05:00:00,59478.0,59505.0,59342.0,59365.0,613.61682,5969
2026-06-30 05:30:00,59366.0,59638.0,59334.0,59626.0,1106.53896,9057
2026-06-30 06:00:00,59627.0,59685.0,59479.0,59667.0,576.34404,6455
2026-06-30 06:30:00,59666.0,59690.0,59519.0,59570.0,464.27105,5707
2026-06-30 07:00:00,59571.0,59609.0,59422.0,59451.0,516.10829,5564
2026-06-30 07:30:00,59450.0,59550.0,59450.0,59508.0,459.68434,5393
2026-06-30 08:00:00,59508.0,59528.0,59340.0,59393.0,366.34398,6235
2026-06-30 08:30:00,59393.0,59415.0,59170.0,59287.0,854.98358,10703
2026-06-30 09:00:00,59287.0,59376.0,59240.0,59277.0,402.12672,5815
2026-06-30 09:30:00,59277.0,59395.0,59221.0,59351.0,182.06806,4264
2026-06-30 10:00:00,59351.0,59400.0,59289.0,59342.0,323.25373,4692
2026-06-30 10:30:00,59342.0,59380.0,59261.0,59312.0,229.7778,4387
2026-06-30 11:00:00,59312.0,59390.0,59171.0,59196.0,583.52665,6233
2026-06-30 11:30:00,59196.0,59306.0,59100.0,59158.0,952.95221,9519
2026-06-30 12:00:00,59159.0,59159.0,58721.0,58841.0,2229.60849,18270
2026-06-30 12:30:00,58841.0,58867.0,58363.0,58374.0,1812.36025,16418
2026-06-30 13:00:00,58373.0,58622.0,58300.0,58491.0,1315.22523,14322
2026-06-30 13:30:00,58490.0,58762.0,58194.0,58711.0,2654.31191,23616
2026-06-30 14:00:00,58712.0,59293.0,58637.0,59031.0,4465.35681,35386
2026-06-30 14:30:00,59031.0,59088.0,58412.0,58474.0,2016.37471,19234
2026-06-30 15:00:00,58467.0,58588.0,58160.0,58370.0,4122.11351,25448
2026-06-30 15:30:00,58369.0,58778.0,58237.0,58356.0,1068.08412,12220
2026-06-30 16:00:00,58356.0,58600.0,58241.0,58288.0,1094.07303,11607
2026-06-30 16:30:00,58288.0,58550.0,58236.0,58479.0,540.06768,7580
2026-06-30 17:00:00,58480.0,58596.0,58341.0,58370.0,565.90241,6764
2026-06-30 17:30:00,58370.0,58442.0,58282.0,58400.0,631.09754,6886
2026-06-30 18:00:00,58400.0,58673.0,58335.0,58511.0,763.9747,8273
2026-06-30 18:30:00,58511.0,58667.0,58365.0,58661.0,596.2482,5888
2026-06-30 19:00:00,58662.0,58700.0,58561.0,58651.0,630.77514,6206
2026-06-30 19:30:00,58651.0,58815.0,58631.0,58796.0,469.1997,6384
2026-06-30 20:00:00,58797.0,58857.0,58662.0,58708.0,752.89537,7123
2026-06-30 20:30:00,58708.0,58770.0,58611.0,58704.0,413.77091,4939
2026-06-30 21:00:00,58705.0,58742.0,58474.0,58567.0,341.65324,5232
2026-06-30 21:30:00,58568.0,58635.0,58509.0,58610.0,195.17541,4068
2026-06-30 22:00:00,58611.0,58765.0,58611.0,58628.0,181.18385,3842
2026-06-30 22:30:00,58627.0,58627.0,58479.0,58581.0,175.2043,3347
2026-06-30 23:00:00,58582.0,58633.0,58510.0,58586.0,339.86083,3762
2026-06-30 23:30:00,58585.0,58640.0,58537.0,58603.0,139.45973,2775
2026-07-01 00:00:00,58604.0,58729.0,58275.0,58363.0,1110.31383,8394
2026-07-01 00:30:00,58362.0,58588.0,58360.0,58549.0,247.43663,4582
2026-07-01 01:00:00,58549.0,58559.0,57768.0,58323.0,3853.59399,26667
2026-07-01 01:30:00,58322.0,58975.0,58310.0,58739.0,2139.20651,18489
2026-07-01 02:00:00,58739.0,58985.0,58627.0,58920.0,699.47294,9281
2026-07-01 02:30:00,58921.0,59150.0,58885.0,59063.0,1073.10508,11160
2026-07-01 03:00:00,59063.0,59092.0,58851.0,58897.0,611.12096,8205
2026-07-01 03:30:00,58896.0,59293.0,58821.0,59171.0,1190.64044,12019
2026-07-01 04:00:00,59172.0,59258.0,59039.0,59254.0,1235.90855,9641
2026-07-01 04:30:00,59254.0,59433.0,59167.0,59303.0,812.33121,9086
2026-07-01 05:00:00,59302.0,59353.0,59130.0,59141.0,458.47548,6694
2026-07-01 05:30:00,59140.0,59186.0,59095.0,59119.0,508.64765,5292
2026-07-01 06:00:00,59119.0,59128.0,58657.0,58763.0,1157.46574,11184
2026-07-01 06:30:00,58762.0,58816.0,58507.0,58735.0,991.7576,8432
2026-07-01 07:00:00,58735.0,58807.0,58568.0,58704.0,621.85726,5795
2026-07-01 07:30:00,58700.0,58785.0,58605.0,58745.0,539.09032,4819
2026-07-01 08:00:00,58744.0,58792.0,58571.0,58591.0,763.71118,5832
2026-07-01 08:30:00,58590.0,58969.0,58468.0,58953.0,1256.4724,8603
2026-07-01 09:00:00,58953.0,59070.0,58854.0,58868.0,670.39916,7814
2026-07-01 09:30:00,58869.0,58950.0,58819.0,58923.0,236.85561,4837
2026-07-01 10:00:00,58922.0,58925.0,58635.0,58712.0,448.4519,5739
2026-07-01 10:30:00,58711.0,58728.0,58590.0,58631.0,285.34129,4234
2026-07-01 11:00:00,58631.0,58731.0,58556.0,58677.0,466.04595,5325
2026-07-01 11:30:00,58677.0,58716.0,58524.0,58591.0,565.31642,5114
2026-07-01 12:00:00,58591.0,58651.0,58375.0,58531.0,916.47845,8830
2026-07-01 12:30:00,58530.0,58562.0,58306.0,58503.0,1021.19832,10018
2026-07-01 13:00:00,58502.0,58883.0,58501.0,58791.0,1227.64375,12294
2026-07-01 13:30:00,58791.0,59500.0,58570.0,59468.0,3625.08915,32632
2026-07-01 14:00:00,59467.0,60063.0,59255.0,59752.0,3527.81007,36242
2026-07-01 14:30:00,59752.0,59775.0,59399.0,59519.0,2108.23973,22598
2026-07-01 15:00:00,59518.0,60569.0,59512.0,60294.0,5092.02892,33806
2026-07-01 15:30:00,60294.0,60371.0,60064.0,60123.0,1200.81056,14394
2026-07-01 16:00:00,60122.0,60239.0,59929.0,60124.0,954.5653,14016
2026-07-01 16:30:00,60123.0,60150.0,59843.0,59901.0,579.30835,9045
2026-07-01 17:00:00,59900.0,60194.0,59764.0,60134.0,1111.87655,12119
2026-07-01 17:30:00,60134.0,60221.0,60068.0,60174.0,701.98914,8536
2026-07-01 18:00:00,60174.0,60198.0,60000.0,60121.0,689.5951,8863
2026-07-01 18:30:00,60120.0,60288.0,60053.0,60153.0,677.63136,9172
2026-07-01 19:00:00,60153.0,60340.0,60083.0,60132.0,849.76707,9373
2026-07-01 19:30:00,60132.0,60258.0,59975.0,59996.0,906.28182,10088
2026-07-01 20:00:00,59996.0,60036.0,59853.0,59949.0,1000.83214,10227
2026-07-01 20:30:00,59950.0,60187.0,59939.0,60112.0,605.19014,7055
2026-07-01 21:00:00,60112.0,60598.0,60110.0,60515.0,1560.79888,18254
2026-07-01 21:30:00,60515.0,60825.0,60514.0,60801.0,1575.47988,15876
2026-07-01 22:00:00,60801.0,61357.0,60538.0,60546.0,2236.60769,19879
2026-07-01 22:30:00,60546.0,60682.0,60350.0,60464.0,989.10593,14047
2026-07-01 23:00:00,60465.0,60465.0,60189.0,60201.0,605.65219,9498
2026-07-01 23:30:00,60201.0,60260.0,59965.0,60010.0,799.71794,10518
2026-07-02 00:00:00,60010.0,60013.0,59711.0,59761.0,1233.67531,12922
2026-07-02 00:30:00,59761.0,59834.0,59561.0,59736.0,856.59591,10300
2026-07-02 01:00:00,59737.0,60009.0,59703.0,60007.0,997.1193,12018
2026-07-02 01:30:00,60007.0,60308.0,60006.0,60169.0,940.11269,12111
2026-07-02 02:00:00,60169.0,60258.0,60010.0,60196.0,555.76479,8659
2026-07-02 02:30:00,60197.0,60490.0,60169.0,60409.0,471.95081,9028
2026-07-02 03:00:00,60410.0,60711.0,60284.0,60540.0,1175.41176,9926
2026-07-02 03:30:00,60540.0,61152.0,60474.0,61067.0,1538.62787,16417
2026-07-02 04:00:00,61068.0,61068.0,60799.0,60861.0,725.88911,10191
2026-07-02 04:30:00,60860.0,60894.0,60731.0,60786.0,393.34072,6772
2026-07-02 05:00:00,60786.0,60876.0,60658.0,60742.0,273.25856,6502
2026-07-02 05:30:00,60743.0,60880.0,60476.0,60497.0,1041.37691,11182
2026-07-02 06:00:00,60497.0,60551.0,60386.0,60466.0,366.60977,7302
2026-07-02 06:30:00,60466.0,60661.0,60245.0,60267.0,1006.42226,10917
2026-07-02 07:00:00,60267.0,60293.0,60156.0,60157.0,624.23382,8048
2026-07-02 07:30:00,60157.0,60227.0,60102.0,60150.0,580.66964,9913
2026-07-02 08:00:00,60150.0,60400.0,60135.0,60359.0,656.17976,9407
2026-07-02 08:30:00,60359.0,60551.0,60331.0,60516.0,402.26033,7325
2026-07-02 09:00:00,60516.0,60625.0,60371.0,60609.0,299.70531,6649
2026-07-02 09:30:00,60609.0,61465.0,60609.0,61188.0,2912.8393,26517
2026-07-02 10:00:00,61188.0,61298.0,61048.0,61221.0,961.21437,12628
2026-07-02 10:30:00,61220.0,61354.0,61146.0,61267.0,449.28412,9145
2026-07-02 11:00:00,61267.0,61373.0,61210.0,61294.0,529.12255,10435
2026-07-02 11:30:00,61294.0,61391.0,61126.0,61365.0,712.30903,9837
2026-07-02 12:00:00,61364.0,61430.0,61166.0,61335.0,1125.61305,13442
2026-07-02 12:30:00,61336.0,61600.0,61205.0,61532.0,1806.09301,20500
2026-07-02 13:00:00,61531.0,61967.0,61500.0,61682.0,2313.96072,21977
2026-07-02 13:30:00,61681.0,62043.0,61530.0,61932.0,3692.73395,27593
2026-07-02 14:00:00,61933.0,62224.0,61571.0,61659.0,5972.75358,36489
2026-07-02 14:30:00,61659.0,61791.0,61381.0,61688.0,1372.94447,18906
2026-07-02 15:00:00,61688.0,61830.0,61404.0,61708.0,1115.74715,15277
2026-07-02 15:30:00,61709.0,61818.0,61517.0,61593.0,586.23925,11188
2026-07-02 16:00:00,61601.0,61734.0,61131.0,61179.0,1121.55378,14742
2026-07-02 16:30:00,61180.0,61806.0,61180.0,61684.0,2617.46514,17900
2026-07-02 17:00:00,61684.0,61947.0,61627.0,61885.0,777.15012,10837
2026-07-02 17:30:00,61886.0,61886.0,61646.0,61669.0,631.18813,8576
2026-07-02 18:00:00,61669.0,61867.0,61663.0,61864.0,346.70392,6692
2026-07-02 18:30:00,61864.0,61868.0,61694.0,61756.0,534.29335,5404
2026-07-02 19:00:00,61757.0,61764.0,61506.0,61608.0,491.417,7035
2026-07-02 19:30:00,61608.0,61704.0,61423.0,61482.0,940.357,9477
2026-07-02 20:00:00,61483.0,61546.0,61402.0,61408.0,619.04702,8704
2026-07-02 20:30:00,61409.0,61617.0,61354.0,61597.0,507.12261,7582
2026-07-02 21:00:00,61597.0,61679.0,61537.0,61558.0,444.311,6082
2026-07-02 21:30:00,61558.0,61633.0,61527.0,61612.0,425.02673,5393
2026-07-02 22:00:00,61612.0,61612.0,61535.0,61536.0,261.87817,4518
2026-07-02 22:30:00,61536.0,61565.0,61410.0,61478.0,356.58132,4422
2026-07-02 23:00:00,61479.0,61561.0,61357.0,61526.0,1172.52922,9780
2026-07-02 23:30:00,61527.0,61636.0,61468.0,61587.0,432.06279,6401
2026-07-03 00:00:00,61587.0,61602.0,61319.0,61319.0,292.8873,6058
2026-07-03 00:30:00,61319.0,61432.0,61264.0,61331.0,373.05611,6867
2026-07-03 01:00:00,61331.0,61746.0,61306.0,61595.0,358.34516,8223
2026-07-03 01:30:00,61596.0,61762.0,61554.0,61620.0,228.5731,6538
2026-07-03 02:00:00,61621.0,61697.0,61420.0,61420.0,260.67452,5737
2026-07-03 02:30:00,61421.0,61493.0,61300.0,61460.0,1064.74191,9811
2026-07-03 03:00:00,61460.0,61598.0,61345.0,61567.0,197.34516,5492
2026-07-03 03:30:00,61567.0,61570.0,61377.0,61451.0,375.84992,5042
2026-07-03 04:00:00,61452.0,61484.0,61353.0,61453.0,284.60392,4776
2026-07-03 04:30:00,61453.0,61563.0,61379.0,61469.0,915.38454,7781
2026-07-03 05:00:00,61469.0,61715.0,61442.0,61659.0,558.85606,6611
2026-07-03 05:30:00,61659.0,61840.0,61653.0,61729.0,761.97962,7990
2026-07-03 06:00:00,61730.0,61894.0,61718.0,61742.0,298.20734,5587
2026-07-03 06:30:00,61742.0,61820.0,61629.0,61743.0,634.78939,7129
2026-07-03 07:00:00,61744.0,61838.0,61702.0,61798.0,390.77942,5814
2026-07-03 07:30:00,61799.0,61911.0,61784.0,61788.0,549.86094,7091
2026-07-03 08:00:00,61788.0,61874.0,61751.0,61816.0,539.7253,6343
2026-07-03 08:30:00,61815.0,61951.0,61563.0,61602.0,713.5503,9180
2026-07-03 09:00:00,61601.0,61774.0,61531.0,61709.0,578.18902,7196
2026-07-03 09:30:00,61708.0,61800.0,61566.0,61745.0,510.56601,5711
2026-07-03 10:00:00,61744.0,61793.0,61693.0,61769.0,229.89573,4700
2026-07-03 10:30:00,61769.0,62105.0,61753.0,61943.0,1004.40623,9607
2026-07-03 11:00:00,61945.0,62115.0,61870.0,62004.0,531.22172,8651
2026-07-03 11:30:00,62005.0,62127.0,61899.0,62046.0,618.68446,8221
2026-07-03 12:00:00,62044.0,62197.0,61927.0,61969.0,777.70347,10794
2026-07-03 12:30:00,61970.0,62019.0,61886.0,61996.0,397.71155,6464
2026-07-03 13:00:00,61996.0,62145.0,61963.0,62115.0,311.59656,6955
2026-07-03 13:30:00,62114.0,62279.0,62034.0,62125.0,573.17143,8627
2026-07-03 14:00:00,62126.0,62126.0,61708.0,61933.0,1234.86181,14236
2026-07-03 14:30:00,61933.0,62288.0,61858.0,62176.0,725.21014,9379
2026-07-03 15:00:00,62177.0,62400.0,62000.0,62024.0,747.60704,12063
2026-07-03 15:30:00,62023.0,62117.0,61829.0,61934.0,550.0787,9388
2026-07-03 16:00:00,61933.0,62120.0,61915.0,62080.0,344.93143,5888
2026-07-03 16:30:00,62079.0,62133.0,61990.0,62110.0,132.643,4386
2026-07-03 17:00:00,62109.0,62301.0,62079.0,62204.0,395.89995,6373
2026-07-03 17:30:00,62204.0,62282.0,62170.0,62189.0,279.20717,4461
2026-07-03 18:00:00,62191.0,62215.0,62122.0,62181.0,116.12755,3339
2026-07-03 18:30:00,62182.0,62252.0,62181.0,62214.0,286.18205,4040
2026-07-03 19:00:00,62213.0,62291.0,62154.0,62228.0,343.65631,4778
2026-07-03 19:30:00,62227.0,62320.0,62160.0,62210.0,347.80835,4702
2026-07-03 20:00:00,62210.0,62680.0,62190.0,62620.0,1585.06247,13500
2026-07-03 20:30:00,62621.0,62914.0,62604.0,62781.0,1898.07956,18272
2026-07-03 21:00:00,62782.0,62949.0,62608.0,62630.0,820.03145,10421
2026-07-03 21:30:00,62630.0,62825.0,62505.0,62737.0,1441.00436,10254
2026-07-03 22:00:00,62738.0,62753.0,62576.0,62624.0,1425.96869,7737
2026-07-03 22:30:00,62624.0,62649.0,62524.0,62564.0,718.987,4982
2026-07-03 23:00:00,62563.0,62652.0,62522.0,62609.0,437.97384,5148
2026-07-03 23:30:00,62609.0,62677.0,62532.0,62576.0,290.18322,4047
2026-07-04 00:00:00,62575.0,62939.0,62574.0,62755.0,1749.15003,11095
2026-07-04 00:30:00,62755.0,62807.0,62681.0,62758.0,344.08244,4655
2026-07-04 01:00:00,62757.0,62758.0,62388.0,62474.0,896.59306,9211
2026-07-04 01:30:00,62473.0,62527.0,62407.0,62454.0,367.03083,4824
2026-07-04 02:00:00,62454.0,62551.0,62445.0,62476.0,248.23942,4073
2026-07-04 02:30:00,62475.0,62570.0,62414.0,62526.0,225.4732,3605
2026-07-04 03:00:00,62526.0,62579.0,62466.0,62544.0,328.57898,4063
2026-07-04 03:30:00,62544.0,62730.0,62504.0,62621.0,181.03085,3881
2026-07-04 04:00:00,62620.0,62711.0,62585.0,62658.0,158.621,3601
2026-07-04 04:30:00,62657.0,62743.0,62634.0,62683.0,205.33567,3884
2026-07-04 05:00:00,62683.0,62684.0,62468.0,62508.0,240.0623,4084
2026-07-04 05:30:00,62508.0,62599.0,62433.0,62464.0,295.55088,4092
2026-07-04 06:00:00,62463.0,62555.0,62319.0,62406.0,553.21379,6016
2026-07-04 06:30:00,62406.0,62523.0,62406.0,62492.0,339.82469,4399
2026-07-04 07:00:00,62490.0,62621.0,62452.0,62540.0,211.00987,3544
2026-07-04 07:30:00,62540.0,62588.0,62471.0,62570.0,222.16423,3233
2026-07-04 08:00:00,62570.0,62577.0,62498.0,62540.0,194.70153,3344
2026-07-04 08:30:00,62540.0,62668.0,62534.0,62552.0,226.90556,3750
2026-07-04 09:00:00,62551.0,62577.0,62438.0,62461.0,504.30528,5559
2026-07-04 09:30:00,62461.0,62497.0,62401.0,62484.0,61.93766,2457
2026-07-04 10:00:00,62483.0,62513.0,62434.0,62485.0,70.6607,2409
2026-07-04 10:30:00,62485.0,62534.0,62460.0,62503.0,127.43101,2572
2026-07-04 11:00:00,62503.0,62534.0,62459.0,62474.0,142.72795,2640
2026-07-04 11:30:00,62474.0,62541.0,62463.0,62473.0,74.1582,2209
2026-07-04 12:00:00,62472.0,62599.0,62472.0,62575.0,123.16497,2565
2026-07-04 12:30:00,62574.0,62681.0,62568.0,62649.0,126.07683,2923
2026-07-04 13:00:00,62648.0,62772.0,62582.0,62644.0,216.64773,3966
2026-07-04 13:30:00,62644.0,62645.0,62533.0,62578.0,192.80597,3427
2026-07-04 14:00:00,62578.0,62719.0,62578.0,62663.0,111.78185,5627
2026-07-04 14:30:00,62663.0,62706.0,62612.0,62690.0,69.98236,2789
2026-07-04 15:00:00,62688.0,63051.0,62687.0,62905.0,924.34954,12277
2026-07-04 15:30:00,62904.0,63000.0,62842.0,62921.0,464.48105,7328
2026-07-04 16:00:00,62921.0,62950.0,62772.0,62852.0,255.905,5232
2026-07-04 16:30:00,62852.0,62954.0,62852.0,62911.0,457.36857,5647
2026-07-04 17:00:00,62911.0,62983.0,62800.0,62983.0,435.34297,8249
2026-07-04 17:30:00,62982.0,63419.0,62982.0,63258.0,2089.43956,18127
2026-07-04 18:00:00,63258.0,63342.0,63128.0,63166.0,1080.82608,11134
2026-07-04 18:30:00,63165.0,63177.0,63094.0,63160.0,490.59558,6874
2026-07-04 19:00:00,63159.0,63374.0,63111.0,63360.0,893.3306,8538
2026-07-04 19:30:00,63360.0,63460.0,63272.0,63292.0,933.65757,8699
2026-07-04 20:00:00,63291.0,63387.0,63143.0,63150.0,882.86873,7911
2026-07-04 20:30:00,63150.0,63330.0,63149.0,63224.0,1161.64678,9117
2026-07-04 21:00:00,63224.0,63456.0,63196.0,63436.0,852.10006,8332
2026-07-04 21:30:00,63436.0,63460.0,63267.0,63305.0,702.40211,5942
2026-07-04 22:00:00,63304.0,63311.0,63187.0,63200.0,554.51468,5715
2026-07-04 22:30:00,63199.0,63237.0,63157.0,63180.0,159.25322,3133
2026-07-04 23:00:00,63181.0,63236.0,62923.0,63095.0,845.89781,9284
2026-07-04 23:30:00,63095.0,63243.0,63095.0,63127.0,785.8152,5820
2026-07-05 00:00:00,63128.0,63128.0,62970.0,63047.0,303.16635,5492
2026-07-05 00:30:00,63048.0,63121.0,62897.0,62986.0,550.53708,6523
2026-07-05 01:00:00,62986.0,63039.0,62832.0,62933.0,426.97084,6113
2026-07-05 01:30:00,62933.0,62933.0,62794.0,62891.0,366.6668,5252
2026-07-05 02:00:00,62891.0,62926.0,62637.0,62743.0,758.05473,7127
2026-07-05 02:30:00,62743.0,62788.0,62589.0,62686.0,347.74616,5630
2026-07-05 03:00:00,62687.0,62779.0,62646.0,62661.0,107.12425,3133
2026-07-05 03:30:00,62661.0,62790.0,62655.0,62764.0,318.30574,4342
2026-07-05 04:00:00,62765.0,62877.0,62705.0,62864.0,277.06616,4035
2026-07-05 04:30:00,62865.0,62961.0,62819.0,62823.0,406.07398,4858
2026-07-05 05:00:00,62822.0,62823.0,62722.0,62749.0,293.19746,4114
2026-07-05 05:30:00,62749.0,62805.0,62640.0,62738.0,173.74352,3580
2026-07-05 06:00:00,62737.0,62790.0,62659.0,62790.0,124.70469,2797
2026-07-05 06:30:00,62790.0,62818.0,62734.0,62766.0,70.23559,2623
2026-07-05 07:00:00,62766.0,62817.0,62716.0,62746.0,106.05515,2893
2026-07-05 07:30:00,62747.0,63063.0,62747.0,63024.0,518.11113,5771
2026-07-05 08:00:00,63024.0,63100.0,62913.0,62937.0,145.05656,4324
2026-07-05 08:30:00,62936.0,62987.0,62885.0,62911.0,209.99174,4141
2026-07-05 09:00:00,62911.0,62923.0,62710.0,62724.0,331.35747,3563
2026-07-05 09:30:00,62724.0,62762.0,62434.0,62609.0,704.40677,7844
2026-07-05 10:00:00,62615.0,62735.0,62540.0,62700.0,198.82706,4347
2026-07-05 10:30:00,62700.0,62759.0,62664.0,62757.0,117.63491,2690
2026-07-05 11:00:00,62757.0,62810.0,62603.0,62623.0,161.67689,3450
2026-07-05 11:30:00,62622.0,62727.0,62610.0,62644.0,167.60733,3243
2026-07-05 12:00:00,62645.0,62762.0,62550.0,62753.0,434.30518,5041
2026-07-05 12:30:00,62753.0,62775.0,62657.0,62750.0,288.57639,3565
2026-07-05 13:00:00,62750.0,62825.0,62643.0,62693.0,287.29118,3506
2026-07-05 13:30:00,62694.0,62828.0,62677.0,62801.0,455.67896,3528
2026-07-05 14:00:00,62802.0,62826.0,62663.0,62712.0,369.44042,5073
2026-07-05 14:30:00,62713.0,62819.0,62650.0,62817.0,289.21808,4048
2026-07-05 15:00:00,62817.0,62953.0,62750.0,62775.0,244.31944,5912
2026-07-05 15:30:00,62776.0,62897.0,62680.0,62735.0,455.70307,4639
2026-07-05 16:00:00,62736.0,62760.0,62605.0,62613.0,212.1134,3696
2026-07-05 16:30:00,62614.0,62661.0,62600.0,62637.0,255.45527,3792
2026-07-05 17:00:00,62636.0,62822.0,62636.0,62685.0,134.06494,3310
2026-07-05 17:30:00,62685.0,62712.0,62600.0,62627.0,230.23253,3749
2026-07-05 18:00:00,62628.0,62718.0,62612.0,62686.0,137.15489,3326
2026-07-05 18:30:00,62687.0,62879.0,62682.0,62819.0,490.60993,4819
2026-07-05 19:00:00,62819.0,62879.0,62726.0,62785.0,338.87406,4582
2026-07-05 19:30:00,62786.0,62833.0,62757.0,62772.0,191.66435,3013
2026-07-05 20:00:00,62772.0,62838.0,62692.0,62718.0,226.96401,3564
2026-07-05 20:30:00,62718.0,62753.0,62691.0,62730.0,120.30794,2497
2026-07-05 21:00:00,62731.0,62939.0,62592.0,62930.0,1189.41805,9388
2026-07-05 21:30:00,62931.0,63233.0,62887.0,63092.0,764.74765,8983
2026-07-05 22:00:00,63092.0,63744.0,63008.0,63715.0,1585.18785,18836
2026-07-05 22:30:00,63716.0,63941.0,63537.0,63735.0,1159.36529,16820
2026-07-05 23:00:00,63736.0,63997.0,63666.0,63667.0,977.76281,14727
2026-07-05 23:30:00,63667.0,63718.0,63558.0,63635.0,465.79367,8849
2026-07-06 00:00:00,63635.0,63696.0,63394.0,63394.0,1043.92221,12123
2026-07-06 00:30:00,63394.0,63761.0,63323.0,63757.0,857.67588,10460
2026-07-06 01:00:00,63757.0,63860.0,63603.0,63721.0,455.5728,8557
2026-07-06 01:30:00,63722.0,63919.0,63543.0,63564.0,754.45239,8395
2026-07-06 02:00:00,63564.0,63663.0,63412.0,63519.0,491.47557,7625
2026-07-06 02:30:00,63519.0,63626.0,63371.0,63458.0,508.6057,6963
2026-07-06 03:00:00,63459.0,63491.0,63198.0,63220.0,568.54687,6533
2026-07-06 03:30:00,63221.0,63316.0,63123.0,63292.0,310.64128,6779
2026-07-06 04:00:00,63292.0,63381.0,63176.0,63221.0,190.28772,4796
2026-07-06 04:30:00,63222.0,63390.0,63197.0,63266.0,334.63075,5231
2026-07-06 05:00:00,63267.0,63267.0,62979.0,63003.0,364.23097,6361
2026-07-06 05:30:00,63004.0,63157.0,62939.0,63107.0,233.14168,5726
2026-07-06 06:00:00,63107.0,63140.0,62983.0,63028.0,241.05448,4716
2026-07-06 06:30:00,63027.0,63093.0,62962.0,62991.0,522.14515,5593
2026-07-06 07:00:00,62991.0,63038.0,62880.0,62970.0,218.44642,4859
2026-07-06 07:30:00,62970.0,63133.0,62914.0,63104.0,390.73332,4941
2026-07-06 08:00:00,63104.0,63253.0,62983.0,63077.0,533.82195,7207
2026-07-06 08:30:00,63076.0,63077.0,62828.0,62903.0,350.43434,5174
2026-07-06 09:00:00,62904.0,62914.0,62740.0,62752.0,335.17986,5121
2026-07-06 09:30:00,62752.0,62761.0,62625.0,62668.0,600.92939,7060
2026-07-06 10:00:00,62668.0,62880.0,62663.0,62878.0,257.59003,5235
2026-07-06 10:30:00,62878.0,63046.0,62804.0,62815.0,645.85563,7458
2026-07-06 11:00:00,62816.0,62927.0,62779.0,62883.0,545.1125,4816
2026-07-06 11:30:00,62882.0,63017.0,62500.0,62501.0,1270.13002,10726
2026-07-06 12:00:00,62501.0,62501.0,61861.0,62087.0,3869.05271,33030
2026-07-06 12:30:00,62088.0,62181.0,61673.0,61766.0,2091.83791,19897
2026-07-06 13:00:00,61766.0,61817.0,61445.0,61471.0,2249.07854,23006
2026-07-06 13:30:00,61471.0,62060.0,61342.0,61780.0,3553.69506,32743
2026-07-06 14:00:00,61781.0,62421.0,61728.0,62086.0,1914.18909,24817
2026-07-06 14:30:00,62086.0,62225.0,61910.0,62058.0,826.55085,15718
2026-07-06 15:00:00,62058.0,62576.0,62058.0,62462.0,1981.26806,21917
2026-07-06 15:30:00,62462.0,63558.0,62272.0,63538.0,4234.50469,36436
2026-07-06 16:00:00,63539.0,63903.0,63390.0,63472.0,2804.52568,28630
2026-07-06 16:30:00,63472.0,63806.0,63463.0,63737.0,1092.35611,13563
2026-07-06 17:00:00,63737.0,63962.0,63673.0,63893.0,1344.21765,14160
2026-07-06 17:30:00,63893.0,63943.0,63576.0,63586.0,1328.62867,12684
2026-07-06 18:00:00,63586.0,63885.0,63556.0,63762.0,1219.90362,10939
2026-07-06 18:30:00,63761.0,63843.0,63682.0,63698.0,379.90977,7582
2026-07-06 19:00:00,63698.0,63893.0,63655.0,63845.0,630.9499,7806
2026-07-06 19:30:00,63845.0,63877.0,63716.0,63741.0,390.38625,6509
2026-07-06 20:00:00,63741.0,63767.0,63582.0,63752.0,557.85989,7334
2026-07-06 20:30:00,63752.0,63894.0,63752.0,63826.0,467.1971,6589
2026-07-06 21:00:00,63826.0,64698.0,63811.0,64235.0,2917.61353,28606
2026-07-06 21:30:00,64236.0,64549.0,64163.0,64499.0,1177.40593,12243
2026-07-06 22:00:00,64500.0,64515.0,64212.0,64230.0,445.01222,7798
2026-07-06 22:30:00,64229.0,64308.0,64175.0,64260.0,291.17282,5891
2026-07-06 23:00:00,64263.0,64357.0,64111.0,64112.0,519.89887,6724
2026-07-06 23:30:00,64113.0,64192.0,64031.0,64054.0,277.51784,5935
2026-07-07 00:00:00,64054.0,64331.0,64026.0,64264.0,355.08818,8452
2026-07-07 00:30:00,64264.0,64287.0,64036.0,64215.0,320.70048,8180
2026-07-07 01:00:00,64216.0,64216.0,63892.0,63959.0,515.00712,9556
2026-07-07 01:30:00,63958.0,64023.0,63798.0,63844.0,329.99169,7657
2026-07-07 02:00:00,63844.0,63910.0,63567.0,63571.0,508.34345,8525
2026-07-07 02:30:00,63571.0,63621.0,63291.0,63332.0,945.28863,11919
2026-07-07 03:00:00,63332.0,63418.0,63232.0,63294.0,403.70403,7130
2026-07-07 03:30:00,63294.0,63357.0,63155.0,63189.0,351.16701,6342
2026-07-07 04:00:00,63190.0,63292.0,63139.0,63275.0,563.41473,7175
2026-07-07 04:30:00,63275.0,63294.0,63072.0,63105.0,594.11284,6571
2026-07-07 05:00:00,63105.0,63130.0,62800.0,62950.0,740.54264,8108
2026-07-07 05:30:00,62950.0,63278.0,62950.0,63138.0,523.71484,8154
2026-07-07 06:00:00,63137.0,63234.0,63000.0,63182.0,333.97228,6388
2026-07-07 06:30:00,63181.0,63426.0,63156.0,63364.0,486.62229,7436
2026-07-07 07:00:00,63364.0,63460.0,63257.0,63271.0,537.6857,6785
2026-07-07 07:30:00,63271.0,63295.0,63079.0,63088.0,1038.53699,7081
2026-07-07 08:00:00,63088.0,63201.0,63043.0,63089.0,354.23946,5891
2026-07-07 08:30:00,63091.0,63157.0,63003.0,63111.0,367.29596,5312
2026-07-07 09:00:00,63111.0,63266.0,63069.0,63180.0,306.83706,5527
2026-07-07 09:30:00,63180.0,63354.0,63156.0,63268.0,216.50251,5194
2026-07-07 10:00:00,63269.0,63485.0,63268.0,63326.0,421.3341,6242
2026-07-07 10:30:00,63326.0,63326.0,63234.0,63283.0,307.24763,4231
2026-07-07 11:00:00,63284.0,63286.0,63132.0,63181.0,373.27994,5135
2026-07-07 11:30:00,63182.0,63461.0,63125.0,63420.0,794.1501,7820
2026-07-07 12:00:00,63421.0,63892.0,63420.0,63716.0,854.84882,12409
2026-07-07 12:30:00,63715.0,63716.0,63454.0,63479.0,778.38045,8835
2026-07-07 13:00:00,63480.0,63480.0,63084.0,63108.0,1186.83963,14126
2026-07-07 13:30:00,63110.0,63421.0,62993.0,63059.0,1902.43102,22906
2026-07-07 14:00:00,63059.0,63266.0,62867.0,63155.0,1423.13919,21383
2026-07-07 14:30:00,63154.0,63640.0,62667.0,63569.0,2662.03468,27395
2026-07-07 15:00:00,63570.0,63797.0,63382.0,63750.0,1204.37859,16613
2026-07-07 15:30:00,63750.0,64100.0,63680.0,63942.0,1535.22972,18642
2026-07-07 16:00:00,63942.0,64087.0,63820.0,64008.0,1054.12743,13798
2026-07-07 16:30:00,64008.0,64260.0,63940.0,63987.0,828.07664,11863
2026-07-07 17:00:00,63988.0,64161.0,63896.0,64158.0,387.97883,9229
2026-07-07 17:30:00,64158.0,64242.0,64097.0,64194.0,170.86325,6804
2026-07-07 18:00:00,64194.0,64203.0,63971.0,63994.0,518.0482,8634
2026-07-07 18:30:00,63993.0,64141.0,63675.0,63683.0,639.18084,12846
2026-07-07 19:00:00,63683.0,63774.0,63397.0,63606.0,1195.3902,16580
2026-07-07 19:30:00,63606.0,63900.0,63606.0,63825.0,697.8101,9699
2026-07-07 20:00:00,63826.0,63912.0,63692.0,63732.0,487.86016,7262
2026-07-07 20:30:00,63732.0,63735.0,63624.0,63699.0,253.36795,4631
2026-07-07 21:00:00,63700.0,63873.0,63374.0,63509.0,1356.77146,11830
2026-07-07 21:30:00,63509.0,63526.0,63310.0,63421.0,1129.08636,9493
2026-07-07 22:00:00,63421.0,63509.0,63198.0,63449.0,679.52532,9238
2026-07-07 22:30:00,63448.0,63668.0,63410.0,63543.0,820.68713,7818
2026-07-07 23:00:00,63544.0,63718.0,63522.0,63655.0,512.22287,6197
2026-07-07 23:30:00,63655.0,63661.0,63312.0,63355.0,495.33822,6637
2026-07-08 00:00:00,63355.0,63673.0,63292.0,63606.0,562.80188,9202
2026-07-08 00:30:00,63607.0,63750.0,63556.0,63608.0,351.56015,6513
2026-07-08 01:00:00,63607.0,63646.0,63433.0,63433.0,388.46395,6470
2026-07-08 01:30:00,63434.0,63450.0,62879.0,63015.0,2271.04167,18159
2026-07-08 02:00:00,63016.0,63016.0,62803.0,62881.0,928.5247,13607
2026-07-08 02:30:00,62881.0,63050.0,62510.0,62974.0,1437.38165,13812
2026-07-08 03:00:00,62974.0,63091.0,62964.0,63047.0,209.10428,4731
2026-07-08 03:30:00,63048.0,63048.0,62678.0,62746.0,639.7162,7369
2026-07-08 04:00:00,62747.0,62900.0,62724.0,62872.0,732.03572,6759
2026-07-08 04:30:00,62873.0,62899.0,62663.0,62790.0,350.05249,6118
2026-07-08 05:00:00,62791.0,62864.0,62711.0,62761.0,198.98454,5045
2026-07-08 05:30:00,62762.0,62768.0,62535.0,62621.0,777.29372,7409
2026-07-08 06:00:00,62622.0,62699.0,62459.0,62613.0,850.74523,9579
2026-07-08 06:30:00,62613.0,62736.0,62458.0,62646.0,692.27633,8186
2026-07-08 07:00:00,62646.0,62824.0,62541.0,62805.0,949.35101,10096
2026-07-08 07:30:00,62805.0,62893.0,62762.0,62887.0,571.52543,6857
2026-07-08 08:00:00,62888.0,62933.0,62059.0,62066.0,1550.44238,19594
2026-07-08 08:30:00,62067.0,62336.0,61856.0,62006.0,1982.47806,22370
2026-07-08 09:00:00,62006.0,62113.0,61731.0,61931.0,973.0815,14198
2026-07-08 09:30:00,61930.0,62164.0,61926.0,62064.0,779.26477,8954
2026-07-08 10:00:00,62063.0,62109.0,61894.0,62107.0,338.79805,7325
2026-07-08 10:30:00,62106.0,62185.0,62055.0,62171.0,342.81946,6448
2026-07-08 11:00:00,62171.0,62171.0,62053.0,62114.0,534.31314,5861
2026-07-08 11:30:00,62114.0,62378.0,62084.0,62301.0,496.16386,8090
2026-07-08 12:00:00,62300.0,62443.0,62205.0,62282.0,843.03842,9114
2026-07-08 12:30:00,62281.0,62297.0,61956.0,61956.0,629.9005,8695
2026-07-08 13:00:00,61956.0,61993.0,61750.0,61817.0,768.62194,10030
2026-07-08 13:30:00,61817.0,62094.0,61626.0,61948.0,1173.56211,17477
2026-07-08 14:00:00,61947.0,62175.0,61815.0,62001.0,540.07851,16860
2026-07-08 14:30:00,62000.0,62034.0,61716.0,61885.0,566.41912,13037
2026-07-08 15:00:00,61885.0,61915.0,61550.0,61643.0,1009.60509,13097
2026-07-08 15:30:00,61642.0,61787.0,61584.0,61705.0,658.5328,9351
2026-07-08 16:00:00,61706.0,61969.0,61680.0,61911.0,716.17161,9578
2026-07-08 16:30:00,61911.0,62148.0,61779.0,62112.0,756.60319,11279
2026-07-08 17:00:00,62113.0,62300.0,62027.0,62300.0,559.94235,8816
2026-07-08 17:30:00,62300.0,62390.0,62050.0,62105.0,928.03978,9710
2026-07-08 18:00:00,62106.0,62349.0,62094.0,62188.0,463.807,7597
2026-07-08 18:30:00,62188.0,62267.0,62029.0,62173.0,417.2208,6986
2026-07-08 19:00:00,62174.0,62260.0,62057.0,62222.0,336.6071,6002
2026-07-08 19:30:00,62223.0,62283.0,62114.0,62272.0,469.73558,5988
2026-07-08 20:00:00,62272.0,62295.0,62137.0,62259.0,219.5437,4881
2026-07-08 20:30:00,62258.0,62262.0,62066.0,62088.0,315.45858,5279
2026-07-08 21:00:00,62089.0,62136.0,61955.0,62092.0,678.17639,6208
2026-07-08 21:30:00,62092.0,62248.0,62055.0,62185.0,539.06733,6760
2026-07-08 22:00:00,62186.0,62345.0,62175.0,62306.0,294.2432,5460
2026-07-08 22:30:00,62306.0,62336.0,62246.0,62335.0,128.0704,3372
2026-07-08 23:00:00,62335.0,62350.0,62200.0,62249.0,282.68211,4745
2026-07-08 23:30:00,62250.0,62317.0,62158.0,62283.0,199.58332,4270
2026-07-09 00:00:00,62283.0,62303.0,62090.0,62181.0,496.70758,7922
2026-07-09 00:30:00,62181.0,62277.0,62035.0,62117.0,1084.57995,9411
2026-07-09 01:00:00,62118.0,62628.0,62097.0,62391.0,1439.32843,15168
2026-07-09 01:30:00,62391.0,62405.0,61802.0,61895.0,1240.87996,13720
2026-07-09 02:00:00,61895.0,62100.0,61800.0,61990.0,630.87429,8346
2026-07-09 02:30:00,61990.0,62017.0,61695.0,61771.0,655.99042,7444
2026-07-09 03:00:00,61771.0,61941.0,61717.0,61913.0,359.42379,6384
2026-07-09 03:30:00,61913.0,62064.0,61865.0,61963.0,482.1128,6548
2026-07-09 04:00:00,61964.0,62107.0,61952.0,62083.0,237.66785,5114
2026-07-09 04:30:00,62083.0,62468.0,62079.0,62451.0,1217.74913,8986
2026-07-09 05:00:00,62451.0,62620.0,62272.0,62303.0,758.03114,10034
2026-07-09 05:30:00,62303.0,62591.0,62228.0,62591.0,444.00369,5968
2026-07-09 06:00:00,62591.0,62868.0,62478.0,62820.0,744.16647,11206
2026-07-09 06:30:00,62821.0,62969.0,62748.0,62962.0,364.80171,8269
2026-07-09 07:00:00,62963.0,63189.0,62842.0,62915.0,1156.49232,13545
2026-07-09 07:30:00,62915.0,63263.0,62789.0,63001.0,658.22456,10239
2026-07-09 08:00:00,63001.0,63056.0,62921.0,63052.0,710.29108,8426
2026-07-09 08:30:00,63053.0,63087.0,62851.0,62894.0,632.10729,6989
2026-07-09 09:00:00,62894.0,62937.0,62811.0,62912.0,285.20503,5643
2026-07-09 09:30:00,62911.0,62999.0,62782.0,62943.0,190.47569,5977
2026-07-09 10:00:00,62943.0,63051.0,62870.0,62875.0,383.49265,5028
2026-07-09 10:30:00,62875.0,62944.0,62672.0,62779.0,420.88196,6468
2026-07-09 11:00:00,62778.0,62822.0,62655.0,62691.0,369.67139,6150
2026-07-09 11:30:00,62691.0,62802.0,62604.0,62770.0,302.21855,6735
2026-07-09 12:00:00,62769.0,62860.0,62628.0,62802.0,1161.81387,12869
2026-07-09 12:30:00,62803.0,62957.0,62456.0,62605.0,753.25875,13549
2026-07-09 13:00:00,62605.0,62915.0,62600.0,62713.0,325.87041,8919
2026-07-09 13:30:00,62714.0,63239.0,62505.0,63026.0,1245.59479,20012
2026-07-09 14:00:00,63026.0,63144.0,62659.0,62877.0,799.81883,14936
2026-07-09 14:30:00,62877.0,63040.0,62747.0,63006.0,305.03364,9880
2026-07-09 15:00:00,63007.0,63247.0,62914.0,62986.0,680.86584,12171
2026-07-09 15:30:00,62987.0,63081.0,62790.0,62848.0,706.17607,10427
2026-07-09 16:00:00,62847.0,62983.0,62546.0,62697.0,773.83376,8785
2026-07-09 16:30:00,62698.0,62778.0,62594.0,62678.0,339.49068,6589
2026-07-09 17:00:00,62679.0,62842.0,62654.0,62827.0,327.88412,5154
2026-07-09 17:30:00,62827.0,63158.0,62756.0,63129.0,480.06672,8262
2026-07-09 18:00:00,63129.0,63500.0,63060.0,63379.0,1388.77014,15533
2026-07-09 18:30:00,63378.0,63410.0,63185.0,63218.0,496.65442,7166
2026-07-09 19:00:00,63217.0,63289.0,63145.0,63263.0,401.34544,5946
2026-07-09 19:30:00,63264.0,63381.0,63219.0,63244.0,570.45168,6008
2026-07-09 20:00:00,63244.0,63320.0,63184.0,63283.0,263.85375,4633
2026-07-09 20:30:00,63283.0,63331.0,63245.0,63309.0,148.46169,3555
2026-07-09 21:00:00,63309.0,63403.0,63238.0,63250.0,387.86938,6376
2026-07-09 21:30:00,63249.0,63293.0,63216.0,63275.0,210.7051,5046
2026-07-09 22:00:00,63275.0,63377.0,63237.0,63346.0,174.82751,4387
2026-07-09 22:30:00,63346.0,63412.0,63219.0,63220.0,196.96975,4408
2026-07-09 23:00:00,63219.0,63324.0,63055.0,63227.0,404.98807,6773
2026-07-09 23:30:00,63226.0,63310.0,63151.0,63225.0,152.79588,3751
2026-07-10 00:00:00,63224.0,63249.0,63063.0,63096.0,337.4507,6332
2026-07-10 00:30:00,63095.0,63164.0,62922.0,63107.0,523.12069,8031
2026-07-10 01:00:00,63107.0,63398.0,62959.0,63391.0,511.21255,7549
2026-07-10 01:30:00,63391.0,63945.0,63322.0,63754.0,2260.02083,17225
2026-07-10 02:00:00,63753.0,63959.0,63691.0,63810.0,816.47954,10619
2026-07-10 02:30:00,63810.0,64038.0,63769.0,63958.0,781.49508,7858
2026-07-10 03:00:00,63958.0,63980.0,63838.0,63843.0,287.35885,4638
2026-07-10 03:30:00,63842.0,64037.0,63818.0,63949.0,703.13422,7220
2026-07-10 04:00:00,63948.0,64035.0,63873.0,63878.0,420.5971,5021
2026-07-10 04:30:00,63879.0,64168.0,63845.0,64035.0,674.287,7308
2026-07-10 05:00:00,64036.0,64040.0,63936.0,63969.0,166.68397,4191
2026-07-10 05:30:00,63969.0,64200.0,63957.0,64109.0,586.39113,6754
2026-07-10 06:00:00,64110.0,64155.0,63856.0,63898.0,349.29583,6008
2026-07-10 06:30:00,63899.0,63938.0,63841.0,63858.0,822.93519,4451
2026-07-10 07:00:00,63858.0,64009.0,63811.0,63973.0,926.92944,8039
2026-07-10 07:30:00,63974.0,64010.0,63908.0,63989.0,499.81439,4763
2026-07-10 08:00:00,63988.0,64390.0,63979.0,64333.0,986.08461,11411
2026-07-10 08:30:00,64333.0,64358.0,64152.0,64247.0,453.49249,6797
2026-07-10 09:00:00,64247.0,64423.0,64109.0,64423.0,249.41218,6594
2026-07-10 09:30:00,64422.0,64496.0,64363.0,64383.0,708.9057,10430
2026-07-10 10:00:00,64383.0,64433.0,64271.0,64432.0,281.28209,5320
2026-07-10 10:30:00,64433.0,64494.0,64370.0,64413.0,165.26463,4868
2026-07-10 11:00:00,64413.0,64482.0,64363.0,64424.0,349.21063,5136
2026-07-10 11:30:00,64424.0,64472.0,64335.0,64423.0,350.92296,5596
2026-07-10 12:00:00,64423.0,64609.0,64331.0,64494.0,679.37814,10200
2026-07-10 12:30:00,64494.0,64526.0,64263.0,64286.0,506.9983,6413
2026-07-10 13:00:00,64285.0,64339.0,64160.0,64164.0,413.66164,6740
2026-07-10 13:30:00,64164.0,64690.0,64153.0,64477.0,1023.92866,16589
2026-07-10 14:00:00,64477.0,64512.0,63957.0,64139.0,1600.18977,18775
2026-07-10 14:30:00,64139.0,64318.0,63810.0,63900.0,1623.83879,17782
2026-07-10 15:00:00,63900.0,64214.0,63884.0,64138.0,967.48906,11888
2026-07-10 15:30:00,64137.0,64163.0,63940.0,64039.0,283.16028,6563
2026-07-10 16:00:00,64039.0,64154.0,63951.0,64006.0,306.44248,6852
2026-07-10 16:30:00,64006.0,64220.0,63808.0,64138.0,1389.16077,11827
2026-07-10 17:00:00,64139.0,64156.0,63847.0,63974.0,720.91995,8702
2026-07-10 17:30:00,63974.0,63975.0,63808.0,63815.0,547.28993,7119
2026-07-10 18:00:00,63816.0,63988.0,63815.0,63920.0,149.22065,5256
2026-07-10 18:30:00,63920.0,63938.0,63725.0,63800.0,571.15495,6122
2026-07-10 19:00:00,63800.0,63927.0,63768.0,63864.0,440.12668,5806
2026-07-10 19:30:00,63864.0,64045.0,63857.0,63920.0,691.61102,8379
2026-07-10 20:00:00,63921.0,63922.0,63647.0,63731.0,514.42834,7517
2026-07-10 20:30:00,63729.0,63901.0,63710.0,63842.0,221.4712,3647
2026-07-10 21:00:00,63842.0,64011.0,63830.0,64002.0,337.62995,5136
2026-07-10 21:30:00,64003.0,64088.0,63977.0,64006.0,467.85624,5052
2026-07-10 22:00:00,64006.0,64133.0,63981.0,64130.0,227.18223,4263
2026-07-10 22:30:00,64130.0,64153.0,64067.0,64104.0,387.12212,3889
2026-07-10 23:00:00,64104.0,64198.0,64009.0,64179.0,540.75453,4948
2026-07-10 23:30:00,64180.0,64200.0,64112.0,64155.0,97.68046,2964
2026-07-11 00:00:00,64156.0,64156.0,64020.0,64094.0,228.88095,3158
2026-07-11 00:30:00,64095.0,64134.0,64039.0,64113.0,57.69512,1918
2026-07-11 01:00:00,64113.0,64297.0,64089.0,64217.0,458.60296,4633
2026-07-11 01:30:00,64217.0,64251.0,63981.0,63999.0,448.54196,4715
2026-07-11 02:00:00,64000.0,64053.0,63965.0,64015.0,274.59863,4087
2026-07-11 02:30:00,64015.0,64151.0,64014.0,64141.0,209.73484,3564
2026-07-11 03:00:00,64142.0,64184.0,64066.0,64109.0,234.09352,3847
2026-07-11 03:30:00,64108.0,64178.0,64108.0,64147.0,92.43954,2071
2026-07-11 04:00:00,64147.0,64162.0,64065.0,64131.0,67.40594,2582
2026-07-11 04:30:00,64130.0,64199.0,64109.0,64140.0,69.80713,2977
2026-07-11 05:00:00,64141.0,64195.0,64109.0,64183.0,189.73323,3004
2026-07-11 05:30:00,64183.0,64217.0,64131.0,64159.0,139.11945,2535
2026-07-11 06:00:00,64159.0,64261.0,64109.0,64214.0,243.36591,3788
2026-07-11 06:30:00,64214.0,64257.0,64186.0,64207.0,143.14684,3271
2026-07-11 07:00:00,64207.0,64252.0,64158.0,64208.0,427.55033,4597
2026-07-11 07:30:00,64207.0,64227.0,64140.0,64145.0,268.66357,3471
2026-07-11 08:00:00,64146.0,64264.0,64139.0,64242.0,243.83091,3419
2026-07-11 08:30:00,64243.0,64288.0,64230.0,64250.0,54.59385,1845
2026-07-11 09:00:00,64250.0,64265.0,64221.0,64265.0,143.11254,1991
2026-07-11 09:30:00,64265.0,64289.0,64146.0,64163.0,113.05674,3089
2026-07-11 10:00:00,64163.0,64204.0,64143.0,64176.0,112.34473,2056
2026-07-11 10:30:00,64176.0,64189.0,64131.0,64179.0,82.96803,1903
2026-07-11 11:00:00,64179.0,64209.0,64165.0,64167.0,46.96678,1845
2026-07-11 11:30:00,64167.0,64197.0,64166.0,64191.0,44.63857,1476
2026-07-11 12:00:00,64191.0,64222.0,64148.0,64168.0,289.75385,3332
2026-07-11 12:30:00,64167.0,64187.0,64123.0,64186.0,130.86286,2052
2026-07-11 13:00:00,64186.0,64210.0,64160.0,64197.0,62.53378,1652
2026-07-11 13:30:00,64197.0,64264.0,64188.0,64230.0,104.77481,2242
2026-07-11 14:00:00,64231.0,64441.0,64230.0,64375.0,424.17309,6267
2026-07-11 14:30:00,64376.0,64494.0,64339.0,64347.0,412.18968,5823
2026-07-11 15:00:00,64347.0,64481.0,64346.0,64426.0,315.80848,3785
2026-07-11 15:30:00,64426.0,64449.0,63950.0,64175.0,1007.01178,10137
2026-07-11 16:00:00,64175.0,64232.0,64085.0,64218.0,244.89401,5303
2026-07-11 16:30:00,64218.0,64274.0,64096.0,64173.0,331.69651,3839
2026-07-11 17:00:00,64172.0,64311.0,64163.0,64305.0,180.35619,2600
2026-07-11 17:30:00,64305.0,64400.0,64304.0,64319.0,371.73927,4908
2026-07-11 18:00:00,64318.0,64390.0,64288.0,64347.0,138.39261,3754
2026-07-11 18:30:00,64347.0,64368.0,64293.0,64331.0,173.35499,3071
2026-07-11 19:00:00,64331.0,64348.0,64241.0,64242.0,88.29463,3165
2026-07-11 19:30:00,64241.0,64297.0,64241.0,64287.0,169.4973,2606
2026-07-11 20:00:00,64287.0,64370.0,64286.0,64360.0,161.8365,3072
2026-07-11 20:30:00,64360.0,64482.0,64353.0,64391.0,226.87695,4001
2026-07-11 21:00:00,64391.0,64439.0,64369.0,64381.0,117.96889,3134
2026-07-11 21:30:00,64380.0,64395.0,64345.0,64362.0,50.84478,1936
2026-07-11 22:00:00,64363.0,64440.0,64209.0,64260.0,293.7237,5081
2026-07-11 22:30:00,64261.0,64311.0,64150.0,64209.0,208.75909,3469
2026-07-11 23:00:00,64209.0,64259.0,63840.0,63935.0,907.60549,10719
2026-07-11 23:30:00,63935.0,64029.0,63818.0,63823.0,434.11554,6686
2026-07-12 00:00:00,63823.0,63916.0,63783.0,63835.0,321.25471,7165
2026-07-12 00:30:00,63835.0,63875.0,63713.0,63829.0,138.44157,5419
2026-07-12 01:00:00,63830.0,64009.0,63816.0,63954.0,269.24077,4933
2026-07-12 01:30:00,63954.0,64179.0,63939.0,64135.0,303.52034,5315
2026-07-12 02:00:00,64135.0,64140.0,64030.0,64113.0,207.11239,3377
2026-07-12 02:30:00,64112.0,64120.0,64073.0,64081.0,209.74882,2611
2026-07-12 03:00:00,64081.0,64153.0,64036.0,64134.0,98.11675,2413
2026-07-12 03:30:00,64135.0,64226.0,64135.0,64218.0,395.6609,4720
2026-07-12 04:00:00,64218.0,64250.0,64072.0,64078.0,335.67565,3350
2026-07-12 04:30:00,64078.0,64079.0,63935.0,63994.0,179.4436,2985
2026-07-12 05:00:00,63994.0,64015.0,63903.0,63908.0,184.49659,2775
2026-07-12 05:30:00,63907.0,64000.0,63892.0,63969.0,181.1621,3186
2026-07-12 06:00:00,63968.0,63968.0,63646.0,63664.0,528.50449,6873
2026-07-12 06:30:00,63664.0,63800.0,63642.0,63755.0,230.0663,3727
2026-07-12 07:00:00,63755.0,63879.0,63736.0,63864.0,146.1137,3010
2026-07-12 07:30:00,63864.0,63903.0,63849.0,63883.0,49.51529,1730
2026-07-12 08:00:00,63883.0,64129.0,63882.0,64001.0,792.15165,6020
2026-07-12 08:30:00,64000.0,64011.0,63940.0,63982.0,207.86883,2149
2026-07-12 09:00:00,63982.0,63993.0,63769.0,63834.0,159.03274,3922
2026-07-12 09:30:00,63833.0,64049.0,63833.0,63963.0,174.541,3740
2026-07-12 10:00:00,63963.0,63964.0,63891.0,63891.0,116.47419,2105
2026-07-12 10:30:00,63891.0,63914.0,63846.0,63887.0,124.96374,2193
2026-07-12 11:00:00,63888.0,63933.0,63837.0,63924.0,100.51361,2454
2026-07-12 11:30:00,63924.0,64043.0,63924.0,64027.0,122.5927,3024
2026-07-12 12:00:00,64026.0,64141.0,63978.0,64070.0,279.19569,3836
2026-07-12 12:30:00,64071.0,64081.0,64005.0,64032.0,127.36711,2365
2026-07-12 13:00:00,64031.0,64100.0,64010.0,64057.0,179.45235,2729
2026-07-12 13:30:00,64058.0,64099.0,64000.0,64032.0,124.08585,2348
2026-07-12 14:00:00,64031.0,64034.0,63964.0,64000.0,522.71045,5753
2026-07-12 14:30:00,64000.0,64297.0,63999.0,64202.0,295.73295,6102
2026-07-12 15:00:00,64202.0,64259.0,64137.0,64226.0,397.85489,5089
2026-07-12 15:30:00,64225.0,64250.0,64120.0,64167.0,112.16581,3487
2026-07-12 16:00:00,64168.0,64211.0,64057.0,64175.0,405.61073,4575
2026-07-12 16:30:00,64176.0,64186.0,64101.0,64176.0,127.85907,2619
2026-07-12 17:00:00,64177.0,64177.0,64130.0,64131.0,58.17821,2267
2026-07-12 17:30:00,64130.0,64178.0,64037.0,64082.0,110.39403,2774
2026-07-12 18:00:00,64082.0,64112.0,64015.0,64077.0,276.73724,3259
2026-07-12 18:30:00,64077.0,64153.0,64060.0,64146.0,166.82048,2481
2026-07-12 19:00:00,64145.0,64244.0,64145.0,64205.0,172.68411,2916
2026-07-12 19:30:00,64206.0,64267.0,64140.0,64240.0,187.08753,2915
2026-07-12 20:00:00,64240.0,64261.0,64183.0,64205.0,79.65678,2045
2026-07-12 20:30:00,64206.0,64233.0,64176.0,64202.0,32.32487,1946
2026-07-12 21:00:00,64203.0,64237.0,64081.0,64104.0,483.11767,4464
2026-07-12 21:30:00,64103.0,64103.0,63883.0,63926.0,760.57926,7883
2026-07-12 22:00:00,63925.0,63925.0,63675.0,63832.0,1129.78819,11567
2026-07-12 22:30:00,63832.0,63927.0,63699.0,63890.0,485.70767,5526
2026-07-12 23:00:00,63890.0,63917.0,63743.0,63840.0,182.75436,5032
2026-07-12 23:30:00,63839.0,63865.0,63725.0,63780.0,422.94052,4772
2026-07-13 00:00:00,63780.0,64420.0,63729.0,64178.0,1152.69869,15737
2026-07-13 00:30:00,64178.0,64196.0,63525.0,64058.0,2212.05306,18345
2026-07-13 01:00:00,64059.0,64059.0,63633.0,63709.0,729.53702,12484
2026-07-13 01:30:00,63710.0,63760.0,63364.0,63404.0,825.96887,11214
2026-07-13 02:00:00,63405.0,63550.0,63235.0,63461.0,882.28858,13797
2026-07-13 02:30:00,63462.0,63497.0,63336.0,63364.0,283.33845,5482
2026-07-13 03:00:00,63365.0,63376.0,62821.0,63078.0,1685.71505,17929
2026-07-13 03:30:00,63078.0,63078.0,62740.0,62811.0,803.93334,10349
2026-07-13 04:00:00,62811.0,62916.0,62703.0,62887.0,431.8102,7304
2026-07-13 04:30:00,62887.0,62887.0,62648.0,62685.0,501.62673,6645
2026-07-13 05:00:00,62685.0,62931.0,62499.0,62651.0,963.23585,11272
2026-07-13 05:30:00,62651.0,62845.0,62601.0,62814.0,293.21619,4445
2026-07-13 06:00:00,62814.0,62886.0,62731.0,62864.0,235.04539,4830
2026-07-13 06:30:00,62864.0,62891.0,62778.0,62812.0,224.11535,3579
2026-07-13 07:00:00,62813.0,63018.0,62767.0,62976.0,285.10917,4565
2026-07-13 07:30:00,62976.0,63080.0,62925.0,63003.0,339.62069,5546
2026-07-13 08:00:00,63003.0,63103.0,62954.0,63095.0,247.80795,4170
2026-07-13 08:30:00,63095.0,63320.0,63008.0,63214.0,1036.82282,6298
2026-07-13 09:00:00,63213.0,63214.0,63099.0,63118.0,499.13464,5032
2026-07-13 09:30:00,63119.0,63119.0,63088.0,63098.0,250.4539,2962
2026-07-13 10:00:00,63099.0,63150.0,63079.0,63093.0,252.67139,2768
2026-07-13 10:30:00,63094.0,63122.0,62874.0,62875.0,472.35324,3655
2026-07-13 11:00:00,62875.0,63144.0,62875.0,63040.0,198.40369,3211
2026-07-13 11:30:00,63040.0,63040.0,62904.0,62910.0,173.92287,2334
2026-07-13 12:00:00,62911.0,62991.0,62715.0,62751.0,794.44921,5884
2026-07-13 12:30:00,62751.0,62792.0,62577.0,62639.0,469.99938,6118
2026-07-13 13:00:00,62639.0,62666.0,62367.0,62536.0,817.80496,8693
2026-07-13 13:30:00,62536.0,62774.0,62172.0,62326.0,2065.42927,19190
2026-07-13 14:00:00,62327.0,62673.0,62120.0,62576.0,1706.41291,19905
2026-07-13 14:30:00,62576.0,62816.0,62480.0,62814.0,1334.15708,10567
2026-07-13 15:00:00,62815.0,63000.0,62700.0,62830.0,671.55655,8126
2026-07-13 15:30:00,62829.0,62862.0,62570.0,62635.0,832.39304,7530
2026-07-13 16:00:00,62635.0,62647.0,62268.0,62347.0,748.84802,8069
2026-07-13 16:30:00,62347.0,62421.0,62202.0,62277.0,929.28619,7924
2026-07-13 17:00:00,62277.0,62373.0,62183.0,62186.0,547.86422,5573
2026-07-13 17:30:00,62186.0,62228.0,61896.0,61908.0,1129.08479,12911
2026-07-13 18:00:00,61907.0,62064.0,61821.0,61945.0,1241.35367,10731
2026-07-13 18:30:00,61945.0,62113.0,61910.0,62027.0,521.50998,5353
2026-07-13 19:00:00,62028.0,62117.0,62000.0,62023.0,184.24761,3633
2026-07-13 19:30:00,62023.0,62289.0,62023.0,62287.0,539.3031,5747
2026-07-13 20:00:00,62287.0,62322.0,62072.0,62212.0,1009.08001,7253
2026-07-13 20:30:00,62212.0,62249.0,62043.0,62200.0,220.21168,3468
2026-07-13 21:00:00,62199.0,62206.0,61981.0,62021.0,235.14853,3674
2026-07-13 21:30:00,62022.0,62116.0,61879.0,62054.0,927.65328,5915
2026-07-13 22:00:00,62054.0,62220.0,62040.0,62147.0,625.35005,5296
2026-07-13 22:30:00,62147.0,62171.0,61898.0,61907.0,752.33683,4888
2026-07-13 23:00:00,61907.0,62232.0,61867.0,62154.0,970.26993,6852
2026-07-13 23:30:00,62153.0,62346.0,62093.0,62331.0,333.22089,4698
2026-07-14 00:00:00,62331.0,62474.0,62264.0,62367.0,364.96006,6452
2026-07-14 00:30:00,62366.0,62641.0,62285.0,62540.0,375.97563,6676
2026-07-14 01:00:00,62539.0,62631.0,62450.0,62510.0,466.63418,5921
2026-07-14 01:30:00,62509.0,62560.0,62451.0,62521.0,113.32337,2967
2026-07-14 02:00:00,62521.0,62596.0,62305.0,62362.0,240.27902,3992
2026-07-14 02:30:00,62356.0,62631.0,62356.0,62528.0,181.63168,3717
2026-07-14 03:00:00,62528.0,62591.0,62294.0,62449.0,316.57701,4553
2026-07-14 03:30:00,62448.0,62560.0,62416.0,62554.0,171.10337,2885
2026-07-14 04:00:00,62555.0,62640.0,62517.0,62623.0,228.6989,2984
2026-07-14 04:30:00,62623.0,62751.0,62622.0,62734.0,700.58634,4372
2026-07-14 05:00:00,62734.0,62864.0,62691.0,62846.0,420.84162,6270
2026-07-14 05:30:00,62846.0,62866.0,62691.0,62717.0,443.73238,4069
2026-07-14 06:00:00,62717.0,62723.0,62645.0,62671.0,150.89097,3012
2026-07-14 06:30:00,62671.0,62762.0,62556.0,62614.0,508.45402,4052
2026-07-14 07:00:00,62614.0,62640.0,62539.0,62623.0,110.7694,2551
2026-07-14 07:30:00,62623.0,62637.0,62492.0,62536.0,226.06489,3574
2026-07-14 08:00:00,62537.0,62660.0,62490.0,62642.0,368.11589,3228
2026-07-14 08:30:00,62642.0,62790.0,62610.0,62688.0,463.63094,4452
2026-07-14 09:00:00,62688.0,62732.0,62631.0,62652.0,64.43975,2550
2026-07-14 09:30:00,62652.0,62660.0,62512.0,62609.0,517.3435,4109
2026-07-14 10:00:00,62609.0,62720.0,62608.0,62648.0,292.25513,3667
2026-07-14 10:30:00,62649.0,62903.0,62587.0,62773.0,763.71231,5808
2026-07-14 11:00:00,62774.0,62863.0,62700.0,62850.0,382.14225,4841
2026-07-14 11:30:00,62851.0,62910.0,62810.0,62833.0,441.17901,5044
2026-07-14 12:00:00,62833.0,63103.0,62771.0,62939.0,1644.12645,11654
2026-07-14 12:30:00,62939.0,63942.0,62938.0,63927.0,5703.78075,41223
2026-07-14 13:00:00,63927.0,64140.0,63733.0,63931.0,2283.85411,20225
2026-07-14 13:30:00,63931.0,63951.0,63673.0,63815.0,1860.85563,16064
2026-07-14 14:00:00,63815.0,63915.0,63596.0,63902.0,2002.88402,16300
2026-07-14 14:30:00,63901.0,64329.0,63848.0,64294.0,1908.39233,16740
2026-07-14 15:00:00,64294.0,64563.0,64173.0,64492.0,2066.37496,17739
2026-07-14 15:30:00,64492.0,64970.0,64482.0,64727.0,4174.03032,27526
2026-07-14 16:00:00,64727.0,64877.0,64607.0,64801.0,1618.56012,13548
2026-07-14 16:30:00,64800.0,64868.0,64691.0,64696.0,533.98108,6356
2026-07-14 17:00:00,64697.0,64697.0,64268.0,64511.0,1619.65584,12245
2026-07-14 17:30:00,64511.0,64692.0,64424.0,64609.0,836.47648,5964
2026-07-14 18:00:00,64609.0,64612.0,64464.0,64513.0,518.81992,4973
2026-07-14 18:30:00,64513.0,64636.0,64476.0,64551.0,390.71932,4396
2026-07-14 19:00:00,64551.0,64698.0,64530.0,64551.0,413.26803,4662
2026-07-14 19:30:00,64551.0,64642.0,64475.0,64543.0,253.65021,4303
2026-07-14 20:00:00,64543.0,64568.0,64427.0,64428.0,528.95267,5993
2026-07-14 20:30:00,64428.0,64591.0,64414.0,64564.0,562.46484,4361
2026-07-14 21:00:00,64564.0,64671.0,64516.0,64650.0,534.98188,5722
2026-07-14 21:30:00,64651.0,64883.0,64623.0,64656.0,1052.84643,8359
2026-07-14 22:00:00,64656.0,65079.0,64522.0,64907.0,1643.38867,13097
2026-07-14 22:30:00,64907.0,65007.0,64836.0,64840.0,1174.07119,6850
2026-07-14 23:00:00,64840.0,65012.0,64761.0,64902.0,713.51048,6028
2026-07-14 23:30:00,64902.0,65016.0,64885.0,65000.0,522.77843,4890
2026-07-15 00:00:00,65000.0,65032.0,64822.0,64884.0,804.20321,7568
2026-07-15 00:30:00,64884.0,64884.0,64763.0,64819.0,322.05614,4639
2026-07-15 01:00:00,64819.0,64854.0,64703.0,64830.0,841.20328,7663
2026-07-15 01:30:00,64831.0,64846.0,64647.0,64672.0,336.61945,3794
2026-07-15 02:00:00,64673.0,64759.0,64520.0,64520.0,733.75871,5445
2026-07-15 02:30:00,64521.0,64551.0,64483.0,64493.0,294.96338,3357
2026-07-15 03:00:00,64494.0,64668.0,64493.0,64610.0,451.69014,4198
2026-07-15 03:30:00,64610.0,64847.0,64610.0,64789.0,398.92823,4307
2026-07-15 04:00:00,64788.0,64902.0,64760.0,64761.0,286.34648,3524
2026-07-15 04:30:00,64760.0,64872.0,64709.0,64750.0,327.04691,3521
2026-07-15 05:00:00,64749.0,64817.0,64611.0,64652.0,349.1653,3749
2026-07-15 05:30:00,64653.0,64997.0,64643.0,64954.0,840.09291,5072
2026-07-15 06:00:00,64954.0,65053.0,64879.0,64973.0,864.07271,6089
2026-07-15 06:30:00,64974.0,65271.0,64806.0,64806.0,1830.8934,11604
2026-07-15 07:00:00,64805.0,64875.0,64491.0,64520.0,775.51788,7274
2026-07-15 07:30:00,64520.0,64640.0,64505.0,64554.0,246.23735,4249
2026-07-15 08:00:00,64554.0,64682.0,64554.0,64641.0,316.75523,4898
2026-07-15 08:30:00,64642.0,64779.0,64616.0,64764.0,304.11785,5259
2026-07-15 09:00:00,64764.0,64922.0,64752.0,64824.0,277.71225,4555
2026-07-15 09:30:00,64824.0,64825.0,64646.0,64660.0,133.87341,3441
2026-07-15 10:00:00,64661.0,64838.0,64607.0,64627.0,247.89546,3794
2026-07-15 10:30:00,64627.0,64688.0,64605.0,64654.0,183.05556,3133
2026-07-15 11:00:00,64654.0,64739.0,64610.0,64624.0,203.19467,3371
2026-07-15 11:30:00,64623.0,64739.0,64623.0,64729.0,105.15317,2845
2026-07-15 12:00:00,64729.0,64751.0,64601.0,64686.0,203.85648,4027
2026-07-15 12:30:00,64684.0,65257.0,64684.0,65157.0,1130.40632,14173
2026-07-15 13:00:00,65157.0,65572.0,65137.0,65297.0,2162.64316,19799
2026-07-15 13:30:00,65296.0,65504.0,64871.0,65106.0,1342.0224,16279
2026-07-15 14:00:00,65106.0,65400.0,65049.0,65318.0,1214.16035,14495
2026-07-15 14:30:00,65318.0,65520.0,65285.0,65389.0,1415.05363,10656
2026-07-15 15:00:00,65388.0,65480.0,65250.0,65389.0,1031.18828,10038
2026-07-15 15:30:00,65389.0,65577.0,65321.0,65407.0,736.35369,7699
2026-07-15 16:00:00,65406.0,65453.0,65026.0,65156.0,680.2749,8375
2026-07-15 16:30:00,65155.0,65169.0,64768.0,65106.0,1047.97279,12023
2026-07-15 17:00:00,65108.0,65143.0,64976.0,65038.0,232.31167,5678
2026-07-15 17:30:00,65037.0,65173.0,64956.0,65049.0,593.96825,6914
2026-07-15 18:00:00,65048.0,65136.0,64953.0,65053.0,206.40302,4335
2026-07-15 18:30:00,65052.0,65115.0,64827.0,64845.0,463.6539,6511
2026-07-15 19:00:00,64849.0,64934.0,64721.0,64841.0,545.16472,5593
2026-07-15 19:30:00,64842.0,64977.0,64835.0,64947.0,290.42838,4157
2026-07-15 20:00:00,64948.0,65011.0,64896.0,64994.0,172.77195,2728
2026-07-15 20:30:00,64994.0,65036.0,64948.0,64952.0,62.85724,1891
2026-07-15 21:00:00,64952.0,64998.0,64807.0,64842.0,971.5838,4369
2026-07-15 21:30:00,64842.0,64860.0,64756.0,64802.0,406.5421,3475
2026-07-15 22:00:00,64803.0,64878.0,64740.0,64878.0,224.08255,3484
2026-07-15 22:30:00,64878.0,64944.0,64835.0,64843.0,465.09827,3490
2026-07-15 23:00:00,64844.0,64924.0,64820.0,64827.0,114.29969,2303
2026-07-15 23:30:00,64828.0,64844.0,64675.0,64738.0,403.75598,3750
2026-07-16 00:00:00,64738.0,64836.0,64541.0,64550.0,660.94811,5993
2026-07-16 00:30:00,64550.0,64635.0,64469.0,64563.0,452.48907,5046
2026-07-16 01:00:00,64564.0,64642.0,64357.0,64546.0,414.05424,5240
2026-07-16 01:30:00,64547.0,64817.0,64546.0,64713.0,325.78556,4527
2026-07-16 02:00:00,64713.0,64719.0,64574.0,64651.0,253.00398,2573
2026-07-16 02:30:00,64653.0,64672.0,64555.0,64628.0,96.53697,2146
2026-07-16 03:00:00,64628.0,64706.0,64578.0,64675.0,189.90471,2802
2026-07-16 03:30:00,64675.0,64737.0,64532.0,64602.0,224.51232,2436
2026-07-16 04:00:00,64602.0,64648.0,64532.0,64638.0,113.30325,2013
2026-07-16 04:30:00,64638.0,64680.0,64565.0,64625.0,227.83864,2007
2026-07-16 05:00:00,64626.0,64947.0,64589.0,64923.0,863.83242,5182
2026-07-16 05:30:00,64922.0,64999.0,64841.0,64912.0,841.40957,6048
2026-07-16 06:00:00,64913.0,64967.0,64786.0,64808.0,237.84143,4347
2026-07-16 06:30:00,64808.0,64812.0,64620.0,64759.0,273.90504,4086
2026-07-16 07:00:00,64759.0,64765.0,64479.0,64479.0,314.16806,4546
2026-07-16 07:30:00,64480.0,64480.0,64052.0,64222.0,1424.47228,12769
2026-07-16 08:00:00,64222.0,64238.0,63865.0,64135.0,1530.36247,11489
2026-07-16 08:30:00,64137.0,64349.0,64047.0,64104.0,921.75507,7662
2026-07-16 09:00:00,64104.0,64179.0,64003.0,64011.0,275.1744,3718
2026-07-16 09:30:00,64012.0,64111.0,63997.0,64070.0,101.45733,2818
2026-07-16 10:00:00,64071.0,64217.0,64064.0,64208.0,301.03126,4190
2026-07-16 10:30:00,64207.0,64250.0,64173.0,64201.0,241.21922,3823
2026-07-16 11:00:00,64202.0,64243.0,64076.0,64165.0,336.70225,5223
2026-07-16 11:30:00,64164.0,64250.0,64087.0,64235.0,188.59295,5108
2026-07-16 12:00:00,64235.0,64235.0,64080.0,64176.0,272.26602,3641
2026-07-16 12:30:00,64176.0,64199.0,63845.0,63945.0,947.89701,8538
2026-07-16 13:00:00,63946.0,64240.0,63939.0,64239.0,699.70887,6787
2026-07-16 13:30:00,64240.0,64451.0,64092.0,64363.0,1555.72013,12385
2026-07-16 14:00:00,64363.0,64850.0,64313.0,64750.0,1654.54636,15354
2026-07-16 14:30:00,64750.0,64810.0,64365.0,64515.0,958.48458,9248
2026-07-16 15:00:00,64516.0,64885.0,64294.0,64800.0,1014.33517,10491
2026-07-16 15:30:00,64800.0,64814.0,64605.0,64689.0,1181.8557,8080
2026-07-16 16:00:00,64688.0,64700.0,64371.0,64525.0,686.27825,7828
2026-07-16 16:30:00,64525.0,64640.0,64305.0,64461.0,572.53194,6399
2026-07-16 17:00:00,64461.0,64461.0,64080.0,64205.0,511.47685,6691
2026-07-16 17:30:00,64205.0,64275.0,63977.0,64057.0,670.07228,6143
2026-07-16 18:00:00,64057.0,64315.0,64040.0,64202.0,446.97268,5214
2026-07-16 18:30:00,64201.0,64310.0,64081.0,64248.0,272.4834,3929
2026-07-16 19:00:00,64242.0,64294.0,64150.0,64250.0,420.37846,3530
2026-07-16 19:30:00,64250.0,64277.0,64136.0,64263.0,292.00531,3814
2026-07-16 20:00:00,64262.0,64268.0,64140.0,64159.0,408.97751,3558
2026-07-16 20:30:00,64160.0,64186.0,64091.0,64102.0,180.22061,2709
2026-07-16 21:00:00,64103.0,64201.0,64085.0,64168.0,295.66324,2901
2026-07-16 21:30:00,64168.0,64242.0,64131.0,64153.0,146.74922,3033
2026-07-16 22:00:00,64154.0,64240.0,63993.0,64012.0,309.24359,4910
2026-07-16 22:30:00,64012.0,64159.0,63942.0,63952.0,510.96493,5663
2026-07-16 23:00:00,63953.0,63992.0,63737.0,63800.0,734.53986,7678
2026-07-16 23:30:00,63800.0,63894.0,63723.0,63815.0,444.01439,4825
2026-07-17 00:00:00,63815.0,63900.0,63730.0,63787.0,370.88584,4107
2026-07-17 00:30:00,63786.0,63880.0,63594.0,63868.0,672.46894,7150
2026-07-17 01:00:00,63867.0,64048.0,63821.0,63965.0,647.88706,6605
2026-07-17 01:30:00,63969.0,63969.0,63473.0,63539.0,1731.74677,9281
2026-07-17 02:00:00,63539.0,63653.0,63430.0,63532.0,499.6031,6242
2026-07-17 02:30:00,63530.0,63572.0,63377.0,63491.0,497.52574,4889
2026-07-17 03:00:00,63491.0,63729.0,63490.0,63685.0,558.09521,5517
2026-07-17 03:30:00,63685.0,63702.0,63523.0,63572.0,324.32428,3491
2026-07-17 04:00:00,63572.0,63572.0,63312.0,63382.0,247.49199,4283
2026-07-17 04:30:00,63383.0,63581.0,63335.0,63492.0,518.95825,3772
2026-07-17 05:00:00,63492.0,63492.0,63200.0,63205.0,311.35066,4745
2026-07-17 05:30:00,63205.0,63230.0,62812.0,62844.0,1540.78244,11718
2026-07-17 06:00:00,62845.0,63030.0,62725.0,62949.0,1536.69464,10746
2026-07-17 06:30:00,62949.0,62978.0,62868.0,62966.0,298.33522,4693
2026-07-17 07:00:00,62966.0,62969.0,62822.0,62957.0,527.91481,5665
2026-07-17 07:30:00,62958.0,63008.0,62839.0,62839.0,269.17669,4128
2026-07-17 08:00:00,62839.0,62919.0,62752.0,62813.0,551.34679,5712
2026-07-17 08:30:00,62812.0,62966.0,62684.0,62908.0,542.52139,6026
2026-07-17 09:00:00,62909.0,62998.0,62884.0,62972.0,221.43891,4081
2026-07-17 09:30:00,62972.0,63091.0,62951.0,63013.0,207.59316,4343
2026-07-17 10:00:00,63014.0,63167.0,63013.0,63124.0,644.25671,5401
2026-07-17 10:30:00,63124.0,63233.0,63107.0,63200.0,333.33464,5395
2026-07-17 11:00:00,63201.0,63235.0,63077.0,63143.0,404.42431,5010
2026-07-17 11:30:00,63143.0,63379.0,63120.0,63301.0,526.72484,5825
2026-07-17 12:00:00,63300.0,63366.0,63176.0,63206.0,359.39198,4502
2026-07-17 12:30:00,63206.0,63206.0,63069.0,63093.0,512.18877,8048
2026-07-17 13:00:00,63099.0,63103.0,62774.0,62859.0,747.05795,9653
2026-07-17 13:30:00,62861.0,63218.0,62550.0,63182.0,1472.04578,15049
2026-07-17 14:00:00,63181.0,63547.0,63171.0,63258.0,1624.01743,15419
2026-07-17 14:30:00,63259.0,63379.0,63095.0,63201.0,741.23244,8171
2026-07-17 15:00:00,63201.0,63286.0,62859.0,63286.0,601.76484,8491
2026-07-17 15:30:00,63286.0,63484.0,63121.0,63478.0,480.53385,6314
2026-07-17 16:00:00,63478.0,63580.0,63329.0,63499.0,890.8722,9918
2026-07-17 16:30:00,63500.0,63728.0,63400.0,63604.0,1053.39866,9689
2026-07-17 17:00:00,63605.0,64147.0,63604.0,64024.0,1532.91386,13844
2026-07-17 17:30:00,64026.0,64233.0,63982.0,64049.0,1215.614,9721
2026-07-17 18:00:00,64050.0,64117.0,63887.0,63955.0,548.32972,8844
2026-07-17 18:30:00,63956.0,64398.0,63950.0,64250.0,1065.30666,11826
2026-07-17 19:00:00,64251.0,64253.0,63966.0,64077.0,586.32656,7989
2026-07-17 19:30:00,64078.0,64208.0,64063.0,64156.0,236.24532,4692
2026-07-17 20:00:00,64153.0,64153.0,63981.0,64044.0,646.02964,5129
2026-07-17 20:30:00,64044.0,64203.0,63965.0,64118.0,720.06005,5198
2026-07-17 21:00:00,64119.0,64231.0,64118.0,64151.0,268.44642,3129
2026-07-17 21:30:00,64152.0,64153.0,64065.0,64106.0,305.85332,3004
2026-07-17 22:00:00,64106.0,64158.0,63947.0,63954.0,712.79133,3924
2026-07-17 22:30:00,63954.0,63982.0,63910.0,63971.0,177.06171,3219
2026-07-17 23:00:00,63970.0,63971.0,63876.0,63958.0,97.74107,2700
2026-07-17 23:30:00,63957.0,64000.0,63927.0,63928.0,145.08259,2211
2026-07-18 00:00:00,63927.0,64000.0,63886.0,63988.0,96.87857,2276
2026-07-18 00:30:00,63987.0,63988.0,63884.0,63892.0,146.62691,2310
2026-07-18 01:00:00,63897.0,63999.0,63873.0,63993.0,182.05501,2510
2026-07-18 01:30:00,63993.0,63993.0,63903.0,63948.0,162.20456,2231
2026-07-18 02:00:00,63947.0,64001.0,63921.0,63989.0,136.57122,2192
2026-07-18 02:30:00,63989.0,64029.0,63938.0,63950.0,110.72151,1958
2026-07-18 03:00:00,63950.0,63982.0,63938.0,63941.0,45.05379,1694
2026-07-18 03:30:00,63941.0,64010.0,63922.0,64009.0,65.44335,1863
2026-07-18 04:00:00,64009.0,64010.0,63943.0,63968.0,244.34164,2186
2026-07-18 04:30:00,63968.0,63969.0,63929.0,63955.0,125.72254,1505
2026-07-18 05:00:00,63955.0,63968.0,63914.0,63960.0,93.30294,1843
2026-07-18 05:30:00,63960.0,63986.0,63923.0,63942.0,221.26136,2309
2026-07-18 06:00:00,63943.0,63990.0,63942.0,63978.0,36.09532,1239
2026-07-18 06:30:00,63978.0,63978.0,63930.0,63970.0,101.24729,1566
2026-07-18 07:00:00,63970.0,64005.0,63969.0,63995.0,107.24627,1644
2026-07-18 07:30:00,63995.0,64020.0,63989.0,63995.0,89.55857,1522
2026-07-18 08:00:00,63993.0,64004.0,63944.0,63996.0,210.30927,3468
2026-07-18 08:30:00,63996.0,64014.0,63961.0,63986.0,136.36755,1950
2026-07-18 09:00:00,63987.0,63992.0,63924.0,63924.0,74.77874,1765
2026-07-18 09:30:00,63924.0,63974.0,63924.0,63973.0,51.85404,1315
2026-07-18 10:00:00,63973.0,63996.0,63969.0,63995.0,68.72273,1250
2026-07-18 10:30:00,63995.0,63996.0,63983.0,63991.0,21.68717,893
2026-07-18 11:00:00,63992.0,64010.0,63991.0,64010.0,30.7961,1102
2026-07-18 11:30:00,64009.0,64088.0,64000.0,64049.0,398.83082,2630
2026-07-18 12:00:00,64048.0,64194.0,64035.0,64079.0,502.48941,6261
2026-07-18 12:30:00,64079.0,64250.0,64057.0,64196.0,391.64093,3950
2026-07-18 13:00:00,64197.0,64197.0,63943.0,64034.0,346.41671,3694
2026-07-18 13:30:00,64034.0,64095.0,64006.0,64094.0,122.43683,1849
2026-07-18 14:00:00,64095.0,64159.0,64083.0,64159.0,113.00572,3563
2026-07-18 14:30:00,64159.0,64181.0,64085.0,64102.0,136.67182,2719
2026-07-18 15:00:00,64102.0,64117.0,64061.0,64061.0,95.64275,2276
2026-07-18 15:30:00,64061.0,64153.0,64020.0,64104.0,146.47607,2709
2026-07-18 16:00:00,64105.0,64138.0,64070.0,64122.0,95.95243,2223
2026-07-18 16:30:00,64122.0,64300.0,64110.0,64277.0,287.51693,4341
2026-07-18 17:00:00,64287.0,64402.0,64259.0,64281.0,548.1675,5645
2026-07-18 17:30:00,64282.0,64505.0,64275.0,64477.0,774.07437,6195
2026-07-18 18:00:00,64477.0,64619.0,64455.0,64559.0,755.52041,7336
2026-07-18 18:30:00,64559.0,64560.0,64464.0,64513.0,537.0173,6671
2026-07-18 19:00:00,64514.0,64589.0,64467.0,64467.0,578.76616,4790
2026-07-18 19:30:00,64468.0,64563.0,64467.0,64546.0,381.56561,4115
2026-07-18 20:00:00,64545.0,64742.0,64500.0,64638.0,708.10074,6166
2026-07-18 20:30:00,64638.0,64713.0,64562.0,64694.0,405.87735,3972
2026-07-18 21:00:00,64693.0,64847.0,64634.0,64720.0,909.43745,6609
2026-07-18 21:30:00,64720.0,64807.0,64609.0,64729.0,412.98079,4287
2026-07-18 22:00:00,64730.0,64873.0,64720.0,64725.0,244.92776,3769
2026-07-18 22:30:00,64726.0,64832.0,64703.0,64805.0,134.98585,2702
2026-07-18 23:00:00,64805.0,64837.0,64710.0,64827.0,250.99594,3061
2026-07-18 23:30:00,64826.0,64839.0,64795.0,64827.0,247.58568,2885
2026-07-19 00:00:00,64828.0,64901.0,64769.0,64770.0,663.57583,5729
2026-07-19 00:30:00,64769.0,64807.0,64757.0,64766.0,276.64709,2882
2026-07-19 01:00:00,64766.0,64781.0,64759.0,64763.0,71.9294,1794
2026-07-19 01:30:00,64763.0,64764.0,64749.0,64757.0,141.19173,1686
2026-07-19 02:00:00,64758.0,64957.0,64696.0,64817.0,436.02408,5628
2026-07-19 02:30:00,64814.0,64953.0,64809.0,64814.0,344.94341,2810
2026-07-19 03:00:00,64814.0,64830.0,64616.0,64654.0,172.89599,2802
2026-07-19 03:30:00,64654.0,64705.0,64635.0,64694.0,132.52416,1716
2026-07-19 04:00:00,64695.0,64699.0,64601.0,64695.0,274.71772,2878
2026-07-19 04:30:00,64695.0,64787.0,64689.0,64712.0,157.03379,2296
2026-07-19 05:00:00,64712.0,64810.0,64709.0,64710.0,71.22076,1640
2026-07-19 05:30:00,64709.0,64753.0,64657.0,64715.0,168.18782,1865
2026-07-19 06:00:00,64716.0,64752.0,64687.0,64719.0,136.91656,1663
2026-07-19 06:30:00,64718.0,64752.0,64700.0,64706.0,79.17431,1761
2026-07-19 07:00:00,64706.0,64714.0,64680.0,64714.0,146.11924,3210
2026-07-19 07:30:00,64713.0,64776.0,64665.0,64713.0,104.82813,2089
2026-07-19 08:00:00,64714.0,64719.0,64620.0,64654.0,134.6145,2072
2026-07-19 08:30:00,64654.0,64740.0,64620.0,64697.0,170.84836,1935
2026-07-19 09:00:00,64697.0,64715.0,64529.0,64566.0,493.95279,2756
2026-07-19 09:30:00,64565.0,64587.0,64488.0,64507.0,445.09227,3617
2026-07-19 10:00:00,64508.0,64610.0,64465.0,64610.0,191.15258,2107
2026-07-19 10:30:00,64609.0,64686.0,64550.0,64565.0,312.13347,3145
2026-07-19 11:00:00,64566.0,64622.0,64499.0,64536.0,273.01186,3002
2026-07-19 11:30:00,64536.0,64540.0,64424.0,64452.0,286.32403,2923
2026-07-19 12:00:00,64453.0,64453.0,64275.0,64298.0,604.38401,5317
2026-07-19 12:30:00,64299.0,64453.0,64298.0,64437.0,387.53744,3531
2026-07-19 13:00:00,64437.0,64454.0,64293.0,64413.0,428.68953,3332
2026-07-19 13:30:00,64413.0,64515.0,64404.0,64482.0,117.45128,2830
2026-07-19 14:00:00,64482.0,64555.0,64410.0,64461.0,284.7582,5463
2026-07-19 14:30:00,64461.0,64641.0,64445.0,64588.0,179.87921,3479
2026-07-19 15:00:00,64588.0,64618.0,64499.0,64503.0,166.80254,3113
2026-07-19 15:30:00,64503.0,64592.0,64488.0,64574.0,446.48031,3272
2026-07-19 16:00:00,64575.0,64648.0,64514.0,64613.0,256.63159,3325
2026-07-19 16:30:00,64613.0,64613.0,64521.0,64536.0,149.99323,3140
2026-07-19 17:00:00,64536.0,64762.0,64401.0,64640.0,589.19799,7347
2026-07-19 17:30:00,64640.0,64717.0,64526.0,64536.0,197.50724,3742
2026-07-19 18:00:00,64536.0,64545.0,64285.0,64389.0,504.35109,5584
2026-07-19 18:30:00,64389.0,64444.0,64334.0,64411.0,252.4322,2903
2026-07-19 19:00:00,64411.0,64455.0,64338.0,64434.0,66.14156,2085
2026-07-19 19:30:00,64434.0,64456.0,64379.0,64456.0,164.95228,2132
2026-07-19 20:00:00,64456.0,64537.0,64455.0,64480.0,87.2008,2504
2026-07-19 20:30:00,64479.0,64537.0,64469.0,64536.0,57.42417,1714
2026-07-19 21:00:00,64536.0,64559.0,64454.0,64468.0,188.85555,2234
2026-07-19 21:30:00,64467.0,64468.0,64339.0,64404.0,363.86035,4829
2026-07-19 22:00:00,64404.0,64890.0,64345.0,64746.0,1895.06331,13115
2026-07-19 22:30:00,64745.0,64814.0,64659.0,64659.0,592.74608,4414
2026-07-19 23:00:00,64660.0,64709.0,64553.0,64666.0,195.42118,3832
2026-07-19 23:30:00,64666.0,64767.0,64636.0,64718.0,207.21074,3536
2026-07-20 00:00:00,64719.0,65082.0,64555.0,64871.0,1548.94066,11405
2026-07-20 00:30:00,64871.0,64933.0,64400.0,64539.0,631.86214,6906
2026-07-20 01:00:00,64539.0,65018.0,64508.0,64831.0,1012.99957,7991
2026-07-20 01:30:00,64831.0,64919.0,64482.0,64604.0,666.10933,5677
2026-07-20 02:00:00,64604.0,64900.0,64560.0,64651.0,1097.22059,7415
2026-07-20 02:30:00,64650.0,64900.0,64631.0,64799.0,786.84942,5176
2026-07-20 03:00:00,64800.0,64860.0,64616.0,64663.0,535.89631,4400
2026-07-20 03:30:00,64663.0,64896.0,64644.0,64841.0,612.84958,3958
2026-07-20 04:00:00,64840.0,64841.0,64609.0,64738.0,231.42169,3016
2026-07-20 04:30:00,64739.0,64780.0,64506.0,64510.0,1165.40016,4965
2026-07-20 05:00:00,64510.0,64529.0,64060.0,64158.0,1186.57442,11057
2026-07-20 05:30:00,64158.0,64230.0,64072.0,64099.0,225.97313,4533
2026-07-20 06:00:00,64100.0,64200.0,64058.0,64111.0,162.30684,3630
2026-07-20 06:30:00,64105.0,64129.0,63730.0,63883.0,2230.32893,11322
2026-07-20 07:00:00,63884.0,64108.0,63865.0,64103.0,378.12599,4726
2026-07-20 07:30:00,64103.0,64275.0,64064.0,64241.0,362.82659,5071
2026-07-20 08:00:00,64241.0,64334.0,64190.0,64212.0,795.75295,6009
2026-07-20 08:30:00,64212.0,64249.0,63808.0,64025.0,842.65862,7441
2026-07-20 09:00:00,64025.0,64175.0,63986.0,64172.0,276.49434,4297
2026-07-20 09:30:00,64172.0,64258.0,64163.0,64187.0,332.57564,4484
2026-07-20 10:00:00,64187.0,64396.0,64139.0,64332.0,332.93691,5297
2026-07-20 10:30:00,64332.0,64332.0,64230.0,64278.0,282.19036,5058
2026-07-20 11:00:00,64278.0,64400.0,64242.0,64329.0,461.01883,6323
2026-07-20 11:30:00,64330.0,65057.0,64321.0,64989.0,2025.85022,13005
2026-07-20 12:00:00,64989.0,64989.0,64652.0,64678.0,854.16775,8016
2026-07-20 12:30:00,64678.0,64734.0,64582.0,64629.0,382.93774,5434
2026-07-20 13:00:00,64629.0,64736.0,64509.0,64524.0,473.50456,6192
2026-07-20 13:30:00,64525.0,64750.0,64199.0,64327.0,1399.74098,13362
2026-07-20 14:00:00,64326.0,64480.0,64031.0,64448.0,1327.04812,12869
2026-07-20 14:30:00,64447.0,64548.0,64284.0,64392.0,514.05902,6896
2026-07-20 15:00:00,64391.0,65000.0,64391.0,64931.0,1625.24433,14095
2026-07-20 15:30:00,64930.0,65600.0,64790.0,65565.0,3153.91266,22184
2026-07-20 16:00:00,65564.0,65599.0,65328.0,65416.0,1215.31343,10971
2026-07-20 16:30:00,65416.0,65524.0,65321.0,65474.0,516.22344,8238
2026-07-20 17:00:00,65474.0,65524.0,65403.0,65479.0,551.34643,6016
2026-07-20 17:30:00,65479.0,65600.0,65315.0,65558.0,525.55315,6449
2026-07-20 18:00:00,65557.0,65778.0,65538.0,65563.0,1910.25141,12696
2026-07-20 18:30:00,65562.0,65563.0,65157.0,65200.0,2647.69615,14780
2026-07-20 19:00:00,65200.0,65237.0,65013.0,65110.0,1702.71423,12558
2026-07-20 19:30:00,65110.0,65146.0,65010.0,65100.0,1018.82798,8797
2026-07-20 20:00:00,65100.0,65303.0,65020.0,65269.0,1731.84273,8421
2026-07-20 20:30:00,65268.0,65416.0,65253.0,65348.0,662.71727,5953
2026-07-20 21:00:00,65349.0,65349.0,65258.0,65280.0,405.74206,3320
2026-07-20 21:30:00,65279.0,65427.0,65246.0,65262.0,277.48137,3980
2026-07-20 22:00:00,65261.0,65262.0,65104.0,65189.0,243.58881,4818
2026-07-20 22:30:00,65189.0,65207.0,65051.0,65100.0,622.91102,4151
2026-07-20 23:00:00,65100.0,65234.0,65093.0,65215.0,637.40572,4495
2026-07-20 23:30:00,65216.0,65247.0,65132.0,65226.0,150.55902,3038
2026-07-21 00:00:00,65227.0,65408.0,65124.0,65327.0,286.04703,5128
2026-07-21 00:30:00,65327.0,65553.0,65327.0,65545.0,480.01912,6094
2026-07-21 01:00:00,65544.0,65635.0,65406.0,65414.0,527.37006,6289
2026-07-21 01:30:00,65414.0,65450.0,65204.0,65205.0,315.2082,4749
2026-07-21 02:00:00,65205.0,65385.0,65137.0,65237.0,896.23627,5957
2026-07-21 02:30:00,65238.0,65464.0,65237.0,65380.0,111.50981,3765
2026-07-21 03:00:00,65381.0,65505.0,65379.0,65456.0,456.75089,4422
2026-07-21 03:30:00,65456.0,65565.0,65415.0,65539.0,721.56895,4350
2026-07-21 04:00:00,65538.0,65719.0,65500.0,65501.0,741.90152,6632
2026-07-21 04:30:00,65500.0,65556.0,65456.0,65502.0,282.96199,4689
2026-07-21 05:00:00,65502.0,65629.0,65451.0,65575.0,288.19026,4422
2026-07-21 05:30:00,65575.0,65860.0,65532.0,65720.0,1262.30228,8503
2026-07-21 06:00:00,65720.0,65814.0,65608.0,65802.0,315.05339,5424
2026-07-21 06:30:00,65797.0,65970.0,65781.0,65892.0,669.15703,7542
2026-07-21 07:00:00,65893.0,65979.0,65840.0,65943.0,358.21114,5656
2026-07-21 07:30:00,65943.0,66215.0,65927.0,66170.0,2157.31768,12779
2026-07-21 08:00:00,66168.0,66329.0,66102.0,66187.0,1040.93778,11203
2026-07-21 08:30:00,66187.0,66318.0,66156.0,66194.0,750.49949,8044
2026-07-21 09:00:00,66195.0,66216.0,66113.0,66215.0,162.76368,5052
2026-07-21 09:30:00,66216.0,66316.0,66202.0,66259.0,644.38641,5919
2026-07-21 10:00:00,66260.0,66382.0,66234.0,66360.0,780.31489,7454
2026-07-21 10:30:00,66360.0,66382.0,66151.0,66160.0,329.2471,6080
2026-07-21 11:00:00,66160.0,66231.0,66110.0,66202.0,191.01678,4503
2026-07-21 11:30:00,66202.0,66326.0,66202.0,66320.0,202.02117,3683
2026-07-21 12:00:00,66321.0,66470.0,66238.0,66426.0,793.4188,7233
2026-07-21 12:30:00,66427.0,66620.0,66395.0,66528.0,1291.79336,9534
2026-07-21 13:00:00,66529.0,66622.0,66375.0,66406.0,1078.13706,9023
2026-07-21 13:30:00,66406.0,66778.0,66301.0,66748.0,1480.4408,14363
2026-07-21 14:00:00,66748.0,66918.0,66606.0,66697.0,2167.07246,19009
2026-07-21 14:30:00,66698.0,66877.0,66618.0,66806.0,749.56992,9703
2026-07-21 15:00:00,66807.0,66807.0,66584.0,66584.0,744.71736,9578
2026-07-21 15:30:00,66585.0,66688.0,66489.0,66644.0,542.0298,8861
2026-07-21 16:00:00,66645.0,66729.0,66490.0,66499.0,304.43507,7198
2026-07-21 16:30:00,66499.0,66620.0,66437.0,66511.0,459.06481,6970
2026-07-21 17:00:00,66510.0,66536.0,66373.0,66414.0,861.2321,7775
2026-07-21 17:30:00,66413.0,66480.0,66100.0,66189.0,1465.59012,12151
2026-07-21 18:00:00,66188.0,66319.0,66065.0,66213.0,951.31944,8411
2026-07-21 18:30:00,66213.0,66341.0,66091.0,66302.0,721.65867,6730
2026-07-21 19:00:00,66301.0,66392.0,66236.0,66376.0,553.91178,5288
2026-07-21 19:30:00,66376.0,66469.0,66359.0,66417.0,497.96233,5321
2026-07-21 20:00:00,66417.0,66456.0,66326.0,66362.0,494.9377,4712
2026-07-21 20:30:00,66363.0,66469.0,66362.0,66374.0,291.53797,3860
2026-07-21 21:00:00,66373.0,66383.0,66275.0,66286.0,374.64837,5370
2026-07-21 21:30:00,66287.0,66367.0,66248.0,66352.0,312.03438,4869
2026-07-21 22:00:00,66353.0,66354.0,66185.0,66248.0,214.25558,5115
2026-07-21 22:30:00,66247.0,66291.0,66205.0,66272.0,171.53486,3794
2026-07-21 23:00:00,66271.0,66393.0,66188.0,66375.0,601.87073,5046
2026-07-21 23:30:00,66375.0,66553.0,66360.0,66527.0,380.30718,5473
2026-07-22 00:00:00,66526.0,66695.0,66510.0,66630.0,476.88704,7371
2026-07-22 00:30:00,66629.0,66714.0,66577.0,66593.0,313.21144,5735
2026-07-22 01:00:00,66591.0,66627.0,66296.0,66321.0,995.07415,8574
2026-07-22 01:30:00,66322.0,66473.0,66261.0,66399.0,686.6382,5662
2026-07-22 02:00:00,66400.0,66513.0,66346.0,66385.0,177.33736,4049
2026-07-22 02:30:00,66380.0,66380.0,66271.0,66285.0,264.57802,3868
2026-07-22 03:00:00,66286.0,66349.0,66152.0,66256.0,453.0643,5764
2026-07-22 03:30:00,66255.0,66324.0,66155.0,66180.0,247.7466,4058
2026-07-22 04:00:00,66179.0,66381.0,66165.0,66347.0,253.36509,4428
2026-07-22 04:30:00,66348.0,66400.0,66300.0,66359.0,105.40982,3857
2026-07-22 05:00:00,66360.0,66360.0,66015.0,66036.0,806.4114,7441
2026-07-22 05:30:00,66037.0,66105.0,65917.0,65955.0,1472.46942,9222
2026-07-22 06:00:00,65954.0,66000.0,65800.0,65827.0,1328.97691,9412
2026-07-22 06:30:00,65827.0,65964.0,65790.0,65898.0,271.49079,5341
2026-07-22 07:00:00,65898.0,65930.0,65809.0,65871.0,225.97708,4881
2026-07-22 07:30:00,65870.0,65885.0,65663.0,65808.0,611.59761,7091
2026-07-22 08:00:00,65808.0,66142.0,65808.0,65990.0,968.01339,8725
2026-07-22 08:30:00,65990.0,66049.0,65901.0,65958.0,178.45113,5156
2026-07-22 09:00:00,65958.0,66060.0,65938.0,66002.0,156.87347,5343
2026-07-22 09:30:00,66002.0,66003.0,65823.0,65902.0,258.1869,5985
2026-07-22 10:00:00,65903.0,65955.0,65868.0,65942.0,103.33514,4127
2026-07-22 10:30:00,65943.0,66097.0,65926.0,66027.0,276.80957,6220
2026-07-22 11:00:00,66027.0,66075.0,65959.0,66030.0,201.07789,6848
2026-07-22 11:30:00,66029.0,66047.0,65882.0,65990.0,266.85714,5049
2026-07-22 12:00:00,65989.0,65993.0,65822.0,65865.0,543.72737,5340
2026-07-22 12:30:00,65864.0,65890.0,65534.0,65613.0,601.86146,9552
2026-07-22 13:00:00,65613.0,65671.0,65544.0,65606.0,656.38489,7340
2026-07-22 13:30:00,65607.0,65962.0,65593.0,65939.0,776.74621,11729
2026-07-22 14:00:00,65939.0,66190.0,65558.0,65590.0,2416.49866,20586
2026-07-22 14:30:00,65590.0,65847.0,65555.0,65780.0,1225.39776,10933
2026-07-22 15:00:00,65780.0,66114.0,65780.0,66059.0,1980.78517,12311
2026-07-22 15:30:00,66060.0,66094.0,65923.0,66022.0,463.46655,7616
2026-07-22 16:00:00,66022.0,66137.0,65891.0,66001.0,1097.45871,8423
2026-07-22 16:30:00,66002.0,66358.0,65978.0,66208.0,1324.75062,10898
2026-07-22 17:00:00,66207.0,66250.0,65909.0,65966.0,1267.5567,8388
2026-07-22 17:30:00,65965.0,66216.0,65952.0,66000.0,373.28379,5660
2026-07-22 18:00:00,66000.0,66058.0,65811.0,65851.0,880.71971,7661
2026-07-22 18:30:00,65851.0,65909.0,65692.0,65866.0,886.59347,8963
2026-07-22 19:00:00,65866.0,65906.0,65666.0,65873.0,510.23411,6341
2026-07-22 19:30:00,65872.0,65945.0,65826.0,65906.0,340.65217,5918
2026-07-22 20:00:00,65902.0,65971.0,65770.0,65918.0,626.54395,7052
2026-07-22 20:30:00,65919.0,65930.0,65875.0,65890.0,93.02239,3866
2026-07-22 21:00:00,65890.0,65922.0,65867.0,65886.0,230.37989,3588
2026-07-22 21:30:00,65886.0,66107.0,65886.0,66040.0,396.49388,6012
2026-07-22 22:00:00,66040.0,66054.0,65908.0,65999.0,298.00216,4563
2026-07-22 22:30:00,65999.0,66022.0,65907.0,66019.0,239.41543,3606
2026-07-22 23:00:00,66018.0,66058.0,65809.0,65948.0,669.11562,5377
2026-07-22 23:30:00,65948.0,66125.0,65921.0,66086.0,967.80204,6075
2026-07-23 00:00:00,66086.0,66295.0,66044.0,66232.0,440.64362,6600
2026-07-23 00:30:00,66232.0,66252.0,66017.0,66028.0,853.67755,6413
2026-07-23 01:00:00,66027.0,66181.0,65857.0,65893.0,740.74714,8397
2026-07-23 01:30:00,65892.0,65908.0,65703.0,65803.0,1323.52163,8579
2026-07-23 02:00:00,65802.0,65810.0,65612.0,65696.0,731.26567,6921
2026-07-23 02:30:00,65696.0,65811.0,65687.0,65779.0,411.88694,4429
2026-07-23 03:00:00,65778.0,65789.0,65540.0,65606.0,609.41757,6426
2026-07-23 03:30:00,65605.0,65677.0,65579.0,65626.0,267.23724,4239
2026-07-23 04:00:00,65625.0,65708.0,65560.0,65672.0,242.09219,4531
2026-07-23 04:30:00,65672.0,65673.0,65559.0,65577.0,147.06939,3671
2026-07-23 05:00:00,65580.0,65689.0,65539.0,65689.0,158.44526,3697
2026-07-23 05:30:00,65689.0,65768.0,65613.0,65662.0,131.47152,3733
2026-07-23 06:00:00,65661.0,65724.0,65592.0,65720.0,419.82426,3665
2026-07-23 06:30:00,65721.0,65794.0,65691.0,65766.0,240.28257,3541
2026-07-23 07:00:00,65766.0,65766.0,65323.0,65412.0,857.9125,9419
2026-07-23 07:30:00,65412.0,65438.0,65350.0,65416.0,233.4058,5130
2026-07-23 08:00:00,65417.0,65571.0,65390.0,65571.0,428.11488,7107
2026-07-23 08:30:00,65570.0,65641.0,65564.0,65611.0,335.12999,6627
2026-07-23 09:00:00,65612.0,65739.0,65580.0,65699.0,613.20287,6988
2026-07-23 09:30:00,65699.0,65714.0,65596.0,65611.0,310.24714,4344
2026-07-23 10:00:00,65611.0,65738.0,65550.0,65737.0,888.30891,5578
2026-07-23 10:30:00,65738.0,65774.0,65679.0,65699.0,473.15365,3894
2026-07-23 11:00:00,65698.0,65710.0,65595.0,65598.0,129.05006,3388
2026-07-23 11:30:00,65597.0,65616.0,65502.0,65523.0,214.08734,4596
2026-07-23 12:00:00,65523.0,65566.0,65364.0,65397.0,467.84594,6582
2026-07-23 12:30:00,65396.0,65397.0,64967.0,65153.0,1711.80809,16250
2026-07-23 13:00:00,65153.0,65206.0,64940.0,64998.0,1156.75204,10481
2026-07-23 13:30:00,64997.0,65179.0,64848.0,64860.0,1347.39326,15131
2026-07-23 14:00:00,64860.0,65194.0,64807.0,65120.0,1248.8616,11507
2026-07-23 14:30:00,65120.0,65183.0,64828.0,64884.0,1006.65372,9364
2026-07-23 15:00:00,64885.0,64939.0,64700.0,64841.0,1163.89951,13337
2026-07-23 15:30:00,64842.0,65000.0,64800.0,64942.0,542.12893,8140
2026-07-23 16:00:00,64941.0,64942.0,64723.0,64793.0,476.04948,6934
2026-07-23 16:30:00,64793.0,64818.0,64697.0,64735.0,496.80745,7034
2026-07-23 17:00:00,64735.0,64851.0,64709.0,64830.0,698.10618,6630
2026-07-23 17:30:00,64831.0,64872.0,64637.0,64656.0,479.32972,6236
2026-07-23 18:00:00,64657.0,64800.0,64656.0,64791.0,347.40198,5262
2026-07-23 18:30:00,64791.0,64929.0,64754.0,64846.0,391.49945,5244
2026-07-23 19:00:00,64847.0,64914.0,64742.0,64872.0,165.24104,3819
2026-07-23 19:30:00,64872.0,64911.0,64675.0,64834.0,295.29002,5058
2026-07-23 20:00:00,64837.0,65174.0,64810.0,65152.0,1101.69998,8598
2026-07-23 20:30:00,65153.0,65159.0,65080.0,65117.0,271.18616,4315
2026-07-23 21:00:00,65118.0,65181.0,64975.0,65085.0,452.70224,4745
2026-07-23 21:30:00,65085.0,65144.0,65029.0,65144.0,157.44293,3660
2026-07-23 22:00:00,65144.0,65187.0,64985.0,65112.0,192.1935,4915
2026-07-23 22:30:00,65112.0,65186.0,65090.0,65158.0,723.41447,4492
2026-07-23 23:00:00,65157.0,65187.0,65111.0,65146.0,208.2243,3364
2026-07-23 23:30:00,65146.0,65181.0,65020.0,65069.0,139.65187,3087
2026-07-24 00:00:00,65070.0,65083.0,64850.0,64850.0,609.00709,6130
2026-07-24 00:30:00,64850.0,64945.0,64721.0,64941.0,511.67361,6621
2026-07-24 01:00:00,64942.0,65101.0,64909.0,65000.0,689.77653,5397
2026-07-24 01:30:00,64999.0,65144.0,64999.0,65054.0,191.20329,3756
2026-07-24 02:00:00,65054.0,65158.0,65031.0,65118.0,467.72505,3781
2026-07-24 02:30:00,65118.0,65119.0,64887.0,65093.0,717.56283,6071
2026-07-24 03:00:00,65094.0,65377.0,65052.0,65293.0,1406.44396,10117
2026-07-24 03:30:00,65292.0,65440.0,65245.0,65426.0,654.29751,5710
2026-07-24 04:00:00,65426.0,65426.0,65300.0,65387.0,420.72735,4474
2026-07-24 04:30:00,65387.0,65388.0,65232.0,65271.0,147.06606,3014
2026-07-24 05:00:00,65271.0,65367.0,65216.0,65316.0,616.84333,3777
2026-07-24 05:30:00,65317.0,65317.0,65239.0,65287.0,219.3074,2778
2026-07-24 06:00:00,65287.0,65475.0,65254.0,65434.0,333.05885,4360
2026-07-24 06:30:00,65435.0,65500.0,65374.0,65453.0,347.53299,3865
2026-07-24 07:00:00,65454.0,65795.0,65453.0,65622.0,1490.54689,11623
2026-07-24 07:30:00,65622.0,65693.0,65340.0,65483.0,860.36386,8727
2026-07-24 08:00:00,65488.0,65496.0,65283.0,65371.0,485.65254,5516
2026-07-24 08:30:00,65372.0,65440.0,65284.0,65285.0,153.0019,4263
2026-07-24 09:00:00,65285.0,65295.0,64923.0,64947.0,1996.63615,12844
2026-07-24 09:30:00,64948.0,65123.0,64937.0,65089.0,632.58981,6258
2026-07-24 10:00:00,65089.0,65141.0,64940.0,64996.0,467.7376,7637
2026-07-24 10:30:00,64997.0,65039.0,64878.0,64928.0,545.32164,5514
2026-07-24 11:00:00,64929.0,65040.0,64896.0,64998.0,245.92693,3703
2026-07-24 11:30:00,64998.0,65077.0,64828.0,65065.0,1193.90116,7565
2026-07-24 12:00:00,65065.0,65125.0,64970.0,65002.0,641.91412,4549
2026-07-24 12:30:00,65001.0,65037.0,64727.0,64751.0,483.13591,5798
2026-07-24 13:00:00,64751.0,64780.0,64326.0,64365.0,2596.67086,19373
2026-07-24 13:30:00,64364.0,64426.0,63900.0,64138.0,2489.10197,21033
2026-07-24 14:00:00,64140.0,64201.0,63730.0,63851.0,2146.238,15752
2026-07-24 14:30:00,63852.0,64053.0,63730.0,64052.0,1475.19815,13066
2026-07-24 15:00:00,64052.0,64194.0,63846.0,64119.0,1161.16357,11910
2026-07-24 15:30:00,64119.0,64323.0,64036.0,64085.0,823.24748,10468
2026-07-24 16:00:00,64087.0,64185.0,64017.0,64076.0,305.96017,5567
2026-07-24 16:30:00,64076.0,64076.0,63862.0,63939.0,948.93769,6683
2026-07-24 17:00:00,63939.0,64144.0,63892.0,64087.0,666.56739,5542
2026-07-24 17:30:00,64086.0,64194.0,64075.0,64169.0,651.36467,5695
2026-07-24 18:00:00,64169.0,64201.0,64110.0,64133.0,295.51499,4184
2026-07-24 18:30:00,64133.0,64279.0,64120.0,64258.0,573.05468,5763
2026-07-24 19:00:00,64258.0,64280.0,64111.0,64186.0,479.4603,4387
2026-07-24 19:30:00,64185.0,64250.0,64149.0,64199.0,334.86495,5443
2026-07-24 20:00:00,64199.0,64264.0,64167.0,64215.0,264.7461,3728
2026-07-24 20:30:00,64215.0,64216.0,64099.0,64144.0,324.64644,3653
2026-07-24 21:00:00,64144.0,64201.0,64112.0,64151.0,327.15199,3071
2026-07-24 21:30:00,64150.0,64192.0,64110.0,64125.0,222.40937,2823
2026-07-24 22:00:00,64125.0,64150.0,64111.0,64144.0,175.30379,2637
2026-07-24 22:30:00,64144.0,64205.0,64143.0,64144.0,144.70755,2471
2026-07-24 23:00:00,64143.0,64157.0,64119.0,64156.0,132.2583,2308
2026-07-24 23:30:00,64156.0,64157.0,64115.0,64123.0,56.16364,1819
2026-07-25 00:00:00,64122.0,64155.0,64113.0,64137.0,91.77894,2348
2026-07-25 00:30:00,64137.0,64146.0,64016.0,64048.0,249.34009,2945
2026-07-25 01:00:00,64047.0,64135.0,63983.0,64031.0,473.94523,3938
2026-07-25 01:30:00,64030.0,64124.0,64017.0,64041.0,146.31111,2383
2026-07-25 02:00:00,64040.0,64068.0,64004.0,64030.0,221.42935,2359
2026-07-25 02:30:00,64029.0,64041.0,63990.0,64013.0,110.44922,2268
2026-07-25 03:00:00,64012.0,64072.0,63991.0,64051.0,156.62509,2436
2026-07-25 03:30:00,64050.0,64071.0,64022.0,64062.0,57.19198,1912
2026-07-25 04:00:00,64060.0,64106.0,64055.0,64078.0,76.54745,1911
2026-07-25 04:30:00,64078.0,64173.0,64061.0,64150.0,242.1658,2711
2026-07-25 05:00:00,64150.0,64171.0,64116.0,64117.0,150.69233,1769
2026-07-25 05:30:00,64116.0,64120.0,63949.0,63995.0,295.46107,2835
2026-07-25 06:00:00,63995.0,64037.0,63956.0,63975.0,584.8429,3752
2026-07-25 06:30:00,63976.0,64000.0,63926.0,63978.0,551.10215,3392
2026-07-25 07:00:00,63979.0,64004.0,63970.0,63988.0,79.01014,2267
2026-07-25 07:30:00,63987.0,64007.0,63973.0,63984.0,133.75352,2297
2026-07-25 08:00:00,63985.0,63985.0,63903.0,63968.0,263.17362,3312
2026-07-25 08:30:00,63968.0,63969.0,63736.0,63841.0,1385.62122,6106
2026-07-25 09:00:00,63842.0,63912.0,63800.0,63910.0,422.57421,4569
2026-07-25 09:30:00,63911.0,64000.0,63899.0,63975.0,501.00386,3652
2026-07-25 10:00:00,63976.0,64027.0,63976.0,64008.0,226.83969,2913
2026-07-25 10:30:00,64009.0,64053.0,63971.0,64047.0,223.50555,3002
2026-07-25 11:00:00,64047.0,64074.0,64024.0,64051.0,185.32705,3594
2026-07-25 11:30:00,64052.0,64087.0,64031.0,64032.0,144.45089,2439
2026-07-25 12:00:00,64032.0,64058.0,64010.0,64022.0,72.84601,1350
2026-07-25 12:30:00,64021.0,64103.0,64012.0,64103.0,198.65467,2277
2026-07-25 13:00:00,64103.0,64114.0,64082.0,64105.0,112.9211,1643
2026-07-25 13:30:00,64105.0,64233.0,64093.0,64155.0,373.09189,3989
2026-07-25 14:00:00,64155.0,64164.0,64101.0,64140.0,151.52066,2198
2026-07-25 14:30:00,64141.0,64198.0,64140.0,64197.0,65.64941,1881
2026-07-25 15:00:00,64197.0,64250.0,64164.0,64176.0,156.04931,3315
2026-07-25 15:30:00,64177.0,64214.0,64153.0,64157.0,145.28489,1911
2026-07-25 16:00:00,64157.0,64183.0,64094.0,64118.0,110.27071,2108
2026-07-25 16:30:00,64117.0,64219.0,64116.0,64184.0,129.29408,2051
2026-07-25 17:00:00,64184.0,64265.0,64170.0,64250.0,228.98639,2776
2026-07-25 17:30:00,64249.0,64314.0,64222.0,64240.0,276.09857,3117
2026-07-25 18:00:00,64241.0,64402.0,64240.0,64400.0,236.06521,4100
2026-07-25 18:30:00,64400.0,64434.0,64359.0,64398.0,465.9574,3712
2026-07-25 19:00:00,64399.0,64427.0,64371.0,64389.0,240.60292,2966
2026-07-25 19:30:00,64390.0,64419.0,64367.0,64368.0,144.35629,1964
2026-07-25 20:00:00,64369.0,64374.0,64315.0,64354.0,161.5199,2115
2026-07-25 20:30:00,64354.0,64354.0,64282.0,64309.0,173.07053,2249
2026-07-25 21:00:00,64309.0,64309.0,64234.0,64271.0,77.27542,1976
2026-07-25 21:30:00,64271.0,64400.0,64270.0,64318.0,111.63199,2061
2026-07-25 22:00:00,64318.0,64393.0,64318.0,64361.0,50.97044,1368
2026-07-25 22:30:00,64367.0,64408.0,64329.0,64390.0,165.04624,1601
2026-07-25 23:00:00,64391.0,64407.0,64380.0,64382.0,102.29801,1460
2026-07-25 23:30:00,64382.0,64410.0,64355.0,64361.0,57.83399,1171
2026-07-26 00:00:00,64361.0,64450.0,64334.0,64450.0,209.74074,2464
2026-07-26 00:30:00,64450.0,64490.0,64385.0,64490.0,63.81042,2130
2026-07-26 01:00:00,64490.0,64530.0,64443.0,64454.0,160.61832,2100
2026-07-26 01:30:00,64454.0,64477.0,64426.0,64436.0,120.62442,1598
2026-07-26 02:00:00,64436.0,64455.0,64412.0,64455.0,27.34353,1262
2026-07-26 02:30:00,64455.0,64498.0,64399.0,64496.0,54.33391,1433
2026-07-26 03:00:00,64496.0,64555.0,64460.0,64526.0,261.6258,2511
2026-07-26 03:30:00,64528.0,64558.0,64501.0,64520.0,95.9212,1640
2026-07-26 04:00:00,64520.0,64526.0,64463.0,64526.0,63.71951,1364
2026-07-26 04:30:00,64526.0,64571.0,64487.0,64501.0,101.90739,1923
2026-07-26 05:00:00,64501.0,64501.0,64463.0,64464.0,112.99655,1545
2026-07-26 05:30:00,64464.0,64464.0,64387.0,64388.0,235.00667,1889
2026-07-26 06:00:00,64388.0,64406.0,64262.0,64274.0,185.70837,2698
2026-07-26 06:30:00,64275.0,64429.0,64273.0,64407.0,252.01839,2142
2026-07-26 07:00:00,64407.0,64433.0,64344.0,64344.0,87.66822,1609
2026-07-26 07:30:00,64345.0,64359.0,64320.0,64346.0,138.19793,1678
2026-07-26 08:00:00,64347.0,64385.0,64333.0,64363.0,58.29933,2069
2026-07-26 08:30:00,64363.0,64470.0,64362.0,64458.0,138.77674,2648
2026-07-26 09:00:00,64458.0,64528.0,64449.0,64507.0,92.32365,2106
2026-07-26 09:30:00,64508.0,64520.0,64488.0,64508.0,102.43764,1708
2026-07-26 10:00:00,64508.0,64510.0,64469.0,64492.0,45.65587,1183
2026-07-26 10:30:00,64492.0,64543.0,64483.0,64488.0,72.92744,1539
2026-07-26 11:00:00,64488.0,64512.0,64474.0,64474.0,54.67467,1535
2026-07-26 11:30:00,64475.0,64482.0,64467.0,64476.0,64.51756,1374
2026-07-26 12:00:00,64477.0,64630.0,64476.0,64549.0,491.77734,5062
2026-07-26 12:30:00,64550.0,64550.0,64407.0,64438.0,157.94733,2337
2026-07-26 13:00:00,64439.0,64490.0,64377.0,64441.0,165.97597,2877
2026-07-26 13:30:00,64441.0,64541.0,64432.0,64490.0,80.0785,1900
2026-07-26 14:00:00,64490.0,64725.0,64489.0,64593.0,678.26697,7045
2026-07-26 14:30:00,64594.0,64718.0,64592.0,64683.0,226.42618,3015
2026-07-26 15:00:00,64684.0,64744.0,64641.0,64725.0,207.39305,3186
2026-07-26 15:30:00,64726.0,64780.0,64700.0,64737.0,241.02218,3482
2026-07-26 16:00:00,64737.0,64777.0,64668.0,64768.0,303.24677,3071
2026-07-26 16:30:00,64769.0,64907.0,64702.0,64702.0,664.11667,4874
2026-07-26 17:00:00,64703.0,64768.0,64640.0,64682.0,246.90512,3222
2026-07-26 17:30:00,64682.0,64726.0,64638.0,64666.0,179.6359,2847
2026-07-26 18:00:00,64666.0,64674.0,64637.0,64659.0,69.32802,2250
2026-07-26 18:30:00,64658.0,64746.0,64655.0,64710.0,110.02063,2882
2026-07-26 19:00:00,64710.0,64717.0,64642.0,64686.0,223.64572,3834
2026-07-26 19:30:00,64686.0,64730.0,64664.0,64669.0,75.44869,2652
2026-07-26 20:00:00,64670.0,64670.0,64599.0,64614.0,298.37072,3382
2026-07-26 20:30:00,64613.0,64643.0,64613.0,64616.0,117.95455,2496
2026-07-26 21:00:00,64617.0,64838.0,64616.0,64795.0,307.12544,5010
2026-07-26 21:30:00,64795.0,64895.0,64771.0,64819.0,193.03933,4100
2026-07-26 22:00:00,64819.0,65223.0,64819.0,65189.0,1480.67657,11865
2026-07-26 22:30:00,65188.0,65484.0,65173.0,65377.0,1040.41899,10641
2026-07-26 23:00:00,65377.0,65561.0,65280.0,65310.0,874.3475,7963
2026-07-26 23:30:00,65310.0,65438.0,65253.0,65366.0,250.91344,4535
2026-07-27 00:00:00,65372.0,65395.0,65079.0,65171.0,701.11331,8243
2026-07-27 00:30:00,65170.0,65202.0,65045.0,65099.0,214.87594,4915
2026-07-27 01:00:00,65100.0,65182.0,64968.0,64997.0,232.94033,5319
2026-07-27 01:30:00,64997.0,65198.0,64866.0,65180.0,321.51706,5931
2026-07-27 02:00:00,65180.0,65220.0,65130.0,65159.0,167.54006,3707
2026-07-27 02:30:00,65159.0,65259.0,65083.0,65148.0,425.72925,4423
2026-07-27 03:00:00,65148.0,65324.0,65143.0,65294.0,129.78432,3475
2026-07-27 03:30:00,65294.0,65342.0,65230.0,65261.0,188.45682,3481
2026-07-27 04:00:00,65261.0,65470.0,65225.0,65303.0,225.35952,4368
2026-07-27 04:30:00,65302.0,65418.0,65227.0,65256.0,304.29362,3825
2026-07-27 05:00:00,65257.0,65405.0,65251.0,65381.0,158.49014,3054
2026-07-27 05:30:00,65382.0,65470.0,65318.0,65437.0,240.74262,3356
2026-07-27 06:00:00,65438.0,65715.0,65428.0,65466.0,742.75633,7219
2026-07-27 06:30:00,65466.0,65554.0,65379.0,65381.0,264.5379,4154
2026-07-27 07:00:00,65380.0,65417.0,65320.0,65389.0,266.83119,4100
2026-07-27 07:30:00,65388.0,65389.0,65180.0,65191.0,309.13106,4722
2026-07-27 08:00:00,65190.0,65226.0,65101.0,65196.0,447.58314,6316
2026-07-27 08:30:00,65195.0,65209.0,65090.0,65139.0,168.90391,4731
2026-07-27 09:00:00,65138.0,65207.0,65069.0,65200.0,150.01552,4336
2026-07-27 09:30:00,65199.0,65316.0,65180.0,65234.0,217.53393,4080
2026-07-27 10:00:00,65232.0,65361.0,65203.0,65318.0,97.9657,3539
2026-07-27 10:30:00,65319.0,65411.0,65298.0,65304.0,172.41292,4192
2026-07-27 11:00:00,65304.0,65305.0,65108.0,65108.0,238.78875,4693
2026-07-27 11:30:00,65108.0,65176.0,65058.0,65074.0,367.74865,4375
2026-07-27 12:00:00,65073.0,65232.0,64981.0,64981.0,850.71251,6966
2026-07-27 12:30:00,64982.0,65098.0,64796.0,65057.0,1246.04728,10150
2026-07-27 13:00:00,65057.0,65091.0,64893.0,64930.0,965.78006,6876
2026-07-27 13:30:00,64929.0,65680.0,64929.0,65182.0,1988.56456,20723
2026-07-27 14:00:00,65181.0,65395.0,64833.0,64839.0,1406.7652,15184
2026-07-27 14:30:00,64838.0,64853.0,64450.0,64667.0,2281.74926,21177
2026-07-27 15:00:00,64667.0,64756.0,64512.0,64623.0,1713.03184,13388
2026-07-27 15:30:00,64621.0,64667.0,64394.0,64514.0,1029.82331,8867
2026-07-27 16:00:00,64515.0,64760.0,64500.0,64708.0,799.26329,8519
2026-07-27 16:30:00,64707.0,64938.0,64707.0,64865.0,865.63713,10417
2026-07-27 17:00:00,64865.0,65037.0,64749.0,64971.0,916.32209,9223
2026-07-27 17:30:00,64971.0,65059.0,64914.0,64984.0,572.89052,6326
2026-07-27 18:00:00,64985.0,65031.0,64805.0,64881.0,361.06025,5636
2026-07-27 18:30:00,64880.0,64900.0,64718.0,64849.0,342.7041,6058
2026-07-27 19:00:00,64848.0,65000.0,64776.0,64971.0,580.43867,6457
2026-07-27 19:30:00,64971.0,65046.0,64886.0,64949.0,247.80224,4439
2026-07-27 20:00:00,64948.0,65027.0,64867.0,64985.0,245.72781,4543
2026-07-27 20:30:00,64985.0,64998.0,64865.0,64933.0,150.57899,3421
2026-07-27 21:00:00,64934.0,64934.0,64775.0,64791.0,192.30785,4640
2026-07-27 21:30:00,64792.0,64835.0,64755.0,64787.0,525.54855,4734
2026-07-27 22:00:00,64787.0,64788.0,64527.0,64569.0,466.96948,6142
2026-07-27 22:30:00,64569.0,64570.0,63768.0,63769.0,3091.92685,20925
2026-07-27 23:00:00,63768.0,63920.0,63576.0,63862.0,2637.3577,17154
2026-07-27 23:30:00,63861.0,63904.0,63612.0,63736.0,796.375,7391
2026-07-28 00:00:00,63737.0,63804.0,63471.0,63685.0,1241.11095,10893
2026-07-28 00:30:00,63685.0,63689.0,63442.0,63451.0,779.42136,7860
2026-07-28 01:00:00,63453.0,63504.0,63026.0,63288.0,1893.68487,15531
2026-07-28 01:30:00,63289.0,63372.0,63134.0,63200.0,765.2496,7211
2026-07-28 02:00:00,63200.0,63278.0,63132.0,63205.0,439.91338,5085
2026-07-28 02:30:00,63205.0,63217.0,63069.0,63159.0,381.00095,5138
2026-07-28 03:00:00,63160.0,63334.0,63146.0,63269.0,925.2518,6530
2026-07-28 03:30:00,63269.0,63355.0,63212.0,63320.0,689.90252,5048
2026-07-28 04:00:00,63320.0,63342.0,63258.0,63266.0,217.25047,3688
2026-07-28 04:30:00,63267.0,63333.0,63200.0,63332.0,209.8707,3249
2026-07-28 05:00:00,63333.0,63600.0,63307.0,63531.0,411.52634,5179
2026-07-28 05:30:00,63530.0,63547.0,63407.0,63429.0,356.52387,3620
2026-07-28 06:00:00,63430.0,63504.0,63377.0,63500.0,234.74425,3709
2026-07-28 06:30:00,63500.0,63641.0,63478.0,63621.0,374.91065,4195
2026-07-28 07:00:00,63622.0,63636.0,63499.0,63550.0,227.5859,3502
2026-07-28 07:30:00,63550.0,63554.0,63430.0,63480.0,145.92071,3004
2026-07-28 08:00:00,63480.0,63506.0,63411.0,63458.0,134.35062,3936
2026-07-28 08:30:00,63459.0,63493.0,63377.0,63402.0,148.85282,3452
2026-07-28 09:00:00,63403.0,63467.0,63371.0,63466.0,105.54719,3001
2026-07-28 09:30:00,63467.0,63557.0,63345.0,63374.0,256.00845,3721
2026-07-28 10:00:00,63374.0,63409.0,63265.0,63363.0,253.82268,4607
2026-07-28 10:30:00,63362.0,63531.0,63342.0,63451.0,166.08957,4425
2026-07-28 11:00:00,63452.0,63567.0,63330.0,63434.0,302.05907,6743
2026-07-28 11:30:00,63433.0,63553.0,63339.0,63441.0,286.26984,4823
2026-07-28 12:00:00,63440.0,63516.0,63398.0,63404.0,181.41173,3464
2026-07-28 12:30:00,63406.0,63567.0,63363.0,63543.0,581.70132,5582
2026-07-28 13:00:00,63543.0,63565.0,63277.0,63293.0,347.20697,4568
2026-07-28 13:30:00,63293.0,63374.0,62703.0,63089.0,2612.98134,22689
2026-07-28 14:00:00,63089.0,63291.0,62946.0,63164.0,1364.52184,13354
2026-07-28 14:30:00,63165.0,63532.0,63134.0,63400.0,1192.62905,11355
2026-07-28 15:00:00,63400.0,63971.0,63250.0,63729.0,2117.94584,16099
2026-07-28 15:30:00,63729.0,64000.0,63669.0,63911.0,1162.97327,10796
2026-07-28 16:00:00,63910.0,63936.0,63778.0,63823.0,866.56157,6434
2026-07-28 16:30:00,63819.0,64100.0,63755.0,64025.0,548.03902,6466
2026-07-28 17:00:00,64025.0,64025.0,63678.0,63710.0,699.08789,7325
2026-07-28 17:30:00,63710.0,63710.0,63476.0,63664.0,1227.19794,9177
2026-07-28 18:00:00,63663.0,63810.0,63647.0,63667.0,513.59947,7011
2026-07-28 18:30:00,63666.0,63768.0,63628.0,63701.0,221.77653,4742
2026-07-28 19:00:00,63701.0,63836.0,63700.0,63727.0,431.80527,5343
2026-07-28 19:30:00,63727.0,63875.0,63653.0,63870.0,571.07049,6000
2026-07-28 20:00:00,63873.0,63992.0,63847.0,63871.0,402.31643,6544
2026-07-28 20:30:00,63872.0,63923.0,63850.0,63885.0,411.94111,4934
2026-07-28 21:00:00,63886.0,63969.0,63860.0,63892.0,238.62163,5033
2026-07-28 21:30:00,63893.0,64039.0,63874.0,63946.0,342.09199,5671
2026-07-28 22:00:00,63947.0,63995.0,63882.0,63882.0,412.15727,5281
2026-07-28 22:30:00,63883.0,63885.0,63738.0,63751.0,429.39762,6395
2026-07-28 23:00:00,63750.0,63758.0,63525.0,63606.0,1178.06774,9677
2026-07-28 23:30:00,63607.0,63933.0,63606.0,63906.0,750.29099,7689
2026-07-29 00:00:00,63907.0,64148.0,63906.0,63989.0,743.68432,8055
2026-07-29 00:30:00,63989.0,64164.0,63858.0,63934.0,377.85539,6578
2026-07-29 01:00:00,63934.0,63981.0,63746.0,63881.0,413.16325,6494
2026-07-29 01:30:00,63880.0,63905.0,63663.0,63677.0,437.31487,6282
2026-07-29 02:00:00,63678.0,63992.0,63635.0,63991.0,244.44132,6229
2026-07-29 02:30:00,63992.0,64106.0,63882.0,63948.0,379.09822,5942
2026-07-29 03:00:00,63948.0,63981.0,63750.0,63768.0,153.00144,4371
2026-07-29 03:30:00,63767.0,63844.0,63681.0,63721.0,561.4686,5697
2026-07-29 04:00:00,63722.0,63809.0,63565.0,63788.0,496.29644,6925
2026-07-29 04:30:00,63787.0,63944.0,63750.0,63944.0,293.76306,5080
2026-07-29 05:00:00,63944.0,63992.0,63859.0,63926.0,217.75026,4601
2026-07-29 05:30:00,63925.0,64073.0,63898.0,64042.0,373.52803,5076
2026-07-29 06:00:00,64041.0,64382.0,64002.0,64369.0,773.11743,8370
2026-07-29 06:30:00,64369.0,64439.0,64354.0,64402.0,492.8544,7023
2026-07-29 07:00:00,64402.0,64485.0,64374.0,64480.0,385.65375,5627
2026-07-29 07:30:00,64481.0,64548.0,64411.0,64530.0,124.5332,4938
2026-07-29 08:00:00,64531.0,64577.0,64255.0,64271.0,807.91328,7921
2026-07-29 08:30:00,64272.0,64497.0,64250.0,64392.0,223.85949,5050
2026-07-29 09:00:00,64392.0,64455.0,64354.0,64432.0,220.70661,5845
2026-07-29 09:30:00,64432.0,64696.0,64432.0,64659.0,721.06757,9678
2026-07-29 10:00:00,64660.0,64685.0,64580.0,64589.0,270.4472,5647
2026-07-29 10:30:00,64590.0,64650.0,64378.0,64438.0,713.60904,6920
2026-07-29 11:00:00,64437.0,64568.0,64403.0,64470.0,287.30319,4941
2026-07-29 11:30:00,64469.0,64483.0,64386.0,64482.0,428.78033,4939
2026-07-29 12:00:00,64483.0,64483.0,64242.0,64308.0,372.16326,6590
2026-07-29 12:30:00,64308.0,64359.0,64200.0,64249.0,341.06363,5685
2026-07-29 13:00:00,64249.0,64300.0,64122.0,64177.0,626.70145,7314
2026-07-29 13:30:00,64177.0,64640.0,64116.0,64627.0,973.85793,13616
2026-07-29 14:00:00,64628.0,64689.0,64101.0,64175.0,932.53135,11751
2026-07-29 14:30:00,64176.0,64296.0,64025.0,64079.0,809.73384,10971
2026-07-29 15:00:00,64080.0,64173.0,63949.0,64074.0,785.10113,8824
2026-07-29 15:30:00,64073.0,64165.0,63848.0,63943.0,702.545,7792
2026-07-29 16:00:00,63943.0,64108.0,63875.0,64011.0,656.70546,7671
2026-07-29 16:30:00,64010.0,64050.0,63581.0,63789.0,1375.39283,13049
2026-07-29 17:00:00,63789.0,63852.0,63685.0,63731.0,732.35954,7822
2026-07-29 17:30:00,63734.0,64255.0,63695.0,64254.0,1308.33173,11651
2026-07-29 18:00:00,64254.0,64690.0,63950.0,64066.0,3593.79265,26543
2026-07-29 18:30:00,64066.0,64600.0,63714.0,64474.0,2233.94486,22929
2026-07-29 19:00:00,64474.0,64566.0,63925.0,63989.0,1823.27547,18717
2026-07-29 19:30:00,63990.0,64073.0,63478.0,63563.0,2406.68195,20692
2026-07-29 20:00:00,63562.0,63695.0,63345.0,63501.0,1632.83521,16785
2026-07-29 20:30:00,63501.0,63700.0,63443.0,63497.0,808.19427,9103
2026-07-29 21:00:00,63498.0,63550.0,63245.0,63544.0,926.42389,11492
2026-07-29 21:30:00,63544.0,63853.0,63504.0,63848.0,1494.73152,9607
2026-07-29 22:00:00,63848.0,64094.0,63843.0,64012.0,1401.42641,11917
2026-07-29 22:30:00,64012.0,64020.0,63885.0,63918.0,483.04863,5094
2026-07-29 23:00:00,63917.0,64044.0,63868.0,63979.0,192.24167,4708
2026-07-29 23:30:00,63979.0,64030.0,63838.0,63962.0,685.74136,4786
2026-07-30 00:00:00,63961.0,64090.0,63931.0,63974.0,222.36403,4965
2026-07-30 00:30:00,63974.0,63979.0,63588.0,63676.0,518.3241,6916
2026-07-30 01:00:00,63675.0,63865.0,63661.0,63815.0,791.05417,7395
2026-07-30 01:30:00,63814.0,64345.0,63811.0,64243.0,1036.42998,9599
2026-07-30 02:00:00,64243.0,64390.0,64210.0,64326.0,275.10951,5456
2026-07-30 02:30:00,64326.0,64327.0,64129.0,64158.0,244.21416,4499
2026-07-30 03:00:00,64158.0,64273.0,64108.0,64236.0,226.89882,4541
2026-07-30 03:30:00,64237.0,64237.0,64122.0,64138.0,141.97614,3283
2026-07-30 04:00:00,64141.0,64156.0,64066.0,64078.0,126.33397,3154
2026-07-30 04:30:00,64078.0,64139.0,63974.0,63994.0,252.05972,3873
2026-07-30 05:00:00,63995.0,64009.0,63877.0,63984.0,518.23665,5071
2026-07-30 05:30:00,63983.0,64142.0,63961.0,64009.0,375.38581,4166
2026-07-30 06:00:00,64009.0,64057.0,63940.0,64057.0,109.86897,2518
2026-07-30 06:30:00,64056.0,64056.0,63930.0,63968.0,96.19152,2057
2026-07-30 07:00:00,63969.0,64115.0,63968.0,64033.0,196.53623,3025
2026-07-30 07:30:00,64035.0,64039.0,63904.0,63977.0,98.72592,2662
2026-07-30 08:00:00,63979.0,64316.0,63954.0,64240.0,267.29748,5531
2026-07-30 08:30:00,64240.0,64324.0,64202.0,64277.0,738.46925,5882
2026-07-30 09:00:00,64278.0,64494.0,64257.0,64470.0,488.94928,7003
2026-07-30 09:30:00,64471.0,64600.0,64470.0,64540.0,380.66295,5382
2026-07-30 10:00:00,64540.0,64600.0,64534.0,64592.0,219.47068,3545
2026-07-30 10:30:00,64593.0,64597.0,64534.0,64553.0,192.17932,3125
2026-07-30 11:00:00,64554.0,64631.0,64516.0,64545.0,231.08955,3098
2026-07-30 11:30:00,64546.0,64850.0,64522.0,64747.0,765.46776,7336
2026-07-30 12:00:00,64748.0,64997.0,64748.0,64847.0,490.30486,8239
2026-07-30 12:30:00,64846.0,64913.0,64793.0,64892.0,545.82756,5415
2026-07-30 13:00:00,64892.0,64915.0,64783.0,64803.0,405.91922,4461
2026-07-30 13:30:00,64803.0,65153.0,64657.0,64986.0,1248.5808,13967
2026-07-30 14:00:00,64987.0,65006.0,64575.0,64751.0,1398.37924,12164
2026-07-30 14:30:00,64751.0,64824.0,64594.0,64645.0,539.33186,6885
2026-07-30 15:00:00,64644.0,64854.0,64569.0,64656.0,648.28646,7410
2026-07-30 15:30:00,64655.0,64770.0,64604.0,64692.0,557.26328,6311
2026-07-30 16:00:00,64692.0,64930.0,64690.0,64854.0,542.97374,6573
2026-07-30 16:30:00,64853.0,64864.0,64723.0,64789.0,400.72335,4076
2026-07-30 17:00:00,64789.0,64928.0,64738.0,64920.0,372.5456,4706
2026-07-30 17:30:00,64920.0,64951.0,64792.0,64836.0,199.88995,3441
2026-07-30 18:00:00,64837.0,64860.0,64721.0,64773.0,195.12138,3354
2026-07-30 18:30:00,64772.0,64776.0,64642.0,64669.0,149.48683,3622
2026-07-30 19:00:00,64669.0,64879.0,64668.0,64863.0,628.51756,5106
2026-07-30 19:30:00,64863.0,64863.0,64747.0,64769.0,143.22392,2813
2026-07-30 20:00:00,64768.0,64905.0,64739.0,64771.0,231.81156,3708
2026-07-30 20:30:00,64772.0,64853.0,64724.0,64744.0,462.65912,3451
2026-07-30 21:00:00,64744.0,64771.0,64689.0,64719.0,104.74064,2170
2026-07-30 21:30:00,64719.0,64762.0,64669.0,64701.0,146.72997,2912
2026-07-30 22:00:00,64701.0,64992.0,64623.0,64972.0,879.79849,7649
2026-07-30 22:30:00,64972.0,64991.0,64813.0,64828.0,128.04976,2864
2026-07-30 23:00:00,64827.0,64923.0,64812.0,64907.0,104.67609,2297
2026-07-30 23:30:00,64907.0,65066.0,64720.0,64754.0,596.2628,5648
2026-07-31 00:00:00,64755.0,64870.0,64720.0,64751.0,141.70168,2809
2026-07-31 00:30:00,64751.0,64791.0,64667.0,64702.0,259.50893,3363
2026-07-31 01:00:00,64703.0,65385.0,64703.0,65167.0,1189.70028,11317
2026-07-31 01:30:00,65165.0,65165.0,64469.0,64530.0,840.25943,9244
2026-07-31 02:00:00,64531.0,64583.0,64317.0,64317.0,1234.14695,8462
2026-07-31 02:30:00,64317.0,64380.0,64157.0,64267.0,884.46501,7186
2026-07-31 03:00:00,64268.0,64399.0,64150.0,64358.0,1334.49035,6115
2026-07-31 03:30:00,64358.0,64412.0,64270.0,64347.0,260.13336,3497
2026-07-31 04:00:00,64345.0,64413.0,64195.0,64310.0,371.44001,3567
2026-07-31 04:30:00,64310.0,64336.0,64265.0,64284.0,149.72462,2246
2026-07-31 05:00:00,64285.0,64405.0,64284.0,64301.0,491.43458,3434
2026-07-31 05:30:00,64302.0,64342.0,64237.0,64330.0,363.7438,3249
2026-07-31 06:00:00,64331.0,64428.0,64295.0,64428.0,217.72893,2781
2026-07-31 06:30:00,64428.0,64470.0,64168.0,64203.0,755.18288,5623
2026-07-31 07:00:00,64204.0,64204.0,63948.0,63966.0,1141.62694,8777
2026-07-31 07:30:00,63966.0,63988.0,63849.0,63918.0,477.21973,6301
2026-07-31 08:00:00,63919.0,63956.0,63833.0,63936.0,368.34233,5779
2026-07-31 08:30:00,63937.0,63937.0,63800.0,63806.0,322.05542,4213
2026-07-31 09:00:00,63806.0,63819.0,63656.0,63667.0,436.51485,6095
2026-07-31 09:30:00,63666.0,63730.0,63601.0,63696.0,498.6137,6043
2026-07-31 10:00:00,63697.0,63809.0,63582.0,63798.0,339.82338,5208
2026-07-31 10:30:00,63799.0,63928.0,63799.0,63894.0,296.45843,4812
2026-07-31 11:00:00,63893.0,63983.0,63850.0,63868.0,661.99941,4620
2026-07-31 11:30:00,63867.0,63868.0,63755.0,63771.0,378.09978,4255
2026-07-31 12:00:00,63771.0,63793.0,63663.0,63717.0,360.5624,4469
2026-07-31 12:30:00,63718.0,63737.0,63593.0,63728.0,466.2733,4308
2026-07-31 13:00:00,63729.0,63807.0,63677.0,63797.0,656.28428,4132
2026-07-31 13:30:00,63797.0,63797.0,63205.0,63258.0,2660.07035,17446
2026-07-31 14:00:00,63258.0,63295.0,62440.0,62615.0,4590.26418,34140
2026-07-31 14:30:00,62616.0,62808.0,62581.0,62669.0,1077.36328,11598
2026-07-31 15:00:00,62669.0,62693.0,62470.0,62566.0,678.55359,7223
2026-07-31 15:30:00,62566.0,62752.0,62540.0,62705.0,854.18061,6692
2026-07-31 16:00:00,62705.0,62920.0,62693.0,62902.0,1761.07773,9194
2026-07-31 16:30:00,62901.0,62905.0,62800.0,62847.0,650.75335,3954
2026-07-31 17:00:00,62847.0,62972.0,62779.0,62955.0,589.38243,5226
2026-07-31 17:30:00,62954.0,63279.0,62925.0,63209.0,1711.81015,10162
2026-07-31 18:00:00,63210.0,63267.0,63024.0,63025.0,924.33201,7062
2026-07-31 18:30:00,63025.0,63154.0,62934.0,63071.0,282.13156,6044
2026-07-31 19:00:00,63072.0,63132.0,62988.0,62993.0,132.99786,3272
2026-07-31 19:30:00,62992.0,63027.0,62902.0,62935.0,154.33956,3855
2026-07-31 20:00:00,62938.0,63007.0,62915.0,62978.0,101.22904,2625
2026-07-31 20:30:00,62977.0,62982.0,62894.0,62921.0,173.3774,2331
2026-07-31 21:00:00,62922.0,63000.0,62813.0,62971.0,460.58493,3324
2026-07-31 21:30:00,62972.0,63025.0,62885.0,62920.0,221.28446,2847
2026-07-31 22:00:00,62921.0,63003.0,62835.0,62966.0,266.75611,2732
2026-07-31 22:30:00,62960.0,62981.0,62881.0,62900.0,265.12383,2215
2026-07-31 23:00:00,62900.0,62988.0,62899.0,62952.0,131.85425,2451
2026-07-31 23:30:00,62953.0,62964.0,62821.0,62856.0,210.78318,2595
2026-08-01 00:00:00,62857.0,62969.0,62856.0,62934.0,108.00362,2469
2026-08-01 00:30:00,62935.0,62993.0,62905.0,62906.0,173.66618,1971
2026-08-01 01:00:00,62906.0,62960.0,62899.0,62926.0,46.95557,1533
2026-08-01 01:30:00,62925.0,62957.0,62899.0,62940.0,85.69131,1383
2026-08-01 02:00:00,62940.0,63052.0,62939.0,63037.0,84.61374,1741
2026-08-01 02:30:00,63036.0,63078.0,63028.0,63042.0,188.5773,1601
2026-08-01 03:00:00,63043.0,63047.0,62950.0,62990.0,172.66337,1981
2026-08-01 03:30:00,62990.0,63009.0,62957.0,62975.0,193.6817,1886
2026-08-01 04:00:00,62976.0,63028.0,62971.0,63016.0,53.39582,1161
2026-08-01 04:30:00,63020.0,63080.0,63020.0,63073.0,44.04764,1546
2026-08-01 05:00:00,63073.0,63115.0,63040.0,63073.0,84.40247,1874
2026-08-01 05:30:00,63072.0,63073.0,62967.0,63008.0,59.3308,1447
2026-08-01 06:00:00,63008.0,63040.0,62965.0,63035.0,109.66212,1501
2026-08-01 06:30:00,63035.0,63040.0,63034.0,63040.0,109.12062,928
2026-08-01 07:00:00,63040.0,63073.0,63037.0,63038.0,144.2556,1423
2026-08-01 07:30:00,63038.0,63038.0,63000.0,63018.0,69.32253,1308
2026-08-01 08:00:00,63018.0,63078.0,63017.0,63072.0,64.13549,1266
2026-08-01 08:30:00,63072.0,63114.0,63066.0,63103.0,48.59919,1852
2026-08-01 09:00:00,63103.0,63114.0,63076.0,63079.0,61.61428,1447
2026-08-01 09:30:00,63080.0,63089.0,63015.0,63024.0,53.55738,1385
2026-08-01 10:00:00,63024.0,63083.0,62951.0,63012.0,132.24479,2247
2026-08-01 10:30:00,63012.0,63045.0,62989.0,63021.0,55.0754,1423
2026-08-01 11:00:00,63022.0,63054.0,63010.0,63054.0,43.07574,1311
2026-08-01 11:30:00,63053.0,63059.0,63041.0,63046.0,34.37545,1130
2026-08-01 12:00:00,63046.0,63093.0,63045.0,63068.0,32.55144,1241
2026-08-01 12:30:00,63068.0,63078.0,63052.0,63070.0,80.01666,1178
2026-08-01 13:00:00,63069.0,63082.0,63054.0,63054.0,69.40772,1144
2026-08-01 13:30:00,63053.0,63055.0,63025.0,63041.0,47.59636,1206
2026-08-01 14:00:00,63042.0,63080.0,63041.0,63080.0,150.58705,1720
2026-08-01 14:30:00,63079.0,63098.0,63064.0,63098.0,118.83202,1630
2026-08-01 15:00:00,63097.0,63099.0,63028.0,63034.0,76.48321,1620
2026-08-01 15:30:00,63033.0,63038.0,62982.0,62982.0,246.82664,1676
2026-08-01 16:00:00,62982.0,62988.0,62898.0,62919.0,174.37657,2929
2026-08-01 16:30:00,62918.0,62995.0,62846.0,62885.0,312.31577,3014
2026-08-01 17:00:00,62885.0,62969.0,62774.0,62804.0,554.87876,4810
2026-08-01 17:30:00,62803.0,62813.0,62630.0,62675.0,761.57235,6558
2026-08-01 18:00:00,62675.0,62700.0,62480.0,62526.0,1222.02907,8288
2026-08-01 18:30:00,62525.0,62557.0,62237.0,62550.0,1345.40016,14369
2026-08-01 19:00:00,62549.0,62598.0,62460.0,62516.0,364.26931,4783
2026-08-01 19:30:00,62517.0,62561.0,62419.0,62503.0,380.78521,3624
2026-08-01 20:00:00,62503.0,62621.0,62456.0,62594.0,302.07818,4166
2026-08-01 20:30:00,62593.0,62646.0,62522.0,62635.0,298.29487,3876
2026-08-01 21:00:00,62634.0,62780.0,62634.0,62771.0,666.4669,6326
2026-08-01 21:30:00,62770.0,62840.0,62741.0,62792.0,513.73855,4617
2026-08-01 22:00:00,62791.0,62852.0,62769.0,62828.0,300.47291,2878
2026-08-01 22:30:00,62828.0,62831.0,62804.0,62804.0,140.44413,2145
2026-08-01 23:00:00,62804.0,62830.0,62739.0,62743.0,166.47897,1862
2026-08-01 23:30:00,62743.0,62816.0,62743.0,62790.0,105.02847,2101
2026-08-02 00:00:00,62789.0,62946.0,62789.0,62865.0,694.34559,4739
2026-08-02 00:30:00,62864.0,62883.0,62786.0,62811.0,121.76829,2225
2026-08-02 01:00:00,62810.0,63064.0,62810.0,62966.0,215.46058,4229
2026-08-02 01:30:00,62965.0,63006.0,62959.0,62971.0,216.67942,2259
2026-08-02 02:00:00,62970.0,63550.0,62939.0,63388.0,3194.50011,15406
2026-08-02 02:30:00,63388.0,63463.0,63314.0,63431.0,387.9355,4471
2026-08-02 03:00:00,63431.0,63534.0,63365.0,63426.0,211.71536,3553
2026-08-02 03:30:00,63427.0,63489.0,63423.0,63436.0,164.46956,2487
2026-08-02 04:00:00,63436.0,63547.0,63436.0,63526.0,342.02954,2981
2026-08-02 04:30:00,63526.0,63600.0,63506.0,63567.0,184.7694,2545
2026-08-02 05:00:00,63566.0,63617.0,63435.0,63462.0,371.44161,3620
2026-08-02 05:30:00,63462.0,63471.0,63398.0,63432.0,212.10834,2469
2026-08-02 06:00:00,63431.0,63479.0,63408.0,63478.0,153.86272,2321
2026-08-02 06:30:00,63478.0,63480.0,63439.0,63472.0,122.45852,1910
2026-08-02 07:00:00,63471.0,63475.0,63465.0,63466.0,56.24991,1259
2026-08-02 07:30:00,63466.0,63524.0,63457.0,63467.0,91.36507,1994
2026-08-02 08:00:00,63466.0,63517.0,63369.0,63369.0,579.14802,3306
2026-08-02 08:30:00,63369.0,63370.0,63142.0,63165.0,377.03434,4735
2026-08-02 09:00:00,63164.0,63291.0,63070.0,63214.0,351.9712,3836
2026-08-02 09:30:00,63213.0,63299.0,63213.0,63256.0,123.74274,1869
2026-08-02 10:00:00,63255.0,63256.0,63098.0,63117.0,201.23601,2919
2026-08-02 10:30:00,63117.0,63196.0,63117.0,63173.0,95.03511,2033
2026-08-02 11:00:00,63173.0,63182.0,63093.0,63135.0,152.47097,2113
2026-08-02 11:30:00,63135.0,63159.0,62960.0,63011.0,346.9287,3903
2026-08-02 12:00:00,63010.0,63214.0,63010.0,63168.0,354.32379,3630
2026-08-02 12:30:00,63168.0,63198.0,63087.0,63097.0,298.94257,3069
2026-08-02 13:00:00,63097.0,63122.0,63033.0,63062.0,101.35658,1944
2026-08-02 13:30:00,63061.0,63112.0,62989.0,63099.0,220.28726,2688
2026-08-02 14:00:00,63099.0,63141.0,63047.0,63111.0,76.76794,2040
2026-08-02 14:30:00,63111.0,63160.0,63037.0,63047.0,345.78877,2905
2026-08-02 15:00:00,63048.0,63122.0,63029.0,63115.0,194.07662,2380
2026-08-02 15:30:00,63115.0,63168.0,63098.0,63102.0,319.82953,2619
2026-08-02 16:00:00,63102.0,63119.0,63044.0,63093.0,226.17796,2433
2026-08-02 16:30:00,63093.0,63257.0,63088.0,63174.0,329.25506,3747
2026-08-02 17:00:00,63172.0,63340.0,63129.0,63270.0,362.17159,3560
2026-08-02 17:30:00,63269.0,63319.0,63269.0,63297.0,85.05078,2249
2026-08-02 18:00:00,63296.0,63319.0,63271.0,63278.0,73.36677,1980
2026-08-02 18:30:00,63277.0,63611.0,63277.0,63362.0,769.07603,6782
2026-08-02 19:00:00,63361.0,63375.0,63309.0,63316.0,217.22315,2946
2026-08-02 19:30:00,63315.0,63461.0,63311.0,63443.0,253.28363,2715
2026-08-02 20:00:00,63442.0,63483.0,63382.0,63397.0,150.9738,2653
2026-08-02 20:30:00,63396.0,63492.0,63396.0,63484.0,95.45542,2046
2026-08-02 21:00:00,63483.0,63555.0,63464.0,63533.0,384.09987,4211
2026-08-02 21:30:00,63533.0,63777.0,63515.0,63560.0,847.78887,7819
2026-08-02 22:00:00,63560.0,63784.0,63544.0,63564.0,982.22666,6363
2026-08-02 22:30:00,63565.0,63576.0,63342.0,63400.0,1049.6251,5961
2026-08-02 23:00:00,63401.0,63543.0,63320.0,63529.0,1024.13898,5890
2026-08-02 23:30:00,63530.0,63580.0,63475.0,63556.0,174.75568,3089
2026-08-03 00:00:00,63557.0,63590.0,63239.0,63247.0,697.84943,4924
2026-08-03 00:30:00,63248.0,63402.0,63202.0,63296.0,139.2019,3060
2026-08-03 01:00:00,63297.0,63337.0,63100.0,63155.0,219.78703,4002
2026-08-03 01:30:00,63156.0,63233.0,63140.0,63196.0,94.95866,2589
2026-08-03 02:00:00,63197.0,63267.0,63081.0,63108.0,222.49209,3269
2026-08-03 02:30:00,63108.0,63200.0,63093.0,63128.0,146.12292,2092
2026-08-03 03:00:00,63129.0,63152.0,63051.0,63055.0,299.15884,3172
2026-08-03 03:30:00,63056.0,63073.0,62764.0,62846.0,480.77931,5599
2026-08-03 04:00:00,62847.0,62962.0,62787.0,62959.0,290.66037,3967
2026-08-03 04:30:00,62958.0,62983.0,62760.0,62768.0,199.41373,3089
2026-08-03 05:00:00,62768.0,62862.0,62720.0,62789.0,285.57548,3728
2026-08-03 05:30:00,62789.0,62851.0,62754.0,62808.0,723.84065,3568
2026-08-03 06:00:00,62809.0,62852.0,62741.0,62768.0,140.25908,2723
2026-08-03 06:30:00,62768.0,62810.0,62583.0,62594.0,428.86986,6057
2026-08-03 07:00:00,62595.0,62650.0,62535.0,62621.0,428.82703,4929
2026-08-03 07:30:00,62619.0,62681.0,62550.0,62597.0,188.69926,3667
2026-08-03 08:00:00,62596.0,62618.0,62301.0,62309.0,705.40682,7838
2026-08-03 08:30:00,62308.0,62541.0,62270.0,62518.0,547.24951,6377
2026-08-03 09:00:00,62518.0,62652.0,62499.0,62630.0,335.5172,4900
2026-08-03 09:30:00,62630.0,62835.0,62620.0,62812.0,840.77374,5517
2026-08-03 10:00:00,62813.0,62835.0,62711.0,62712.0,131.7915,3952
2026-08-03 10:30:00,62712.0,62759.0,62599.0,62720.0,294.15426,3809
2026-08-03 11:00:00,62720.0,62746.0,62565.0,62677.0,198.60561,3311
2026-08-03 11:30:00,62678.0,62759.0,62511.0,62534.0,547.99494,4837
2026-08-03 12:00:00,62534.0,62670.0,62423.0,62610.0,691.07569,6999
2026-08-03 12:30:00,62611.0,62781.0,62592.0,62677.0,195.13466,4238
2026-08-03 13:00:00,62677.0,62984.0,62676.0,62748.0,731.81139,8230
2026-08-03 13:30:00,62749.0,63377.0,62545.0,63340.0,2030.59581,21690
2026-08-03 14:00:00,63341.0,63782.0,63120.0,63747.0,2718.71654,25357
2026-08-03 14:30:00,63748.0,63946.0,63607.0,63940.0,2554.3283,20153
2026-08-03 15:00:00,63940.0,63955.0,63649.0,63682.0,1239.3279,10142
2026-08-03 15:30:00,63681.0,63880.0,63609.0,63661.0,1530.39773,8673
2026-08-03 16:00:00,63661.0,63916.0,63630.0,63872.0,835.95993,8395
2026-08-03 16:30:00,63871.0,63871.0,63686.0,63745.0,284.97417,5825
2026-08-03 17:00:00,63744.0,64017.0,63686.0,63798.0,585.5819,7371
2026-08-03 17:30:00,63798.0,63926.0,63757.0,63874.0,335.27312,4427
2026-08-03 18:00:00,63875.0,63963.0,63775.0,63820.0,390.37469,4197
2026-08-03 18:30:00,63819.0,63892.0,63728.0,63839.0,474.23511,3644
2026-08-03 19:00:00,63839.0,63982.0,63814.0,63939.0,302.64879,3743
2026-08-03 19:30:00,63940.0,64050.0,63821.0,63832.0,979.24964,7202
2026-08-03 20:00:00,63832.0,64006.0,63779.0,63914.0,683.18061,4632
2026-08-03 20:30:00,63914.0,63924.0,63736.0,63761.0,279.6379,3297
2026-08-03 21:00:00,63761.0,63761.0,63660.0,63695.0,231.99515,4510
2026-08-03 21:30:00,63696.0,63704.0,63521.0,63560.0,492.5978,5368
2026-08-03 22:00:00,63560.0,63651.0,63367.0,63505.0,672.24276,8933
2026-08-03 22:30:00,63505.0,63613.0,63467.0,63579.0,204.99571,3207
2026-08-03 23:00:00,63580.0,63593.0,63507.0,63545.0,281.50378,3472
2026-08-03 23:30:00,63545.0,63546.0,63429.0,63492.0,121.55043,2534
2026-08-04 00:00:00,63492.0,63562.0,63358.0,63423.0,170.03125,4091
2026-08-04 00:30:00,63423.0,63450.0,63287.0,63339.0,313.70713,5606
2026-08-04 01:00:00,63338.0,63556.0,63333.0,63497.0,991.91056,6451
2026-08-04 01:30:00,63497.0,63905.0,63497.0,63823.0,1244.78473,10706
2026-08-04 02:00:00,63823.0,63849.0,63657.0,63670.0,528.80396,4918
2026-08-04 02:30:00,63669.0,63948.0,63663.0,63799.0,433.70362,5140
2026-08-04 03:00:00,63806.0,63818.0,63629.0,63752.0,260.97704,4176
2026-08-04 03:30:00,63751.0,63835.0,63751.0,63777.0,115.14421,3257
2026-08-04 04:00:00,63776.0,63856.0,63734.0,63813.0,215.11468,3779
2026-08-04 04:30:00,63814.0,64220.0,63719.0,64007.0,2970.1583,12195
2026-08-04 05:00:00,64006.0,64025.0,63779.0,63783.0,412.13662,6581
2026-08-04 05:30:00,63782.0,63835.0,63749.0,63777.0,402.93038,4485
2026-08-04 06:00:00,63778.0,63828.0,63732.0,63734.0,310.09425,4631
2026-08-04 06:30:00,63734.0,63735.0,63632.0,63647.0,494.44443,5012
2026-08-04 07:00:00,63647.0,63647.0,63486.0,63621.0,412.13471,6179
2026-08-04 07:30:00,63621.0,63738.0,63620.0,63659.0,443.08866,5495
2026-08-04 08:00:00,63660.0,63712.0,63555.0,63591.0,230.92491,5028
2026-08-04 08:30:00,63591.0,63591.0,63531.0,63557.0,257.43932,5074
2026-08-04 09:00:00,63558.0,63558.0,63492.0,63549.0,362.4721,4999
2026-08-04 09:30:00,63550.0,63575.0,63496.0,63569.0,398.69837,5921
2026-08-04 10:00:00,63569.0,63581.0,63423.0,63439.0,427.49463,7285
2026-08-04 10:30:00,63439.0,63820.0,63437.0,63739.0,799.37327,8224
2026-08-04 11:00:00,63739.0,63840.0,63685.0,63755.0,237.96481,4512
2026-08-04 11:30:00,63754.0,63930.0,63694.0,63899.0,346.8143,5454
2026-08-04 12:00:00,63900.0,63900.0,63761.0,63808.0,253.03091,4323
2026-08-04 12:30:00,63808.0,64044.0,63785.0,63879.0,585.55367,6434
2026-08-04 13:00:00,63878.0,63987.0,63811.0,63866.0,388.73642,5451
2026-08-04 13:30:00,63866.0,64076.0,63621.0,63655.0,1124.22122,12086
2026-08-04 14:00:00,63655.0,63898.0,63587.0,63859.0,997.86745,13395
2026-08-04 14:30:00,63859.0,64160.0,63826.0,64097.0,1104.77327,11224
2026-08-04 15:00:00,64096.0,64191.0,63900.0,63923.0,519.68171,6778
2026-08-04 15:30:00,63924.0,64195.0,63781.0,64091.0,615.59204,8564
2026-08-04 16:00:00,64090.0,64097.0,63937.0,63998.0,316.65333,6521
2026-08-04 16:30:00,63998.0,64024.0,63866.0,63923.0,288.07004,4920
2026-08-04 17:00:00,63924.0,64153.0,63923.0,64123.0,348.05898,5806
2026-08-04 17:30:00,64123.0,64143.0,63853.0,63943.0,320.64088,5838
2026-08-04 18:00:00,63944.0,64370.0,63943.0,64329.0,1138.81928,12314
2026-08-04 18:30:00,64330.0,64370.0,64176.0,64268.0,676.70232,7129
2026-08-04 19:00:00,64268.0,64335.0,64224.0,64250.0,348.4534,5603
2026-08-04 19:30:00,64249.0,64385.0,64170.0,64202.0,725.09563,7739
2026-08-04 20:00:00,64202.0,64219.0,63974.0,64092.0,475.71331,7538
2026-08-04 20:30:00,64093.0,64400.0,64092.0,64318.0,833.0522,7478
2026-08-04 21:00:00,64318.0,64321.0,64155.0,64228.0,431.37803,5382
2026-08-04 21:30:00,64229.0,64242.0,64148.0,64163.0,132.60306,3700
2026-08-04 22:00:00,64163.0,64240.0,64107.0,64231.0,429.75878,4601
2026-08-04 22:30:00,64230.0,64269.0,64145.0,64242.0,148.76781,3834
2026-08-04 23:00:00,64243.0,64500.0,64123.0,64123.0,2095.02487,16052
2026-08-04 23:30:00,64124.0,64223.0,64047.0,64068.0,537.50092,6671
2026-08-05 00:00:00,64068.0,64068.0,63963.0,64033.0,699.62856,7996
2026-08-05 00:30:00,64033.0,64164.0,63953.0,63962.0,773.28914,6959
2026-08-05 01:00:00,63962.0,64094.0,63921.0,64087.0,1316.01137,6887
2026-08-05 01:30:00,64088.0,64321.0,64087.0,64304.0,680.90136,5752
2026-08-05 02:00:00,64304.0,64469.0,64299.0,64394.0,954.50939,7192
2026-08-05 02:30:00,64394.0,64455.0,64329.0,64339.0,302.20455,3981
2026-08-05 03:00:00,64338.0,64424.0,64044.0,64045.0,428.35192,5266
2026-08-05 03:30:00,64044.0,64160.0,64030.0,64157.0,135.8981,3484
2026-08-05 04:00:00,64157.0,64175.0,64070.0,64132.0,244.48777,3394
2026-08-05 04:30:00,64132.0,64193.0,64087.0,64148.0,85.74421,2848
2026-08-05 05:00:00,64148.0,64490.0,64144.0,64413.0,426.3174,5134
2026-08-05 05:30:00,64414.0,64414.0,64275.0,64315.0,211.50387,3752
2026-08-05 06:00:00,64315.0,64336.0,64257.0,64281.0,341.13604,3668
2026-08-05 06:30:00,64282.0,64344.0,64206.0,64222.0,117.04081,3283
2026-08-05 07:00:00,64222.0,64246.0,64020.0,64052.0,614.74564,6169
2026-08-05 07:30:00,64052.0,64139.0,63971.0,64138.0,565.57011,5611
2026-08-05 08:00:00,64139.0,64250.0,64101.0,64243.0,646.49008,6517
2026-08-05 08:30:00,64243.0,64250.0,64062.0,64092.0,238.86754,4826
2026-08-05 09:00:00,64093.0,64164.0,64085.0,64130.0,148.02315,3519
2026-08-05 09:30:00,64129.0,64183.0,64127.0,64127.0,94.43321,2824
2026-08-05 10:00:00,64127.0,64212.0,64047.0,64176.0,423.99039,4457
2026-08-05 10:30:00,64177.0,64198.0,63990.0,64032.0,270.51959,4947
2026-08-05 11:00:00,64033.0,64087.0,64014.0,64053.0,433.30255,4989
2026-08-05 11:30:00,64052.0,64115.0,64028.0,64041.0,334.13555,4311
2026-08-05 12:00:00,64042.0,64540.0,64024.0,64484.0,1194.12048,11740
2026-08-05 12:30:00,64483.0,64506.0,64286.0,64291.0,718.36657,8201
2026-08-05 13:00:00,64292.0,64306.0,64069.0,64108.0,841.3307,11815
2026-08-05 13:30:00,64108.0,64382.0,63850.0,64381.0,2063.99136,20449
2026-08-05 14:00:00,64381.0,64532.0,64274.0,64318.0,1471.97306,17298
2026-08-05 14:30:00,64319.0,64500.0,64268.0,64440.0,640.89748,9035
2026-08-05 15:00:00,64441.0,64700.0,64416.0,64467.0,1492.07949,14592
2026-08-05 15:30:00,64468.0,64679.0,64351.0,64351.0,764.63103,8307
2026-08-05 16:00:00,64352.0,64723.0,64351.0,64713.0,1008.46955,7883
2026-08-05 16:30:00,64713.0,64723.0,64593.0,64628.0,698.43753,5251
2026-08-05 17:00:00,64628.0,64666.0,64505.0,64577.0,283.71594,4355
2026-08-05 17:30:00,64578.0,64755.0,64550.0,64730.0,790.94066,6307
2026-08-05 18:00:00,64729.0,64776.0,64650.0,64700.0,771.91909,6841
2026-08-05 18:30:00,64700.0,64825.0,64651.0,64766.0,424.81775,5434
2026-08-05 19:00:00,64767.0,64900.0,64751.0,64884.0,922.81907,6966
2026-08-05 19:30:00,64884.0,64901.0,64795.0,64796.0,761.49523,5151
2026-08-05 20:00:00,64797.0,64986.0,64780.0,64950.0,1195.75782,8885
2026-08-05 20:30:00,64950.0,64968.0,64788.0,64794.0,374.89568,3972
2026-08-05 21:00:00,64795.0,64799.0,64621.0,64633.0,677.63574,5789
2026-08-05 21:30:00,64632.0,64723.0,64632.0,64699.0,242.41324,3651
2026-08-05 22:00:00,64699.0,64736.0,64617.0,64702.0,196.49005,3688
2026-08-05 22:30:00,64702.0,64746.0,64589.0,64596.0,290.91127,2887
2026-08-05 23:00:00,64596.0,64717.0,64546.0,64671.0,438.86868,3611
2026-08-05 23:30:00,64670.0,64674.0,64557.0,64625.0,110.31031,2111
2026-08-06 00:00:00,64625.0,64680.0,64547.0,64665.0,319.09733,3582
2026-08-06 00:30:00,64665.0,64690.0,64595.0,64618.0,157.6085,2006
2026-08-06 01:00:00,64618.0,64618.0,64490.0,64491.0,325.01592,2964
2026-08-06 01:30:00,64490.0,64629.0,64478.0,64565.0,241.31886,2615
2026-08-06 02:00:00,64563.0,64627.0,64425.0,64500.0,428.49328,3510
2026-08-06 02:30:00,64501.0,64573.0,64453.0,64552.0,139.75914,2110
2026-08-06 03:00:00,64552.0,64552.0,64480.0,64514.0,82.88668,1917
2026-08-06 03:30:00,64515.0,64559.0,64465.0,64511.0,159.40171,1839
2026-08-06 04:00:00,64511.0,64675.0,64473.0,64671.0,154.40612,2404
2026-08-06 04:30:00,64672.0,64719.0,64604.0,64703.0,273.16651,2863
2026-08-06 05:00:00,64702.0,64966.0,64701.0,64861.0,526.78175,6168
2026-08-06 05:30:00,64861.0,64888.0,64818.0,64865.0,305.60374,3216
2026-08-06 06:00:00,64865.0,64867.0,64710.0,64802.0,284.54867,3194
2026-08-06 06:30:00,64802.0,64830.0,64780.0,64824.0,68.41028,1745
2026-08-06 07:00:00,64824.0,64938.0,64800.0,64868.0,113.58289,2546
2026-08-06 07:30:00,64868.0,64879.0,64726.0,64784.0,828.1659,3364
2026-08-06 08:00:00,64784.0,64864.0,64713.0,64864.0,201.30417,3489
2026-08-06 08:30:00,64863.0,64967.0,64826.0,64913.0,183.76622,3485
2026-08-06 09:00:00,64912.0,64913.0,64685.0,64690.0,349.24506,4233
2026-08-06 09:30:00,64690.0,64690.0,64600.0,64654.0,247.29507,4020
2026-08-06 10:00:00,64653.0,64653.0,64555.0,64644.0,184.97843,3350
2026-08-06 10:30:00,64643.0,64648.0,64567.0,64589.0,160.62391,2781
2026-08-06 11:00:00,64589.0,64609.0,64466.0,64553.0,416.48727,4884
2026-08-06 11:30:00,64552.0,64634.0,64552.0,64598.0,361.61572,2897
2026-08-06 12:00:00,64597.0,64610.0,64435.0,64521.0,332.67692,3484
2026-08-06 12:30:00,64520.0,64566.0,64365.0,64393.0,453.21956,3872
2026-08-06 13:00:00,64394.0,64408.0,64161.0,64217.0,1368.18678,8878
2026-08-06 13:30:00,64217.0,64496.0,64156.0,64405.0,1160.83881,9412
2026-08-06 14:00:00,64405.0,64548.0,64357.0,64395.0,310.05554,6833
2026-08-06 14:30:00,64396.0,64817.0,64333.0,64745.0,783.42188,8616
2026-08-06 15:00:00,64746.0,64945.0,64678.0,64795.0,1353.83536,8695
2026-08-06 15:30:00,64795.0,64841.0,64597.0,64598.0,262.63851,7704
2026-08-06 16:00:00,64599.0,64683.0,64557.0,64629.0,455.60774,5995
2026-08-06 16:30:00,64629.0,64747.0,64581.0,64724.0,184.21717,3988
2026-08-06 17:00:00,64725.0,64801.0,64646.0,64658.0,200.12579,3256
2026-08-06 17:30:00,64659.0,64682.0,64512.0,64585.0,277.33048,4521
2026-08-06 18:00:00,64586.0,64586.0,64432.0,64486.0,485.78693,4993
2026-08-06 18:30:00,64487.0,64490.0,64341.0,64390.0,709.68168,5072
2026-08-06 19:00:00,64391.0,64436.0,64361.0,64369.0,345.42112,3503
2026-08-06 19:30:00,64369.0,64443.0,64318.0,64416.0,281.01014,2903
2026-08-06 20:00:00,64423.0,64505.0,64391.0,64450.0,687.87186,3540
2026-08-06 20:30:00,64451.0,64456.0,64403.0,64406.0,81.63326,2312
2026-08-06 21:00:00,64407.0,64485.0,64406.0,64423.0,251.72412,3404
2026-08-06 21:30:00,64424.0,64453.0,64375.0,64414.0,161.43197,2416
2026-08-06 22:00:00,64414.0,64421.0,64285.0,64329.0,265.1124,3021
2026-08-06 22:30:00,64330.0,64357.0,64301.0,64320.0,71.56056,2080
2026-08-06 23:00:00,64320.0,64333.0,64200.0,64221.0,310.7778,2808
2026-08-06 23:30:00,64221.0,64300.0,64171.0,64293.0,447.8296,3268
2026-08-07 00:00:00,64294.0,64388.0,64205.0,64251.0,171.7697,2985
2026-08-07 00:30:00,64249.0,64312.0,64209.0,64288.0,149.34372,2251
2026-08-07 01:00:00,64289.0,64415.0,64284.0,64395.0,75.53807,2723
2026-08-07 01:30:00,64395.0,64442.0,64267.0,64393.0,125.9656,2596
2026-08-07 02:00:00,64394.0,64518.0,64227.0,64289.0,284.11071,3850
2026-08-07 02:30:00,64290.0,64442.0,64252.0,64363.0,403.34895,2733
2026-08-07 03:00:00,64364.0,64378.0,64236.0,64292.0,160.01174,2013
2026-08-07 03:30:00,64292.0,64352.0,64241.0,64259.0,262.40772,2222
2026-08-07 04:00:00,64260.0,64335.0,64228.0,64276.0,131.95915,2108
2026-08-07 04:30:00,64277.0,64337.0,64137.0,64228.0,449.64189,3129
2026-08-07 05:00:00,64228.0,64237.0,64140.0,64149.0,177.37112,2177
2026-08-07 05:30:00,64149.0,64364.0,64148.0,64306.0,203.19419,2490
2026-08-07 06:00:00,64306.0,64444.0,64285.0,64394.0,210.16163,2453
2026-08-07 06:30:00,64395.0,64401.0,64251.0,64270.0,217.71687,2353
2026-08-07 07:00:00,64270.0,64389.0,64231.0,64375.0,188.04243,2324
2026-08-07 07:30:00,64376.0,64389.0,64280.0,64288.0,194.58533,1799
2026-08-07 08:00:00,64288.0,64424.0,64270.0,64418.0,338.32229,3142
2026-08-07 08:30:00,64419.0,64635.0,64419.0,64570.0,628.17968,6152
2026-08-07 09:00:00,64571.0,64837.0,64570.0,64791.0,400.23487,5879
2026-08-07 09:30:00,64791.0,64925.0,64769.0,64795.0,596.75783,6500
2026-08-07 10:00:00,64795.0,64857.0,64764.0,64857.0,324.85605,4392
2026-08-07 10:30:00,64856.0,64878.0,64818.0,64859.0,177.42094,3328
2026-08-07 11:00:00,64859.0,65183.0,64858.0,65042.0,1572.74584,12502
2026-08-07 11:30:00,65041.0,65058.0,64964.0,64994.0,451.03964,5120
2026-08-07 12:00:00,64995.0,65244.0,64994.0,65091.0,960.09889,7770
2026-08-07 12:30:00,65090.0,65356.0,64936.0,65254.0,1694.32018,12757
2026-08-07 13:00:00,65253.0,65297.0,65068.0,65121.0,736.84667,6142
2026-08-07 13:30:00,65121.0,65297.0,64967.0,64985.0,1007.11546,9811
2026-08-07 14:00:00,64985.0,65206.0,64746.0,65144.0,1527.36216,17283
2026-08-07 14:30:00,65155.0,65237.0,64918.0,64927.0,557.43158,7786
2026-08-07 15:00:00,64929.0,65043.0,64858.0,64996.0,305.63217,5213
2026-08-07 15:30:00,64997.0,65103.0,64873.0,64876.0,239.25249,3934
2026-08-07 16:00:00,64877.0,65044.0,64854.0,64902.0,211.97038,3861
2026-08-07 16:30:00,64902.0,64942.0,64775.0,64776.0,279.02694,3925
2026-08-07 17:00:00,64776.0,64797.0,64553.0,64572.0,1002.15937,7544
2026-08-07 17:30:00,64573.0,64737.0,64484.0,64736.0,579.10735,6458
2026-08-07 18:00:00,64736.0,64850.0,64736.0,64779.0,742.82043,5563
2026-08-07 18:30:00,64778.0,64807.0,64644.0,64690.0,355.87782,3844
2026-08-07 19:00:00,64690.0,64951.0,64690.0,64913.0,466.71657,5614
2026-08-07 19:30:00,64912.0,64990.0,64899.0,64919.0,315.34734,5085
2026-08-07 20:00:00,64920.0,64999.0,64919.0,64945.0,153.07561,3277
2026-08-07 20:30:00,64945.0,64952.0,64910.0,64940.0,117.03856,2920
2026-08-07 21:00:00,64941.0,64991.0,64910.0,64961.0,205.09091,6703
2026-08-07 21:30:00,64962.0,65063.0,64884.0,64884.0,272.2123,5617
2026-08-07 22:00:00,64885.0,64913.0,64855.0,64885.0,94.87951,2392
2026-08-07 22:30:00,64885.0,64887.0,64813.0,64852.0,204.53813,4374
2026-08-07 23:00:00,64851.0,64855.0,64839.0,64847.0,110.9599,3605
2026-08-07 23:30:00,64848.0,64886.0,64847.0,64885.0,75.38977,3524
2026-08-08 00:00:00,64886.0,64920.0,64778.0,64845.0,188.23876,5009
2026-08-08 00:30:00,64844.0,64888.0,64835.0,64888.0,83.64532,3886
2026-08-08 01:00:00,64887.0,64923.0,64870.0,64877.0,51.46049,3683
2026-08-08 01:30:00,64878.0,64902.0,64876.0,64885.0,48.45763,3450
2026-08-08 02:00:00,64886.0,64898.0,64860.0,64897.0,116.81548,3445
2026-08-08 02:30:00,64897.0,64921.0,64879.0,64887.0,83.17342,3497
2026-08-08 03:00:00,64886.0,65008.0,64886.0,64991.0,110.29482,4107
2026-08-08 03:30:00,64990.0,65045.0,64970.0,64998.0,97.85633,4111
2026-08-08 04:00:00,64997.0,65041.0,64939.0,64970.0,192.4326,4489
2026-08-08 04:30:00,64970.0,65035.0,64967.0,64974.0,88.35692,3691
2026-08-08 05:00:00,64973.0,64992.0,64961.0,64991.0,112.78823,3466
2026-08-08 05:30:00,64991.0,64992.0,64946.0,64967.0,62.73037,3428
2026-08-08 06:00:00,64967.0,64972.0,64941.0,64951.0,67.07848,3312
2026-08-08 06:30:00,64951.0,64989.0,64928.0,64975.0,134.87647,3619
2026-08-08 07:00:00,64976.0,64976.0,64962.0,64970.0,65.49741,3421
2026-08-08 07:30:00,64971.0,64971.0,64914.0,64926.0,96.18709,3445
2026-08-08 08:00:00,64926.0,64951.0,64919.0,64951.0,57.90948,3260
2026-08-08 08:30:00,64950.0,64983.0,64950.0,64961.0,51.51054,3232
2026-08-08 09:00:00,64960.0,64990.0,64960.0,64989.0,75.78401,3812
2026-08-08 09:30:00,64988.0,65025.0,64955.0,64959.0,77.49643,3995
2026-08-08 10:00:00,64959.0,64987.0,64959.0,64987.0,68.01108,3503
2026-08-08 10:30:00,64987.0,64992.0,64973.0,64981.0,76.97416,3345
2026-08-08 11:00:00,64982.0,64995.0,64941.0,64941.0,72.72771,2756
2026-08-08 11:30:00,64942.0,64942.0,64927.0,64939.0,138.89081,3433
2026-08-08 12:00:00,64940.0,65015.0,64883.0,64939.0,176.98248,3985
2026-08-08 12:30:00,64940.0,64990.0,64940.0,64970.0,68.8789,2650
2026-08-08 13:00:00,64971.0,64988.0,64970.0,64980.0,53.16465,2529
2026-08-08 13:30:00,64981.0,64988.0,64969.0,64988.0,47.54084,2632
2026-08-08 14:00:00,64987.0,65110.0,64976.0,65101.0,349.14617,5318
2026-08-08 14:30:00,65100.0,65168.0,65077.0,65103.0,441.43998,7081
2026-08-08 15:00:00,65104.0,65132.0,65048.0,65060.0,224.93735,4301
2026-08-08 15:30:00,65061.0,65071.0,65020.0,65051.0,201.33409,3531
2026-08-08 16:00:00,65051.0,65078.0,65049.0,65050.0,105.79053,3079
2026-08-08 16:30:00,65050.0,65062.0,65006.0,65062.0,208.07462,3952
2026-08-08 17:00:00,65062.0,65115.0,65049.0,65087.0,166.01506,4285
2026-08-08 17:30:00,65087.0,65125.0,65085.0,65088.0,189.11642,4345
2026-08-08 18:00:00,65087.0,65097.0,65000.0,65010.0,197.84444,3626
2026-08-08 18:30:00,65010.0,65030.0,65008.0,65014.0,75.01233,2625
2026-08-08 19:00:00,65013.0,65014.0,64977.0,64987.0,217.16148,3207
2026-08-08 19:30:00,64988.0,65054.0,64985.0,65044.0,70.6462,2756
2026-08-08 20:00:00,65044.0,65061.0,65017.0,65031.0,269.00655,3168
2026-08-08 20:30:00,65031.0,65053.0,65029.0,65045.0,64.65374,2544
2026-08-08 21:00:00,65045.0,65046.0,64995.0,65002.0,174.47084,4041
2026-08-08 21:30:00,65002.0,65032.0,64981.0,64987.0,75.634,2673
2026-08-08 22:00:00,64987.0,65009.0,64956.0,64964.0,160.68304,3193
2026-08-08 22:30:00,64964.0,64965.0,64912.0,64912.0,92.70828,2784
2026-08-08 23:00:00,64913.0,64945.0,64911.0,64915.0,192.86004,3230
2026-08-08 23:30:00,64915.0,64946.0,64901.0,64933.0,90.25926,3380
2026-08-09 00:00:00,64933.0,64938.0,64928.0,64936.0,50.34801,3286
2026-08-09 00:30:00,64935.0,64959.0,64931.0,64946.0,65.46202,3386
2026-08-09 01:00:00,64946.0,64979.0,64836.0,64840.0,173.03289,4206
2026-08-09 01:30:00,64840.0,64863.0,64817.0,64838.0,111.23584,3643
2026-08-09 02:00:00,64838.0,64838.0,64785.0,64818.0,96.62347,3585
2026-08-09 02:30:00,64818.0,64819.0,64753.0,64795.0,145.51568,3114
2026-08-09 03:00:00,64795.0,64795.0,64700.0,64751.0,174.71522,3980
2026-08-09 03:30:00,64750.0,64771.0,64741.0,64759.0,60.15932,3060
2026-08-09 04:00:00,64760.0,64800.0,64759.0,64799.0,73.45227,3047
2026-08-09 04:30:00,64799.0,64800.0,64756.0,64757.0,70.55714,2972
2026-08-09 05:00:00,64757.0,64762.0,64755.0,64757.0,41.24367,2470
2026-08-09 05:30:00,64757.0,64776.0,64748.0,64775.0,50.46067,2592
2026-08-09 06:00:00,64776.0,64814.0,64775.0,64813.0,70.30377,2885
2026-08-09 06:30:00,64813.0,64836.0,64813.0,64822.0,89.29915,2761
2026-08-09 07:00:00,64821.0,64827.0,64809.0,64809.0,44.39542,2429
2026-08-09 07:30:00,64810.0,64813.0,64794.0,64795.0,74.61778,2374
2026-08-09 08:00:00,64795.0,64909.0,64794.0,64859.0,200.48307,3947
2026-08-09 08:30:00,64858.0,64863.0,64758.0,64789.0,68.05598,2963
2026-08-09 09:00:00,64790.0,64803.0,64783.0,64783.0,57.89015,2582
2026-08-09 09:30:00,64784.0,64854.0,64781.0,64854.0,253.93164,3058
2026-08-09 10:00:00,64854.0,64946.0,64853.0,64936.0,166.55499,2760
2026-08-09 10:30:00,64937.0,64945.0,64909.0,64927.0,124.28737,2227
2026-08-09 11:00:00,64927.0,64954.0,64926.0,64952.0,78.17989,1967
2026-08-09 11:30:00,64953.0,64969.0,64914.0,64914.0,146.2372,2164
2026-08-09 12:00:00,64914.0,64916.0,64884.0,64912.0,91.18214,3255
2026-08-09 12:30:00,64911.0,64921.0,64906.0,64921.0,61.35441,3213
2026-08-09 13:00:00,64921.0,65066.0,64920.0,65059.0,460.75087,5904
2026-08-09 13:30:00,65059.0,65236.0,65059.0,65191.0,550.743,8923
2026-08-09 14:00:00,65192.0,65208.0,65131.0,65158.0,392.42422,8333
2026-08-09 14:30:00,65157.0,65266.0,65121.0,65231.0,253.23734,5038
2026-08-09 15:00:00,65231.0,65238.0,65173.0,65201.0,160.92568,3794
2026-08-09 15:30:00,65201.0,65205.0,65189.0,65200.0,280.05949,3754
2026-08-09 16:00:00,65200.0,65241.0,65148.0,65169.0,302.87663,4673
2026-08-09 16:30:00,65170.0,65236.0,65169.0,65197.0,214.21806,4634
2026-08-09 17:00:00,65197.0,65200.0,65185.0,65200.0,75.75234,3678
2026-08-09 17:30:00,65199.0,65200.0,65161.0,65161.0,179.5143,3247
2026-08-09 18:00:00,65162.0,65184.0,65154.0,65184.0,112.82733,3221
2026-08-09 18:30:00,65185.0,65192.0,65161.0,65162.0,92.81281,3574
2026-08-09 19:00:00,65162.0,65187.0,65158.0,65187.0,116.67295,3905
2026-08-09 19:30:00,65187.0,65187.0,65141.0,65149.0,115.92001,3494
2026-08-09 20:00:00,65150.0,65159.0,65042.0,65096.0,459.11664,4788
2026-08-09 20:30:00,65096.0,65142.0,65095.0,65106.0,91.19694,2668
2026-08-09 21:00:00,65105.0,65124.0,65091.0,65117.0,184.49946,5070
2026-08-09 21:30:00,65117.0,65225.0,65116.0,65174.0,417.4463,6389
2026-08-09 22:00:00,65174.0,65475.0,65173.0,65210.0,1257.50193,12114
2026-08-09 22:30:00,65210.0,65223.0,64940.0,65044.0,589.15716,10119
2026-08-09 23:00:00,65044.0,65074.0,64861.0,64889.0,473.61164,6949
2026-08-09 23:30:00,64890.0,64913.0,64805.0,64868.0,488.61107,8751
2026-08-10 00:00:00,64868.0,65304.0,64808.0,64979.0,1435.36887,8657
2026-08-10 00:30:00,64980.0,65020.0,64779.0,64933.0,865.53522,5727
2026-08-10 01:00:00,64933.0,65044.0,64868.0,64975.0,268.33717,3069
2026-08-10 01:30:00,64974.0,65365.0,64868.0,65166.0,617.99376,5222
2026-08-10 02:00:00,65166.0,65176.0,64885.0,64936.0,331.26412,3874
2026-08-10 02:30:00,64938.0,65191.0,64938.0,65077.0,356.13713,3039
2026-08-10 03:00:00,65077.0,65134.0,64869.0,64994.0,403.8302,3598
2026-08-10 03:30:00,64994.0,65071.0,64917.0,64952.0,220.31667,2288
2026-08-10 04:00:00,64952.0,65077.0,64930.0,65009.0,301.2415,2470
2026-08-10 04:30:00,65009.0,65031.0,64899.0,64985.0,68.25603,1769
2026-08-10 05:00:00,64985.0,65043.0,64958.0,65021.0,69.11998,1387
2026-08-10 05:30:00,65020.0,65127.0,65000.0,65100.0,375.25208,2488
2026-08-10 06:00:00,65101.0,65245.0,65099.0,65137.0,142.4007,2765
2026-08-10 06:30:00,65137.0,65300.0,65137.0,65263.0,153.51359,2283
2026-08-10 07:00:00,65264.0,65306.0,65212.0,65298.0,314.2888,3581
2026-08-10 07:30:00,65298.0,65344.0,65176.0,65182.0,290.02471,3560
2026-08-10 08:00:00,65181.0,65295.0,65181.0,65264.0,154.7086,2656
2026-08-10 08:30:00,65265.0,65275.0,65164.0,65220.0,88.52353,2111
2026-08-10 09:00:00,65220.0,65220.0,65134.0,65140.0,79.29818,2050
2026-08-10 09:30:00,65140.0,65140.0,64934.0,64946.0,274.70743,5188
2026-08-10 10:00:00,64945.0,65050.0,64944.0,64998.0,291.90274,3238
2026-08-10 10:30:00,64999.0,65029.0,64985.0,64988.0,72.76401,2030
2026-08-10 11:00:00,64989.0,65069.0,64960.0,65063.0,248.65519,2592
2026-08-10 11:30:00,65062.0,65113.0,65041.0,65107.0,132.98593,2744
2026-08-10 12:00:00,65107.0,65220.0,65018.0,65031.0,324.10819,4318
2026-08-10 12:30:00,65031.0,65037.0,64828.0,64852.0,689.803,5432
2026-08-10 13:00:00,64852.0,64953.0,64828.0,64907.0,311.56496,3894
2026-08-10 13:30:00,64906.0,64911.0,64500.0,64542.0,1692.76455,13352
2026-08-10 14:00:00,64542.0,64823.0,64520.0,64769.0,1174.25842,9695
2026-08-10 14:30:00,64768.0,64863.0,64580.0,64604.0,439.03581,5052
2026-08-10 15:00:00,64604.0,64693.0,64300.0,64380.0,1841.74874,11147
2026-08-10 15:30:00,64380.0,64396.0,64170.0,64275.0,1934.37511,10490
2026-08-10 16:00:00,64276.0,64334.0,63959.0,64100.0,1515.99649,12571
2026-08-10 16:30:00,64100.0,64170.0,63797.0,63886.0,1800.78141,13247
2026-08-10 17:00:00,63886.0,63997.0,63807.0,63901.0,1052.76897,7261
2026-08-10 17:30:00,63900.0,64005.0,63865.0,63934.0,759.34262,5360
2026-08-10 18:00:00,63934.0,64003.0,63879.0,63881.0,313.25699,3852
2026-08-10 18:30:00,63881.0,63910.0,63783.0,63873.0,538.94545,5000
2026-08-10 19:00:00,63873.0,64003.0,63873.0,64002.0,204.6019,3366
2026-08-10 19:30:00,64005.0,64101.0,63912.0,64030.0,1314.75371,6462
2026-08-10 20:00:00,64030.0,64110.0,64004.0,64109.0,407.89971,3686
2026-08-10 20:30:00,64110.0,64194.0,64096.0,64149.0,395.17812,4773
2026-08-10 21:00:00,64149.0,64149.0,64054.0,64100.0,282.70231,3141
2026-08-10 21:30:00,64100.0,64104.0,63956.0,63959.0,414.4322,3176
2026-08-10 22:00:00,63959.0,64046.0,63938.0,63995.0,211.31462,2757
2026-08-10 22:30:00,63995.0,63999.0,63922.0,63999.0,192.94721,2152
2026-08-10 23:00:00,63999.0,64005.0,63933.0,63971.0,105.15088,1848
2026-08-10 23:30:00,63970.0,63972.0,63896.0,63952.0,294.88859,2266
2026-08-11 00:00:00,63951.0,63985.0,63874.0,63971.0,248.93544,2833
2026-08-11 00:30:00,63970.0,64043.0,63933.0,64025.0,114.41644,2244
2026-08-11 01:00:00,64026.0,64065.0,63958.0,64056.0,238.32442,2146
2026-08-11 01:30:00,64055.0,64064.0,63934.0,64039.0,339.77397,2516
2026-08-11 02:00:00,64040.0,64074.0,64030.0,64036.0,101.9408,1934
2026-08-11 02:30:00,64035.0,64039.0,64012.0,64025.0,109.45057,1554
2026-08-11 03:00:00,64026.0,64164.0,64025.0,64123.0,220.71066,2495
2026-08-11 03:30:00,64123.0,64147.0,64104.0,64127.0,39.22782,1513
2026-08-11 04:00:00,64126.0,64139.0,64079.0,64092.0,215.0236,2100
2026-08-11 04:30:00,64091.0,64092.0,64011.0,64011.0,136.10726,1899
2026-08-11 05:00:00,64012.0,64034.0,63946.0,63959.0,411.19825,3612
2026-08-11 05:30:00,63960.0,64033.0,63955.0,63979.0,58.01999,1868
2026-08-11 06:00:00,63980.0,64045.0,63920.0,63920.0,220.55049,2616
2026-08-11 06:30:00,63920.0,63955.0,63850.0,63953.0,166.97985,2844
2026-08-11 07:00:00,63953.0,63995.0,63891.0,63894.0,90.40834,2073
2026-08-11 07:30:00,63894.0,64088.0,63894.0,64044.0,378.04536,3562
2026-08-11 08:00:00,64045.0,64090.0,64030.0,64039.0,76.32189,2509
2026-08-11 08:30:00,64038.0,64125.0,64034.0,64117.0,416.56291,3325
2026-08-11 09:00:00,64118.0,64177.0,64109.0,64167.0,151.94383,2816
2026-08-11 09:30:00,64168.0,64278.0,64165.0,64277.0,324.66485,4244
2026-08-11 10:00:00,64278.0,64286.0,64172.0,64277.0,650.28316,4357
2026-08-11 10:30:00,64277.0,64280.0,64199.0,64206.0,201.47723,2622
2026-08-11 11:00:00,64207.0,64364.0,64206.0,64312.0,292.42688,4498
2026-08-11 11:30:00,64312.0,64373.0,64309.0,64359.0,242.88894,2497
2026-08-11 12:00:00,64360.0,64460.0,64260.0,64291.0,788.5315,5546
2026-08-11 12:30:00,64291.0,64353.0,64288.0,64298.0,186.64395,2941
2026-08-11 13:00:00,64299.0,64344.0,64134.0,64165.0,414.11527,4480
2026-08-11 13:30:00,64164.0,64200.0,64019.0,64168.0,792.00358,7911
2026-08-11 14:00:00,64168.0,64238.0,63897.0,64004.0,697.12772,8979
2026-08-11 14:30:00,64005.0,64045.0,63677.0,63744.0,1382.24131,10442
2026-08-11 15:00:00,63744.0,63849.0,63684.0,63846.0,523.76628,6290
2026-08-11 15:30:00,63845.0,63845.0,63410.0,63584.0,2314.11031,14674
2026-08-11 16:00:00,63585.0,63631.0,63499.0,63557.0,490.83614,5876
2026-08-11 16:30:00,63563.0,63592.0,63427.0,63468.0,481.11994,4869
2026-08-11 17:00:00,63476.0,63567.0,63433.0,63552.0,401.96262,5588
2026-08-11 17:30:00,63552.0,63614.0,63500.0,63577.0,431.63884,4584
2026-08-11 18:00:00,63578.0,63599.0,63448.0,63449.0,136.19544,3678
2026-08-11 18:30:00,63449.0,63484.0,63229.0,63344.0,1261.28462,10514
2026-08-11 19:00:00,63344.0,63350.0,63195.0,63328.0,402.71735,5768
2026-08-11 19:30:00,63329.0,63508.0,63328.0,63507.0,538.7591,5527
2026-08-11 20:00:00,63508.0,63691.0,63507.0,63644.0,565.58964,6293
2026-08-11 20:30:00,63644.0,63720.0,63617.0,63712.0,415.09329,4735
2026-08-11 21:00:00,63712.0,63736.0,63618.0,63644.0,468.73166,4218
2026-08-11 21:30:00,63644.0,63656.0,63586.0,63636.0,240.10805,3590
2026-08-11 22:00:00,63636.0,63742.0,63635.0,63691.0,196.37402,3676
2026-08-11 22:30:00,63691.0,63691.0,63592.0,63637.0,283.87561,2970
2026-08-11 23:00:00,63637.0,63637.0,63513.0,63566.0,220.3981,2997
2026-08-11 23:30:00,63566.0,63620.0,63559.0,63560.0,234.25376,2842
2026-08-12 00:00:00,63560.0,63673.0,63514.0,63641.0,173.04418,3189
2026-08-12 00:30:00,63641.0,63722.0,63640.0,63718.0,489.68077,3255
2026-08-12 01:00:00,63718.0,63760.0,63689.0,63732.0,317.88055,3037
2026-08-12 01:30:00,63732.0,63832.0,63671.0,63791.0,268.80075,3483
2026-08-12 02:00:00,63792.0,63864.0,63757.0,63864.0,151.02815,2766
2026-08-12 02:30:00,63863.0,63879.0,63699.0,63715.0,338.42312,2674
2026-08-12 03:00:00,63715.0,63763.0,63672.0,63722.0,323.09552,2228
2026-08-12 03:30:00,63721.0,63822.0,63708.0,63799.0,238.74754,2214
2026-08-12 04:00:00,63799.0,63864.0,63742.0,63765.0,295.77844,2700
2026-08-12 04:30:00,63764.0,63800.0,63708.0,63744.0,62.70285,1842
2026-08-12 05:00:00,63743.0,63814.0,63698.0,63810.0,262.75981,2128
2026-08-12 05:30:00,63809.0,63843.0,63790.0,63821.0,364.06504,2976
2026-08-12 06:00:00,63817.0,63818.0,63600.0,63610.0,469.67703,4447
2026-08-12 06:30:00,63611.0,63687.0,63574.0,63687.0,618.00216,2998
2026-08-12 07:00:00,63686.0,63779.0,63686.0,63704.0,127.20352,2266
2026-08-12 07:30:00,63704.0,63810.0,63617.0,63810.0,149.42092,2783
2026-08-12 08:00:00,63809.0,63837.0,63751.0,63796.0,275.5574,3121
2026-08-12 08:30:00,63795.0,63796.0,63744.0,63764.0,59.98244,2273
2026-08-12 09:00:00,63763.0,63972.0,63740.0,63951.0,1022.95546,5810
2026-08-12 09:30:00,63951.0,64086.0,63951.0,64082.0,1004.16858,6695
2026-08-12 10:00:00,64083.0,64200.0,64037.0,64039.0,1039.81272,6999
2026-08-12 10:30:00,64038.0,64136.0,64038.0,64114.0,197.17701,2713
2026-08-12 11:00:00,64114.0,64187.0,64086.0,64175.0,122.76195,2666
2026-08-12 11:30:00,64174.0,64217.0,64133.0,64207.0,344.18427,3292
2026-08-12 12:00:00,64207.0,64416.0,64135.0,64387.0,2353.02588,9755
2026-08-12 12:30:00,64388.0,64487.0,63939.0,64101.0,2430.06411,15076
2026-08-12 13:00:00,64101.0,64142.0,63887.0,63936.0,847.33698,6418
2026-08-12 13:30:00,63936.0,64060.0,63811.0,63820.0,1349.03694,9273
2026-08-12 14:00:00,63819.0,63904.0,63588.0,63638.0,2022.77827,15330
2026-08-12 14:30:00,63633.0,63679.0,63334.0,63340.0,1794.43173,12035
2026-08-12 15:00:00,63341.0,63520.0,63297.0,63475.0,892.98686,7419
2026-08-12 15:30:00,63475.0,63565.0,63378.0,63424.0,801.76762,6055
2026-08-12 16:00:00,63424.0,63550.0,63350.0,63550.0,548.62604,5132
2026-08-12 16:30:00,63550.0,63571.0,63453.0,63472.0,250.71352,3515
2026-08-12 17:00:00,63472.0,63536.0,63405.0,63427.0,228.9827,3420
2026-08-12 17:30:00,63427.0,63517.0,63400.0,63456.0,86.21942,2664
2026-08-12 18:00:00,63456.0,63487.0,63359.0,63411.0,228.54771,3202
2026-08-12 18:30:00,63412.0,63501.0,63358.0,63367.0,168.67941,2768
2026-08-12 19:00:00,63367.0,63450.0,63286.0,63362.0,496.94751,4462
2026-08-12 19:30:00,63362.0,63423.0,63306.0,63417.0,401.74056,4029
2026-08-12 20:00:00,63416.0,63510.0,63408.0,63494.0,362.30805,3538
2026-08-12 20:30:00,63495.0,63586.0,63494.0,63586.0,518.23638,4188
2026-08-12 21:00:00,63585.0,63636.0,63450.0,63469.0,514.3996,4482
2026-08-12 21:30:00,63469.0,63560.0,63408.0,63457.0,617.16929,3993
2026-08-12 22:00:00,63457.0,63528.0,63420.0,63470.0,202.8381,3008
2026-08-12 22:30:00,63470.0,63483.0,63354.0,63413.0,399.22821,3376
2026-08-12 23:00:00,63413.0,63432.0,63353.0,63420.0,270.42222,2904
2026-08-12 23:30:00,63419.0,63476.0,63389.0,63468.0,162.54997,2138
2026-08-13 00:00:00,63467.0,63700.0,63449.0,63603.0,866.13183,5539
2026-08-13 00:30:00,63603.0,63604.0,63485.0,63550.0,673.39759,3623
2026-08-13 01:00:00,63550.0,63617.0,63386.0,63401.0,451.3806,3481
2026-08-13 01:30:00,63400.0,63527.0,63364.0,63434.0,453.74368,3184
2026-08-13 02:00:00,63434.0,63462.0,63400.0,63447.0,281.87777,2284
2026-08-13 02:30:00,63447.0,63570.0,63365.0,63528.0,574.77907,2897
2026-08-13 03:00:00,63528.0,63608.0,63490.0,63547.0,674.82781,2392
2026-08-13 03:30:00,63547.0,63658.0,63538.0,63622.0,271.26569,2174
2026-08-13 04:00:00,63621.0,63654.0,63565.0,63573.0,158.93706,1793
2026-08-13 04:30:00,63572.0,63750.0,63572.0,63664.0,261.18468,2781
2026-08-13 05:00:00,63664.0,63978.0,63647.0,63912.0,577.39629,5576
2026-08-13 05:30:00,63912.0,63922.0,63849.0,63850.0,278.42003,3088
2026-08-13 06:00:00,63849.0,63852.0,63785.0,63797.0,321.91908,3687
2026-08-13 06:30:00,63796.0,63911.0,63726.0,63911.0,265.90782,3634
2026-08-13 07:00:00,63910.0,63917.0,63830.0,63868.0,166.48517,2740
2026-08-13 07:30:00,63868.0,63871.0,63820.0,63831.0,217.63714,2798
2026-08-13 08:00:00,63831.0,63889.0,63755.0,63755.0,402.5585,3563
2026-08-13 08:30:00,63756.0,63770.0,63711.0,63731.0,131.24921,3106
2026-08-13 09:00:00,63732.0,63737.0,63560.0,63628.0,308.94002,4320
2026-08-13 09:30:00,63628.0,63751.0,63625.0,63751.0,158.27342,3013
2026-08-13 10:00:00,63751.0,63789.0,63586.0,63596.0,126.63679,3698
2026-08-13 10:30:00,63595.0,63630.0,63560.0,63625.0,215.55148,2690
2026-08-13 11:00:00,63625.0,63636.0,63410.0,63411.0,514.24186,3553
2026-08-13 11:30:00,63411.0,63473.0,63318.0,63462.0,1047.32637,5108
2026-08-13 12:00:00,63462.0,63560.0,63415.0,63557.0,562.41101,3324
2026-08-13 12:30:00,63556.0,63691.0,63435.0,63674.0,980.57239,7436
2026-08-13 13:00:00,63675.0,63785.0,63550.0,63579.0,754.20285,8001
2026-08-13 13:30:00,63577.0,63828.0,63532.0,63695.0,1481.67782,11132
2026-08-13 14:00:00,63696.0,63867.0,63660.0,63792.0,735.82023,10023
2026-08-13 14:30:00,63793.0,63953.0,63749.0,63836.0,970.8108,7729
2026-08-13 15:00:00,63837.0,63915.0,63564.0,63597.0,492.16167,5978
2026-08-13 15:30:00,63597.0,63732.0,63381.0,63381.0,774.01741,7919
2026-08-13 16:00:00,63397.0,63547.0,63289.0,63342.0,789.45347,8757
2026-08-13 16:30:00,63341.0,63415.0,62816.0,63132.0,4158.62138,22505
2026-08-13 17:00:00,63132.0,63254.0,63060.0,63175.0,1507.20831,9686
2026-08-13 17:30:00,63175.0,63298.0,63092.0,63129.0,910.83464,6061
2026-08-13 18:00:00,63129.0,63301.0,63100.0,63109.0,1429.84373,5277
2026-08-13 18:30:00,63109.0,63364.0,63096.0,63299.0,698.50921,5674
2026-08-13 19:00:00,63299.0,63520.0,63298.0,63405.0,846.70337,7867
2026-08-13 19:30:00,63406.0,63464.0,63379.0,63395.0,151.95434,3583
2026-08-13 20:00:00,63395.0,63457.0,63356.0,63450.0,275.43533,4052
2026-08-13 20:30:00,63449.0,63459.0,63380.0,63399.0,123.0548,2971
2026-08-13 21:00:00,63398.0,63462.0,63382.0,63444.0,201.0963,3471
2026-08-13 21:30:00,63443.0,63501.0,63434.0,63475.0,441.67195,3250
2026-08-13 22:00:00,63474.0,63650.0,63474.0,63624.0,529.60261,5973
2026-08-13 22:30:00,63624.0,63633.0,63525.0,63527.0,116.35707,2290
2026-08-13 23:00:00,63528.0,63534.0,63446.0,63471.0,313.96848,2464
2026-08-13 23:30:00,63471.0,63510.0,63395.0,63480.0,269.5554,2191
2026-08-14 00:00:00,63479.0,63559.0,63427.0,63450.0,237.72522,3314
2026-08-14 00:30:00,63450.0,63561.0,63411.0,63544.0,104.29233,2602
2026-08-14 01:00:00,63543.0,63590.0,63461.0,63493.0,162.49391,2729
2026-08-14 01:30:00,63494.0,63575.0,63469.0,63574.0,150.95843,2156
2026-08-14 02:00:00,63574.0,63615.0,63481.0,63484.0,135.31383,2240
2026-08-14 02:30:00,63484.0,63566.0,63469.0,63469.0,313.85217,2677
2026-08-14 03:00:00,63470.0,63582.0,63417.0,63461.0,243.14241,2668
2026-08-14 03:30:00,63462.0,63462.0,63305.0,63319.0,483.60077,3563
2026-08-14 04:00:00,63319.0,63473.0,63282.0,63429.0,300.36825,3132
2026-08-14 04:30:00,63428.0,63430.0,63378.0,63379.0,43.29337,1431
2026-08-14 05:00:00,63378.0,63405.0,63281.0,63330.0,225.17366,2628
2026-08-14 05:30:00,63329.0,63400.0,63315.0,63387.0,101.80492,1862
2026-08-14 06:00:00,63386.0,63387.0,63186.0,63186.0,408.29668,4705
2026-08-14 06:30:00,63187.0,63239.0,62933.0,62970.0,554.61865,6657
2026-08-14 07:00:00,62969.0,63110.0,62946.0,63098.0,555.45601,5875
2026-08-14 07:30:00,63098.0,63099.0,62909.0,62909.0,326.49741,4805
2026-08-14 08:00:00,62909.0,62980.0,62719.0,62769.0,1051.11992,9569
2026-08-14 08:30:00,62768.0,62922.0,62680.0,62921.0,618.10245,7181
2026-08-14 09:00:00,62922.0,62922.0,62781.0,62785.0,188.60565,3646
2026-08-14 09:30:00,62784.0,62834.0,62729.0,62777.0,213.3266,4405
2026-08-14 10:00:00,62776.0,62905.0,62727.0,62872.0,274.07727,4507
2026-08-14 10:30:00,62872.0,62936.0,62798.0,62806.0,405.72434,5087
2026-08-14 11:00:00,62806.0,62919.0,62806.0,62884.0,196.90803,3814
2026-08-14 11:30:00,62884.0,62931.0,62836.0,62851.0,205.8749,4077
2026-08-14 12:00:00,62851.0,62894.0,62750.0,62879.0,281.88713,4680
2026-08-14 12:30:00,62878.0,62895.0,62716.0,62729.0,316.80931,4737
2026-08-14 13:00:00,62728.0,62781.0,62581.0,62768.0,1319.99132,10629
2026-08-14 13:30:00,62768.0,62812.0,62586.0,62642.0,1346.81428,10155
2026-08-14 14:00:00,62641.0,62710.0,62555.0,62649.0,825.68973,11863
2026-08-14 14:30:00,62648.0,62779.0,62523.0,62606.0,571.80542,7454
2026-08-14 15:00:00,62605.0,62833.0,62605.0,62833.0,458.35262,5518
2026-08-14 15:30:00,62832.0,63068.0,62773.0,62969.0,1380.938,11829
2026-08-14 16:00:00,62969.0,63143.0,62948.0,63097.0,597.59065,7980
2026-08-14 16:30:00,63096.0,63209.0,63077.0,63115.0,695.8541,7549
2026-08-14 17:00:00,63115.0,63224.0,63094.0,63182.0,566.65429,7067
2026-08-14 17:30:00,63181.0,63200.0,62976.0,62988.0,797.44097,6303
2026-08-14 18:00:00,62988.0,63066.0,62931.0,63017.0,337.61683,5475
2026-08-14 18:30:00,63016.0,63022.0,62873.0,62910.0,404.65953,4914
2026-08-14 19:00:00,62910.0,62923.0,62820.0,62914.0,439.36845,5786
2026-08-14 19:30:00,62914.0,62983.0,62868.0,62952.0,295.9388,4384
2026-08-14 20:00:00,62951.0,63013.0,62906.0,62933.0,359.07396,4024
2026-08-14 20:30:00,62934.0,62938.0,62880.0,62891.0,266.53339,4772
2026-08-14 21:00:00,62891.0,62925.0,62875.0,62875.0,125.3881,3014
2026-08-14 21:30:00,62875.0,62918.0,62867.0,62917.0,152.75578,2564
2026-08-14 22:00:00,62917.0,62950.0,62778.0,62806.0,554.29023,5154
2026-08-14 22:30:00,62807.0,62877.0,62806.0,62860.0,142.83021,2514
2026-08-14 23:00:00,62860.0,62936.0,62838.0,62929.0,176.59091,2655
2026-08-14 23:30:00,62929.0,63058.0,62888.0,63029.0,324.62223,4311
2026-08-15 00:00:00,63029.0,63043.0,62981.0,63000.0,237.42547,2793
2026-08-15 00:30:00,63000.0,63020.0,62981.0,63004.0,42.38041,1615
2026-08-15 01:00:00,63005.0,63033.0,62979.0,63025.0,136.4586,2192
2026-08-15 01:30:00,63025.0,63033.0,63008.0,63022.0,78.84253,2121
2026-08-15 02:00:00,63023.0,63105.0,63022.0,63091.0,137.57747,2802
2026-08-15 02:30:00,63091.0,63131.0,63091.0,63130.0,93.43431,2394
2026-08-15 03:00:00,63131.0,63176.0,63072.0,63074.0,123.1099,2504
2026-08-15 03:30:00,63073.0,63078.0,63035.0,63037.0,54.59314,1659
2026-08-15 04:00:00,63037.0,63117.0,63036.0,63117.0,95.69316,1737
2026-08-15 04:30:00,63117.0,63139.0,63105.0,63108.0,55.22742,1386
2026-08-15 05:00:00,63107.0,63144.0,63107.0,63108.0,35.96231,1398
2026-08-15 05:30:00,63109.0,63109.0,63032.0,63069.0,143.71557,1865
2026-08-15 06:00:00,63069.0,63069.0,63014.0,63015.0,90.35334,2300
2026-08-15 06:30:00,63014.0,63108.0,63014.0,63089.0,58.87528,2013
2026-08-15 07:00:00,63090.0,63109.0,63044.0,63056.0,100.92255,2227
2026-08-15 07:30:00,63057.0,63074.0,63023.0,63050.0,35.71878,1623
2026-08-15 08:00:00,63051.0,63064.0,63021.0,63022.0,53.27371,2011
2026-08-15 08:30:00,63023.0,63032.0,62904.0,62906.0,288.98264,3230
2026-08-15 09:00:00,62906.0,62965.0,62890.0,62965.0,134.42197,2621
2026-08-15 09:30:00,62964.0,63024.0,62964.0,63010.0,163.86058,2392
2026-08-15 10:00:00,63011.0,63014.0,62978.0,62993.0,50.87078,1708
2026-08-15 10:30:00,62993.0,63031.0,62991.0,63030.0,46.51557,1624
2026-08-15 11:00:00,63031.0,63031.0,63000.0,63008.0,42.27771,1393
2026-08-15 11:30:00,63008.0,63033.0,62973.0,63000.0,19.48697,1178
2026-08-15 12:00:00,63000.0,63000.0,62956.0,62964.0,81.63378,1913
2026-08-15 12:30:00,62964.0,63029.0,62923.0,63029.0,63.50937,2045
2026-08-15 13:00:00,63028.0,63066.0,63001.0,63011.0,194.00758,2916
2026-08-15 13:30:00,63010.0,63034.0,63002.0,63020.0,127.782,2400
2026-08-15 14:00:00,63021.0,63021.0,62967.0,63010.0,40.87413,2643
2026-08-15 14:30:00,63009.0,63035.0,63007.0,63017.0,50.16917,1971
2026-08-15 15:00:00,63017.0,63057.0,63006.0,63050.0,67.40612,2712
2026-08-15 15:30:00,63050.0,63112.0,63050.0,63074.0,246.86367,3644
2026-08-15 16:00:00,63075.0,63090.0,63042.0,63090.0,214.89275,3485
2026-08-15 16:30:00,63089.0,63092.0,63067.0,63082.0,80.4374,1629
2026-08-15 17:00:00,63083.0,63088.0,63043.0,63043.0,95.69044,1712
2026-08-15 17:30:00,63044.0,63051.0,63037.0,63043.0,68.12716,1638
2026-08-15 18:00:00,63043.0,63077.0,63018.0,63018.0,59.07515,1688
2026-08-15 18:30:00,63018.0,63030.0,63017.0,63026.0,47.34497,1326
2026-08-15 19:00:00,63026.0,63095.0,63025.0,63075.0,101.61841,1744
2026-08-15 19:30:00,63075.0,63103.0,63073.0,63097.0,94.34953,1471
2026-08-15 20:00:00,63097.0,63097.0,63047.0,63048.0,117.87283,1385
2026-08-15 20:30:00,63049.0,63073.0,63048.0,63072.0,25.45226,911
2026-08-15 21:00:00,63073.0,63128.0,63072.0,63125.0,198.03995,2361
2026-08-15 21:30:00,63126.0,63144.0,63115.0,63135.0,90.08303,1444
2026-08-15 22:00:00,63135.0,63143.0,63108.0,63122.0,160.0777,2266
2026-08-15 22:30:00,63122.0,63142.0,63106.0,63106.0,78.16812,1719
2026-08-15 23:00:00,63107.0,63117.0,63084.0,63087.0,28.95402,804
2026-08-15 23:30:00,63087.0,63090.0,63056.0,63056.0,194.65765,1482
2026-08-16 00:00:00,63057.0,63057.0,63040.0,63044.0,43.62325,1260
2026-08-16 00:30:00,63044.0,63069.0,63035.0,63061.0,82.17138,1350
2026-08-16 01:00:00,63061.0,63061.0,63025.0,63033.0,116.61017,1654
2026-08-16 01:30:00,63033.0,63053.0,62977.0,63053.0,62.49676,1432
2026-08-16 02:00:00,63053.0,63096.0,63000.0,63096.0,97.09335,1632
2026-08-16 02:30:00,63096.0,63130.0,63090.0,63098.0,88.81433,1367
2026-08-16 03:00:00,63098.0,63102.0,63093.0,63100.0,22.8092,934
2026-08-16 03:30:00,63099.0,63102.0,63099.0,63101.0,11.32408,962
2026-08-16 04:00:00,63101.0,63128.0,63101.0,63127.0,20.52747,970
2026-08-16 04:30:00,63127.0,63128.0,63060.0,63061.0,96.06664,1217
2026-08-16 05:00:00,63061.0,63066.0,63041.0,63042.0,19.56086,896
2026-08-16 05:30:00,63042.0,63046.0,63010.0,63037.0,119.03544,1410
2026-08-16 06:00:00,63036.0,63041.0,63030.0,63040.0,30.17549,938
2026-08-16 06:30:00,63040.0,63062.0,63035.0,63041.0,35.97225,809
2026-08-16 07:00:00,63041.0,63041.0,63036.0,63038.0,15.49901,653
2026-08-16 07:30:00,63037.0,63040.0,63037.0,63040.0,16.58058,606
2026-08-16 08:00:00,63040.0,63051.0,63039.0,63051.0,26.20254,1068
2026-08-16 08:30:00,63050.0,63052.0,63050.0,63052.0,14.13209,896
2026-08-16 09:00:00,63052.0,63052.0,63048.0,63048.0,11.76824,808
2026-08-16 09:30:00,63049.0,63049.0,62950.0,62964.0,89.16177,2381
2026-08-16 10:00:00,62964.0,62983.0,62942.0,62982.0,86.58843,1863
2026-08-16 10:30:00,62981.0,62982.0,62980.0,62980.0,38.17139,720
2026-08-16 11:00:00,62980.0,62996.0,62958.0,62960.0,151.74069,1144
2026-08-16 11:30:00,62960.0,63000.0,62956.0,62992.0,165.16351,1807
2026-08-16 12:00:00,62992.0,63000.0,62989.0,62990.0,114.99873,2421
2026-08-16 12:30:00,62991.0,62991.0,62966.0,62988.0,87.63545,1614
2026-08-16 13:00:00,62987.0,63047.0,62987.0,63041.0,144.72227,3180
2026-08-16 13:30:00,63041.0,63044.0,63037.0,63040.0,62.69711,1777
2026-08-16 14:00:00,63040.0,63081.0,63035.0,63049.0,159.82484,3347
2026-08-16 14:30:00,63049.0,63078.0,63049.0,63078.0,100.73861,1621
2026-08-16 15:00:00,63078.0,63095.0,63077.0,63094.0,76.66988,2012
2026-08-16 15:30:00,63094.0,63115.0,63090.0,63113.0,172.04851,4178
2026-08-16 16:00:00,63114.0,63328.0,63106.0,63296.0,853.00921,6591
2026-08-16 16:30:00,63296.0,63368.0,63177.0,63230.0,540.69457,4479
2026-08-16 17:00:00,63230.0,63247.0,63155.0,63164.0,203.85382,2938
2026-08-16 17:30:00,63165.0,63165.0,63095.0,63135.0,378.32972,2907
2026-08-16 18:00:00,63136.0,63145.0,63090.0,63132.0,126.6864,2033
2026-08-16 18:30:00,63132.0,63132.0,63120.0,63121.0,30.27441,887
2026-08-16 19:00:00,63121.0,63194.0,63120.0,63192.0,179.56989,2123
2026-08-16 19:30:00,63193.0,63207.0,63062.0,63081.0,438.00516,2773
2026-08-16 20:00:00,63082.0,63110.0,63064.0,63064.0,62.29131,1449
2026-08-16 20:30:00,63065.0,63081.0,63001.0,63034.0,213.94986,2386
2026-08-16 21:00:00,63034.0,63059.0,62999.0,62999.0,148.32066,1781
2026-08-16 21:30:00,62999.0,63009.0,62737.0,62900.0,842.39716,7857
2026-08-16 22:00:00,62899.0,62932.0,62771.0,62827.0,601.61798,6233
2026-08-16 22:30:00,62827.0,62897.0,62678.0,62894.0,870.17561,6283
2026-08-16 23:00:00,62894.0,62982.0,62798.0,62815.0,1633.15453,5879
2026-08-16 23:30:00,62816.0,62907.0,62808.0,62873.0,451.29497,2642
2026-08-17 00:00:00,62874.0,62910.0,62733.0,62840.0,611.50818,4229
2026-08-17 00:30:00,62841.0,62942.0,62730.0,62889.0,1250.92358,5580
2026-08-17 01:00:00,62890.0,63154.0,62873.0,63086.0,1462.81009,8569
2026-08-17 01:30:00,63087.0,63222.0,63071.0,63077.0,1713.71361,6713
2026-08-17 02:00:00,63078.0,63187.0,62996.0,63162.0,740.11829,4302
2026-08-17 02:30:00,63162.0,63441.0,63112.0,63371.0,1239.7534,7427
2026-08-17 03:00:00,63371.0,63416.0,63316.0,63328.0,309.10178,2744
2026-08-17 03:30:00,63327.0,63489.0,63319.0,63402.0,491.82761,3187
2026-08-17 04:00:00,63403.0,63495.0,63402.0,63483.0,293.08266,3170
2026-08-17 04:30:00,63483.0,63559.0,63441.0,63508.0,535.16596,3582
2026-08-17 05:00:00,63508.0,63553.0,63422.0,63460.0,247.37321,3156
2026-08-17 05:30:00,63459.0,63499.0,63416.0,63488.0,132.03778,2034
2026-08-17 06:00:00,63489.0,63586.0,63446.0,63553.0,393.88807,3593
2026-08-17 06:30:00,63554.0,63685.0,63540.0,63635.0,874.11696,4494
2026-08-17 07:00:00,63635.0,63635.0,63499.0,63545.0,108.94883,2389
2026-08-17 07:30:00,63544.0,63546.0,63489.0,63492.0,196.74938,2803
2026-08-17 08:00:00,63492.0,63514.0,63376.0,63392.0,213.98705,4745
2026-08-17 08:30:00,63393.0,63405.0,63318.0,63350.0,429.02186,3831
2026-08-17 09:00:00,63351.0,63400.0,63300.0,63347.0,176.33853,3081
2026-08-17 09:30:00,63348.0,63348.0,63252.0,63282.0,168.8382,3226
2026-08-17 10:00:00,63283.0,63419.0,63266.0,63419.0,192.6973,2979
2026-08-17 10:30:00,63420.0,63663.0,63415.0,63659.0,661.83489,7704
2026-08-17 11:00:00,63658.0,63670.0,63607.0,63624.0,301.44708,4437
2026-08-17 11:30:00,63624.0,63750.0,63554.0,63599.0,611.77686,6465
2026-08-17 12:00:00,63598.0,63650.0,63500.0,63544.0,241.71865,8385
2026-08-17 12:30:00,63544.0,63600.0,63495.0,63520.0,328.4375,7254
2026-08-17 13:00:00,63520.0,63545.0,63407.0,63475.0,367.76075,7262
2026-08-17 13:30:00,63474.0,63756.0,63448.0,63637.0,1040.09571,18218
2026-08-17 14:00:00,63638.0,63706.0,63551.0,63587.0,255.70044,7811
2026-08-17 14:30:00,63587.0,63870.0,63550.0,63870.0,743.24417,6875
2026-08-17 15:00:00,63870.0,64000.0,63771.0,63999.0,2276.54058,10440
2026-08-17 15:30:00,64000.0,64196.0,63949.0,64164.0,1809.47606,13260
2026-08-17 16:00:00,64164.0,64182.0,64025.0,64060.0,889.60135,9226
2026-08-17 16:30:00,64060.0,64144.0,64040.0,64081.0,368.39707,5792
2026-08-17 17:00:00,64080.0,64401.0,63938.0,64166.0,2139.2377,13044
2026-08-17 17:30:00,64167.0,64313.0,64025.0,64298.0,575.53139,7287
2026-08-17 18:00:00,64298.0,64580.0,64245.0,64441.0,1267.92415,12173
2026-08-17 18:30:00,64440.0,64466.0,64364.0,64391.0,1659.77784,9869
2026-08-17 19:00:00,64392.0,64392.0,64281.0,64368.0,846.09476,6775
2026-08-17 19:30:00,64367.0,64381.0,64240.0,64275.0,217.09213,3936
2026-08-17 20:00:00,64274.0,64400.0,64226.0,64380.0,265.45908,3860
2026-08-17 20:30:00,64380.0,64381.0,64290.0,64355.0,277.30487,3622
2026-08-17 21:00:00,64356.0,64394.0,64285.0,64286.0,181.17524,3164
2026-08-17 21:30:00,64286.0,64354.0,64244.0,64341.0,349.94027,2970
2026-08-17 22:00:00,64341.0,64382.0,64242.0,64257.0,177.81429,2524
2026-08-17 22:30:00,64258.0,64299.0,64236.0,64249.0,127.39939,2241
2026-08-17 23:00:00,64250.0,64450.0,64249.0,64450.0,384.36983,3634
2026-08-17 23:30:00,64449.0,64543.0,64416.0,64494.0,366.89302,4564
2026-08-18 00:00:00,64494.0,64523.0,64376.0,64421.0,749.73287,4985
2026-08-18 00:30:00,64421.0,64421.0,64314.0,64343.0,393.20967,3613
2026-08-18 01:00:00,64344.0,64348.0,64260.0,64287.0,154.881,2687
2026-08-18 01:30:00,64289.0,64310.0,64107.0,64165.0,380.51435,5034
2026-08-18 02:00:00,64166.0,64239.0,64120.0,64123.0,191.93887,3236
2026-08-18 02:30:00,64123.0,64170.0,64003.0,64069.0,604.36217,5738
2026-08-18 03:00:00,64069.0,64115.0,64054.0,64072.0,250.17629,3046
2026-08-18 03:30:00,64073.0,64149.0,64000.0,64147.0,156.10317,2441
2026-08-18 04:00:00,64147.0,64147.0,64050.0,64120.0,70.36085,2087
2026-08-18 04:30:00,64120.0,64213.0,64119.0,64180.0,266.42848,2273
2026-08-18 05:00:00,64181.0,64242.0,64150.0,64226.0,217.09591,2314
2026-08-18 05:30:00,64225.0,64226.0,64103.0,64199.0,150.65091,2301
2026-08-18 06:00:00,64198.0,64325.0,64124.0,64309.0,235.96597,2910
2026-08-18 06:30:00,64309.0,64418.0,64240.0,64287.0,452.10435,4617
2026-08-18 07:00:00,64287.0,64326.0,64246.0,64247.0,165.69538,2500
2026-08-18 07:30:00,64246.0,64249.0,64120.0,64166.0,636.83427,3924
2026-08-18 08:00:00,64167.0,64207.0,64049.0,64178.0,471.32324,4348
2026-08-18 08:30:00,64178.0,64303.0,64175.0,64249.0,229.64039,3025
2026-08-18 09:00:00,64250.0,64250.0,64115.0,64119.0,239.5003,3811
2026-08-18 09:30:00,64120.0,64158.0,64108.0,64145.0,128.50498,2418
2026-08-18 10:00:00,64145.0,64174.0,64083.0,64133.0,228.02859,2976
2026-08-18 10:30:00,64134.0,64190.0,64133.0,64172.0,67.70608,1802
2026-08-18 11:00:00,64173.0,64350.0,64168.0,64333.0,426.87627,4466
2026-08-18 11:30:00,64333.0,64376.0,64306.0,64324.0,250.31836,3519
2026-08-18 12:00:00,64324.0,64324.0,64243.0,64270.0,231.45959,3172
2026-08-18 12:30:00,64270.0,64274.0,64191.0,64191.0,104.21663,3928
2026-08-18 13:00:00,64192.0,64192.0,64034.0,64044.0,501.02724,5975
2026-08-18 13:30:00,64043.0,64257.0,64016.0,64190.0,392.86988,6877
2026-08-18 14:00:00,64191.0,65005.0,64190.0,64968.0,4021.51571,25074
2026-08-18 14:30:00,64968.0,65018.0,64632.0,64684.0,2036.97502,15748
2026-08-18 15:00:00,64684.0,64807.0,64620.0,64775.0,778.00822,7911
2026-08-18 15:30:00,64775.0,64852.0,64770.0,64820.0,310.93825,5130
2026-08-18 16:00:00,64821.0,64861.0,64659.0,64660.0,1059.20155,6427
2026-08-18 16:30:00,64659.0,64840.0,64636.0,64807.0,313.06015,4877
2026-08-18 17:00:00,64806.0,64806.0,64722.0,64799.0,218.6553,3702
2026-08-18 17:30:00,64799.0,64799.0,64633.0,64634.0,492.27576,3859
2026-08-18 18:00:00,64633.0,64784.0,64617.0,64773.0,963.08391,4114
2026-08-18 18:30:00,64773.0,64795.0,64726.0,64733.0,156.81461,2435
2026-08-18 19:00:00,64734.0,64772.0,64680.0,64751.0,118.82412,2631
2026-08-18 19:30:00,64752.0,64753.0,64612.0,64621.0,378.06673,3512
2026-08-18 20:00:00,64621.0,64631.0,64567.0,64585.0,247.30037,3397
2026-08-18 20:30:00,64586.0,64623.0,64530.0,64544.0,341.69359,2829
2026-08-18 21:00:00,64545.0,64626.0,64544.0,64602.0,228.4049,3063
2026-08-18 21:30:00,64602.0,64602.0,64538.0,64571.0,162.88504,3149
2026-08-18 22:00:00,64572.0,64583.0,64529.0,64562.0,160.33097,3070
2026-08-18 22:30:00,64562.0,64623.0,64562.0,64605.0,94.8034,2302
2026-08-18 23:00:00,64606.0,64712.0,64605.0,64711.0,489.59416,3395
2026-08-18 23:30:00,64712.0,64760.0,64694.0,64696.0,494.92217,3558
2026-08-19 00:00:00,64696.0,64710.0,64508.0,64571.0,718.55297,5638
2026-08-19 00:30:00,64572.0,64632.0,64442.0,64454.0,698.50265,5633
2026-08-19 01:00:00,64454.0,64500.0,64399.0,64450.0,710.94826,4825
2026-08-19 01:30:00,64451.0,64457.0,64361.0,64368.0,173.48993,2945
2026-08-19 02:00:00,64369.0,64388.0,64317.0,64359.0,354.03821,3485
2026-08-19 02:30:00,64359.0,64386.0,64310.0,64320.0,101.67538,1944
2026-08-19 03:00:00,64319.0,64388.0,64239.0,64335.0,716.36146,4247
2026-08-19 03:30:00,64334.0,64341.0,64299.0,64300.0,61.34976,1682
2026-08-19 04:00:00,64300.0,64371.0,64262.0,64328.0,108.12529,2001
2026-08-19 04:30:00,64327.0,64346.0,64271.0,64286.0,289.43367,2278
2026-08-19 05:00:00,64286.0,64388.0,64271.0,64333.0,239.34155,2149
2026-08-19 05:30:00,64332.0,64332.0,64202.0,64203.0,106.41352,2146
2026-08-19 06:00:00,64203.0,64284.0,64122.0,64240.0,794.46458,4721
2026-08-19 06:30:00,64239.0,64319.0,64226.0,64311.0,197.6717,3301
2026-08-19 07:00:00,64310.0,64344.0,64240.0,64312.0,208.36015,2954
2026-08-19 07:30:00,64313.0,64369.0,64266.0,64266.0,93.38867,2874
2026-08-19 08:00:00,64267.0,64296.0,64216.0,64254.0,88.55,2294
2026-08-19 08:30:00,64254.0,64492.0,64253.0,64388.0,351.13842,4052
2026-08-19 09:00:00,64388.0,64440.0,64337.0,64353.0,78.49072,3152
2026-08-19 09:30:00,64352.0,64398.0,64326.0,64398.0,72.62116,2447
2026-08-19 10:00:00,64397.0,64398.0,64337.0,64369.0,71.85655,2673
2026-08-19 10:30:00,64369.0,64432.0,64350.0,64431.0,213.21686,2836
2026-08-19 11:00:00,64431.0,64500.0,64421.0,64476.0,574.78496,4506
2026-08-19 11:30:00,64477.0,64500.0,64433.0,64479.0,340.62648,3066
2026-08-19 12:00:00,64479.0,64491.0,64437.0,64467.0,150.95508,2630
2026-08-19 12:30:00,64467.0,64952.0,64450.0,64841.0,2699.37943,14347
2026-08-19 13:00:00,64840.0,65000.0,64745.0,64971.0,1466.74922,10427
2026-08-19 13:30:00,64971.0,65200.0,64778.0,64980.0,2987.0763,26565
2026-08-19 14:00:00,64979.0,65450.0,64977.0,65385.0,2858.96766,25178
2026-08-19 14:30:00,65377.0,65941.0,65325.0,65892.0,4135.29561,25402
2026-08-19 15:00:00,65892.0,70224.0,65851.0,68269.0,18238.43417,83689
2026-08-19 15:30:00,68269.0,68819.0,67727.0,68532.0,9075.92063,56242
2026-08-19 16:00:00,68533.0,68956.0,68467.0,68875.0,3546.9055,25078
2026-08-19 16:30:00,68875.0,68875.0,68372.0,68430.0,2756.57088,18856
2026-08-19 17:00:00,68430.0,68496.0,67811.0,67972.0,5865.21911,24231
2026-08-19 17:30:00,67975.0,68233.0,67792.0,68170.0,1985.69999,14422
2026-08-19 18:00:00,68170.0,68299.0,68001.0,68248.0,1447.75408,11235
2026-08-19 18:30:00,68247.0,68426.0,68200.0,68369.0,952.91838,9339
2026-08-19 19:00:00,68369.0,68414.0,68067.0,68149.0,1098.286,10930
2026-08-19 19:30:00,68149.0,68459.0,68086.0,68404.0,1177.46466,9305
2026-08-19 20:00:00,68403.0,68786.0,68354.0,68671.0,1327.83699,11656
2026-08-19 20:30:00,68671.0,69628.0,68594.0,69028.0,4194.13346,22842
2026-08-19 21:00:00,69027.0,69956.0,68966.0,69632.0,3823.14582,31828
2026-08-19 21:30:00,69631.0,70046.0,69359.0,69714.0,2313.09734,19876
2026-08-19 22:00:00,69713.0,69830.0,69128.0,69130.0,1517.01971,16232
2026-08-19 22:30:00,69130.0,69471.0,68967.0,69244.0,1069.28339,19956
2026-08-19 23:00:00,69243.0,69445.0,69199.0,69352.0,928.48668,7583
2026-08-19 23:30:00,69351.0,69386.0,69139.0,69323.0,531.19702,6172
2026-08-20 00:00:00,69323.0,69773.0,69311.0,69600.0,1293.03436,11062
2026-08-20 00:30:00,69599.0,69690.0,69351.0,69400.0,455.89474,6933
2026-08-20 01:00:00,69399.0,69502.0,69256.0,69310.0,377.24193,5801
2026-08-20 01:30:00,69310.0,69874.0,69279.0,69701.0,671.29072,7278
2026-08-20 02:00:00,69702.0,69813.0,69465.0,69499.0,395.97836,5608
2026-08-20 02:30:00,69500.0,69536.0,69257.0,69304.0,370.80377,5555
2026-08-20 03:00:00,69302.0,69302.0,68898.0,68963.0,1080.76503,7988
2026-08-20 03:30:00,68962.0,69351.0,68962.0,69188.0,377.77074,4785
2026-08-20 04:00:00,69188.0,69400.0,69161.0,69351.0,702.56374,5223
2026-08-20 04:30:00,69350.0,69585.0,69231.0,69486.0,499.07678,4921
2026-08-20 05:00:00,69486.0,69661.0,69445.0,69576.0,250.77268,3972
2026-08-20 05:30:00,69575.0,69630.0,69352.0,69407.0,394.62694,4401
2026-08-20 06:00:00,69413.0,69692.0,69352.0,69587.0,326.01234,5179
2026-08-20 06:30:00,69588.0,69950.0,69588.0,69843.0,1206.60076,7362
2026-08-20 07:00:00,69843.0,69999.0,69611.0,69673.0,717.35632,7442
2026-08-20 07:30:00,69674.0,69839.0,69493.0,69838.0,666.3712,5815
2026-08-20 08:00:00,69839.0,71646.0,69792.0,71337.0,7228.15625,39275
2026-08-20 08:30:00,71337.0,71801.0,71155.0,71565.0,4269.37007,23425
2026-08-20 09:00:00,71565.0,72055.0,71485.0,71818.0,3423.9199,20240
2026-08-20 09:30:00,71818.0,72052.0,71667.0,71792.0,1660.89368,11813
2026-08-20 10:00:00,71790.0,72501.0,71691.0,72026.0,4260.97025,21270
2026-08-20 10:30:00,72025.0,72028.0,71747.0,71984.0,1962.83106,14395
2026-08-20 11:00:00,71983.0,72140.0,71824.0,71870.0,1861.1174,10632
2026-08-20 11:30:00,71871.0,72319.0,71800.0,71902.0,1189.03433,12516
2026-08-20 12:00:00,71902.0,71965.0,71454.0,71818.0,1482.97419,13317
2026-08-20 12:30:00,71819.0,71988.0,71478.0,71931.0,1553.14634,12146
2026-08-20 13:00:00,71931.0,72068.0,71828.0,71931.0,645.50529,9207
2026-08-20 13:30:00,71932.0,71932.0,71134.0,71650.0,4098.28013,23113
2026-08-20 14:00:00,71650.0,71961.0,71349.0,71425.0,1629.31921,15097
2026-08-20 14:30:00,71425.0,71804.0,71394.0,71803.0,1015.52154,10707
2026-08-20 15:00:00,71804.0,72600.0,71771.0,72399.0,4277.67842,27100
2026-08-20 15:30:00,72400.0,72824.0,72154.0,72453.0,2747.2777,19380
2026-08-20 16:00:00,72454.0,72499.0,72191.0,72400.0,569.87442,9218
2026-08-20 16:30:00,72400.0,72956.0,72270.0,72834.0,1448.87922,14667
2026-08-20 17:00:00,72834.0,72869.0,72525.0,72809.0,1097.15826,11296
2026-08-20 17:30:00,72809.0,72969.0,72663.0,72717.0,794.4351,9142
2026-08-20 18:00:00,72718.0,72800.0,72460.0,72667.0,982.0371,10451
2026-08-20 18:30:00,72667.0,72683.0,72359.0,72408.0,750.81831,8244
2026-08-20 19:00:00,72409.0,72612.0,72303.0,72586.0,746.74636,7480
2026-08-20 19:30:00,72586.0,72750.0,72532.0,72609.0,407.76536,8180
2026-08-20 20:00:00,72613.0,72878.0,72599.0,72793.0,495.64727,7006
2026-08-20 20:30:00,72794.0,73028.0,72565.0,72642.0,1257.62143,10268
2026-08-20 21:00:00,72643.0,72826.0,72522.0,72631.0,509.13066,5370
2026-08-20 21:30:00,72631.0,72816.0,72630.0,72699.0,347.27682,3980
2026-08-20 22:00:00,72700.0,72800.0,72448.0,72765.0,1167.19171,7459
2026-08-20 22:30:00,72765.0,72843.0,72643.0,72649.0,156.36848,3589
2026-08-20 23:00:00,72650.0,73370.0,72632.0,73172.0,1937.27831,12384
2026-08-20 23:30:00,73180.0,73369.0,72959.0,72996.0,1166.16644,8644
2026-08-21 00:00:00,73001.0,73883.0,73001.0,73698.0,3725.16897,20968
2026-08-21 00:30:00,73699.0,73998.0,73518.0,73700.0,1691.7547,13428
2026-08-21 01:00:00,73699.0,74888.0,73651.0,74705.0,4769.1193,27493
2026-08-21 01:30:00,74705.0,75816.0,74519.0,75121.0,6900.94991,35347
2026-08-21 02:00:00,75121.0,75184.0,74656.0,74979.0,3224.91276,18550
2026-08-21 02:30:00,74979.0,75114.0,74362.0,74425.0,2680.72545,14616
2026-08-21 03:00:00,74425.0,74634.0,74227.0,74599.0,1323.15052,9369
2026-08-21 03:30:00,74599.0,74905.0,74436.0,74516.0,1933.46183,9868
2026-08-21 04:00:00,74515.0,74954.0,74515.0,74808.0,670.07215,8423
2026-08-21 04:30:00,74807.0,75058.0,74785.0,75032.0,1117.31915,10182
2026-08-21 05:00:00,75031.0,75499.0,74896.0,75200.0,2208.70964,13905
2026-08-21 05:30:00,75199.0,75463.0,75098.0,75463.0,1268.85452,8496
2026-08-21 06:00:00,75462.0,75518.0,75083.0,75327.0,1067.86237,9559
2026-08-21 06:30:00,75326.0,75737.0,75271.0,75633.0,2155.58585,13351
2026-08-21 07:00:00,75632.0,76941.0,75613.0,76414.0,5073.58413,30180
2026-08-21 07:30:00,76414.0,76791.0,76239.0,76339.0,1483.87794,14852
2026-08-21 08:00:00,76338.0,77450.0,76287.0,77253.0,3677.4028,26766
2026-08-21 08:30:00,77252.0,79584.0,77182.0,79317.0,6333.70367,50168
2026-08-21 09:00:00,79316.0,79408.0,77302.0,77729.0,7532.41307,50664
2026-08-21 09:30:00,77729.0,78397.0,77615.0,77936.0,2732.04914,23008
2026-08-21 10:00:00,77935.0,78301.0,77639.0,77957.0,1937.23032,17683
2026-08-21 10:30:00,77957.0,78028.0,77642.0,77838.0,931.7269,11238
2026-08-21 11:00:00,77837.0,77877.0,77257.0,77438.0,1883.61222,15249
2026-08-21 11:30:00,77437.0,77463.0,76444.0,76768.0,2969.85284,25606
2026-08-21 12:00:00,76768.0,77045.0,76551.0,76718.0,1075.53587,13345
2026-08-21 12:30:00,76717.0,77510.0,76656.0,77230.0,1654.80261,15894
2026-08-21 13:00:00,77231.0,77420.0,76859.0,77117.0,1505.4053,13693
2026-08-21 13:30:00,77116.0,77730.0,76256.0,77278.0,4184.14658,31849
2026-08-21 14:00:00,77278.0,77279.0,76549.0,77083.0,2058.16484,22118
2026-08-21 14:30:00,77084.0,77475.0,76868.0,77413.0,1275.81327,13612
2026-08-21 15:00:00,77412.0,77894.0,77350.0,77635.0,2111.22317,17057
2026-08-21 15:30:00,77636.0,77769.0,77184.0,77242.0,1141.13409,12535
2026-08-21 16:00:00,77243.0,77407.0,76814.0,77404.0,1926.68119,15178
2026-08-21 16:30:00,77404.0,77583.0,77261.0,77499.0,661.94783,8078
2026-08-21 17:00:00,77499.0,77727.0,77200.0,77574.0,730.83878,9679
2026-08-21 17:30:00,77575.0,77664.0,77322.0,77400.0,620.10779,7258
2026-08-21 18:00:00,77401.0,77559.0,77260.0,77397.0,331.64967,6220
2026-08-21 18:30:00,77397.0,77459.0,76620.0,77136.0,1415.35281,13534
2026-08-21 19:00:00,77135.0,77339.0,76848.0,77323.0,573.88315,10596
2026-08-21 19:30:00,77323.0,77366.0,77011.0,77018.0,685.63834,8419
2026-08-21 20:00:00,77019.0,77525.0,76853.0,77483.0,1210.33968,11476
2026-08-21 20:30:00,77482.0,77525.0,77306.0,77510.0,518.67616,5902
2026-08-21 21:00:00,77509.0,78245.0,77364.0,78110.0,2031.46209,13850
2026-08-21 21:30:00,78109.0,78745.0,78019.0,78556.0,2289.97122,19677
2026-08-21 22:00:00,78557.0,78800.0,78218.0,78541.0,1702.13859,15833
2026-08-21 22:30:00,78544.0,78652.0,78131.0,78485.0,1014.20207,11901
2026-08-21 23:00:00,78493.0,78760.0,78364.0,78441.0,1037.44646,9942
2026-08-21 23:30:00,78441.0,78543.0,78157.0,78383.0,1148.10493,9366
2026-08-22 00:00:00,78382.0,78566.0,77752.0,77946.0,1265.06523,14063
2026-08-22 00:30:00,77947.0,78078.0,77686.0,77970.0,1422.66736,10904
2026-08-22 01:00:00,77970.0,78208.0,77912.0,78038.0,464.85851,7014
2026-08-22 01:30:00,78037.0,78269.0,77830.0,77859.0,666.13905,7572
2026-08-22 02:00:00,77859.0,78530.0,77817.0,78422.0,664.33113,7404
2026-08-22 02:30:00,78423.0,78600.0,78200.0,78518.0,687.25972,8855
2026-08-22 03:00:00,78518.0,78853.0,78399.0,78821.0,904.6932,9821
2026-08-22 03:30:00,78817.0,78885.0,78445.0,78463.0,788.65355,8800
2026-08-22 04:00:00,78463.0,78649.0,78247.0,78649.0,909.29342,8577
2026-08-22 04:30:00,78648.0,78874.0,78511.0,78518.0,649.43575,9171
2026-08-22 05:00:00,78518.0,78644.0,76600.0,77353.0,5455.42246,37616
2026-08-22 05:30:00,77354.0,77629.0,76958.0,77421.0,1891.68599,15857
2026-08-22 06:00:00,77437.0,77498.0,77182.0,77293.0,904.16375,9077
2026-08-22 06:30:00,77293.0,77637.0,77013.0,77538.0,990.77611,9461
2026-08-22 07:00:00,77538.0,77715.0,77259.0,77540.0,1290.90553,9279
2026-08-22 07:30:00,77540.0,77561.0,77308.0,77326.0,509.22456,5542
2026-08-22 08:00:00,77326.0,77497.0,77129.0,77274.0,1319.67137,8403
2026-08-22 08:30:00,77274.0,77396.0,77083.0,77244.0,745.68587,8067
2026-08-22 09:00:00,77244.0,77428.0,77106.0,77230.0,1511.12259,12577
2026-08-22 09:30:00,77229.0,77252.0,76828.0,77072.0,1737.82807,8369
2026-08-22 10:00:00,77071.0,77089.0,76558.0,76958.0,1393.52114,13116
2026-08-22 10:30:00,76959.0,77225.0,76887.0,77008.0,773.22636,7491
2026-08-22 11:00:00,77009.0,77100.0,76840.0,77014.0,504.14547,6590
2026-08-22 11:30:00,77015.0,77253.0,76984.0,77163.0,337.11487,5190
2026-08-22 12:00:00,77164.0,77386.0,77108.0,77381.0,750.23944,6256
2026-08-22 12:30:00,77381.0,77434.0,77260.0,77351.0,962.0902,5772
2026-08-22 13:00:00,77351.0,77362.0,77162.0,77220.0,218.05,4023
2026-08-22 13:30:00,77221.0,77416.0,77155.0,77341.0,295.1336,4163
2026-08-22 14:00:00,77342.0,77371.0,77002.0,77146.0,500.9934,7340
2026-08-22 14:30:00,77147.0,77200.0,76976.0,77053.0,502.77819,5136
2026-08-22 15:00:00,77054.0,77149.0,76932.0,77036.0,363.80798,5035
2026-08-22 15:30:00,77037.0,77158.0,76961.0,77035.0,367.99494,4117
2026-08-22 16:00:00,77035.0,77302.0,77009.0,77251.0,547.50042,5563
2026-08-22 16:30:00,77252.0,77608.0,77231.0,77340.0,979.28678,10241
2026-08-22 17:00:00,77340.0,77403.0,77127.0,77144.0,433.47044,5533
2026-08-22 17:30:00,77144.0,77431.0,77144.0,77322.0,390.65599,5645
2026-08-22 18:00:00,77323.0,77400.0,77251.0,77354.0,293.82777,3607
2026-08-22 18:30:00,77355.0,77376.0,77187.0,77312.0,151.13618,3468
2026-08-22 19:00:00,77312.0,77401.0,77259.0,77336.0,188.71087,3425
2026-08-22 19:30:00,77336.0,77536.0,77335.0,77473.0,435.09958,5073
2026-08-22 20:00:00,77473.0,77522.0,77351.0,77352.0,286.60849,5403
2026-08-22 20:30:00,77351.0,77475.0,77320.0,77389.0,413.64201,5349
2026-08-22 21:00:00,77389.0,77389.0,77082.0,77238.0,767.81106,6120
2026-08-22 21:30:00,77239.0,77262.0,76844.0,76903.0,898.29881,6862
2026-08-22 22:00:00,76903.0,77217.0,76811.0,77112.0,792.97658,6471
2026-08-22 22:30:00,77112.0,77199.0,76940.0,77053.0,211.1103,3666
2026-08-22 23:00:00,77057.0,77134.0,76996.0,77005.0,157.40418,2595
2026-08-22 23:30:00,77005.0,77196.0,76958.0,77133.0,269.63597,3568
2026-08-23 00:00:00,77132.0,77300.0,77106.0,77291.0,299.49529,4356
2026-08-23 00:30:00,77291.0,77416.0,77287.0,77359.0,282.8932,4221
2026-08-23 01:00:00,77361.0,77470.0,77229.0,77324.0,286.83882,3975
2026-08-23 01:30:00,77324.0,77378.0,77213.0,77247.0,152.00608,3165
2026-08-23 02:00:00,77246.0,77261.0,77068.0,77166.0,423.34769,4712
2026-08-23 02:30:00,77167.0,77266.0,77116.0,77128.0,284.96123,4247
2026-08-23 03:00:00,77129.0,77208.0,77043.0,77043.0,232.16008,4150
2026-08-23 03:30:00,77043.0,77043.0,76886.0,76976.0,614.04871,5287
2026-08-23 04:00:00,76977.0,77090.0,76756.0,77010.0,614.18549,6200
2026-08-23 04:30:00,77010.0,77022.0,76526.0,76653.0,623.2076,6441
2026-08-23 05:00:00,76651.0,76775.0,75608.0,76286.0,4473.85614,27012
2026-08-23 05:30:00,76285.0,76382.0,76080.0,76104.0,901.77532,8155
2026-08-23 06:00:00,76101.0,76339.0,75921.0,76271.0,1418.71464,9330
2026-08-23 06:30:00,76272.0,76379.0,76067.0,76141.0,443.50869,4618
2026-08-23 07:00:00,76142.0,76379.0,76064.0,76279.0,468.7126,4652
2026-08-23 07:30:00,76276.0,76277.0,75957.0,76058.0,494.37522,5074
2026-08-23 08:00:00,76060.0,76338.0,76000.0,76277.0,351.21532,4685
2026-08-23 08:30:00,76278.0,76707.0,76277.0,76541.0,1254.81606,8668
2026-08-23 09:00:00,76541.0,76703.0,76527.0,76601.0,408.75473,5247
2026-08-23 09:30:00,76602.0,76684.0,76525.0,76595.0,157.19649,3535
2026-08-23 10:00:00,76595.0,76965.0,76587.0,76804.0,421.76027,7975
2026-08-23 10:30:00,76804.0,76972.0,76789.0,76823.0,539.00529,6562
2026-08-23 11:00:00,76824.0,77360.0,76777.0,77206.0,975.29169,11595
2026-08-23 11:30:00,77206.0,77442.0,77173.0,77353.0,581.41711,7775
2026-08-23 12:00:00,77354.0,77354.0,77049.0,77084.0,607.5605,5935
2026-08-23 12:30:00,77083.0,77312.0,77083.0,77259.0,400.12888,4574
2026-08-23 13:00:00,77259.0,77848.0,77253.0,77483.0,1243.6553,11948
2026-08-23 13:30:00,77480.0,77676.0,77400.0,77531.0,1044.18253,8823
2026-08-23 14:00:00,77531.0,77718.0,77384.0,77500.0,1019.47114,11015
2026-08-23 14:30:00,77500.0,77547.0,76801.0,77217.0,1527.95406,13566
2026-08-23 15:00:00,77218.0,77387.0,76963.0,77225.0,566.14201,7074
2026-08-23 15:30:00,77226.0,77347.0,77170.0,77185.0,210.88103,3986
2026-08-23 16:00:00,77186.0,77373.0,77185.0,77360.0,320.70555,4265
2026-08-23 16:30:00,77360.0,77507.0,77350.0,77456.0,420.03205,4927
2026-08-23 17:00:00,77455.0,77482.0,77178.0,77293.0,622.824,5379
2026-08-23 17:30:00,77293.0,77355.0,77194.0,77241.0,234.35628,3348
2026-08-23 18:00:00,77234.0,77447.0,77150.0,77393.0,328.92344,4561
2026-08-23 18:30:00,77392.0,77397.0,77301.0,77377.0,178.89524,3359
2026-08-23 19:00:00,77379.0,77451.0,77285.0,77393.0,128.60689,3055
2026-08-23 19:30:00,77394.0,77511.0,77291.0,77375.0,237.31981,3374
2026-08-23 20:00:00,77375.0,77440.0,77225.0,77411.0,392.1595,3826
2026-08-23 20:30:00,77410.0,77481.0,77410.0,77430.0,206.73638,2648
2026-08-23 21:00:00,77431.0,78118.0,77431.0,78099.0,2048.3975,15027
2026-08-23 21:30:00,78099.0,78110.0,77604.0,77902.0,1455.20729,10899
2026-08-23 22:00:00,77902.0,78050.0,77656.0,77724.0,555.39514,8961
2026-08-23 22:30:00,77723.0,77790.0,77629.0,77659.0,458.94919,5687
2026-08-23 23:00:00,77660.0,77732.0,77347.0,77725.0,999.1212,7952
2026-08-23 23:30:00,77725.0,77877.0,77455.0,77804.0,694.92168,6915
2026-08-24 00:00:00,77805.0,77820.0,77321.0,77499.0,723.28147,8440
2026-08-24 00:30:00,77499.0,77740.0,77204.0,77738.0,812.58104,8406
2026-08-24 01:00:00,77738.0,77780.0,77278.0,77306.0,454.3346,5952
2026-08-24 01:30:00,77305.0,77427.0,76943.0,76944.0,1002.83534,7685
2026-08-24 02:00:00,76943.0,77547.0,76901.0,77480.0,1076.06637,8313
2026-08-24 02:30:00,77480.0,77578.0,77271.0,77522.0,458.9487,4762
2026-08-24 03:00:00,77522.0,77576.0,77199.0,77199.0,286.22526,3748
2026-08-24 03:30:00,77200.0,77215.0,76971.0,76975.0,1287.58346,6990
2026-08-24 04:00:00,76976.0,77300.0,76976.0,77264.0,326.79623,4140
2026-08-24 04:30:00,77265.0,77271.0,76693.0,76943.0,973.03512,8748
2026-08-24 05:00:00,76944.0,77271.0,76900.0,77120.0,350.1188,7405
2026-08-24 05:30:00,77121.0,77231.0,76874.0,77207.0,1056.84538,8542
2026-08-24 06:00:00,77208.0,77526.0,77115.0,77400.0,360.91316,7002
2026-08-24 06:30:00,77401.0,77560.0,77269.0,77514.0,320.24882,5124
2026-08-24 07:00:00,77514.0,77859.0,77511.0,77651.0,607.21447,7563
2026-08-24 07:30:00,77651.0,77652.0,77333.0,77362.0,186.69415,5838
2026-08-24 08:00:00,77362.0,77460.0,76862.0,76952.0,1371.04375,11511
2026-08-24 08:30:00,76952.0,77192.0,76946.0,77083.0,561.70077,6906
2026-08-24 09:00:00,77084.0,77463.0,77069.0,77452.0,300.62178,6713
2026-08-24 09:30:00,77459.0,77633.0,77445.0,77584.0,401.04084,5200
2026-08-24 10:00:00,77585.0,77987.0,77582.0,77887.0,755.34751,9426
2026-08-24 10:30:00,77888.0,78072.0,77583.0,77661.0,572.4734,8129
2026-08-24 11:00:00,77661.0,77935.0,77486.0,77885.0,764.61905,8493
2026-08-24 11:30:00,77884.0,78708.0,77880.0,78521.0,3940.2706,29266
2026-08-24 12:00:00,78521.0,78566.0,78050.0,78511.0,1170.78899,13043
2026-08-24 12:30:00,78511.0,79408.0,78451.0,79221.0,2851.45647,28650
2026-08-24 13:00:00,79221.0,79479.0,78916.0,79074.0,2516.12852,24901
2026-08-24 13:30:00,79074.0,79098.0,77923.0,78648.0,4564.28681,35878
2026-08-24 14:00:00,78647.0,79772.0,78647.0,79450.0,3832.36373,35550
2026-08-24 14:30:00,79450.0,79895.0,79331.0,79565.0,3761.10011,28952
2026-08-24 15:00:00,79565.0,80016.0,79421.0,79933.0,3707.07608,22084
2026-08-24 15:30:00,79933.0,80035.0,78835.0,79120.0,4048.49383,28694
2026-08-24 16:00:00,79119.0,79880.0,79119.0,79680.0,2300.35427,18038
2026-08-24 16:30:00,79679.0,79800.0,78901.0,79069.0,2112.6871,16725
2026-08-24 17:00:00,79068.0,79217.0,78450.0,78526.0,3946.38898,24136
2026-08-24 17:30:00,78526.0,78864.0,78479.0,78760.0,1117.03677,10532
2026-08-24 18:00:00,78759.0,79080.0,78747.0,79023.0,1029.94857,11595
2026-08-24 18:30:00,79023.0,79088.0,78729.0,78932.0,599.67163,8960
2026-08-24 19:00:00,78931.0,79123.0,78633.0,78868.0,1120.08298,10197
2026-08-24 19:30:00,78871.0,78961.0,78569.0,78740.0,1128.37049,9187
2026-08-24 20:00:00,78740.0,78814.0,78554.0,78688.0,636.96897,6450
2026-08-24 20:30:00,78688.0,78997.0,78628.0,78924.0,679.20245,5542
2026-08-24 21:00:00,78924.0,79041.0,78842.0,78911.0,333.3797,4555
2026-08-24 21:30:00,78911.0,79037.0,78911.0,78971.0,669.01357,4438
2026-08-24 22:00:00,78970.0,78987.0,78753.0,78775.0,460.08925,5055
2026-08-24 22:30:00,78774.0,78915.0,78683.0,78729.0,385.71029,4414
2026-08-24 23:00:00,78729.0,78989.0,78622.0,78916.0,1065.96822,6694
2026-08-24 23:30:00,78907.0,79017.0,78843.0,78996.0,290.22482,4318
2026-08-25 00:00:00,78995.0,79068.0,78708.0,78798.0,529.25905,6526
2026-08-25 00:30:00,78797.0,79900.0,78752.0,79755.0,3038.80183,19250
2026-08-25 01:00:00,79754.0,79999.0,79500.0,79850.0,1711.16669,12573
2026-08-25 01:30:00,79851.0,79942.0,79522.0,79838.0,509.98787,7619
2026-08-25 02:00:00,79837.0,81098.0,79755.0,81038.0,4398.48282,27804
2026-08-25 02:30:00,81036.0,81299.0,80436.0,80672.0,2768.57568,20940
2026-08-25 03:00:00,80672.0,80978.0,80535.0,80666.0,1874.61405,13299
2026-08-25 03:30:00,80665.0,80909.0,80307.0,80490.0,2520.45116,12140
2026-08-25 04:00:00,80490.0,80615.0,80237.0,80258.0,1498.66907,9924
2026-08-25 04:30:00,80259.0,80408.0,80168.0,80385.0,496.81677,6229
2026-08-25 05:00:00,80385.0,80765.0,80341.0,80662.0,767.87215,7900
2026-08-25 05:30:00,80661.0,80843.0,80621.0,80753.0,1303.37035,8407
2026-08-25 06:00:00,80753.0,80941.0,80710.0,80775.0,786.98044,7265
2026-08-25 06:30:00,80775.0,80776.0,80424.0,80590.0,1148.55218,8101
2026-08-25 07:00:00,80590.0,80843.0,80565.0,80685.0,686.41914,7362
2026-08-25 07:30:00,80684.0,80710.0,79335.0,79713.0,2822.90496,19578
2026-08-25 08:00:00,79713.0,80254.0,79624.0,80195.0,1373.89653,10978
2026-08-25 08:30:00,80195.0,80242.0,79835.0,79924.0,911.49372,8602
2026-08-25 09:00:00,79926.0,79967.0,79699.0,79820.0,739.00801,7585
2026-08-25 09:30:00,79821.0,79952.0,78822.0,79170.0,2679.45765,17033
2026-08-25 10:00:00,79171.0,79414.0,78971.0,79261.0,1282.62353,10310
2026-08-25 10:30:00,79261.0,79482.0,79225.0,79289.0,752.90877,6880
2026-08-25 11:00:00,79288.0,79395.0,79059.0,79235.0,926.32111,8546
2026-08-25 11:30:00,79242.0,79445.0,79017.0,79108.0,906.34071,7888
2026-08-25 12:00:00,79107.0,79164.0,78591.0,78866.0,1478.0309,14371
2026-08-25 12:30:00,78865.0,79087.0,78750.0,78967.0,972.46212,8165
2026-08-25 13:00:00,78967.0,79067.0,78553.0,78631.0,726.99301,9282
2026-08-25 13:30:00,78630.0,79207.0,78060.0,78617.0,3365.76906,25654
2026-08-25 14:00:00,78622.0,79286.0,78527.0,79196.0,2665.37861,19333
2026-08-25 14:30:00,79194.0,79381.0,79029.0,79222.0,1441.0261,10935
2026-08-25 15:00:00,79222.0,79342.0,79000.0,79199.0,1295.12922,10536
2026-08-25 15:30:00,79199.0,79538.0,79153.0,79490.0,1523.14807,10593
2026-08-25 16:00:00,79491.0,79560.0,79063.0,79150.0,1271.87457,9445
2026-08-25 16:30:00,79149.0,79349.0,79073.0,79139.0,758.01626,7452
2026-08-25 17:00:00,79139.0,79139.0,78664.0,78773.0,1925.23274,10361
2026-08-25 17:30:00,78774.0,79238.0,78774.0,79217.0,928.80891,7219
2026-08-25 18:00:00,79217.0,79338.0,79200.0,79253.0,667.99167,5678
2026-08-25 18:30:00,79252.0,79253.0,79010.0,79105.0,715.49264,5609
2026-08-25 19:00:00,79105.0,79220.0,78886.0,78915.0,774.42658,6588
2026-08-25 19:30:00,78914.0,78932.0,78706.0,78901.0,520.029,6294
2026-08-25 20:00:00,78905.0,78944.0,78644.0,78742.0,477.53606,6221
2026-08-25 20:30:00,78742.0,78765.0,78129.0,78162.0,2366.34629,15650
2026-08-25 21:00:00,78161.0,78454.0,77794.0,78419.0,3561.63671,20075
2026-08-25 21:30:00,78419.0,78641.0,78343.0,78547.0,907.88455,8232
2026-08-25 22:00:00,78546.0,78998.0,78546.0,78600.0,1852.38843,13089
2026-08-25 22:30:00,78600.0,78922.0,78562.0,78866.0,652.55035,6237
2026-08-25 23:00:00,78865.0,78940.0,78597.0,78706.0,948.93733,7510
2026-08-25 23:30:00,78705.0,78781.0,78346.0,78494.0,1126.56468,9233
2026-08-26 00:00:00,78494.0,78577.0,78270.0,78558.0,774.51743,8648
2026-08-26 00:30:00,78559.0,78677.0,78336.0,78605.0,973.69302,8765
2026-08-26 01:00:00,78604.0,78873.0,78577.0,78685.0,664.64886,6557
2026-08-26 01:30:00,78686.0,78928.0,78686.0,78792.0,335.98572,4166
2026-08-26 02:00:00,78791.0,79226.0,78728.0,79210.0,1071.35551,7267
2026-08-26 02:30:00,79210.0,79222.0,79035.0,79099.0,460.9367,5271
2026-08-26 03:00:00,79099.0,79175.0,78973.0,79032.0,322.69567,4345
2026-08-26 03:30:00,79032.0,79100.0,78894.0,79071.0,412.89793,4931
2026-08-26 04:00:00,79072.0,79182.0,78957.0,79012.0,570.81518,5877
2026-08-26 04:30:00,79011.0,79047.0,78786.0,78817.0,319.35888,4875
2026-08-26 05:00:00,78817.0,79052.0,78616.0,79007.0,1176.86502,8579
2026-08-26 05:30:00,79007.0,79127.0,78944.0,79079.0,473.49283,5105
2026-08-26 06:00:00,79081.0,79206.0,78812.0,78888.0,1529.7167,8326
2026-08-26 06:30:00,78888.0,78949.0,78792.0,78930.0,293.49128,3484
2026-08-26 07:00:00,78930.0,79084.0,78850.0,78936.0,634.21932,4888
2026-08-26 07:30:00,78935.0,79042.0,78882.0,78917.0,187.4892,3515
2026-08-26 08:00:00,78917.0,79108.0,78808.0,78981.0,665.93764,5913
2026-08-26 08:30:00,78981.0,79013.0,78585.0,78691.0,802.68557,7055
2026-08-26 09:00:00,78691.0,78873.0,78361.0,78520.0,1434.46899,11377
2026-08-26 09:30:00,78520.0,78585.0,78203.0,78433.0,840.31773,8035
2026-08-26 10:00:00,78432.0,78634.0,78267.0,78618.0,655.48602,6256
2026-08-26 10:30:00,78618.0,78858.0,78542.0,78700.0,556.91129,6765
2026-08-26 11:00:00,78700.0,78768.0,78587.0,78607.0,258.18073,4116
2026-08-26 11:30:00,78608.0,78609.0,78273.0,78474.0,1031.92056,8176
2026-08-26 12:00:00,78474.0,78699.0,78269.0,78698.0,1028.18588,8198
2026-08-26 12:30:00,78698.0,78699.0,77955.0,78300.0,1694.98522,14355
2026-08-26 13:00:00,78301.0,78420.0,77875.0,78017.0,1814.79251,12901
2026-08-26 13:30:00,78018.0,78532.0,78018.0,78437.0,1836.89218,13702
2026-08-26 14:00:00,78429.0,78602.0,78185.0,78235.0,883.23089,10883
2026-08-26 14:30:00,78234.0,78266.0,77729.0,77775.0,2489.89502,14787
2026-08-26 15:00:00,77774.0,78160.0,77618.0,78150.0,2048.62614,15692
2026-08-26 15:30:00,78150.0,78159.0,77913.0,77998.0,1290.05018,8083
2026-08-26 16:00:00,77998.0,78154.0,77963.0,78046.0,351.10239,4602
2026-08-26 16:30:00,78046.0,78150.0,77832.0,77972.0,789.40991,5839
2026-08-26 17:00:00,77971.0,78520.0,77971.0,78509.0,1190.79414,10119
2026-08-26 17:30:00,78508.0,78606.0,78351.0,78435.0,836.36697,7356
2026-08-26 18:00:00,78436.0,78659.0,78386.0,78460.0,592.72978,5950
2026-08-26 18:30:00,78459.0,78496.0,78263.0,78469.0,705.71343,4999
2026-08-26 19:00:00,78469.0,78535.0,78272.0,78506.0,1106.72684,5636
2026-08-26 19:30:00,78511.0,78530.0,78361.0,78445.0,323.64429,3414
2026-08-26 20:00:00,78454.0,78503.0,78170.0,78383.0,527.39769,5591
2026-08-26 20:30:00,78383.0,78424.0,78268.0,78424.0,468.66722,4951
2026-08-26 21:00:00,78424.0,78829.0,78369.0,78753.0,1513.16751,9460
2026-08-26 21:30:00,78753.0,78831.0,78650.0,78718.0,432.68977,4360
2026-08-26 22:00:00,78719.0,79007.0,78671.0,78826.0,2041.0964,10025
2026-08-26 22:30:00,78823.0,78823.0,78542.0,78690.0,850.61974,6003
2026-08-26 23:00:00,78690.0,78888.0,78644.0,78851.0,278.9813,3777
2026-08-26 23:30:00,78852.0,79173.0,78851.0,79026.0,955.82454,8009
2026-08-27 00:00:00,79025.0,79034.0,78810.0,78904.0,591.77418,5704
2026-08-27 00:30:00,78904.0,78904.0,78679.0,78681.0,714.01923,6086
2026-08-27 01:00:00,78681.0,78965.0,78547.0,78924.0,677.76192,5376
2026-08-27 01:30:00,78924.0,78994.0,78693.0,78881.0,586.78876,4757
2026-08-27 02:00:00,78881.0,78951.0,78700.0,78740.0,299.63795,3722
2026-08-27 02:30:00,78740.0,78781.0,78696.0,78710.0,57.71031,2388
2026-08-27 03:00:00,78710.0,78971.0,78621.0,78880.0,190.23333,3759
2026-08-27 03:30:00,78880.0,78913.0,78756.0,78809.0,113.63925,3297
2026-08-27 04:00:00,78809.0,78885.0,78778.0,78779.0,74.34046,2392
2026-08-27 04:30:00,78778.0,78817.0,78674.0,78770.0,640.08481,4938
2026-08-27 05:00:00,78771.0,78802.0,78611.0,78639.0,681.99694,4655
2026-08-27 05:30:00,78638.0,78936.0,78585.0,78897.0,805.00259,5270
2026-08-27 06:00:00,78897.0,78898.0,78596.0,78632.0,1086.02079,6044
2026-08-27 06:30:00,78631.0,78838.0,78631.0,78826.0,343.064,3604
2026-08-27 07:00:00,78825.0,78854.0,78743.0,78779.0,80.332,2341
2026-08-27 07:30:00,78783.0,79080.0,78778.0,79066.0,337.48999,4199
2026-08-27 08:00:00,79066.0,79896.0,79029.0,79748.0,3367.33423,20951
2026-08-27 08:30:00,79747.0,80041.0,79691.0,79758.0,1591.80682,11533
2026-08-27 09:00:00,79758.0,80500.0,79670.0,80499.0,1382.45729,13214
2026-08-27 09:30:00,80498.0,80542.0,79928.0,79995.0,1779.70875,11499
2026-08-27 10:00:00,79996.0,80171.0,79298.0,79642.0,2580.38928,15879
2026-08-27 10:30:00,79641.0,79658.0,79342.0,79612.0,1067.91829,8948
2026-08-27 11:00:00,79614.0,79765.0,79481.0,79511.0,1183.71347,7788
2026-08-27 11:30:00,79512.0,79547.0,79167.0,79477.0,1267.13348,9328
2026-08-27 12:00:00,79477.0,79588.0,79369.0,79540.0,510.38085,5436
2026-08-27 12:30:00,79539.0,79540.0,79254.0,79266.0,659.6553,5835
2026-08-27 13:00:00,79265.0,79490.0,79257.0,79347.0,509.42701,5056
2026-08-27 13:30:00,79347.0,79561.0,78881.0,79521.0,2269.10013,16045
2026-08-27 14:00:00,79520.0,79900.0,79335.0,79895.0,1701.32334,15619
2026-08-27 14:30:00,79895.0,80380.0,79779.0,80186.0,2431.1933,17639
2026-08-27 15:00:00,80186.0,80786.0,80064.0,80566.0,3185.17225,20873
2026-08-27 15:30:00,80566.0,80583.0,80260.0,80271.0,1236.90763,10467
2026-08-27 16:00:00,80270.0,80505.0,80148.0,80378.0,1116.77441,8837
2026-08-27 16:30:00,80378.0,80603.0,80231.0,80328.0,975.28719,8453
2026-08-27 17:00:00,80328.0,80801.0,80187.0,80684.0,1776.65417,11567
2026-08-27 17:30:00,80684.0,80767.0,80389.0,80414.0,699.08845,7288
2026-08-27 18:00:00,80414.0,80414.0,79705.0,79883.0,1582.7949,12868
2026-08-27 18:30:00,79883.0,80127.0,79792.0,80127.0,841.50703,6453
2026-08-27 19:00:00,80128.0,80263.0,80013.0,80149.0,496.41951,6746
2026-08-27 19:30:00,80149.0,80200.0,79857.0,79859.0,378.52908,5449
2026-08-27 20:00:00,79876.0,80091.0,79839.0,79956.0,557.88942,4584
2026-08-27 20:30:00,79957.0,80069.0,79931.0,80064.0,86.15325,2491
2026-08-27 21:00:00,80063.0,80123.0,79958.0,80002.0,447.15591,3544
2026-08-27 21:30:00,80001.0,80166.0,79943.0,80154.0,426.56224,4113
2026-08-27 22:00:00,80156.0,80400.0,80156.0,80208.0,901.10486,7250
2026-08-27 22:30:00,80209.0,80280.0,80104.0,80269.0,706.97419,4573
2026-08-27 23:00:00,80269.0,80368.0,80092.0,80293.0,643.50205,4647
2026-08-27 23:30:00,80292.0,80298.0,80141.0,80221.0,529.09411,3999
2026-08-28 00:00:00,80220.0,80427.0,80106.0,80394.0,750.59188,6224
2026-08-28 00:30:00,80393.0,80679.0,80310.0,80548.0,663.38542,6415
2026-08-28 01:00:00,80548.0,81172.0,80548.0,81114.0,1777.34569,14829
2026-08-28 01:30:00,81114.0,81483.0,80400.0,80472.0,3387.54386,19830
2026-08-28 02:00:00,80472.0,80473.0,79869.0,79889.0,1454.96592,12986
2026-08-28 02:30:00,79888.0,80134.0,79703.0,79895.0,1339.41489,10259
2026-08-28 03:00:00,79895.0,80013.0,79738.0,79875.0,806.55414,6208
2026-08-28 03:30:00,79875.0,79959.0,79750.0,79791.0,270.92975,4286
2026-08-28 04:00:00,79790.0,79940.0,79557.0,79778.0,684.0507,7146
2026-08-28 04:30:00,79777.0,79800.0,79579.0,79611.0,450.21548,4290
2026-08-28 05:00:00,79612.0,79711.0,79534.0,79711.0,630.80143,5380
2026-08-28 05:30:00,79711.0,79848.0,79608.0,79650.0,248.91934,3836
2026-08-28 06:00:00,79649.0,79884.0,79649.0,79796.0,321.98049,3791
2026-08-28 06:30:00,79795.0,79979.0,79753.0,79876.0,584.82441,4695
2026-08-28 07:00:00,79877.0,79877.0,79627.0,79773.0,981.01634,6635
2026-08-28 07:30:00,79774.0,79782.0,79552.0,79641.0,205.15946,3709
2026-08-28 08:00:00,79642.0,79819.0,79641.0,79764.0,454.60708,4749
2026-08-28 08:30:00,79764.0,79784.0,79456.0,79483.0,902.10874,6906
2026-08-28 09:00:00,79483.0,79483.0,79218.0,79350.0,1333.17287,8222
2026-08-28 09:30:00,79350.0,79396.0,79235.0,79252.0,194.83066,3769
2026-08-28 10:00:00,79252.0,79288.0,78975.0,79280.0,881.48613,8334
2026-08-28 10:30:00,79280.0,79553.0,79260.0,79540.0,827.50227,5859
2026-08-28 11:00:00,79539.0,79742.0,79535.0,79639.0,524.92338,5950
2026-08-28 11:30:00,79638.0,79722.0,79511.0,79567.0,648.56787,4124
2026-08-28 12:00:00,79568.0,79686.0,79482.0,79488.0,272.3013,4503
2026-08-28 12:30:00,79488.0,79490.0,79261.0,79391.0,718.55766,6653
2026-08-28 13:00:00,79391.0,79450.0,79035.0,79149.0,467.19638,6322
2026-08-28 13:30:00,79148.0,79529.0,78993.0,79319.0,1146.6275,12276
2026-08-28 14:00:00,79319.0,79677.0,78404.0,78923.0,6589.21206,42638
2026-08-28 14:30:00,78923.0,79700.0,78817.0,79505.0,3649.30962,25250
2026-08-28 15:00:00,79506.0,79830.0,79228.0,79307.0,1304.44043,11274
2026-08-28 15:30:00,79307.0,79327.0,78275.0,78297.0,2454.94396,18385
2026-08-28 16:00:00,78296.0,78368.0,76831.0,77511.0,7036.0873,49860
2026-08-28 16:30:00,77512.0,77975.0,77500.0,77752.0,2804.40278,20592
2026-08-28 17:00:00,77753.0,78091.0,77630.0,77906.0,1407.51418,14278
2026-08-28 17:30:00,77905.0,77972.0,77653.0,77873.0,851.97894,7448
2026-08-28 18:00:00,77873.0,77914.0,77461.0,77551.0,1078.04195,8087
2026-08-28 18:30:00,77551.0,77586.0,77231.0,77526.0,1609.23127,11125
2026-08-28 19:00:00,77526.0,77765.0,77474.0,77670.0,1163.3661,7421
2026-08-28 19:30:00,77670.0,77676.0,77353.0,77550.0,750.55494,6457
2026-08-28 20:00:00,77534.0,77582.0,77380.0,77484.0,637.27621,5257
2026-08-28 20:30:00,77485.0,77485.0,77283.0,77376.0,325.22493,4643
2026-08-28 21:00:00,77377.0,77412.0,77292.0,77372.0,439.78311,4471
2026-08-28 21:30:00,77373.0,77511.0,77234.0,77345.0,384.46463,4210
2026-08-28 22:00:00,77346.0,77564.0,77308.0,77554.0,560.93417,4730
2026-08-28 22:30:00,77555.0,77746.0,77544.0,77729.0,886.38047,6791
2026-08-28 23:00:00,77729.0,77750.0,77641.0,77657.0,197.52338,3730
2026-08-28 23:30:00,77658.0,77834.0,77598.0,77832.0,707.34087,5107
2026-08-29 00:00:00,77832.0,77924.0,77759.0,77878.0,630.07261,5332
2026-08-29 00:30:00,77878.0,77878.0,77685.0,77696.0,260.87799,3236
2026-08-29 01:00:00,77696.0,77754.0,77603.0,77754.0,113.48954,2527
2026-08-29 01:30:00,77754.0,77817.0,77722.0,77763.0,116.78656,2304
2026-08-29 02:00:00,77763.0,77788.0,77535.0,77595.0,410.1867,3420
2026-08-29 02:30:00,77595.0,77682.0,77556.0,77636.0,245.33178,3062
2026-08-29 03:00:00,77636.0,77698.0,77600.0,77656.0,121.75079,2352
2026-08-29 03:30:00,77656.0,77671.0,77468.0,77469.0,304.85202,3008
2026-08-29 04:00:00,77469.0,77591.0,77469.0,77580.0,129.39861,2340
2026-08-29 04:30:00,77580.0,77650.0,77563.0,77624.0,70.53032,2109
2026-08-29 05:00:00,77624.0,77692.0,77600.0,77637.0,126.24209,2216
2026-08-29 05:30:00,77637.0,77698.0,77575.0,77613.0,161.08034,2323
2026-08-29 06:00:00,77613.0,77613.0,77341.0,77376.0,434.6308,3945
2026-08-29 06:30:00,77377.0,77468.0,77376.0,77436.0,92.02987,2246
2026-08-29 07:00:00,77437.0,77513.0,77398.0,77492.0,128.6781,2376
2026-08-29 07:30:00,77492.0,77648.0,77475.0,77591.0,521.63014,3272
2026-08-29 08:00:00,77591.0,77591.0,77444.0,77556.0,277.42579,2985
2026-08-29 08:30:00,77556.0,77603.0,77490.0,77603.0,110.6401,2227
2026-08-29 09:00:00,77604.0,77649.0,77531.0,77590.0,145.29152,2338
2026-08-29 09:30:00,77590.0,77727.0,77589.0,77624.0,144.52366,2485
2026-08-29 10:00:00,77625.0,77693.0,77485.0,77638.0,108.4342,2627
2026-08-29 10:30:00,77638.0,77702.0,77603.0,77607.0,66.70813,1909
2026-08-29 11:00:00,77607.0,77700.0,77588.0,77671.0,54.98278,1731
2026-08-29 11:30:00,77671.0,77671.0,77534.0,77564.0,67.10803,1754
2026-08-29 12:00:00,77564.0,77627.0,77501.0,77560.0,54.49056,2065
2026-08-29 12:30:00,77560.0,77568.0,77467.0,77554.0,252.50881,2663
2026-08-29 13:00:00,77554.0,77696.0,77542.0,77619.0,110.34481,2354
2026-08-29 13:30:00,77619.0,77698.0,77615.0,77681.0,104.52016,2129
2026-08-29 14:00:00,77681.0,77730.0,77634.0,77677.0,70.34322,3676
2026-08-29 14:30:00,77676.0,78162.0,77660.0,77987.0,1077.92173,9308
2026-08-29 15:00:00,77986.0,77991.0,77831.0,77879.0,636.80189,4678
2026-08-29 15:30:00,77879.0,77909.0,77776.0,77827.0,179.56361,2988
2026-08-29 16:00:00,77827.0,78110.0,77827.0,77926.0,883.80207,6644
2026-08-29 16:30:00,77926.0,78067.0,77872.0,77995.0,523.27192,3967
2026-08-29 17:00:00,77996.0,78074.0,77950.0,77955.0,241.67388,2946
2026-08-29 17:30:00,77956.0,78072.0,77866.0,78070.0,767.28119,4205
2026-08-29 18:00:00,78069.0,78151.0,77997.0,78031.0,439.59696,3310
2026-08-29 18:30:00,78032.0,78241.0,77987.0,78131.0,915.38737,5537
2026-08-29 19:00:00,78132.0,78331.0,78131.0,78230.0,544.2473,5496
2026-08-29 19:30:00,78230.0,78242.0,78116.0,78160.0,138.06494,3167
2026-08-29 20:00:00,78160.0,78272.0,78144.0,78152.0,124.70015,2593
2026-08-29 20:30:00,78153.0,78153.0,78089.0,78100.0,213.10218,3134
2026-08-29 21:00:00,78100.0,78166.0,78025.0,78076.0,267.03076,2893
2026-08-29 21:30:00,78076.0,78189.0,78042.0,78145.0,119.82843,2474
2026-08-29 22:00:00,78145.0,78202.0,78055.0,78120.0,177.85824,2660
2026-08-29 22:30:00,78120.0,78209.0,78117.0,78202.0,130.99662,1936
2026-08-29 23:00:00,78202.0,78257.0,78174.0,78240.0,159.08159,2851
2026-08-29 23:30:00,78241.0,78264.0,78207.0,78228.0,87.3243,2186
2026-08-30 00:00:00,78229.0,78312.0,78132.0,78198.0,308.58335,3901
2026-08-30 00:30:00,78197.0,78284.0,78146.0,78146.0,81.35002,2538
2026-08-30 01:00:00,78149.0,78162.0,77955.0,77984.0,617.20299,3836
2026-08-30 01:30:00,77985.0,78107.0,77959.0,78050.0,128.71337,2708
2026-08-30 02:00:00,78050.0,78103.0,77989.0,78013.0,84.06747,1918
2026-08-30 02:30:00,78014.0,78160.0,77981.0,78086.0,143.75661,2245
2026-08-30 03:00:00,78086.0,78144.0,78030.0,78144.0,67.22464,2055
2026-08-30 03:30:00,78148.0,78220.0,78117.0,78124.0,303.63435,2708
2026-08-30 04:00:00,78118.0,78202.0,78069.0,78096.0,260.82562,2504
2026-08-30 04:30:00,78095.0,78096.0,77962.0,78079.0,430.56459,2797
2026-08-30 05:00:00,78079.0,78188.0,78078.0,78117.0,60.86222,2007
2026-08-30 05:30:00,78117.0,78117.0,78084.0,78099.0,48.67265,1653
2026-08-30 06:00:00,78099.0,78179.0,78084.0,78161.0,116.97647,1933
2026-08-30 06:30:00,78161.0,78288.0,78158.0,78265.0,449.73559,2954
2026-08-30 07:00:00,78265.0,78276.0,78200.0,78200.0,76.51031,1936
2026-08-30 07:30:00,78201.0,78201.0,78085.0,78086.0,109.08355,2051
2026-08-30 08:00:00,78086.0,78177.0,78086.0,78138.0,52.47778,1921
2026-08-30 08:30:00,78138.0,78138.0,78013.0,78064.0,104.99883,2826
2026-08-30 09:00:00,78064.0,78100.0,77973.0,77974.0,70.1177,2288
2026-08-30 09:30:00,77974.0,78041.0,77964.0,77982.0,62.90196,1902
2026-08-30 10:00:00,77983.0,78100.0,77936.0,78027.0,108.7819,2532
2026-08-30 10:30:00,78027.0,78134.0,78026.0,78125.0,50.34929,1843
2026-08-30 11:00:00,78130.0,78207.0,78116.0,78207.0,111.28831,2104
2026-08-30 11:30:00,78207.0,78221.0,78093.0,78149.0,68.92043,2208
2026-08-30 12:00:00,78149.0,78706.0,78149.0,78613.0,1851.06344,12033
2026-08-30 12:30:00,78613.0,78879.0,78533.0,78775.0,1004.57061,8798
2026-08-30 13:00:00,78776.0,78816.0,78567.0,78706.0,359.6691,4084
2026-08-30 13:30:00,78707.0,78950.0,78659.0,78851.0,599.27927,7144
2026-08-30 14:00:00,78851.0,78940.0,78751.0,78838.0,365.83124,6756
2026-08-30 14:30:00,78838.0,78931.0,78696.0,78755.0,438.52396,4829
2026-08-30 15:00:00,78754.0,78849.0,78622.0,78761.0,214.51705,4006
2026-08-30 15:30:00,78760.0,78885.0,78760.0,78809.0,204.69031,2860
2026-08-30 16:00:00,78809.0,79250.0,78724.0,79032.0,1298.18123,11874
2026-08-30 16:30:00,79032.0,79389.0,79012.0,79318.0,838.61346,8855
2026-08-30 17:00:00,79319.0,79329.0,78759.0,78934.0,764.02426,10501
2026-08-30 17:30:00,78933.0,79072.0,78870.0,79000.0,375.00909,5322
2026-08-30 18:00:00,79001.0,79069.0,78757.0,78989.0,509.31244,4814
2026-08-30 18:30:00,78990.0,79172.0,78989.0,79023.0,381.24843,5077
2026-08-30 19:00:00,79023.0,79030.0,78902.0,78920.0,347.08307,3618
2026-08-30 19:30:00,78920.0,78943.0,78699.0,78841.0,545.86906,5292
2026-08-30 20:00:00,78842.0,78915.0,78817.0,78818.0,91.10044,2877
2026-08-30 20:30:00,78818.0,78850.0,78407.0,78563.0,1073.69519,8098
2026-08-30 21:00:00,78563.0,78660.0,78199.0,78628.0,1067.68409,11226
2026-08-30 21:30:00,78628.0,78720.0,78526.0,78644.0,165.17543,3543
2026-08-30 22:00:00,78645.0,78806.0,78283.0,78363.0,624.4613,6848
2026-08-30 22:30:00,78364.0,78528.0,78260.0,78404.0,174.64535,3796
2026-08-30 23:00:00,78404.0,78425.0,77625.0,77661.0,1443.56226,13078
2026-08-30 23:30:00,77654.0,77844.0,76971.0,77659.0,3579.17802,23443
2026-08-31 00:00:00,77660.0,77982.0,77409.0,77899.0,1423.16998,11989
2026-08-31 00:30:00,77900.0,78163.0,77868.0,77924.0,588.59646,6014
2026-08-31 01:00:00,77924.0,77987.0,77546.0,77763.0,806.66695,8004
2026-08-31 01:30:00,77764.0,77933.0,77600.0,77622.0,309.6307,5389
2026-08-31 02:00:00,77623.0,78004.0,77501.0,77869.0,650.07741,6397
2026-08-31 02:30:00,77869.0,77918.0,77357.0,77446.0,843.36161,5851
2026-08-31 03:00:00,77446.0,77749.0,77353.0,77712.0,696.3729,5287
2026-08-31 03:30:00,77701.0,77853.0,77652.0,77738.0,309.7292,3458
2026-08-31 04:00:00,77738.0,77755.0,77474.0,77501.0,438.36949,4609
2026-08-31 04:30:00,77501.0,77651.0,77436.0,77612.0,325.11949,4051
2026-08-31 05:00:00,77613.0,78155.0,77506.0,77998.0,1212.6655,9441
2026-08-31 05:30:00,77999.0,78063.0,77867.0,78012.0,408.08644,4753
2026-08-31 06:00:00,78012.0,78134.0,77857.0,78023.0,601.31862,5533
2026-08-31 06:30:00,78017.0,78143.0,77923.0,78088.0,229.19916,3909
2026-08-31 07:00:00,78087.0,78318.0,78028.0,78211.0,262.78667,4974
2026-08-31 07:30:00,78211.0,78289.0,78130.0,78195.0,164.15179,3726
2026-08-31 08:00:00,78196.0,78333.0,77967.0,78087.0,409.64421,5192
2026-08-31 08:30:00,78087.0,78516.0,78069.0,78463.0,708.13935,7096
2026-08-31 09:00:00,78464.0,78790.0,78389.0,78642.0,942.12418,8852
2026-08-31 09:30:00,78645.0,78788.0,78504.0,78505.0,334.26593,4405
2026-08-31 10:00:00,78505.0,78525.0,78301.0,78447.0,519.56875,5917
2026-08-31 10:30:00,78447.0,78733.0,78375.0,78704.0,335.84124,5468
2026-08-31 11:00:00,78705.0,78705.0,78458.0,78472.0,375.96771,3791
2026-08-31 11:30:00,78472.0,78483.0,78280.0,78300.0,410.21021,4184
2026-08-31 12:00:00,78300.0,78533.0,78033.0,78084.0,656.71571,9042
2026-08-31 12:30:00,78084.0,78151.0,77678.0,77905.0,1407.77681,11996
2026-08-31 13:00:00,77905.0,78196.0,77872.0,78030.0,1369.51147,9445
2026-08-31 13:30:00,78031.0,78293.0,77711.0,77855.0,1780.70234,17926
2026-08-31 14:00:00,77856.0,78060.0,77740.0,78011.0,872.82572,11326
2026-08-31 14:30:00,78010.0,78677.0,77965.0,78572.0,1527.92181,15172
2026-08-31 15:00:00,78574.0,78675.0,78208.0,78448.0,750.73764,8030
2026-08-31 15:30:00,78448.0,78773.0,78390.0,78566.0,1096.90737,8308
2026-08-31 16:00:00,78566.0,78800.0,78510.0,78635.0,952.14548,7134
2026-08-31 16:30:00,78636.0,78882.0,78558.0,78624.0,863.32868,7249
2026-08-31 17:00:00,78623.0,78793.0,78471.0,78510.0,559.81628,5787
2026-08-31 17:30:00,78516.0,78985.0,78515.0,78885.0,1030.50409,8384
2026-08-31 18:00:00,78886.0,79079.0,78761.0,78886.0,1074.32101,8084
2026-08-31 18:30:00,78886.0,79203.0,78871.0,79010.0,1192.04716,8378
2026-08-31 19:00:00,79010.0,79250.0,79008.0,79084.0,579.12451,5786
2026-08-31 19:30:00,79084.0,79137.0,78837.0,78872.0,755.45581,5825
2026-08-31 20:00:00,78872.0,79164.0,78846.0,78912.0,667.75763,4939
2026-08-31 20:30:00,78912.0,78939.0,78783.0,78842.0,445.29843,3625
2026-08-31 21:00:00,78842.0,78959.0,78715.0,78948.0,327.50854,4057
2026-08-31 21:30:00,78948.0,79066.0,78941.0,78950.0,261.81913,3029
2026-08-31 22:00:00,78950.0,79008.0,78729.0,78748.0,165.45208,3047
2026-08-31 22:30:00,78747.0,78759.0,78560.0,78572.0,299.47068,3792
2026-08-31 23:00:00,78573.0,78573.0,78373.0,78566.0,380.95876,4531
2026-08-31 23:30:00,78566.0,78581.0,78491.0,78574.0,144.8124,2276
2026-09-01 00:00:00,78575.0,78887.0,78555.0,78861.0,487.24998,4676
2026-09-01 00:30:00,78860.0,78889.0,78565.0,78637.0,404.35372,4230
2026-09-01 01:00:00,78637.0,78789.0,78388.0,78406.0,709.84589,4592
2026-09-01 01:30:00,78405.0,78559.0,78360.0,78382.0,454.53262,4160
2026-09-01 02:00:00,78382.0,78383.0,78153.0,78194.0,680.8442,5747
2026-09-01 02:30:00,78193.0,78444.0,78193.0,78429.0,199.09377,2840
2026-09-01 03:00:00,78429.0,78495.0,78388.0,78460.0,328.21013,2818
2026-09-01 03:30:00,78460.0,78871.0,78459.0,78665.0,743.29918,6699
2026-09-01 04:00:00,78665.0,78914.0,78643.0,78833.0,446.97619,4831
2026-09-01 04:30:00,78834.0,78856.0,78680.0,78722.0,430.4745,4822
2026-09-01 05:00:00,78722.0,79017.0,78722.0,78999.0,1089.47262,8337
2026-09-01 05:30:00,78999.0,79233.0,78965.0,79182.0,2152.88396,11144
2026-09-01 06:00:00,79182.0,79183.0,78804.0,78887.0,518.88326,6093
2026-09-01 06:30:00,78886.0,78949.0,78740.0,78741.0,323.95302,4693
2026-09-01 07:00:00,78740.0,78813.0,78702.0,78785.0,248.36281,5002
2026-09-01 07:30:00,78784.0,78804.0,78499.0,78642.0,417.31419,6391
2026-09-01 08:00:00,78642.0,78663.0,77879.0,77888.0,1281.39216,13820
2026-09-01 08:30:00,77888.0,78052.0,77820.0,77883.0,924.05418,10518
2026-09-01 09:00:00,77882.0,77972.0,77773.0,77930.0,507.48666,7232
2026-09-01 09:30:00,77930.0,78050.0,77848.0,77899.0,292.41736,4263
2026-09-01 10:00:00,77899.0,78049.0,77740.0,77998.0,469.37132,6235
2026-09-01 10:30:00,77998.0,78184.0,77980.0,78018.0,317.61398,5930
2026-09-01 11:00:00,78018.0,78053.0,77890.0,78000.0,339.94227,4306
2026-09-01 11:30:00,78000.0,78193.0,77947.0,78094.0,860.97924,6277
2026-09-01 12:00:00,78095.0,78150.0,77914.0,77986.0,218.96926,4948
2026-09-01 12:30:00,77985.0,78072.0,77740.0,78000.0,454.22382,6816
2026-09-01 13:00:00,78000.0,78010.0,77500.0,77885.0,1518.98106,10953
2026-09-01 13:30:00,77885.0,78204.0,77500.0,78049.0,1636.20647,15354
2026-09-01 14:00:00,78050.0,78409.0,78035.0,78247.0,1436.58054,15112
2026-09-01 14:30:00,78246.0,78418.0,78114.0,78156.0,384.97543,6242
2026-09-01 15:00:00,78155.0,78156.0,77718.0,77861.0,694.28707,8403
2026-09-01 15:30:00,77860.0,78096.0,77790.0,77910.0,647.99551,6514
2026-09-01 16:00:00,77910.0,77968.0,77437.0,77609.0,1728.36899,11470
2026-09-01 16:30:00,77609.0,77649.0,77290.0,77583.0,969.17122,9362
2026-09-01 17:00:00,77582.0,77646.0,77392.0,77501.0,405.42085,5347
2026-09-01 17:30:00,77500.0,77722.0,77219.0,77238.0,914.84284,8197
2026-09-01 18:00:00,77246.0,77282.0,76740.0,77035.0,2499.99211,17615
2026-09-01 18:30:00,77035.0,77148.0,76397.0,77146.0,4384.31764,27035
2026-09-01 19:00:00,77147.0,77453.0,77097.0,77343.0,1096.8826,11640
2026-09-01 19:30:00,77344.0,77368.0,77182.0,77290.0,378.09574,6255
2026-09-01 20:00:00,77298.0,77464.0,77218.0,77401.0,287.25727,5862
2026-09-01 20:30:00,77402.0,77475.0,77328.0,77436.0,220.77512,4381
2026-09-01 21:00:00,77436.0,77501.0,76897.0,77185.0,1056.88352,9832
2026-09-01 21:30:00,77186.0,77259.0,77012.0,77195.0,282.2299,4385
2026-09-01 22:00:00,77195.0,77302.0,77051.0,77052.0,269.68636,4607
2026-09-01 22:30:00,77052.0,77350.0,77010.0,77255.0,429.78735,4567
2026-09-01 23:00:00,77255.0,77392.0,77193.0,77392.0,152.64946,3501
2026-09-01 23:30:00,77392.0,77611.0,77374.0,77419.0,446.77924,6043
2026-09-02 00:00:00,77420.0,77506.0,77246.0,77246.0,356.38631,4608
2026-09-02 00:30:00,77246.0,77323.0,77109.0,77194.0,206.72468,4288
2026-09-02 01:00:00,77195.0,77368.0,77127.0,77137.0,219.78555,4626
2026-09-02 01:30:00,77138.0,77172.0,76687.0,77000.0,1124.41826,10339
2026-09-02 02:00:00,77001.0,77343.0,76925.0,77308.0,640.82728,7212
2026-09-02 02:30:00,77309.0,77314.0,77156.0,77313.0,136.30902,4074
2026-09-02 03:00:00,77314.0,77777.0,77288.0,77643.0,1029.70673,9454
2026-09-02 03:30:00,77644.0,77651.0,77483.0,77549.0,1101.33156,8126
2026-09-02 04:00:00,77550.0,77550.0,77274.0,77406.0,456.6578,4796
2026-09-02 04:30:00,77407.0,77599.0,77407.0,77546.0,305.52877,4997
2026-09-02 05:00:00,77546.0,77777.0,77412.0,77742.0,709.03224,7233
2026-09-02 05:30:00,77743.0,77743.0,77569.0,77635.0,511.61693,5043
2026-09-02 06:00:00,77636.0,77715.0,77533.0,77533.0,413.8081,4203
2026-09-02 06:30:00,77534.0,77674.0,77446.0,77600.0,431.31751,5550
2026-09-02 07:00:00,77601.0,77708.0,77581.0,77708.0,71.11949,1983
