t,open,high,low,close,volume,trades
2025-09-02 06:00:00,4382.9,4414.7,4367.0,4376.3,46701.2267,21183
2025-09-02 08:00:00,4376.1,4407.2,4369.2,4397.6,44882.9604,22339
2025-09-02 10:00:00,4397.6,4399.6,4340.0,4346.7,36441.5509,17751
2025-09-02 12:00:00,4346.1,4393.1,4270.7,4378.1,175252.9815,69219
2025-09-02 14:00:00,4378.2,4396.2,4282.5,4293.7,131046.9706,57773
2025-09-02 16:00:00,4293.8,4330.1,4279.8,4317.6,94476.3554,29887
2025-09-02 18:00:00,4317.5,4321.3,4256.3,4272.4,96718.2946,27849
2025-09-02 20:00:00,4272.4,4335.0,4265.4,4327.2,65579.131,19998
2025-09-02 22:00:00,4327.2,4335.0,4308.0,4324.7,16701.3873,10589
2025-09-03 00:00:00,4324.6,4331.0,4281.6,4322.9,58578.9751,15566
2025-09-03 02:00:00,4322.9,4354.1,4310.2,4332.9,54078.3442,15138
2025-09-03 04:00:00,4332.9,4340.0,4310.8,4312.6,36293.2512,14120
2025-09-03 06:00:00,4312.5,4318.9,4288.0,4308.7,20799.3956,12397
2025-09-03 08:00:00,4308.6,4351.7,4301.0,4350.1,30759.5488,16325
2025-09-03 10:00:00,4350.2,4384.9,4344.4,4370.6,60927.5033,32344
2025-09-03 12:00:00,4370.7,4439.9,4341.0,4417.2,118616.8724,41856
2025-09-03 14:00:00,4417.2,4483.9,4414.0,4477.5,143612.0939,44542
2025-09-03 16:00:00,4477.6,4489.1,4453.1,4470.0,50242.057,19987
2025-09-03 18:00:00,4470.0,4477.5,4456.3,4474.0,38796.8551,14853
2025-09-03 20:00:00,4473.6,4478.3,4438.1,4460.0,39236.5849,14450
2025-09-03 22:00:00,4459.9,4480.0,4442.2,4448.2,29932.6311,13317
2025-09-04 00:00:00,4448.2,4481.0,4444.3,4467.4,66110.1757,18907
2025-09-04 02:00:00,4467.4,4470.0,4388.4,4396.9,80828.8758,25085
2025-09-04 04:00:00,4396.9,4413.1,4360.7,4374.2,64764.2564,26079
2025-09-04 06:00:00,4374.2,4382.8,4355.0,4369.9,38732.447,16867
2025-09-04 08:00:00,4370.0,4395.3,4364.5,4395.3,28926.7616,15136
2025-09-04 10:00:00,4395.2,4431.0,4391.6,4408.0,87491.9825,22526
2025-09-04 12:00:00,4408.1,4428.7,4365.5,4376.3,82168.2606,31424
2025-09-04 14:00:00,4376.2,4381.2,4293.3,4304.6,136113.1742,50239
2025-09-04 16:00:00,4304.6,4322.0,4285.4,4305.1,70608.3844,24647
2025-09-04 18:00:00,4305.1,4317.0,4264.1,4277.3,80045.3504,28978
2025-09-04 20:00:00,4276.6,4323.0,4271.8,4317.7,35404.2185,16404
2025-09-04 22:00:00,4317.6,4350.7,4293.8,4296.0,51322.5525,20397
2025-09-05 00:00:00,4295.9,4332.0,4289.1,4324.5,49736.843,16295
2025-09-05 02:00:00,4324.4,4334.4,4295.2,4327.5,124009.2659,23806
2025-09-05 04:00:00,4327.5,4340.7,4315.3,4336.6,39249.5526,12439
2025-09-05 06:00:00,4336.7,4427.5,4323.0,4415.0,79572.2783,28831
2025-09-05 08:00:00,4415.0,4418.3,4371.0,4397.0,71894.0721,24305
2025-09-05 10:00:00,4397.0,4425.4,4394.5,4416.7,43629.7313,25804
2025-09-05 12:00:00,4416.7,4491.7,4410.9,4442.7,198395.4166,75022
2025-09-05 14:00:00,4442.7,4442.7,4252.4,4281.4,347577.4438,102623
2025-09-05 16:00:00,4281.7,4303.0,4271.0,4288.1,54111.8835,21377
2025-09-05 18:00:00,4288.1,4330.8,4282.0,4329.3,59878.5524,23887
2025-09-05 20:00:00,4328.8,4341.0,4288.0,4294.7,106507.9948,34203
2025-09-05 22:00:00,4294.7,4317.0,4292.6,4304.7,21175.4628,11576
2025-09-06 00:00:00,4304.7,4327.2,4300.7,4316.5,21148.4099,11621
2025-09-06 02:00:00,4316.5,4323.4,4303.0,4318.3,10100.2991,7517
2025-09-06 04:00:00,4318.3,4318.7,4289.0,4293.5,12773.6283,9090
2025-09-06 06:00:00,4293.5,4312.8,4291.4,4311.0,8111.5783,6741
2025-09-06 08:00:00,4310.9,4313.8,4290.0,4290.5,5962.987,7035
2025-09-06 10:00:00,4290.5,4301.8,4285.0,4298.4,8705.2398,7739
2025-09-06 12:00:00,4298.3,4306.8,4285.7,4291.7,17100.7409,8150
2025-09-06 14:00:00,4291.7,4300.1,4261.0,4267.7,35448.9377,16264
2025-09-06 16:00:00,4267.6,4300.0,4226.7,4270.6,70805.408,38112
2025-09-06 18:00:00,4270.6,4284.6,4248.7,4253.3,28989.7982,18216
2025-09-06 20:00:00,4253.2,4283.8,4252.6,4281.6,21548.0713,10791
2025-09-06 22:00:00,4281.5,4285.6,4266.2,4271.2,14648.4491,7720
2025-09-07 00:00:00,4271.6,4301.8,4268.1,4292.8,26959.1401,12561
2025-09-07 02:00:00,4292.7,4302.1,4286.3,4294.5,24126.6087,10571
2025-09-07 04:00:00,4294.6,4302.0,4289.0,4292.4,19152.0656,9733
2025-09-07 06:00:00,4292.4,4304.7,4276.0,4292.9,22571.8334,11618
2025-09-07 08:00:00,4292.9,4313.0,4288.8,4297.3,32149.0918,13798
2025-09-07 10:00:00,4297.3,4308.0,4294.5,4307.9,22674.4027,8610
2025-09-07 12:00:00,4307.9,4308.8,4287.3,4303.2,28402.9974,11932
2025-09-07 14:00:00,4303.1,4308.7,4293.8,4297.0,13447.5729,9410
2025-09-07 16:00:00,4296.9,4299.0,4269.1,4272.5,27220.3488,15294
2025-09-07 18:00:00,4272.5,4294.0,4267.2,4291.3,15239.4235,9683
2025-09-07 20:00:00,4291.2,4298.5,4278.4,4286.1,16325.3473,7876
2025-09-07 22:00:00,4286.2,4333.0,4285.4,4303.4,83606.0321,18209
2025-09-08 00:00:00,4303.5,4317.2,4282.3,4290.9,63535.8218,16413
2025-09-08 02:00:00,4290.9,4329.0,4279.0,4309.4,47719.8485,15048
2025-09-08 04:00:00,4309.3,4311.4,4286.1,4294.8,21966.4981,10009
2025-09-08 06:00:00,4294.8,4310.6,4285.1,4289.5,32199.7035,10150
2025-09-08 08:00:00,4289.7,4332.0,4286.1,4316.6,75966.9388,20023
2025-09-08 10:00:00,4316.8,4335.0,4297.6,4310.1,61629.1411,18824
2025-09-08 12:00:00,4310.1,4361.9,4304.8,4319.6,101020.9279,35545
2025-09-08 14:00:00,4319.6,4383.7,4315.1,4371.0,93972.2939,40780
2025-09-08 16:00:00,4370.9,4372.9,4301.0,4310.6,44880.8421,26878
2025-09-08 18:00:00,4310.6,4334.9,4283.0,4289.7,53929.3596,24899
2025-09-08 20:00:00,4289.7,4321.0,4281.2,4320.8,33988.8075,17516
2025-09-08 22:00:00,4320.8,4330.5,4294.4,4304.0,42202.1472,14825
2025-09-09 00:00:00,4304.0,4314.5,4280.6,4286.1,47817.5267,15412
2025-09-09 02:00:00,4286.1,4308.3,4276.2,4306.7,20347.3907,11141
2025-09-09 04:00:00,4306.7,4320.0,4302.2,4318.5,12405.6416,8783
2025-09-09 06:00:00,4318.6,4381.1,4315.0,4360.7,63569.2051,29424
2025-09-09 08:00:00,4360.8,4367.0,4343.3,4356.1,36977.2307,14588
2025-09-09 10:00:00,4356.2,4362.4,4341.3,4347.2,32601.9731,12379
2025-09-09 12:00:00,4347.3,4367.4,4325.0,4347.1,53399.9027,23351
2025-09-09 14:00:00,4347.0,4362.0,4277.4,4285.0,116744.0431,47137
2025-09-09 16:00:00,4285.0,4297.7,4278.5,4286.9,36687.6767,13505
2025-09-09 18:00:00,4286.9,4299.5,4282.0,4295.5,21189.17,9714
2025-09-09 20:00:00,4295.5,4321.2,4281.4,4302.5,42544.5906,14121
2025-09-09 22:00:00,4303.3,4320.2,4300.0,4310.9,12757.2741,8695
2025-09-10 00:00:00,4310.9,4315.8,4285.0,4304.0,47380.2377,14229
2025-09-10 02:00:00,4304.1,4326.2,4304.0,4320.5,24578.5787,10991
2025-09-10 04:00:00,4320.5,4320.5,4295.6,4309.7,17544.1232,8758
2025-09-10 06:00:00,4309.7,4333.9,4299.1,4330.6,22587.2965,11524
2025-09-10 08:00:00,4330.6,4335.0,4309.3,4325.6,38252.9031,13121
2025-09-10 10:00:00,4325.7,4333.5,4317.4,4331.7,15475.4355,9256
2025-09-10 12:00:00,4331.6,4440.0,4330.0,4417.7,180717.2037,61313
2025-09-10 14:00:00,4418.3,4453.2,4397.3,4405.6,93028.8628,36211
2025-09-10 16:00:00,4406.1,4410.2,4343.9,4367.5,93446.3321,30866
2025-09-10 18:00:00,4367.6,4372.6,4300.6,4323.4,74730.801,27310
2025-09-10 20:00:00,4323.4,4353.0,4320.9,4350.3,38924.9261,18054
2025-09-10 22:00:00,4350.3,4355.9,4337.6,4349.4,27815.7378,11251
2025-09-11 00:00:00,4349.3,4384.2,4339.1,4367.6,54613.9344,18011
2025-09-11 02:00:00,4367.5,4409.7,4363.7,4405.5,50798.8794,21803
2025-09-11 04:00:00,4405.4,4425.0,4396.7,4420.8,47220.2105,20815
2025-09-11 06:00:00,4420.6,4451.8,4407.7,4442.8,52021.2909,17868
2025-09-11 08:00:00,4442.8,4444.0,4408.4,4417.9,40665.8496,13132
2025-09-11 10:00:00,4417.9,4440.0,4416.4,4431.7,25789.5746,10654
2025-09-11 12:00:00,4431.7,4479.7,4356.1,4438.1,230389.6881,65668
2025-09-11 14:00:00,4438.3,4439.8,4398.1,4413.4,54118.0131,21636
2025-09-11 16:00:00,4413.5,4443.1,4408.5,4435.2,28896.9341,12602
2025-09-11 18:00:00,4435.1,4438.6,4410.0,4425.2,28059.6926,12626
2025-09-11 20:00:00,4425.2,4432.8,4416.5,4431.5,14748.8577,8883
2025-09-11 22:00:00,4431.5,4471.0,4426.0,4460.0,59465.1219,20696
2025-09-12 00:00:00,4460.1,4539.4,4452.2,4498.7,109777.3498,36345
2025-09-12 02:00:00,4498.7,4525.6,4489.2,4507.6,25142.9894,17090
2025-09-12 04:00:00,4507.5,4562.2,4501.8,4559.8,47074.7665,19727
2025-09-12 06:00:00,4559.9,4564.0,4526.0,4527.6,53999.3264,18696
2025-09-12 08:00:00,4527.6,4534.8,4508.2,4517.7,41087.1907,17082
2025-09-12 10:00:00,4517.7,4538.9,4510.0,4522.3,19483.2801,11795
2025-09-12 12:00:00,4522.3,4544.0,4506.0,4541.7,20269.834,14258
2025-09-12 14:00:00,4541.7,4572.5,4526.1,4543.5,88083.7485,31398
2025-09-12 16:00:00,4543.6,4628.8,4534.5,4614.0,110097.7317,34354
2025-09-12 18:00:00,4613.9,4661.9,4600.7,4660.2,93153.9579,27044
2025-09-12 20:00:00,4660.0,4692.6,4632.0,4651.6,97700.7383,29033
2025-09-12 22:00:00,4651.6,4750.6,4651.5,4713.5,132984.2141,38090
2025-09-13 00:00:00,4713.5,4735.7,4697.7,4701.8,29153.5959,16511
2025-09-13 02:00:00,4701.7,4767.0,4693.8,4757.2,57592.8681,22168
2025-09-13 04:00:00,4757.2,4757.6,4719.0,4724.2,35429.8796,14951
2025-09-13 06:00:00,4724.2,4733.1,4704.5,4713.5,26420.6721,11602
2025-09-13 08:00:00,4713.6,4734.6,4713.5,4733.9,13615.2693,8961
2025-09-13 10:00:00,4734.0,4741.0,4709.8,4720.7,37375.0225,11590
2025-09-13 12:00:00,4720.7,4731.7,4654.7,4687.4,44372.2308,14032
2025-09-13 14:00:00,4687.4,4712.2,4646.4,4656.1,58275.0505,21492
2025-09-13 16:00:00,4656.2,4672.2,4610.5,4637.6,129119.9169,40744
2025-09-13 18:00:00,4637.6,4655.0,4628.7,4640.9,33330.1852,17275
2025-09-13 20:00:00,4641.0,4671.1,4640.1,4666.2,14782.7178,13532
2025-09-13 22:00:00,4666.2,4676.1,4650.6,4670.4,13652.7832,10050
2025-09-14 00:00:00,4670.5,4683.9,4654.6,4676.6,22723.9194,12786
2025-09-14 02:00:00,4676.6,4695.0,4664.4,4666.1,25004.1722,12734
2025-09-14 04:00:00,4666.2,4683.3,4635.6,4679.4,35429.7859,13447
2025-09-14 06:00:00,4679.5,4685.4,4643.8,4652.4,38012.2529,12859
2025-09-14 08:00:00,4652.4,4676.9,4647.5,4668.0,44120.0616,11224
2025-09-14 10:00:00,4668.0,4672.2,4628.2,4636.2,35850.4166,15220
2025-09-14 12:00:00,4636.1,4647.0,4609.0,4615.0,90938.282,25426
2025-09-14 14:00:00,4614.9,4646.0,4577.8,4584.9,75823.0015,32874
2025-09-14 16:00:00,4585.0,4632.0,4581.7,4622.9,33480.0727,17351
2025-09-14 18:00:00,4622.9,4628.7,4596.0,4618.8,16335.9157,11683
2025-09-14 20:00:00,4618.8,4639.8,4600.9,4633.3,28701.3569,14030
2025-09-14 22:00:00,4633.3,4640.1,4604.9,4607.9,25682.8333,15279
2025-09-15 00:00:00,4607.8,4626.0,4583.9,4622.0,33961.1638,19314
2025-09-15 02:00:00,4622.1,4647.1,4614.0,4639.6,22171.0432,13732
2025-09-15 04:00:00,4639.8,4665.0,4639.7,4664.0,57741.4669,16341
2025-09-15 06:00:00,4664.0,4673.6,4592.0,4601.1,84138.3323,27956
2025-09-15 08:00:00,4601.2,4601.2,4503.0,4529.3,137145.8025,52007
2025-09-15 10:00:00,4529.4,4542.5,4510.3,4533.1,37348.4908,24475
2025-09-15 12:00:00,4533.1,4544.0,4492.9,4517.7,63482.9604,32663
2025-09-15 14:00:00,4518.2,4533.2,4466.4,4501.8,121152.841,40199
2025-09-15 16:00:00,4501.8,4512.1,4476.8,4512.0,30931.6341,16351
2025-09-15 18:00:00,4512.1,4515.3,4479.5,4497.1,35763.0502,13882
2025-09-15 20:00:00,4495.8,4531.6,4490.9,4527.6,38222.4088,12965
2025-09-15 22:00:00,4527.6,4532.4,4510.9,4526.4,12023.8014,8424
2025-09-16 00:00:00,4526.4,4539.0,4507.1,4520.2,29899.9136,11085
2025-09-16 02:00:00,4520.5,4534.0,4515.7,4524.0,11399.192,6350
2025-09-16 04:00:00,4524.0,4535.0,4488.6,4531.1,45581.2039,11533
2025-09-16 06:00:00,4531.1,4538.5,4495.9,4515.0,60798.3141,13875
2025-09-16 08:00:00,4515.3,4534.0,4500.7,4514.4,46489.3391,13411
2025-09-16 10:00:00,4514.5,4516.6,4493.8,4503.2,84543.431,13140
2025-09-16 12:00:00,4503.2,4513.9,4433.8,4474.8,98208.7977,31399
2025-09-16 14:00:00,4474.8,4475.8,4425.8,4470.5,96972.8533,31457
2025-09-16 16:00:00,4470.6,4511.6,4448.9,4487.3,80493.6528,27184
2025-09-16 18:00:00,4488.0,4497.7,4467.1,4492.0,24084.6377,12683
2025-09-16 20:00:00,4491.9,4511.7,4484.6,4509.1,24977.14,12704
2025-09-16 22:00:00,4509.8,4527.8,4496.8,4501.5,47328.0685,15450
2025-09-17 00:00:00,4501.4,4520.0,4494.3,4514.0,11475.4994,12119
2025-09-17 02:00:00,4514.0,4552.7,4496.3,4497.4,60532.396,23761
2025-09-17 04:00:00,4497.4,4518.2,4464.7,4515.3,32584.4942,18349
2025-09-17 06:00:00,4515.3,4555.4,4507.0,4543.7,28984.0869,15727
2025-09-17 08:00:00,4543.7,4545.8,4495.0,4495.1,21381.1833,12423
2025-09-17 10:00:00,4495.1,4501.8,4479.2,4491.8,14933.036,10195
2025-09-17 12:00:00,4491.9,4513.6,4483.5,4496.1,24455.137,17092
2025-09-17 14:00:00,4496.4,4504.4,4467.5,4490.2,33476.9023,18405
2025-09-17 16:00:00,4489.8,4533.5,4451.0,4453.5,81582.742,29324
2025-09-17 18:00:00,4454.6,4528.2,4408.7,4519.6,304121.5649,91864
2025-09-17 20:00:00,4520.1,4543.1,4488.9,4529.9,83413.4113,22347
2025-09-17 22:00:00,4530.0,4616.7,4527.9,4590.8,90112.1249,31840
2025-09-18 00:00:00,4590.8,4635.7,4580.6,4619.7,73967.1888,22244
2025-09-18 02:00:00,4620.1,4645.0,4605.3,4613.9,71686.2671,21155
2025-09-18 04:00:00,4613.8,4619.9,4584.6,4589.5,40122.6419,15689
2025-09-18 06:00:00,4589.4,4594.4,4554.2,4575.9,33105.1248,16059
2025-09-18 08:00:00,4575.9,4609.0,4572.2,4598.5,29432.0435,14513
2025-09-18 10:00:00,4598.5,4601.9,4570.0,4577.3,13598.1691,10256
2025-09-18 12:00:00,4577.5,4605.0,4561.0,4590.3,34475.5818,19081
2025-09-18 14:00:00,4590.0,4625.9,4588.5,4600.3,40906.5819,19122
2025-09-18 16:00:00,4600.3,4637.5,4591.9,4610.7,51929.3464,18888
2025-09-18 18:00:00,4610.6,4624.0,4582.6,4588.7,29805.8856,13332
2025-09-18 20:00:00,4589.5,4607.6,4588.2,4596.5,18267.8027,9328
2025-09-18 22:00:00,4596.3,4603.1,4570.7,4588.9,39075.1896,12989
2025-09-19 00:00:00,4588.9,4622.5,4588.7,4609.0,40135.9325,13023
2025-09-19 02:00:00,4608.9,4616.4,4541.9,4550.9,48044.4018,15546
2025-09-19 04:00:00,4550.9,4561.6,4529.0,4541.8,75740.8564,17591
2025-09-19 06:00:00,4542.2,4545.0,4520.4,4540.7,35743.1887,12838
2025-09-19 08:00:00,4540.6,4551.8,4518.5,4525.0,37094.9724,13262
2025-09-19 10:00:00,4525.0,4535.8,4510.0,4515.4,24260.35,12398
2025-09-19 12:00:00,4515.4,4540.0,4510.8,4530.3,62297.3196,20238
2025-09-19 14:00:00,4530.2,4546.0,4448.2,4476.4,110924.032,35543
2025-09-19 16:00:00,4476.5,4491.7,4460.2,4461.8,26021.9532,13077
2025-09-19 18:00:00,4461.8,4469.5,4439.0,4443.8,40884.2575,14380
2025-09-19 20:00:00,4443.6,4474.7,4441.1,4473.9,18628.9372,7957
2025-09-19 22:00:00,4473.8,4481.8,4447.9,4471.4,30952.2814,9893
2025-09-20 00:00:00,4471.4,4478.3,4459.4,4468.1,26223.3939,7743
2025-09-20 02:00:00,4468.1,4471.3,4456.1,4467.3,5904.6987,4478
2025-09-20 04:00:00,4467.2,4485.6,4464.4,4479.6,31596.8098,8335
2025-09-20 06:00:00,4479.6,4484.1,4470.2,4484.1,5746.5661,8184
2025-09-20 08:00:00,4484.0,4484.1,4456.6,4466.3,8087.6457,8551
2025-09-20 10:00:00,4466.3,4476.9,4463.8,4470.3,10029.9801,10277
2025-09-20 12:00:00,4470.4,4471.7,4463.4,4468.6,5122.5875,5458
2025-09-20 14:00:00,4468.6,4508.2,4464.4,4498.5,25855.4448,11688
2025-09-20 16:00:00,4498.5,4509.8,4471.1,4486.9,16734.4409,10811
2025-09-20 18:00:00,4486.6,4487.8,4472.0,4480.6,13169.6882,8443
2025-09-20 20:00:00,4480.6,4502.7,4478.7,4492.1,17355.3792,7641
2025-09-20 22:00:00,4492.0,4496.0,4479.7,4480.6,13333.1694,7174
2025-09-21 00:00:00,4480.6,4491.2,4474.9,4481.3,8239.1728,6532
2025-09-21 02:00:00,4481.3,4488.0,4458.4,4478.5,9828.7766,8031
2025-09-21 04:00:00,4478.6,4479.1,4467.7,4478.2,7124.4049,6440
2025-09-21 06:00:00,4478.3,4492.4,4476.6,4478.0,6139.8923,7019
2025-09-21 08:00:00,4478.0,4480.0,4443.8,4467.3,38606.6848,10585
2025-09-21 10:00:00,4467.3,4469.9,4457.1,4461.3,14797.7627,4832
2025-09-21 12:00:00,4461.3,4482.9,4460.6,4476.8,15674.2538,6436
2025-09-21 14:00:00,4476.8,4486.7,4472.7,4483.8,9610.5934,5484
2025-09-21 16:00:00,4483.7,4493.8,4465.0,4491.5,28773.1072,9343
2025-09-21 18:00:00,4491.4,4499.1,4478.4,4494.7,18964.0976,9205
2025-09-21 20:00:00,4494.7,4495.0,4467.3,4472.0,15929.7325,6171
2025-09-21 22:00:00,4471.9,4478.4,4443.3,4445.2,30259.8834,10414
2025-09-22 00:00:00,4444.7,4454.9,4321.3,4327.7,141023.6314,46183
2025-09-22 02:00:00,4327.6,4339.9,4262.0,4304.9,86307.667,30528
2025-09-22 04:00:00,4304.8,4310.0,4218.8,4229.9,75960.5764,18429
2025-09-22 06:00:00,4220.9,4222.6,3909.2,4191.2,295833.4436,118193
2025-09-22 08:00:00,4191.1,4205.8,4133.9,4149.2,95456.1399,34265
2025-09-22 10:00:00,4149.1,4189.6,4136.9,4179.6,69584.4647,19546
2025-09-22 12:00:00,4179.7,4214.6,4167.5,4207.2,63650.0702,21213
2025-09-22 14:00:00,4207.2,4217.4,4157.9,4165.9,57027.1896,21754
2025-09-22 16:00:00,4166.0,4181.0,4143.5,4163.6,39171.0429,15651
2025-09-22 18:00:00,4162.9,4176.4,4117.6,4132.5,67309.3754,19961
2025-09-22 20:00:00,4132.6,4197.2,4132.3,4196.2,62930.2921,17137
2025-09-22 22:00:00,4196.2,4206.6,4181.9,4197.3,58733.9122,15565
2025-09-23 00:00:00,4197.3,4209.9,4161.0,4161.6,53187.019,14471
2025-09-23 02:00:00,4161.7,4194.9,4112.1,4185.9,81014.5282,22529
2025-09-23 04:00:00,4185.9,4192.3,4151.6,4180.9,72615.9954,17661
2025-09-23 06:00:00,4180.9,4213.3,4176.2,4203.2,29552.1088,13056
2025-09-23 08:00:00,4203.5,4226.6,4182.6,4190.2,36558.1182,14449
2025-09-23 10:00:00,4190.2,4194.6,4176.1,4190.1,12638.8998,7660
2025-09-23 12:00:00,4190.1,4207.2,4178.4,4185.0,27976.8397,13821
2025-09-23 14:00:00,4185.4,4209.0,4161.0,4179.1,59222.5179,21019
2025-09-23 16:00:00,4179.1,4205.0,4135.0,4146.9,58313.172,18017
2025-09-23 18:00:00,4147.1,4179.6,4140.0,4151.1,54327.992,19033
2025-09-23 20:00:00,4151.1,4189.3,4137.6,4182.3,32990.0341,15060
2025-09-23 22:00:00,4182.2,4186.0,4159.0,4162.7,45549.8044,11867
2025-09-24 00:00:00,4162.6,4193.2,4156.8,4187.1,46718.8602,10312
2025-09-24 02:00:00,4187.0,4189.6,4128.2,4145.4,66245.8801,19287
2025-09-24 04:00:00,4145.3,4174.1,4076.1,4170.2,84851.4359,27172
2025-09-24 06:00:00,4170.2,4181.9,4163.3,4172.8,45861.6366,11509
2025-09-24 08:00:00,4172.7,4182.0,4165.9,4181.1,15074.1403,9188
2025-09-24 10:00:00,4181.1,4195.0,4161.9,4180.1,34088.989,12049
2025-09-24 12:00:00,4180.0,4185.0,4146.2,4148.0,26435.5277,13346
2025-09-24 14:00:00,4148.0,4205.8,4147.9,4163.5,61150.8481,21039
2025-09-24 16:00:00,4163.9,4193.1,4152.8,4181.1,33010.4745,14512
2025-09-24 18:00:00,4181.1,4182.8,4153.6,4159.8,19022.1634,10551
2025-09-24 20:00:00,4159.8,4170.8,4130.4,4144.1,28732.5517,15049
2025-09-24 22:00:00,4144.1,4162.5,4142.9,4151.5,26859.6616,14503
2025-09-25 00:00:00,4151.2,4160.0,4081.2,4100.8,109680.3144,30297
2025-09-25 02:00:00,4100.9,4135.2,4023.0,4061.2,169091.6293,40312
2025-09-25 04:00:00,4061.0,4069.3,3962.3,4023.2,143631.7419,38305
2025-09-25 06:00:00,4023.2,4026.0,3984.9,4006.7,71947.8738,26130
2025-09-25 08:00:00,4006.7,4050.9,4002.0,4023.4,43393.6789,17938
2025-09-25 10:00:00,4023.3,4041.3,3991.2,4001.3,33777.6714,16703
2025-09-25 12:00:00,4001.3,4014.9,3924.1,3968.0,190085.6394,53058
2025-09-25 14:00:00,3967.9,4020.0,3967.6,4000.0,82617.2293,24673
2025-09-25 16:00:00,3999.9,4004.3,3821.7,3837.2,203985.6298,62646
2025-09-25 18:00:00,3837.1,3945.2,3823.8,3909.1,144330.6879,47564
2025-09-25 20:00:00,3909.1,3916.7,3876.2,3903.3,61191.1726,25999
2025-09-25 22:00:00,3903.3,3935.0,3849.6,3872.4,75991.2311,25783
2025-09-26 00:00:00,3872.4,3956.0,3865.7,3946.3,67313.2621,31007
2025-09-26 02:00:00,3946.4,3968.6,3939.4,3963.0,39943.3864,18580
2025-09-26 04:00:00,3963.0,3974.3,3917.7,3919.2,20092.833,15686
2025-09-26 06:00:00,3919.2,3946.2,3905.9,3936.3,34771.0252,19899
2025-09-26 08:00:00,3936.3,3942.6,3894.9,3913.4,16473.7155,13959
2025-09-26 10:00:00,3913.4,3914.7,3870.8,3903.7,45665.5674,21112
2025-09-26 12:00:00,3903.7,3981.2,3873.1,3968.8,89546.65,38328
2025-09-26 14:00:00,3968.7,3975.9,3920.8,3944.0,44328.3147,25461
2025-09-26 16:00:00,3944.0,4043.9,3941.0,4042.8,69630.6837,28207
2025-09-26 18:00:00,4042.8,4066.9,4005.3,4022.9,88328.9266,28166
2025-09-26 20:00:00,4022.8,4028.0,4002.5,4021.5,22952.7482,12022
2025-09-26 22:00:00,4021.6,4038.0,4012.7,4030.8,24276.2388,10612
2025-09-27 00:00:00,4030.7,4031.0,4005.7,4016.6,15513.845,8556
2025-09-27 02:00:00,4016.6,4027.9,4008.1,4017.5,12866.7835,6624
2025-09-27 04:00:00,4017.5,4026.7,4010.6,4018.6,5772.5869,4750
2025-09-27 06:00:00,4018.7,4020.7,4004.4,4006.1,3655.6112,4230
2025-09-27 08:00:00,4006.2,4006.2,3971.3,3993.7,38543.0935,10135
2025-09-27 10:00:00,3993.8,4016.3,3987.8,4000.7,16470.4205,7497
2025-09-27 12:00:00,4000.8,4037.8,3992.9,4018.1,24418.0353,9117
2025-09-27 14:00:00,4018.2,4024.8,3998.0,4016.9,12608.8999,6050
2025-09-27 16:00:00,4016.9,4018.4,3981.0,4000.4,10953.2011,8652
2025-09-27 18:00:00,4000.2,4002.9,3985.7,4001.0,6367.4817,5870
2025-09-27 20:00:00,4001.0,4019.6,3999.4,4013.8,15583.4485,5656
2025-09-27 22:00:00,4014.3,4033.0,4013.1,4017.4,9491.3482,6395
2025-09-28 00:00:00,4017.5,4031.2,3993.0,3995.6,14371.7553,7575
2025-09-28 02:00:00,3995.5,4009.6,3994.5,4001.4,16044.2802,4816
2025-09-28 04:00:00,4001.5,4019.0,3995.5,4009.4,10062.5804,4495
2025-09-28 06:00:00,4009.5,4016.1,3995.1,4013.4,15576.5662,5565
2025-09-28 08:00:00,4013.1,4014.8,3986.9,3994.2,8731.9834,5196
2025-09-28 10:00:00,3994.2,3998.7,3983.1,3991.4,11168.038,5459
2025-09-28 12:00:00,3991.0,4019.9,3963.9,4011.3,30599.8664,10340
2025-09-28 14:00:00,4012.1,4027.4,4006.3,4019.4,15668.0873,7930
2025-09-28 16:00:00,4019.4,4052.7,4019.4,4038.0,34175.1441,10798
2025-09-28 18:00:00,4037.9,4044.6,4031.3,4037.8,11683.543,4944
2025-09-28 20:00:00,4037.9,4063.5,4033.6,4048.2,33912.2264,9769
2025-09-28 22:00:00,4048.3,4144.2,4048.2,4141.6,95177.3651,30137
2025-09-29 00:00:00,4141.1,4143.8,4110.0,4113.0,40360.879,14175
2025-09-29 02:00:00,4112.3,4126.3,4101.4,4118.8,31415.6868,11314
2025-09-29 04:00:00,4119.0,4121.4,4102.0,4112.1,10270.178,6615
2025-09-29 06:00:00,4112.0,4112.6,4087.1,4106.3,15981.8407,9281
2025-09-29 08:00:00,4106.3,4137.9,4106.1,4131.9,63562.855,15964
2025-09-29 10:00:00,4131.8,4135.2,4092.1,4100.9,25746.0447,11201
2025-09-29 12:00:00,4100.9,4183.7,4081.4,4166.0,83769.8672,30797
2025-09-29 14:00:00,4166.4,4202.7,4150.5,4163.5,69000.3026,26825
2025-09-29 16:00:00,4163.4,4172.5,4126.5,4153.6,32501.1958,17267
2025-09-29 18:00:00,4153.7,4192.7,4140.5,4186.5,24635.3147,15218
2025-09-29 20:00:00,4186.5,4234.7,4180.9,4222.0,41825.0256,19339
2025-09-29 22:00:00,4222.1,4229.9,4211.0,4213.6,36012.0688,12712
2025-09-30 00:00:00,4213.5,4243.9,4189.0,4201.2,59812.4738,21842
2025-09-30 02:00:00,4201.2,4208.8,4187.4,4197.0,11809.9376,7591
2025-09-30 04:00:00,4197.1,4199.1,4167.6,4182.9,23411.9113,10664
2025-09-30 06:00:00,4182.5,4205.7,4172.3,4180.5,22864.3913,10602
2025-09-30 08:00:00,4180.4,4181.6,4132.5,4139.1,27420.2919,12605
2025-09-30 10:00:00,4139.1,4168.9,4133.6,4163.8,31383.6792,11726
2025-09-30 12:00:00,4163.8,4174.3,4139.7,4151.6,42825.3094,17092
2025-09-30 14:00:00,4152.7,4159.7,4093.1,4117.4,76263.4745,26568
2025-09-30 16:00:00,4117.5,4124.5,4091.0,4098.9,26798.4136,12720
2025-09-30 18:00:00,4099.0,4167.7,4092.0,4159.5,29972.1844,14042
2025-09-30 20:00:00,4159.4,4200.0,4147.8,4151.1,31530.285,14958
2025-09-30 22:00:00,4151.1,4169.9,4117.1,4143.6,31218.4368,12993
2025-10-01 00:00:00,4143.6,4173.4,4122.3,4169.7,35393.1687,14223
2025-10-01 02:00:00,4169.7,4169.7,4126.4,4126.4,19533.5451,11128
2025-10-01 04:00:00,4126.5,4155.8,4125.0,4142.9,24869.5195,10621
2025-10-01 06:00:00,4142.9,4146.6,4121.7,4145.2,10416.6003,6999
2025-10-01 08:00:00,4145.3,4325.0,4142.1,4309.9,129430.898,43283
2025-10-01 10:00:00,4309.9,4312.8,4279.2,4296.8,33396.3762,14491
2025-10-01 12:00:00,4297.0,4313.9,4280.0,4293.9,52534.3854,17377
2025-10-01 14:00:00,4294.1,4343.0,4290.8,4326.2,72257.8122,27114
2025-10-01 16:00:00,4326.2,4339.5,4287.1,4291.7,54475.5088,18537
2025-10-01 18:00:00,4291.8,4337.6,4290.5,4332.7,36907.2231,12802
2025-10-01 20:00:00,4332.7,4335.0,4288.4,4303.4,26057.432,12719
2025-10-01 22:00:00,4303.4,4351.6,4303.4,4346.0,37301.6946,14378
2025-10-02 00:00:00,4346.0,4397.9,4331.4,4393.2,87225.2444,33348
2025-10-02 02:00:00,4392.2,4398.8,4366.0,4376.2,41311.521,23086
2025-10-02 04:00:00,4376.2,4396.9,4360.0,4383.6,23179.7013,14466
2025-10-02 06:00:00,4383.6,4420.0,4370.9,4375.3,54899.5542,20239
2025-10-02 08:00:00,4375.3,4395.9,4369.6,4391.2,10942.1814,11877
2025-10-02 10:00:00,4391.2,4396.1,4373.0,4379.1,11052.8135,11434
2025-10-02 12:00:00,4379.1,4419.3,4376.8,4416.5,47609.2924,22023
2025-10-02 14:00:00,4416.8,4443.3,4338.7,4436.6,85191.1409,35728
2025-10-02 16:00:00,4436.5,4476.5,4426.4,4465.7,54415.1975,25672
2025-10-02 18:00:00,4465.7,4515.8,4465.5,4495.8,52413.7233,23035
2025-10-02 20:00:00,4494.9,4496.4,4466.7,4467.6,40615.0937,13244
2025-10-02 22:00:00,4467.5,4485.4,4457.1,4483.7,21983.5024,10298
2025-10-03 00:00:00,4483.7,4483.7,4460.6,4472.0,16584.1488,9894
2025-10-03 02:00:00,4471.5,4559.9,4470.5,4501.2,51192.9727,22813
2025-10-03 04:00:00,4501.0,4510.4,4467.6,4476.9,15174.6357,12148
2025-10-03 06:00:00,4476.7,4485.8,4455.0,4462.7,13491.3953,9622
2025-10-03 08:00:00,4462.6,4480.0,4428.4,4474.0,21004.414,12035
2025-10-03 10:00:00,4474.0,4495.0,4468.0,4479.2,12100.5847,10300
2025-10-03 12:00:00,4479.3,4505.5,4452.9,4471.1,30227.266,15400
2025-10-03 14:00:00,4470.8,4543.3,4437.0,4536.4,61026.2389,23670
2025-10-03 16:00:00,4536.4,4590.9,4455.2,4471.4,154117.4016,49094
2025-10-03 18:00:00,4471.7,4542.7,4451.9,4520.1,45136.9455,19363
2025-10-03 20:00:00,4520.5,4544.0,4494.7,4523.4,32189.1302,11850
2025-10-03 22:00:00,4523.4,4535.5,4507.7,4512.7,6344.2527,6927
2025-10-04 00:00:00,4513.0,4517.9,4469.1,4480.7,25474.6952,9601
2025-10-04 02:00:00,4480.7,4490.6,4466.0,4487.2,8485.7304,6863
2025-10-04 04:00:00,4487.2,4511.8,4480.0,4503.7,17170.7611,7986
2025-10-04 06:00:00,4503.7,4517.7,4494.0,4498.7,8997.0011,7286
2025-10-04 08:00:00,4498.7,4502.7,4483.1,4489.8,6605.2755,8168
2025-10-04 10:00:00,4489.9,4503.5,4480.6,4484.0,7844.8631,8798
2025-10-04 12:00:00,4484.1,4509.0,4476.4,4499.6,9391.0863,8228
2025-10-04 14:00:00,4499.7,4511.3,4444.0,4454.5,41871.7456,17433
2025-10-04 16:00:00,4454.8,4477.6,4440.6,4464.4,20206.7946,10562
2025-10-04 18:00:00,4464.4,4468.9,4450.2,4467.1,11357.6857,7924
2025-10-04 20:00:00,4467.1,4493.9,4467.1,4484.3,12548.8863,8689
2025-10-04 22:00:00,4484.3,4494.6,4480.1,4487.2,2991.1179,6092
2025-10-05 00:00:00,4487.3,4493.8,4466.3,4486.9,14944.0099,9105
2025-10-05 02:00:00,4487.0,4574.4,4479.5,4531.6,88355.5384,41439
2025-10-05 04:00:00,4531.6,4588.2,4527.9,4568.9,51360.9747,23998
2025-10-05 06:00:00,4568.9,4614.0,4555.0,4606.6,33203.2902,16844
2025-10-05 08:00:00,4606.6,4618.0,4540.9,4551.6,63920.7121,28483
2025-10-05 10:00:00,4551.7,4557.5,4524.9,4551.5,45436.4225,24388
2025-10-05 12:00:00,4551.6,4551.6,4531.0,4539.5,19153.0221,11650
2025-10-05 14:00:00,4539.5,4551.8,4527.9,4533.8,30905.1158,13002
2025-10-05 16:00:00,4533.7,4542.6,4495.6,4513.2,31923.7447,18119
2025-10-05 18:00:00,4513.3,4527.0,4484.2,4488.6,18013.4301,11862
2025-10-05 20:00:00,4488.6,4511.5,4476.6,4507.0,12994.536,9200
2025-10-05 22:00:00,4506.9,4524.9,4503.1,4516.2,9379.2495,7805
2025-10-06 00:00:00,4516.3,4554.0,4491.1,4530.9,37825.5139,18535
2025-10-06 02:00:00,4530.7,4553.2,4509.1,4539.5,13479.0922,8523
2025-10-06 04:00:00,4539.5,4545.0,4512.0,4530.0,20660.9434,9190
2025-10-06 06:00:00,4530.1,4580.4,4529.4,4536.2,50544.5854,13773
2025-10-06 08:00:00,4536.1,4580.6,4536.1,4576.0,35228.5074,11808
2025-10-06 10:00:00,4576.1,4597.4,4560.6,4574.5,31713.0912,13322
2025-10-06 12:00:00,4574.4,4641.8,4573.5,4641.7,90314.1348,27818
2025-10-06 14:00:00,4641.8,4695.8,4632.3,4676.2,110023.5864,38420
2025-10-06 16:00:00,4676.2,4720.3,4661.3,4698.4,49572.1761,24234
2025-10-06 18:00:00,4698.3,4734.1,4680.9,4723.5,68680.1027,23099
2025-10-06 20:00:00,4724.1,4736.4,4673.5,4695.4,47013.2188,18729
2025-10-06 22:00:00,4695.4,4709.0,4684.1,4686.0,21978.0817,12571
2025-10-07 00:00:00,4686.0,4700.0,4665.7,4676.4,20811.8864,12001
2025-10-07 02:00:00,4676.4,4697.0,4670.2,4693.0,18462.1514,10008
2025-10-07 04:00:00,4692.8,4733.7,4681.7,4714.2,33062.8947,14938
2025-10-07 06:00:00,4714.2,4722.0,4666.9,4679.9,46028.3329,15461
2025-10-07 08:00:00,4679.9,4684.3,4641.0,4681.9,54574.7271,19352
2025-10-07 10:00:00,4681.3,4714.0,4675.2,4710.0,22704.1511,12304
2025-10-07 12:00:00,4709.9,4757.6,4666.9,4707.0,121541.2747,37180
2025-10-07 14:00:00,4707.0,4712.4,4481.7,4515.2,237423.1193,76573
2025-10-07 16:00:00,4515.2,4526.2,4456.8,4477.5,124856.0405,37889
2025-10-07 18:00:00,4477.5,4496.8,4450.2,4481.8,85369.9229,27653
2025-10-07 20:00:00,4481.9,4520.0,4479.1,4496.6,54668.7588,19844
2025-10-07 22:00:00,4496.5,4509.6,4435.0,4450.7,55366.732,20321
2025-10-08 00:00:00,4450.7,4492.8,4438.5,4486.5,49319.3304,17471
2025-10-08 02:00:00,4486.6,4502.0,4436.4,4446.6,40265.0372,15559
2025-10-08 04:00:00,4446.5,4468.5,4415.7,4440.7,51189.3782,17340
2025-10-08 06:00:00,4440.6,4467.0,4427.0,4466.3,21340.3101,11661
2025-10-08 08:00:00,4466.3,4499.4,4461.2,4487.3,26665.6477,14726
2025-10-08 10:00:00,4487.4,4510.2,4483.0,4489.9,26594.4873,13787
2025-10-08 12:00:00,4489.9,4498.8,4442.3,4477.6,43719.3579,22758
2025-10-08 14:00:00,4477.6,4523.6,4438.5,4448.9,60815.8113,27208
2025-10-08 16:00:00,4448.9,4560.9,4440.0,4540.7,96118.5735,29820
2025-10-08 18:00:00,4540.7,4546.7,4499.8,4517.6,74313.1929,21403
2025-10-08 20:00:00,4517.3,4531.3,4501.9,4528.0,42123.9506,11258
2025-10-08 22:00:00,4528.0,4541.4,4511.8,4528.7,26184.8705,11672
2025-10-09 00:00:00,4528.7,4534.0,4466.0,4482.0,72708.2946,16983
2025-10-09 02:00:00,4482.1,4483.7,4406.2,4452.7,60979.4968,21668
2025-10-09 04:00:00,4452.7,4462.3,4439.5,4456.2,55070.3294,14323
2025-10-09 06:00:00,4456.1,4456.2,4412.1,4427.6,21431.7603,14276
2025-10-09 08:00:00,4427.5,4428.6,4321.1,4335.6,145387.6631,49302
2025-10-09 10:00:00,4335.6,4386.8,4325.1,4373.8,23932.2024,18149
2025-10-09 12:00:00,4373.7,4412.4,4347.7,4351.2,49918.3495,25014
2025-10-09 14:00:00,4351.2,4374.7,4292.1,4315.6,94271.8365,36089
2025-10-09 16:00:00,4315.4,4337.0,4266.3,4336.3,102722.1441,32325
2025-10-09 18:00:00,4335.7,4345.5,4302.0,4338.1,35200.7511,18550
2025-10-09 20:00:00,4338.1,4361.3,4328.5,4359.0,28494.8167,15988
2025-10-09 22:00:00,4359.0,4384.8,4354.7,4369.2,21586.7412,19693
2025-10-10 00:00:00,4369.2,4395.0,4363.9,4375.5,26490.1506,13875
2025-10-10 02:00:00,4375.5,4392.8,4342.3,4346.7,75324.3728,26399
2025-10-10 04:00:00,4346.7,4369.4,4326.9,4367.9,34239.1683,34712
2025-10-10 06:00:00,4367.9,4377.1,4313.2,4321.6,75962.3598,55767
2025-10-10 08:00:00,4321.6,4349.6,4312.0,4320.5,23983.5137,21329
2025-10-10 10:00:00,4320.2,4346.2,4319.1,4341.8,7213.1355,10060
2025-10-10 12:00:00,4341.9,4388.6,4332.3,4355.0,24775.0146,17714
2025-10-10 14:00:00,4355.0,4374.3,4072.1,4100.7,299908.0601,85468
2025-10-10 16:00:00,4100.8,4136.1,4075.9,4092.1,123988.3553,45096
2025-10-10 18:00:00,4092.3,4098.0,3948.0,3994.2,240264.7681,57879
2025-10-10 20:00:00,3994.1,4021.6,3241.2,3924.5,697978.1534,220826
2025-10-10 22:00:00,3924.7,3936.0,3789.8,3822.3,230000.696,156323
2025-10-11 00:00:00,3822.4,3874.5,3725.0,3731.6,107611.0916,81378
2025-10-11 02:00:00,3731.7,3860.5,3727.9,3789.9,76495.7204,48841
2025-10-11 04:00:00,3789.8,3830.0,3760.3,3787.3,55201.4399,35795
2025-10-11 06:00:00,3787.4,3809.9,3731.7,3757.4,54825.3359,33708
2025-10-11 08:00:00,3757.4,3844.5,3746.3,3827.5,47158.6757,27154
2025-10-11 10:00:00,3827.1,3854.7,3787.5,3837.8,39753.2427,20876
2025-10-11 12:00:00,3837.8,3842.8,3785.1,3830.2,32118.476,19917
2025-10-11 14:00:00,3830.1,3852.9,3796.1,3822.7,31790.7084,15943
2025-10-11 16:00:00,3822.7,3846.1,3806.5,3823.2,27791.3957,14387
2025-10-11 18:00:00,3823.2,3823.7,3729.6,3758.0,53116.0831,24264
2025-10-11 20:00:00,3758.1,3763.7,3641.6,3733.8,108079.6629,36740
2025-10-11 22:00:00,3733.9,3761.6,3722.6,3744.5,37212.4404,17006
2025-10-12 00:00:00,3744.7,3762.1,3692.4,3717.8,50056.5016,22409
2025-10-12 02:00:00,3717.5,3816.5,3706.0,3779.7,57485.0057,21692
2025-10-12 04:00:00,3779.7,3821.3,3774.2,3804.1,55472.7223,20429
2025-10-12 06:00:00,3804.0,3842.4,3801.8,3826.1,23270.8593,15454
2025-10-12 08:00:00,3825.9,3845.7,3803.4,3842.0,29453.6307,18265
2025-10-12 10:00:00,3842.0,3861.6,3812.5,3818.5,25407.181,16065
2025-10-12 12:00:00,3818.5,3847.4,3792.1,3807.7,66146.1075,23774
2025-10-12 14:00:00,3807.9,4077.0,3805.7,4032.4,232428.3267,84041
2025-10-12 16:00:00,4032.5,4161.7,4032.4,4125.6,129234.777,63337
2025-10-12 18:00:00,4125.6,4144.9,4093.8,4133.5,46175.8941,23576
2025-10-12 20:00:00,4133.6,4192.5,4080.7,4133.0,67780.5858,33261
2025-10-12 22:00:00,4133.2,4159.2,4107.0,4150.2,56149.7211,22715
2025-10-13 00:00:00,4150.2,4198.0,4123.0,4197.9,41516.6172,25961
2025-10-13 02:00:00,4197.8,4217.2,4131.1,4138.9,37493.707,18139
2025-10-13 04:00:00,4138.8,4145.6,4115.2,4130.5,23183.0795,12533
2025-10-13 06:00:00,4130.4,4196.7,4115.3,4177.0,49943.853,20128
2025-10-13 08:00:00,4176.9,4194.2,4142.3,4163.0,22812.1913,16083
2025-10-13 10:00:00,4163.0,4166.0,4038.7,4078.9,58667.2018,30912
2025-10-13 12:00:00,4078.4,4177.2,4054.3,4163.8,63012.0168,35209
2025-10-13 14:00:00,4163.9,4174.0,4079.6,4133.6,59359.7991,29120
2025-10-13 16:00:00,4133.9,4238.0,4128.4,4235.3,67943.9347,26347
2025-10-13 18:00:00,4235.4,4268.9,4198.4,4248.8,62874.5413,29701
2025-10-13 20:00:00,4249.6,4288.4,4241.0,4256.6,56909.45,28651
2025-10-13 22:00:00,4256.6,4274.7,4234.3,4238.9,23663.5906,15495
2025-10-14 00:00:00,4238.9,4261.9,4200.6,4208.9,28438.4991,17294
2025-10-14 02:00:00,4209.0,4209.4,4136.3,4151.6,73898.7938,25837
2025-10-14 04:00:00,4151.6,4158.1,4055.0,4068.5,75019.1025,29801
2025-10-14 06:00:00,4068.5,4089.5,3961.6,3979.6,112186.3054,43131
2025-10-14 08:00:00,3979.7,4012.2,3950.0,3984.0,66993.6282,26506
2025-10-14 10:00:00,3983.9,3985.0,3882.1,3970.2,103114.5843,42114
2025-10-14 12:00:00,3970.2,3974.2,3894.8,3955.3,89669.3805,41046
2025-10-14 14:00:00,3955.3,4089.2,3939.7,4083.7,128993.5255,56558
2025-10-14 16:00:00,4083.8,4160.0,4047.7,4100.7,171271.8121,92857
2025-10-14 18:00:00,4100.6,4148.0,4048.3,4101.3,108648.7057,47730
2025-10-14 20:00:00,4101.3,4124.9,4073.5,4117.1,47563.836,24972
2025-10-14 22:00:00,4117.2,4144.8,4101.4,4124.8,34883.7195,19149
2025-10-15 00:00:00,4124.2,4131.8,4081.7,4114.9,45801.8013,21987
2025-10-15 02:00:00,4114.5,4145.0,4061.7,4080.5,32261.9428,19164
2025-10-15 04:00:00,4080.7,4124.4,4071.4,4109.3,32594.3166,18419
2025-10-15 06:00:00,4109.1,4129.2,4074.7,4121.7,45398.8517,22148
2025-10-15 08:00:00,4121.1,4217.1,4119.1,4155.2,67361.3019,34450
2025-10-15 10:00:00,4155.2,4157.2,4087.1,4099.6,35299.2966,21360
2025-10-15 12:00:00,4099.7,4106.1,4019.1,4053.4,84396.5301,44763
2025-10-15 14:00:00,4053.9,4104.5,3955.5,3979.6,143178.0928,55492
2025-10-15 16:00:00,3979.5,4000.8,3927.1,3991.4,83619.0096,37520
2025-10-15 18:00:00,3991.4,4011.8,3969.0,3979.4,78386.9942,29088
2025-10-15 20:00:00,3979.6,3994.1,3926.8,3951.4,82637.7561,31367
2025-10-15 22:00:00,3951.8,3991.4,3949.7,3983.7,37632.5465,16570
2025-10-16 00:00:00,3983.9,4009.9,3974.0,4008.0,18678.1879,11975
2025-10-16 02:00:00,4008.4,4034.9,3997.9,4012.9,28982.5048,14344
2025-10-16 04:00:00,4012.9,4029.1,3977.5,3994.3,23391.3437,12155
2025-10-16 06:00:00,3994.3,4045.4,3992.5,4003.0,25793.5912,16359
2025-10-16 08:00:00,4002.6,4046.8,3938.2,4028.2,61662.3454,26819
2025-10-16 10:00:00,4028.3,4077.3,4028.1,4061.4,48370.8569,20351
2025-10-16 12:00:00,4061.5,4086.0,4007.1,4020.1,42575.6471,21652
2025-10-16 14:00:00,4020.1,4057.0,3890.1,3904.7,151675.4163,53013
2025-10-16 16:00:00,3904.7,3965.0,3856.0,3918.7,179483.2235,62101
2025-10-16 18:00:00,3918.7,3919.5,3849.3,3864.9,100211.2215,38351
2025-10-16 20:00:00,3864.7,3884.1,3822.8,3881.8,69107.6247,31767
2025-10-16 22:00:00,3881.8,3895.8,3859.4,3893.0,25139.425,13006
2025-10-17 00:00:00,3893.1,3948.6,3886.7,3917.7,32028.4969,17695
2025-10-17 02:00:00,3917.8,3932.9,3898.0,3930.9,20156.5146,11117
2025-10-17 04:00:00,3931.0,3934.5,3891.7,3893.4,16927.7932,12887
2025-10-17 06:00:00,3893.3,3903.9,3753.0,3756.4,196953.7798,68164
2025-10-17 08:00:00,3756.2,3768.5,3700.0,3724.0,99097.6843,62321
2025-10-17 10:00:00,3724.1,3815.3,3675.0,3777.1,154370.1299,62821
2025-10-17 12:00:00,3777.0,3810.4,3739.2,3788.3,93188.1808,39542
2025-10-17 14:00:00,3788.3,3800.8,3714.0,3797.3,98861.7831,44390
2025-10-17 16:00:00,3797.3,3842.1,3778.1,3817.2,79430.9024,37231
2025-10-17 18:00:00,3817.3,3849.6,3812.0,3825.7,44901.2776,42175
2025-10-17 20:00:00,3826.7,3882.0,3818.2,3876.4,54033.9001,19423
2025-10-17 22:00:00,3876.4,3882.5,3828.3,3830.7,23609.4719,15123
2025-10-18 00:00:00,3830.7,3878.5,3818.5,3867.4,24681.53,14491
2025-10-18 02:00:00,3867.4,3881.2,3844.7,3869.7,26878.0734,12704
2025-10-18 04:00:00,3869.6,3869.7,3839.9,3865.7,18865.9693,13683
2025-10-18 06:00:00,3865.1,3925.7,3859.9,3891.4,33199.2596,24263
2025-10-18 08:00:00,3890.9,3903.5,3864.1,3876.6,15398.3371,12073
2025-10-18 10:00:00,3876.7,3891.9,3861.0,3880.7,19934.647,11149
2025-10-18 12:00:00,3880.8,3892.5,3854.0,3864.3,17858.317,11179
2025-10-18 14:00:00,3864.5,3880.5,3848.7,3876.2,21998.3894,12783
2025-10-18 16:00:00,3876.2,3895.9,3851.8,3892.0,28295.8941,14390
2025-10-18 18:00:00,3892.0,3896.9,3881.4,3892.2,12008.7935,5964
2025-10-18 20:00:00,3892.0,3906.7,3867.5,3890.5,29248.1223,10441
2025-10-18 22:00:00,3890.4,3893.9,3879.8,3887.4,6472.579,4662
2025-10-19 00:00:00,3887.5,3890.7,3854.0,3872.6,15798.4856,8036
2025-10-19 02:00:00,3872.8,3905.3,3864.0,3904.7,18872.2987,7725
2025-10-19 04:00:00,3904.6,3919.5,3890.0,3894.9,23798.4338,9907
2025-10-19 06:00:00,3894.9,3898.8,3871.9,3886.0,19783.7415,7398
2025-10-19 08:00:00,3886.0,3948.0,3827.2,3910.2,97237.8225,46634
2025-10-19 10:00:00,3910.1,3948.0,3896.8,3922.2,53713.1317,31537
2025-10-19 12:00:00,3921.9,3984.3,3907.4,3969.8,28805.1181,14757
2025-10-19 14:00:00,3969.8,3998.0,3953.1,3977.1,32714.9904,19043
2025-10-19 16:00:00,3977.0,4025.5,3957.3,3991.4,42343.9406,19902
2025-10-19 18:00:00,3991.3,4003.3,3976.8,3983.7,17451.7154,11089
2025-10-19 20:00:00,3983.7,4001.9,3972.5,3995.4,25743.7495,11884
2025-10-19 22:00:00,3995.4,4026.8,3969.9,3980.4,37107.1441,20676
2025-10-20 00:00:00,3980.3,3980.4,3906.6,3935.2,63982.6597,27936
2025-10-20 02:00:00,3935.5,4037.1,3917.0,4025.5,61278.9854,23014
2025-10-20 04:00:00,4025.5,4073.4,4022.2,4059.4,74362.7532,22983
2025-10-20 06:00:00,4059.6,4082.8,4050.0,4053.4,31070.1851,18566
2025-10-20 08:00:00,4053.2,4069.6,4032.2,4043.2,37498.1489,19166
2025-10-20 10:00:00,4043.0,4052.0,4010.4,4033.5,31731.6443,17696
2025-10-20 12:00:00,4033.4,4044.0,4019.2,4038.1,24454.8883,16586
2025-10-20 14:00:00,4038.3,4049.0,4002.4,4003.1,32200.4996,18206
2025-10-20 16:00:00,4002.5,4002.6,3922.0,3950.4,110988.0161,35314
2025-10-20 18:00:00,3950.6,3991.1,3945.4,3980.4,34663.4865,15070
2025-10-20 20:00:00,3980.0,4002.8,3969.7,3975.2,36241.9468,15025
2025-10-20 22:00:00,3975.1,3992.8,3969.3,3978.1,19817.5086,8192
2025-10-21 00:00:00,3978.2,3984.0,3932.8,3946.6,30865.0138,12944
2025-10-21 02:00:00,3946.6,3949.8,3921.1,3922.6,54544.3302,27705
2025-10-21 04:00:00,3922.7,3922.7,3839.5,3862.6,88104.6288,55595
2025-10-21 06:00:00,3862.7,3895.7,3854.2,3891.9,20983.8952,14367
2025-10-21 08:00:00,3891.8,3892.6,3850.0,3863.2,56277.1063,23794
2025-10-21 10:00:00,3863.0,3895.4,3858.3,3890.1,24290.4366,15437
2025-10-21 12:00:00,3890.1,3917.9,3852.2,3865.6,56819.7786,33764
2025-10-21 14:00:00,3865.2,4086.0,3864.2,4082.9,174940.6829,66669
2025-10-21 16:00:00,4082.7,4110.6,3964.5,4014.6,185007.9053,59015
2025-10-21 18:00:00,4014.4,4022.6,3975.7,3993.3,81131.2974,29148
2025-10-21 20:00:00,3994.3,3998.8,3892.2,3943.6,75245.9454,37526
2025-10-21 22:00:00,3943.8,3947.6,3854.5,3870.3,66464.9728,40724
2025-10-22 00:00:00,3870.4,3887.0,3820.0,3867.6,48157.3655,28480
2025-10-22 02:00:00,3867.7,3874.7,3840.0,3857.1,27596.0621,11892
2025-10-22 04:00:00,3857.7,3881.8,3836.2,3858.7,14899.0333,11355
2025-10-22 06:00:00,3858.6,3873.3,3840.0,3866.9,18267.0791,14821
2025-10-22 08:00:00,3867.0,3867.4,3825.4,3835.5,21785.7327,15768
2025-10-22 10:00:00,3835.6,3847.0,3771.8,3827.6,75245.8941,30998
2025-10-22 12:00:00,3827.6,3876.7,3820.0,3872.3,47172.0049,25349
2025-10-22 14:00:00,3872.0,3873.2,3777.0,3839.2,94976.2015,49287
2025-10-22 16:00:00,3838.8,3858.1,3792.6,3805.4,45030.223,30371
2025-10-22 18:00:00,3805.8,3825.1,3783.4,3802.3,42522.9521,28764
2025-10-22 20:00:00,3801.6,3808.7,3710.1,3742.0,102980.1202,30755
2025-10-22 22:00:00,3742.1,3814.3,3732.4,3803.6,35729.6632,18194
2025-10-23 00:00:00,3803.6,3830.0,3794.9,3819.1,36225.0064,13455
2025-10-23 02:00:00,3819.2,3833.0,3812.9,3825.1,14433.2275,8408
2025-10-23 04:00:00,3825.2,3848.0,3820.9,3846.1,17437.2797,9926
2025-10-23 06:00:00,3846.2,3895.9,3842.3,3879.1,35936.1864,20445
2025-10-23 08:00:00,3879.1,3903.3,3873.9,3889.2,38798.8618,14723
2025-10-23 10:00:00,3889.4,3905.3,3860.4,3863.1,51986.8683,25682
2025-10-23 12:00:00,3862.6,3866.1,3833.1,3851.6,48974.9521,24942
2025-10-23 14:00:00,3851.7,3887.2,3810.0,3877.1,86898.3578,27736
2025-10-23 16:00:00,3877.1,3936.5,3865.6,3921.9,86246.1815,29813
2025-10-23 18:00:00,3922.3,3923.3,3844.6,3859.4,61731.0974,23554
2025-10-23 20:00:00,3859.1,3859.8,3820.0,3826.6,29903.7629,16162
2025-10-23 22:00:00,3827.1,3859.8,3825.5,3857.0,26399.5546,14246
2025-10-24 00:00:00,3856.9,3883.5,3846.4,3882.2,28056.5577,17431
2025-10-24 02:00:00,3882.1,3897.2,3871.3,3892.3,28453.3237,16650
2025-10-24 04:00:00,3892.2,3990.1,3887.2,3975.0,94385.4974,37984
2025-10-24 06:00:00,3975.0,3988.3,3936.1,3950.1,30124.162,22822
2025-10-24 08:00:00,3949.6,3969.7,3931.0,3959.1,21925.9054,17315
2025-10-24 10:00:00,3959.1,3965.5,3927.6,3947.7,19943.058,12356
2025-10-24 12:00:00,3947.8,4020.0,3919.3,3947.9,91741.1185,44339
2025-10-24 14:00:00,3947.6,3947.8,3876.1,3890.0,58538.9302,29238
2025-10-24 16:00:00,3890.1,3905.0,3867.2,3889.1,34502.5123,17041
2025-10-24 18:00:00,3888.8,3938.2,3884.8,3927.2,39370.5968,15047
2025-10-24 20:00:00,3927.2,3946.7,3925.3,3945.1,18702.5349,10880
2025-10-24 22:00:00,3945.1,3946.8,3927.4,3935.9,16478.7259,9379
2025-10-25 00:00:00,3936.0,3940.0,3913.7,3933.9,12644.1591,9069
2025-10-25 02:00:00,3933.8,3938.5,3920.8,3921.8,4447.0655,7069
2025-10-25 04:00:00,3921.8,3936.2,3921.0,3930.6,5074.0759,6749
2025-10-25 06:00:00,3930.6,3959.9,3926.2,3929.0,18033.0902,10613
2025-10-25 08:00:00,3928.9,3957.0,3928.2,3942.6,10804.4967,8689
2025-10-25 10:00:00,3942.8,3947.8,3932.1,3941.0,4791.5157,5713
2025-10-25 12:00:00,3941.1,3957.0,3936.3,3943.8,6686.3256,7917
2025-10-25 14:00:00,3943.8,3948.6,3925.8,3933.3,21945.4997,9715
2025-10-25 16:00:00,3933.3,3940.1,3928.5,3935.3,4772.6851,5600
2025-10-25 18:00:00,3935.3,3969.5,3929.3,3957.6,24039.2723,12132
2025-10-25 20:00:00,3957.7,3959.6,3937.9,3953.3,9031.2738,8602
2025-10-25 22:00:00,3953.4,3965.7,3947.0,3953.8,9987.3769,8278
2025-10-26 00:00:00,3953.9,3962.2,3920.1,3933.3,15715.0781,8759
2025-10-26 02:00:00,3933.4,3939.0,3922.4,3931.3,10905.2141,6119
2025-10-26 04:00:00,3931.4,3946.7,3928.8,3942.3,3430.8295,4872
2025-10-26 06:00:00,3942.3,3956.6,3939.0,3951.5,9997.0503,6947
2025-10-26 08:00:00,3951.5,4011.0,3950.8,3988.0,23571.2761,14812
2025-10-26 10:00:00,3988.1,4053.0,3975.5,4045.2,40645.3287,25394
2025-10-26 12:00:00,4045.2,4099.0,4041.5,4083.8,42111.2137,29931
2025-10-26 14:00:00,4083.9,4091.4,4059.8,4074.9,19751.3246,17139
2025-10-26 16:00:00,4074.8,4075.9,4046.5,4058.4,32814.4152,20173
2025-10-26 18:00:00,4058.8,4079.5,4057.9,4067.3,19036.3436,11025
2025-10-26 20:00:00,4067.0,4094.9,4054.4,4081.5,45201.4943,20290
2025-10-26 22:00:00,4081.6,4178.0,4081.5,4160.4,83502.4156,40992
2025-10-27 00:00:00,4160.2,4208.8,4151.1,4193.2,41768.3261,29656
2025-10-27 02:00:00,4193.2,4227.3,4185.2,4206.1,43911.0263,22823
2025-10-27 04:00:00,4206.1,4255.0,4196.0,4234.8,37180.117,19815
2025-10-27 06:00:00,4234.8,4249.6,4198.9,4203.8,27111.2137,17728
2025-10-27 08:00:00,4203.8,4203.8,4156.4,4162.0,34735.6359,20492
2025-10-27 10:00:00,4162.0,4176.8,4136.4,4162.8,35199.4973,17563
2025-10-27 12:00:00,4163.0,4190.1,4130.1,4180.0,51302.3154,23770
2025-10-27 14:00:00,4180.0,4185.6,4126.4,4173.9,71070.1457,30207
2025-10-27 16:00:00,4173.9,4226.9,4173.7,4222.6,49197.6269,27567
2025-10-27 18:00:00,4222.7,4235.6,4188.6,4194.4,34083.9358,26366
2025-10-27 20:00:00,4194.6,4196.5,4095.3,4116.6,84224.5486,41889
2025-10-27 22:00:00,4116.6,4143.8,4101.9,4119.8,41283.1271,31287
2025-10-28 00:00:00,4119.9,4141.7,4105.9,4136.9,32870.8719,18680
2025-10-28 02:00:00,4136.9,4141.7,4070.0,4093.4,45152.8382,25180
2025-10-28 04:00:00,4093.4,4105.4,4065.6,4067.5,19175.2912,19215
2025-10-28 06:00:00,4067.4,4125.4,4067.4,4116.3,12318.6675,12776
2025-10-28 08:00:00,4115.9,4134.9,4102.9,4122.3,23717.2266,13488
2025-10-28 10:00:00,4122.3,4127.0,4108.4,4111.8,13825.5271,10092
2025-10-28 12:00:00,4111.6,4166.2,4097.8,4157.7,27732.9271,18083
2025-10-28 14:00:00,4157.8,4175.6,4076.1,4096.0,89173.8358,38638
2025-10-28 16:00:00,4096.0,4147.0,4092.2,4139.7,45224.6523,19311
2025-10-28 18:00:00,4139.8,4151.7,4025.1,4037.6,84613.1338,38663
2025-10-28 20:00:00,4037.7,4040.3,3929.0,3981.2,139184.2622,51060
2025-10-28 22:00:00,3981.0,3998.0,3971.0,3978.0,19636.8158,15256
2025-10-29 00:00:00,3978.0,4006.8,3962.6,3981.3,23825.5439,15699
2025-10-29 02:00:00,3981.4,4003.7,3979.3,3996.9,21373.2951,13112
2025-10-29 04:00:00,3997.0,4034.1,3995.3,4025.5,20464.9316,15835
2025-10-29 06:00:00,4025.3,4034.1,4010.8,4022.8,37338.5421,15535
2025-10-29 08:00:00,4023.2,4024.7,3976.0,3995.2,63198.6177,31306
2025-10-29 10:00:00,3995.2,4013.3,3981.5,4008.7,56003.5449,30083
2025-10-29 12:00:00,4008.8,4027.3,3982.4,3993.1,41844.0043,21153
2025-10-29 14:00:00,3993.1,3998.3,3940.4,3949.5,50818.2998,24468
2025-10-29 16:00:00,3949.7,4014.0,3925.0,4012.6,55653.4251,32121
2025-10-29 18:00:00,4012.9,4016.3,3841.8,3903.3,238331.334,93909
2025-10-29 20:00:00,3903.3,3962.3,3888.0,3955.1,49760.5679,26441
2025-10-29 22:00:00,3955.1,3958.9,3875.0,3902.0,56366.7647,25835
2025-10-30 00:00:00,3902.0,3933.9,3884.0,3925.0,26555.8864,21717
2025-10-30 02:00:00,3926.3,3947.2,3921.9,3933.4,12294.8646,13132
2025-10-30 04:00:00,3933.1,3933.5,3838.9,3915.6,94026.9381,42050
2025-10-30 06:00:00,3915.6,3943.9,3896.0,3938.9,21707.691,12040
2025-10-30 08:00:00,3938.8,3939.4,3891.3,3899.0,17273.7808,14628
2025-10-30 10:00:00,3899.3,3906.7,3876.6,3880.7,11458.461,11251
2025-10-30 12:00:00,3880.7,3883.2,3761.0,3765.4,161261.7288,56543
2025-10-30 14:00:00,3765.5,3806.5,3757.3,3772.7,70302.9427,40624
2025-10-30 16:00:00,3772.4,3800.6,3725.3,3769.0,57180.4482,33301
2025-10-30 18:00:00,3769.0,3770.4,3677.0,3688.0,85629.0433,40524
2025-10-30 20:00:00,3687.7,3780.0,3677.9,3770.7,46714.2571,33116
2025-10-30 22:00:00,3771.7,3805.4,3762.9,3803.7,27582.8896,15342
2025-10-31 00:00:00,3803.6,3858.7,3795.3,3846.4,44686.9383,22516
2025-10-31 02:00:00,3846.4,3850.8,3806.5,3828.4,24792.1519,15805
2025-10-31 04:00:00,3828.4,3872.8,3825.7,3849.1,30724.2742,16327
2025-10-31 06:00:00,3849.2,3851.4,3819.3,3829.7,16170.4946,14819
2025-10-31 08:00:00,3829.8,3862.7,3816.8,3843.2,16217.1797,17767
2025-10-31 10:00:00,3843.5,3880.9,3826.4,3872.7,21661.3989,17554
2025-10-31 12:00:00,3872.8,3885.7,3830.7,3856.7,39072.0981,23108
2025-10-31 14:00:00,3856.8,3881.1,3836.3,3858.7,24029.784,19150
2025-10-31 16:00:00,3858.3,3866.8,3804.1,3826.5,40381.0415,21349
2025-10-31 18:00:00,3826.7,3903.7,3806.9,3884.3,35454.2254,22766
2025-10-31 20:00:00,3884.3,3891.2,3838.6,3859.8,21173.3592,11404
2025-10-31 22:00:00,3859.7,3864.4,3845.6,3846.0,8454.0922,6702
2025-11-01 00:00:00,3845.9,3858.4,3828.4,3842.4,9288.4932,7692
2025-11-01 02:00:00,3842.3,3863.0,3834.7,3859.6,6925.8152,7304
2025-11-01 04:00:00,3859.5,3867.4,3850.9,3853.5,10440.4461,6672
2025-11-01 06:00:00,3853.4,3865.7,3851.1,3858.9,8339.4772,6451
2025-11-01 08:00:00,3858.8,3881.3,3858.8,3873.3,11651.4816,8196
2025-11-01 10:00:00,3873.2,3879.9,3867.7,3875.9,13942.7471,8041
2025-11-01 12:00:00,3876.0,3879.4,3856.5,3868.0,7494.7424,6598
2025-11-01 14:00:00,3868.0,3900.3,3856.7,3893.0,18926.2565,10315
2025-11-01 16:00:00,3892.9,3906.8,3860.6,3864.1,24591.0935,12340
2025-11-01 18:00:00,3864.0,3879.1,3861.3,3877.8,11088.6175,7050
2025-11-01 20:00:00,3877.8,3890.0,3865.3,3865.3,9514.7408,6129
2025-11-01 22:00:00,3865.3,3875.1,3862.7,3872.2,5144.8171,4381
2025-11-02 00:00:00,3872.1,3875.1,3860.4,3870.0,6646.0914,5619
2025-11-02 02:00:00,3870.0,3885.4,3866.8,3878.4,7810.1202,5294
2025-11-02 04:00:00,3878.5,3910.2,3874.3,3901.4,12184.9133,7903
2025-11-02 06:00:00,3901.3,3917.3,3890.0,3905.5,15238.0445,7519
2025-11-02 08:00:00,3905.5,3909.6,3867.2,3871.0,14522.4638,9069
2025-11-02 10:00:00,3870.9,3895.1,3852.1,3888.6,17905.4762,9323
2025-11-02 12:00:00,3888.8,3893.2,3853.0,3866.5,15629.1396,7721
2025-11-02 14:00:00,3866.0,3871.3,3837.5,3850.9,28022.0659,13588
2025-11-02 16:00:00,3851.0,3863.0,3838.1,3857.8,11423.5435,8312
2025-11-02 18:00:00,3857.7,3865.0,3841.7,3854.4,5962.1801,5742
2025-11-02 20:00:00,3854.4,3867.3,3846.1,3859.7,5358.349,5594
2025-11-02 22:00:00,3859.7,3914.4,3842.2,3904.7,33854.6928,13157
2025-11-03 00:00:00,3904.6,3912.2,3826.3,3835.1,50524.2455,18025
2025-11-03 02:00:00,3835.1,3839.9,3725.9,3733.7,104702.0672,35124
2025-11-03 04:00:00,3734.0,3763.1,3713.3,3729.9,66830.3555,20079
2025-11-03 06:00:00,3730.0,3739.0,3681.6,3712.8,96982.6019,26451
2025-11-03 08:00:00,3712.8,3738.6,3685.4,3701.6,33934.9714,17551
2025-11-03 10:00:00,3701.6,3721.6,3658.0,3709.9,38270.8663,19104
2025-11-03 12:00:00,3709.9,3726.7,3691.6,3718.4,28547.9149,16110
2025-11-03 14:00:00,3718.7,3745.3,3547.8,3586.1,205895.8801,85847
2025-11-03 16:00:00,3586.4,3680.2,3558.6,3664.7,125043.3107,58863
2025-11-03 18:00:00,3664.8,3671.2,3618.1,3629.4,50040.5836,22722
2025-11-03 20:00:00,3629.3,3634.7,3556.4,3599.9,61447.9195,29419
2025-11-03 22:00:00,3599.7,3605.1,3558.7,3602.4,25369.7372,17182
2025-11-04 00:00:00,3602.4,3652.2,3565.1,3642.8,45779.8952,22069
2025-11-04 02:00:00,3642.8,3649.1,3616.7,3640.2,43087.0663,15050
2025-11-04 04:00:00,3640.2,3646.2,3482.3,3491.1,82616.998,41314
2025-11-04 06:00:00,3490.7,3557.5,3472.1,3492.5,92037.143,41451
2025-11-04 08:00:00,3492.6,3510.0,3457.1,3490.5,88351.3445,30575
2025-11-04 10:00:00,3490.5,3532.4,3472.2,3528.2,54045.0108,27465
2025-11-04 12:00:00,3528.3,3531.4,3492.8,3505.0,38590.4355,21507
2025-11-04 14:00:00,3505.0,3586.2,3472.2,3504.8,106601.956,42504
2025-11-04 16:00:00,3504.8,3519.2,3360.0,3370.7,269141.5144,89235
2025-11-04 18:00:00,3370.7,3371.3,3224.8,3230.4,267958.3553,108036
2025-11-04 20:00:00,3229.7,3250.3,3057.5,3213.7,366628.6815,115405
2025-11-04 22:00:00,3213.8,3303.0,3197.4,3285.9,118633.4482,66309
2025-11-05 00:00:00,3285.9,3299.7,3166.2,3241.8,118105.5913,51487
2025-11-05 02:00:00,3241.1,3347.6,3241.1,3333.7,96470.5139,40792
2025-11-05 04:00:00,3333.6,3350.8,3312.5,3324.3,41547.2904,22407
2025-11-05 06:00:00,3324.3,3340.4,3303.3,3330.1,21418.3855,18575
2025-11-05 08:00:00,3330.0,3330.1,3281.0,3306.0,38300.3497,23364
2025-11-05 10:00:00,3306.1,3323.3,3273.3,3321.4,29833.352,17313
2025-11-05 12:00:00,3321.4,3375.3,3311.3,3359.2,65408.1099,28664
2025-11-05 14:00:00,3358.8,3396.9,3318.0,3396.3,89810.9417,37837
2025-11-05 16:00:00,3396.4,3445.1,3368.6,3434.7,110139.4644,49322
2025-11-05 18:00:00,3434.6,3478.8,3429.0,3454.5,53182.1986,26182
2025-11-05 20:00:00,3454.6,3478.9,3430.1,3441.1,51673.3714,23161
2025-11-05 22:00:00,3441.1,3443.8,3414.3,3423.7,32617.8893,16958
2025-11-06 00:00:00,3423.6,3423.7,3374.0,3404.7,57848.8111,16670
2025-11-06 02:00:00,3404.8,3450.4,3392.1,3432.3,39008.9457,15278
2025-11-06 04:00:00,3432.3,3456.4,3380.0,3387.8,48541.286,17594
2025-11-06 06:00:00,3387.8,3401.9,3366.0,3379.8,29263.8767,13836
2025-11-06 08:00:00,3379.3,3394.1,3372.0,3382.8,27276.749,11540
2025-11-06 10:00:00,3382.9,3413.5,3366.1,3398.6,23710.5029,12487
2025-11-06 12:00:00,3398.6,3404.6,3341.7,3389.8,39676.547,19195
2025-11-06 14:00:00,3389.9,3399.8,3276.7,3299.2,128552.119,47229
2025-11-06 16:00:00,3299.2,3339.1,3242.9,3327.8,215716.568,84023
2025-11-06 18:00:00,3327.8,3351.1,3293.7,3324.1,70690.5549,24226
2025-11-06 20:00:00,3324.2,3334.9,3285.8,3324.7,55787.8334,18360
2025-11-06 22:00:00,3324.6,3329.1,3288.2,3313.5,28817.7544,12309
2025-11-07 00:00:00,3313.5,3331.0,3273.5,3323.1,58283.1757,23696
2025-11-07 02:00:00,3323.2,3364.4,3302.7,3343.2,58612.5286,20018
2025-11-07 04:00:00,3343.2,3367.3,3318.5,3365.5,43191.9003,19985
2025-11-07 06:00:00,3365.8,3368.5,3334.5,3356.7,26780.9263,11551
2025-11-07 08:00:00,3356.7,3359.3,3288.5,3299.9,29272.6894,12905
2025-11-07 10:00:00,3299.8,3308.3,3224.0,3258.8,86224.0005,26213
2025-11-07 12:00:00,3258.5,3270.8,3195.0,3239.5,78808.3111,25975
2025-11-07 14:00:00,3239.1,3317.2,3193.0,3295.8,136300.174,52698
2025-11-07 16:00:00,3295.8,3394.1,3273.0,3384.1,108765.3313,40006
2025-11-07 18:00:00,3384.5,3448.6,3377.3,3442.7,75251.0208,37432
2025-11-07 20:00:00,3442.6,3470.0,3430.3,3467.9,53462.3284,28138
2025-11-07 22:00:00,3467.9,3473.0,3431.8,3434.9,38881.6347,14471
2025-11-08 00:00:00,3434.9,3447.7,3407.6,3436.2,35993.7813,13098
2025-11-08 02:00:00,3436.3,3466.7,3430.8,3453.8,48207.8262,14831
2025-11-08 04:00:00,3453.9,3486.0,3428.8,3430.9,35904.639,21482
2025-11-08 06:00:00,3430.9,3455.0,3419.1,3447.9,18143.7695,12314
2025-11-08 08:00:00,3447.9,3469.6,3436.1,3439.6,21559.7144,10424
2025-11-08 10:00:00,3439.7,3455.8,3406.3,3412.6,18826.9338,10767
2025-11-08 12:00:00,3412.6,3417.8,3390.3,3396.6,17551.1783,13480
2025-11-08 14:00:00,3396.6,3411.0,3370.5,3376.4,33229.1554,14170
2025-11-08 16:00:00,3376.5,3399.8,3355.3,3398.9,21508.5796,13797
2025-11-08 18:00:00,3398.9,3407.5,3362.8,3389.4,20837.3864,10793
2025-11-08 20:00:00,3389.3,3410.0,3380.8,3405.8,14100.5927,8647
2025-11-08 22:00:00,3405.8,3414.9,3394.4,3401.6,10353.6756,6878
2025-11-09 00:00:00,3401.6,3403.9,3372.9,3400.2,12846.5294,9474
2025-11-09 02:00:00,3400.2,3400.2,3358.2,3375.0,26866.5893,11584
2025-11-09 04:00:00,3375.0,3407.3,3368.8,3404.3,42936.0394,20499
2025-11-09 06:00:00,3404.3,3425.6,3398.5,3421.5,16968.3374,12421
2025-11-09 08:00:00,3421.5,3434.1,3398.5,3400.1,14270.7006,10640
2025-11-09 10:00:00,3400.1,3431.0,3381.6,3428.1,20595.0989,11265
2025-11-09 12:00:00,3428.1,3463.7,3424.2,3458.0,24962.5546,13616
2025-11-09 14:00:00,3457.6,3563.3,3452.4,3515.2,88285.8358,36267
2025-11-09 16:00:00,3515.1,3536.7,3501.2,3515.1,30221.1156,17743
2025-11-09 18:00:00,3515.2,3579.7,3510.4,3579.7,28993.6329,22464
2025-11-09 20:00:00,3579.7,3597.0,3562.1,3580.1,39510.7899,30742
2025-11-09 22:00:00,3580.5,3620.8,3564.2,3582.3,47523.5028,24373
2025-11-10 00:00:00,3582.4,3658.8,3554.6,3629.1,74018.5646,30546
2025-11-10 02:00:00,3629.1,3647.8,3612.6,3627.8,30828.9554,15350
2025-11-10 04:00:00,3627.7,3632.4,3588.6,3607.4,38611.1197,16779
2025-11-10 06:00:00,3607.8,3621.8,3594.3,3608.9,29454.0062,14715
2025-11-10 08:00:00,3609.0,3631.3,3586.5,3623.8,34405.4978,18887
2025-11-10 10:00:00,3624.3,3628.1,3603.4,3610.9,32076.381,14132
2025-11-10 12:00:00,3610.7,3623.1,3585.5,3616.2,35181.6805,15931
2025-11-10 14:00:00,3616.2,3616.3,3508.6,3520.3,132579.1029,45587
2025-11-10 16:00:00,3519.9,3559.2,3508.3,3556.2,65947.7901,26572
2025-11-10 18:00:00,3556.3,3578.0,3530.0,3559.3,38112.6263,19772
2025-11-10 20:00:00,3559.8,3585.2,3531.0,3541.5,49309.6576,19783
2025-11-10 22:00:00,3541.5,3581.4,3529.8,3568.1,28965.6996,15677
2025-11-11 00:00:00,3568.0,3647.9,3553.3,3580.7,45601.259,31053
2025-11-11 02:00:00,3580.7,3635.3,3559.0,3606.7,65034.2692,25311
2025-11-11 04:00:00,3606.0,3610.7,3544.0,3547.8,42096.9503,18167
2025-11-11 06:00:00,3547.5,3566.1,3531.4,3543.0,53944.1403,25208
2025-11-11 08:00:00,3543.1,3585.8,3542.3,3554.6,51437.4089,20094
2025-11-11 10:00:00,3554.5,3580.6,3547.8,3572.5,17741.2453,12805
2025-11-11 12:00:00,3572.9,3591.9,3525.7,3531.1,56261.9685,32548
2025-11-11 14:00:00,3532.1,3547.3,3465.5,3479.5,180177.4339,88398
2025-11-11 16:00:00,3479.4,3498.4,3443.7,3471.0,71839.6373,31835
2025-11-11 18:00:00,3471.1,3483.7,3448.6,3455.1,38271.3825,20072
2025-11-11 20:00:00,3455.4,3460.0,3405.6,3415.0,70721.5974,35134
2025-11-11 22:00:00,3415.1,3436.0,3401.5,3416.2,48647.8549,28011
2025-11-12 00:00:00,3416.1,3449.8,3406.9,3445.3,42949.7606,29977
2025-11-12 02:00:00,3445.3,3453.9,3415.8,3437.1,20958.3778,14692
2025-11-12 04:00:00,3437.2,3454.7,3430.6,3447.0,21570.5068,10718
2025-11-12 06:00:00,3447.1,3455.0,3421.9,3426.0,16095.7828,11636
2025-11-12 08:00:00,3426.2,3492.1,3426.1,3482.2,20282.0935,19213
2025-11-12 10:00:00,3482.2,3566.9,3481.4,3547.8,35189.6267,24248
2025-11-12 12:00:00,3548.0,3586.4,3538.0,3575.8,28205.9197,19396
2025-11-12 14:00:00,3575.5,3579.7,3416.6,3425.7,157739.5938,57214
2025-11-12 16:00:00,3425.7,3450.3,3370.3,3427.9,123240.6635,49085
2025-11-12 18:00:00,3427.9,3452.8,3371.0,3406.4,44209.2953,32288
2025-11-12 20:00:00,3406.5,3438.0,3398.3,3421.8,40894.2035,21207
2025-11-12 22:00:00,3421.9,3421.9,3391.1,3413.2,20316.8874,16454
2025-11-13 00:00:00,3413.3,3456.0,3402.8,3423.0,47878.1896,26885
2025-11-13 02:00:00,3423.1,3472.3,3375.8,3450.1,60547.0387,32801
2025-11-13 04:00:00,3450.4,3539.3,3431.6,3527.4,47375.538,25656
2025-11-13 06:00:00,3527.4,3564.5,3520.0,3537.3,38871.2585,23765
2025-11-13 08:00:00,3537.4,3548.3,3476.1,3484.4,32714.642,23170
2025-11-13 10:00:00,3485.2,3516.6,3485.2,3499.6,17344.2528,11022
2025-11-13 12:00:00,3499.7,3509.1,3425.0,3436.3,55502.2357,26017
2025-11-13 14:00:00,3436.4,3475.3,3364.9,3385.7,184186.0652,67753
2025-11-13 16:00:00,3385.7,3397.3,3252.1,3254.1,146179.1842,55564
2025-11-13 18:00:00,3254.2,3263.7,3175.8,3197.4,216024.4647,88712
2025-11-13 20:00:00,3197.3,3205.4,3154.2,3179.3,105232.031,64903
2025-11-13 22:00:00,3179.2,3272.5,3175.0,3231.3,70607.6653,35341
2025-11-14 00:00:00,3231.3,3240.6,3186.1,3206.9,83038.5704,32997
2025-11-14 02:00:00,3206.8,3251.8,3204.9,3228.5,45240.2174,21894
2025-11-14 04:00:00,3228.5,3228.6,3110.1,3192.8,99363.1389,44546
2025-11-14 06:00:00,3192.7,3241.0,3135.1,3215.3,66276.912,51214
2025-11-14 08:00:00,3215.3,3218.8,3150.6,3155.8,37782.4972,31385
2025-11-14 10:00:00,3156.1,3195.8,3117.3,3144.2,46084.1895,32620
2025-11-14 12:00:00,3144.2,3150.6,3069.0,3122.2,141977.4254,61825
2025-11-14 14:00:00,3122.2,3234.4,3109.1,3197.1,157153.8588,88185
2025-11-14 16:00:00,3197.2,3256.0,3162.3,3180.0,70458.9852,38910
2025-11-14 18:00:00,3179.9,3221.2,3155.4,3208.4,47827.7427,36062
2025-11-14 20:00:00,3208.6,3213.4,3123.8,3168.4,49558.5188,31388
2025-11-14 22:00:00,3168.2,3187.6,3090.0,3112.9,60339.1878,29172
2025-11-15 00:00:00,3112.9,3179.5,3111.1,3174.0,32286.6439,20462
2025-11-15 02:00:00,3174.2,3195.0,3163.5,3180.1,16176.1531,16054
2025-11-15 04:00:00,3180.1,3192.7,3160.6,3179.6,15118.0212,14409
2025-11-15 06:00:00,3179.6,3188.8,3168.0,3177.0,12805.8207,12370
2025-11-15 08:00:00,3177.1,3178.8,3135.9,3153.3,12906.9325,12150
2025-11-15 10:00:00,3153.4,3173.4,3146.0,3152.7,7898.3311,8293
2025-11-15 12:00:00,3152.9,3197.7,3147.7,3193.4,14883.0612,12351
2025-11-15 14:00:00,3193.5,3194.0,3174.4,3186.8,9151.0606,11080
2025-11-15 16:00:00,3186.8,3220.0,3164.5,3215.9,20271.4395,17033
2025-11-15 18:00:00,3215.9,3231.3,3193.2,3198.7,23661.7478,13900
2025-11-15 20:00:00,3198.7,3201.0,3153.3,3158.4,27110.7608,16897
2025-11-15 22:00:00,3158.4,3178.0,3155.4,3168.0,9447.3839,9187
2025-11-16 00:00:00,3168.0,3175.2,3132.1,3150.6,37040.1877,19322
2025-11-16 02:00:00,3150.7,3210.0,3142.6,3202.9,32388.8378,15100
2025-11-16 04:00:00,3202.9,3216.3,3187.0,3204.9,13329.7189,10616
2025-11-16 06:00:00,3204.8,3221.4,3199.1,3220.0,11988.8203,8833
2025-11-16 08:00:00,3220.4,3249.0,3206.8,3248.9,11019.6355,12444
2025-11-16 10:00:00,3249.0,3249.0,3160.0,3169.2,36003.7106,22044
2025-11-16 12:00:00,3169.3,3182.4,3140.4,3154.7,33154.7333,23766
2025-11-16 14:00:00,3154.7,3181.5,3099.3,3105.8,33651.0005,20019
2025-11-16 16:00:00,3105.9,3127.5,3027.5,3079.9,100955.7167,47286
2025-11-16 18:00:00,3080.3,3129.2,3045.0,3092.1,68029.0027,31676
2025-11-16 20:00:00,3092.2,3118.0,3060.0,3074.2,30361.6688,18637
2025-11-16 22:00:00,3074.2,3108.9,3007.0,3096.9,102774.3871,39238
2025-11-17 00:00:00,3096.4,3147.8,3070.0,3115.9,50882.7878,25064
2025-11-17 02:00:00,3115.9,3181.8,3113.2,3177.8,31142.0261,19009
2025-11-17 04:00:00,3177.9,3195.3,3167.6,3187.6,22926.429,14284
2025-11-17 06:00:00,3187.8,3209.2,3172.6,3200.0,27979.8221,14630
2025-11-17 08:00:00,3200.1,3216.0,3181.3,3195.9,14701.1096,15426
2025-11-17 10:00:00,3195.8,3223.3,3192.5,3205.1,13535.8651,12039
2025-11-17 12:00:00,3205.1,3205.2,3096.1,3123.2,61839.4201,27912
2025-11-17 14:00:00,3123.3,3212.0,3103.1,3121.4,160833.7442,55212
2025-11-17 16:00:00,3122.0,3146.5,3054.2,3058.8,143851.6508,53086
2025-11-17 18:00:00,3058.9,3082.3,2975.0,2982.9,164180.7138,63675
2025-11-17 20:00:00,2982.7,3029.5,2959.4,3010.3,115552.2682,48261
2025-11-17 22:00:00,3010.3,3033.3,3001.7,3033.0,38177.6456,21104
2025-11-18 00:00:00,3033.0,3051.5,2993.3,3020.3,49508.7136,30121
2025-11-18 02:00:00,3020.1,3047.6,2947.1,3026.0,165040.2537,50503
2025-11-18 04:00:00,3026.2,3027.1,2960.3,3014.2,73974.0776,30995
2025-11-18 06:00:00,3014.2,3037.1,2976.0,3027.7,37253.2783,22337
2025-11-18 08:00:00,3027.1,3070.1,3026.5,3062.3,50117.0535,26557
2025-11-18 10:00:00,3062.1,3075.4,3052.4,3059.3,45873.5704,35799
2025-11-18 12:00:00,3059.3,3068.3,3022.9,3049.7,37908.1177,25607
2025-11-18 14:00:00,3049.6,3125.2,3034.0,3108.6,126330.4477,55705
2025-11-18 16:00:00,3108.5,3170.5,3100.6,3136.8,89420.0233,35303
2025-11-18 18:00:00,3137.0,3171.4,3136.8,3147.5,54431.8417,21767
2025-11-18 20:00:00,3147.5,3152.3,3098.1,3099.1,47872.4062,17262
2025-11-18 22:00:00,3099.1,3131.0,3098.5,3124.8,22265.3973,12140
2025-11-19 00:00:00,3124.8,3125.1,3080.0,3106.3,25478.693,18975
2025-11-19 02:00:00,3106.3,3126.8,3070.7,3074.4,41451.2156,19597
2025-11-19 04:00:00,3074.4,3077.8,2992.7,3018.5,72756.5013,36203
2025-11-19 06:00:00,3018.4,3088.8,3011.3,3086.4,50533.0146,21012
2025-11-19 08:00:00,3086.1,3101.3,3056.0,3089.3,35336.7452,19307
2025-11-19 10:00:00,3089.5,3113.3,3080.1,3084.5,28570.3144,13910
2025-11-19 12:00:00,3084.4,3108.5,3058.6,3067.8,37677.7158,20114
2025-11-19 14:00:00,3067.9,3107.3,2968.0,2974.0,166312.1749,59460
2025-11-19 16:00:00,2972.9,2986.9,2900.5,2923.4,126170.2391,52399
2025-11-19 18:00:00,2923.4,2929.5,2874.4,2882.0,119883.2838,41725
2025-11-19 20:00:00,2882.0,3001.2,2875.1,2992.5,180509.2333,54426
2025-11-19 22:00:00,2992.1,3028.3,2956.7,3025.5,57111.7668,27720
2025-11-20 00:00:00,3025.8,3051.3,3004.6,3048.4,53987.7826,24756
2025-11-20 02:00:00,3048.4,3059.0,3030.8,3039.4,31893.8069,18200
2025-11-20 04:00:00,3039.5,3063.4,3018.1,3035.8,41395.1938,19426
2025-11-20 06:00:00,3035.8,3044.5,3007.2,3039.2,45135.1793,19106
2025-11-20 08:00:00,3039.2,3045.3,2997.9,3010.8,38990.9067,22037
2025-11-20 10:00:00,3010.9,3027.0,2993.5,3023.3,33282.9863,20580
2025-11-20 12:00:00,3023.3,3047.0,2997.1,2999.1,42153.5226,23811
2025-11-20 14:00:00,2999.1,3021.5,2952.8,2954.7,106267.3498,50935
2025-11-20 16:00:00,2954.7,2960.2,2805.7,2834.0,350745.7214,100783
2025-11-20 18:00:00,2834.1,2860.0,2780.1,2847.8,181419.9405,66912
2025-11-20 20:00:00,2847.8,2897.8,2820.0,2880.5,92857.9934,30980
2025-11-20 22:00:00,2879.9,2905.7,2826.5,2834.5,78421.7669,29946
2025-11-21 00:00:00,2834.4,2887.4,2832.9,2862.4,42623.6097,22427
2025-11-21 02:00:00,2862.4,2862.5,2772.9,2809.5,119714.3668,40666
2025-11-21 04:00:00,2809.5,2833.2,2783.3,2809.2,38824.6395,20266
2025-11-21 06:00:00,2809.5,2814.6,2643.7,2719.2,158379.6457,59821
2025-11-21 08:00:00,2719.2,2752.8,2680.3,2681.6,73129.9967,43622
2025-11-21 10:00:00,2681.1,2722.0,2662.5,2688.3,78344.8086,37457
2025-11-21 12:00:00,2688.4,2768.0,2621.4,2740.4,191666.1572,70608
2025-11-21 14:00:00,2740.7,2779.4,2687.2,2703.5,117451.2465,64474
2025-11-21 16:00:00,2703.8,2805.4,2674.3,2779.3,106490.4274,56588
2025-11-21 18:00:00,2779.3,2793.9,2714.6,2750.9,109091.234,40750
2025-11-21 20:00:00,2750.7,2775.2,2707.6,2766.0,65645.6454,25515
2025-11-21 22:00:00,2766.0,2772.6,2712.0,2764.7,55236.2931,20054
2025-11-22 00:00:00,2764.7,2783.1,2756.5,2773.6,25660.1964,16758
2025-11-22 02:00:00,2773.6,2776.0,2738.0,2751.0,13245.3799,12197
2025-11-22 04:00:00,2751.1,2752.8,2725.2,2743.2,24529.634,13169
2025-11-22 06:00:00,2743.3,2769.0,2731.2,2755.1,16166.2535,10161
2025-11-22 08:00:00,2755.1,2755.2,2717.9,2724.3,18292.1414,11175
2025-11-22 10:00:00,2724.5,2741.5,2703.7,2734.0,29853.9323,14807
2025-11-22 12:00:00,2733.8,2734.5,2710.6,2718.7,29616.147,21952
2025-11-22 14:00:00,2718.8,2753.1,2718.7,2738.0,38166.7842,23385
2025-11-22 16:00:00,2738.1,2758.4,2734.5,2749.1,18765.3765,13749
2025-11-22 18:00:00,2749.1,2756.4,2742.5,2749.1,15210.9596,7719
2025-11-22 20:00:00,2749.1,2755.7,2732.3,2746.4,16700.202,8139
2025-11-22 22:00:00,2746.9,2798.0,2740.9,2769.0,43148.351,16371
2025-11-23 00:00:00,2769.1,2814.3,2767.0,2808.1,32887.3031,17112
2025-11-23 02:00:00,2807.7,2832.7,2803.1,2823.9,39075.6063,22954
2025-11-23 04:00:00,2823.9,2851.6,2812.8,2824.5,40843.8602,21265
2025-11-23 06:00:00,2824.6,2832.6,2776.5,2792.6,36916.6312,15677
2025-11-23 08:00:00,2792.4,2822.4,2792.2,2815.3,19890.2553,11865
2025-11-23 10:00:00,2815.3,2819.9,2801.5,2814.7,22767.4504,11382
2025-11-23 12:00:00,2814.7,2845.4,2812.7,2842.9,40587.1219,15802
2025-11-23 14:00:00,2842.7,2857.6,2809.3,2835.8,47252.5179,26115
2025-11-23 16:00:00,2835.7,2845.9,2785.1,2791.4,70677.6746,27241
2025-11-23 18:00:00,2791.4,2836.5,2791.4,2821.6,37753.9152,17714
2025-11-23 20:00:00,2821.6,2843.3,2815.3,2840.5,41498.6668,15144
2025-11-23 22:00:00,2840.3,2843.1,2793.2,2800.6,59823.4989,20513
2025-11-24 00:00:00,2800.6,2806.3,2761.6,2805.2,103052.0722,30167
2025-11-24 02:00:00,2805.0,2864.9,2803.1,2855.2,81428.5463,28805
2025-11-24 04:00:00,2855.3,2884.3,2801.5,2865.6,71890.0291,32774
2025-11-24 06:00:00,2865.8,2867.9,2822.2,2828.9,45836.6335,20938
2025-11-24 08:00:00,2828.7,2841.2,2786.6,2796.4,42177.0597,22914
2025-11-24 10:00:00,2796.6,2807.0,2788.6,2802.2,22976.9822,11572
2025-11-24 12:00:00,2802.2,2826.8,2794.2,2814.1,31823.8568,13454
2025-11-24 14:00:00,2814.0,2859.0,2784.0,2845.5,134829.0164,42195
2025-11-24 16:00:00,2845.3,2943.4,2841.7,2938.7,142783.9804,45076
2025-11-24 18:00:00,2938.7,2977.8,2928.4,2957.9,138703.2788,44848
2025-11-24 20:00:00,2958.2,2983.9,2947.7,2958.1,71064.586,28514
2025-11-24 22:00:00,2958.0,2979.6,2950.6,2952.5,63182.5819,19013
2025-11-25 00:00:00,2952.5,2952.6,2917.6,2917.7,30558.0314,18401
2025-11-25 02:00:00,2917.9,2936.0,2904.0,2911.6,33269.8542,18263
2025-11-25 04:00:00,2911.5,2942.5,2909.4,2927.8,29381.4574,22834
2025-11-25 06:00:00,2927.7,2927.9,2901.6,2901.8,28662.9845,14080
2025-11-25 08:00:00,2901.8,2908.0,2865.0,2891.3,33878.9558,24166
2025-11-25 10:00:00,2891.3,2899.1,2879.3,2890.3,9455.0326,14192
2025-11-25 12:00:00,2890.5,2934.0,2889.2,2906.8,79499.2643,41661
2025-11-25 14:00:00,2906.8,2921.5,2855.7,2895.0,105328.6191,48825
2025-11-25 16:00:00,2895.1,2951.9,2886.6,2935.2,132966.1598,35007
2025-11-25 18:00:00,2935.2,2957.4,2870.2,2922.2,113824.1337,39677
2025-11-25 20:00:00,2922.3,2945.7,2916.0,2930.3,56695.1105,22635
2025-11-25 22:00:00,2930.2,2979.5,2906.1,2959.0,87454.4806,29333
2025-11-26 00:00:00,2958.9,2984.8,2943.3,2969.9,48442.0153,17682
2025-11-26 02:00:00,2969.6,2976.0,2921.7,2926.5,60671.0086,18454
2025-11-26 04:00:00,2926.6,2952.4,2920.0,2943.7,27159.5988,14749
2025-11-26 06:00:00,2943.6,2954.0,2931.2,2943.6,15001.0263,14641
2025-11-26 08:00:00,2943.7,2948.3,2901.5,2906.3,11994.6251,15888
2025-11-26 10:00:00,2906.4,2917.1,2905.0,2913.3,21625.215,13568
2025-11-26 12:00:00,2913.3,2936.5,2888.0,2933.9,49796.1379,26665
2025-11-26 14:00:00,2933.8,2947.3,2904.5,2927.5,66904.5976,38159
2025-11-26 16:00:00,2927.3,3032.2,2925.6,3026.3,134965.867,52342
2025-11-26 18:00:00,3026.2,3043.2,3012.7,3031.0,84931.09,38669
2025-11-26 20:00:00,3031.0,3034.9,3006.8,3020.0,54254.9175,23422
2025-11-26 22:00:00,3020.4,3033.2,3016.4,3025.8,37509.8653,15790
2025-11-27 00:00:00,3025.6,3056.0,3005.7,3050.7,45904.0113,25419
2025-11-27 02:00:00,3050.8,3070.6,3029.5,3032.4,43912.4648,26715
2025-11-27 04:00:00,3032.5,3053.6,3016.4,3022.4,42073.1138,21977
2025-11-27 06:00:00,3022.3,3035.4,3022.0,3033.0,14722.4163,12179
2025-11-27 08:00:00,3033.0,3044.2,3016.6,3026.8,22638.4697,14407
2025-11-27 10:00:00,3026.6,3035.1,3020.7,3027.2,14163.1249,9391
2025-11-27 12:00:00,3027.2,3029.1,2986.8,2994.4,33559.96,21355
2025-11-27 14:00:00,2994.3,3013.3,2985.1,3010.0,25513.0283,17500
2025-11-27 16:00:00,3010.0,3025.7,3003.5,3019.1,17296.2865,13751
2025-11-27 18:00:00,3019.1,3038.6,3014.9,3030.8,13640.9233,12532
2025-11-27 20:00:00,3030.8,3042.8,3029.2,3031.5,22176.9865,11797
2025-11-27 22:00:00,3031.3,3033.6,3002.6,3013.9,18033.4154,12011
2025-11-28 00:00:00,3013.9,3022.2,2992.4,2997.3,14413.6158,12514
2025-11-28 02:00:00,2996.9,3014.1,2994.8,3007.1,22261.1415,12629
2025-11-28 04:00:00,3007.2,3028.1,3003.8,3022.8,13811.9333,10684
2025-11-28 06:00:00,3022.8,3022.8,2999.2,3000.6,18620.8507,11062
2025-11-28 08:00:00,3000.6,3075.0,3000.4,3053.6,38076.0141,24882
2025-11-28 10:00:00,3053.7,3062.4,3017.5,3032.7,23051.7098,16749
2025-11-28 12:00:00,3032.7,3086.6,3024.4,3072.3,30879.0084,17830
2025-11-28 14:00:00,3073.0,3096.9,3050.6,3072.0,61947.8253,32615
2025-11-28 16:00:00,3072.0,3072.7,3010.0,3030.6,50808.4688,29591
2025-11-28 18:00:00,3030.7,3059.0,3023.5,3048.6,24322.3725,15268
2025-11-28 20:00:00,3048.7,3057.2,3034.1,3035.0,13730.9474,10979
2025-11-28 22:00:00,3035.3,3044.0,3019.7,3030.0,21523.8718,12760
2025-11-29 00:00:00,3030.1,3051.2,3028.0,3037.3,15914.536,8774
2025-11-29 02:00:00,3037.1,3039.0,3016.0,3021.1,8123.6256,7255
2025-11-29 04:00:00,3021.1,3043.8,3018.3,3031.4,6316.9229,6948
2025-11-29 06:00:00,3031.3,3036.7,2983.5,3002.6,43731.2651,19979
2025-11-29 08:00:00,3002.6,3009.6,2996.4,3000.2,8723.9132,9931
2025-11-29 10:00:00,3000.3,3006.7,2984.0,2998.6,19263.8476,11422
2025-11-29 12:00:00,2998.7,3000.9,2990.6,2997.2,17766.2203,7542
2025-11-29 14:00:00,2997.2,3013.3,2985.0,3006.3,31600.9773,14816
2025-11-29 16:00:00,3006.4,3010.2,2966.0,2968.6,25877.3351,15020
2025-11-29 18:00:00,2968.6,2998.8,2961.2,2987.5,41146.4148,17508
2025-11-29 20:00:00,2987.5,2998.0,2981.5,2992.7,7790.2927,7578
2025-11-29 22:00:00,2992.7,2994.6,2982.6,2987.9,5028.4819,5488
2025-11-30 00:00:00,2987.9,3011.3,2986.8,3004.0,9555.665,6636
2025-11-30 02:00:00,3004.0,3010.0,2974.9,3000.7,27897.9866,10023
2025-11-30 04:00:00,3000.7,3002.4,2984.4,2990.9,6064.5608,6538
2025-11-30 06:00:00,2991.0,3007.9,2985.7,3003.8,6015.9246,4856
2025-11-30 08:00:00,3003.9,3018.7,3001.2,3008.7,15758.9914,10088
2025-11-30 10:00:00,3008.8,3015.8,2998.2,3001.9,9986.2295,8663
2025-11-30 12:00:00,3002.1,3052.0,2998.9,3047.4,26059.5251,17702
2025-11-30 14:00:00,3047.6,3049.9,3023.2,3027.5,11274.9451,9385
2025-11-30 16:00:00,3027.5,3048.5,3027.4,3040.1,9114.5608,9621
2025-11-30 18:00:00,3040.2,3040.3,3028.0,3033.5,6551.4582,7863
2025-11-30 20:00:00,3033.5,3040.2,3013.6,3021.3,14153.1434,11844
2025-11-30 22:00:00,3021.2,3035.6,2988.6,2990.2,31152.5662,18192
2025-12-01 00:00:00,2990.1,2998.1,2829.0,2850.4,183644.0478,82691
2025-12-01 02:00:00,2850.4,2873.0,2813.0,2824.7,56587.2781,31064
2025-12-01 04:00:00,2824.7,2829.5,2805.9,2827.0,35202.8565,23398
2025-12-01 06:00:00,2827.0,2842.8,2819.2,2839.1,18949.7483,17087
2025-12-01 08:00:00,2839.1,2851.7,2827.4,2838.2,9971.5291,18487
2025-12-01 10:00:00,2838.1,2848.8,2834.4,2837.0,11578.9678,12403
2025-12-01 12:00:00,2837.1,2839.0,2792.8,2812.6,71041.7344,48616
2025-12-01 14:00:00,2812.7,2831.6,2718.2,2745.1,112047.1406,50818
2025-12-01 16:00:00,2745.1,2755.2,2719.9,2738.0,52244.8292,32051
2025-12-01 18:00:00,2738.0,2756.8,2723.7,2740.0,29611.7002,22924
2025-12-01 20:00:00,2739.9,2797.0,2739.5,2791.5,61148.4645,32302
2025-12-01 22:00:00,2791.4,2817.9,2790.4,2797.5,42692.0278,30642
2025-12-02 00:00:00,2797.6,2823.3,2782.9,2793.9,20311.0654,16912
2025-12-02 02:00:00,2793.8,2813.1,2783.6,2803.4,13527.3987,13287
2025-12-02 04:00:00,2803.2,2813.2,2796.0,2802.4,8960.2721,7768
2025-12-02 06:00:00,2802.3,2815.2,2796.6,2804.8,11639.865,7993
2025-12-02 08:00:00,2804.7,2810.0,2781.0,2797.4,17559.3464,13455
2025-12-02 10:00:00,2797.1,2833.0,2796.5,2824.5,14646.2145,13021
2025-12-02 12:00:00,2824.6,2847.0,2815.3,2843.3,17612.359,15034
2025-12-02 14:00:00,2843.3,3023.3,2839.4,3004.6,144990.5037,83309
2025-12-02 16:00:00,3004.6,3033.3,2986.0,3014.2,106215.0818,42614
2025-12-02 18:00:00,3014.1,3032.4,3006.8,3014.3,36944.8749,18388
2025-12-02 20:00:00,3014.5,3015.5,2972.0,2994.3,58457.8602,24869
2025-12-02 22:00:00,2994.3,3020.2,2991.4,2994.6,20853.5273,14229
2025-12-03 00:00:00,2994.7,3026.6,2984.3,3014.7,24338.8293,16157
2025-12-03 02:00:00,3014.6,3046.4,3013.3,3029.6,30468.8775,17524
2025-12-03 04:00:00,3029.6,3069.5,3028.4,3057.4,35684.5695,19834
2025-12-03 06:00:00,3057.5,3084.2,3050.4,3055.8,31873.3975,17147
2025-12-03 08:00:00,3055.9,3061.9,3043.2,3059.2,18375.444,13760
2025-12-03 10:00:00,3059.3,3078.5,3048.6,3071.9,19943.2832,15475
2025-12-03 12:00:00,3071.9,3093.3,3065.8,3088.6,31959.1951,20999
2025-12-03 14:00:00,3088.6,3144.2,3030.0,3084.6,105915.9851,59880
2025-12-03 16:00:00,3084.9,3133.1,3063.2,3126.9,65020.374,22743
2025-12-03 18:00:00,3126.9,3140.9,3103.6,3126.7,40910.2938,22795
2025-12-03 20:00:00,3126.9,3169.2,3116.1,3163.1,47717.7866,26130
2025-12-03 22:00:00,3163.1,3212.8,3145.3,3187.0,56987.2944,36427
2025-12-04 00:00:00,3187.4,3238.6,3173.3,3201.2,59000.2248,33068
2025-12-04 02:00:00,3201.1,3227.1,3197.5,3208.6,29903.7884,17621
2025-12-04 04:00:00,3208.6,3217.4,3170.0,3183.4,36254.0061,18340
2025-12-04 06:00:00,3183.3,3217.0,3179.3,3189.0,29263.548,18856
2025-12-04 08:00:00,3189.0,3207.2,3174.2,3198.4,23818.481,14947
2025-12-04 10:00:00,3198.7,3202.6,3176.6,3185.2,18347.6042,9636
2025-12-04 12:00:00,3184.9,3191.6,3157.2,3169.4,26376.9581,18105
2025-12-04 14:00:00,3169.3,3221.3,3138.6,3206.8,80247.5374,34978
2025-12-04 16:00:00,3206.5,3224.3,3135.3,3159.3,54111.4538,29342
2025-12-04 18:00:00,3159.3,3163.9,3066.0,3117.2,111548.4155,42482
2025-12-04 20:00:00,3117.9,3150.0,3104.4,3121.8,29001.8961,21346
2025-12-04 22:00:00,3122.1,3147.2,3121.5,3131.7,16619.7139,11413
2025-12-05 00:00:00,3131.8,3169.0,3131.4,3162.1,36725.0896,14127
2025-12-05 02:00:00,3162.0,3191.4,3154.9,3169.6,24866.0099,12608
2025-12-05 04:00:00,3169.6,3179.8,3150.3,3154.3,15866.5687,10794
2025-12-05 06:00:00,3154.3,3180.8,3154.3,3171.9,14156.4281,9942
2025-12-05 08:00:00,3172.1,3172.1,3106.8,3120.6,30289.3363,19497
2025-12-05 10:00:00,3120.3,3147.2,3109.2,3130.4,33518.0007,18280
2025-12-05 12:00:00,3130.4,3136.4,3086.5,3097.6,42493.7853,25269
2025-12-05 14:00:00,3097.6,3155.8,3082.2,3103.8,100567.0473,46094
2025-12-05 16:00:00,3103.9,3106.2,2998.0,3032.1,228764.6051,79736
2025-12-05 18:00:00,3032.1,3062.2,2983.2,3036.4,107626.6119,39814
2025-12-05 20:00:00,3036.7,3047.8,3012.4,3017.2,33462.7006,15222
2025-12-05 22:00:00,3017.9,3031.0,3005.0,3020.4,13006.249,9311
2025-12-06 00:00:00,3020.4,3032.1,3010.6,3025.1,16771.4938,9737
2025-12-06 02:00:00,3025.4,3044.5,3017.5,3038.3,23047.0773,10786
2025-12-06 04:00:00,3038.7,3040.9,3028.6,3036.0,6688.7373,4953
2025-12-06 06:00:00,3035.9,3040.0,3022.5,3024.8,6772.7328,5879
2025-12-06 08:00:00,3024.7,3033.6,3011.8,3028.7,11645.7921,9661
2025-12-06 10:00:00,3028.7,3040.2,3024.0,3037.4,6331.8965,5905
2025-12-06 12:00:00,3037.4,3040.8,3027.9,3034.5,5189.4481,6095
2025-12-06 14:00:00,3034.5,3068.1,3025.2,3040.0,29969.4061,17088
2025-12-06 16:00:00,3040.2,3065.1,3039.5,3054.0,30180.592,10865
2025-12-06 18:00:00,3054.1,3055.1,3024.5,3029.7,29493.1321,12958
2025-12-06 20:00:00,3029.6,3043.9,3029.1,3041.8,12887.214,6886
2025-12-06 22:00:00,3041.7,3053.0,3026.1,3037.0,9872.7247,8433
2025-12-07 00:00:00,3036.9,3051.2,3031.1,3041.5,11982.5001,7086
2025-12-07 02:00:00,3041.6,3055.7,3041.4,3052.6,6216.5213,6174
2025-12-07 04:00:00,3052.7,3056.8,3041.9,3043.5,3156.4583,5123
2025-12-07 06:00:00,3043.5,3049.7,3030.6,3036.2,10796.9745,7986
2025-12-07 08:00:00,3036.2,3042.4,3024.2,3030.2,14732.2281,11985
2025-12-07 10:00:00,3030.2,3042.6,3029.2,3034.6,12983.786,7831
2025-12-07 12:00:00,3034.8,3052.4,3026.1,3030.2,10259.4799,10451
2025-12-07 14:00:00,3030.5,3037.6,2914.0,3027.2,162533.5576,58025
2025-12-07 16:00:00,3027.2,3134.8,3000.0,3113.2,177549.6932,69223
2025-12-07 18:00:00,3112.8,3150.5,3112.7,3138.0,83441.8734,48497
2025-12-07 20:00:00,3138.0,3146.5,3070.1,3085.8,72205.4675,34971
2025-12-07 22:00:00,3085.8,3086.2,3015.1,3059.9,63595.0116,61028
2025-12-08 00:00:00,3059.9,3134.5,3040.1,3098.0,45513.6559,33854
2025-12-08 02:00:00,3097.9,3120.9,3092.6,3111.5,34268.212,20940
2025-12-08 04:00:00,3111.5,3141.2,3109.1,3131.2,34901.2822,18627
2025-12-08 06:00:00,3131.2,3140.6,3122.7,3134.7,29117.7852,14727
2025-12-08 08:00:00,3134.7,3181.6,3125.6,3159.6,45419.9244,22319
2025-12-08 10:00:00,3159.5,3165.8,3136.8,3142.2,39732.3302,14405
2025-12-08 12:00:00,3142.2,3160.7,3123.9,3146.0,42561.9492,27407
2025-12-08 14:00:00,3146.0,3178.8,3088.8,3102.4,136618.75,52751
2025-12-08 16:00:00,3102.4,3133.6,3093.5,3121.6,53641.2811,35145
2025-12-08 18:00:00,3121.6,3133.8,3077.7,3118.8,58103.8288,25926
2025-12-08 20:00:00,3119.4,3154.0,3119.4,3146.9,43009.7905,20573
2025-12-08 22:00:00,3147.0,3148.4,3113.5,3125.4,26849.7541,10941
2025-12-09 00:00:00,3125.4,3144.0,3099.1,3106.9,34710.3265,16828
2025-12-09 02:00:00,3106.9,3129.2,3091.4,3129.2,55977.3782,19760
2025-12-09 04:00:00,3129.5,3131.8,3096.5,3108.6,24968.7117,14486
2025-12-09 06:00:00,3108.8,3127.9,3097.4,3123.3,21044.1414,11626
2025-12-09 08:00:00,3123.4,3131.0,3104.4,3106.2,17312.0269,11783
2025-12-09 10:00:00,3106.3,3121.3,3092.0,3118.6,24785.7241,13817
2025-12-09 12:00:00,3118.7,3141.9,3109.8,3118.2,50293.807,26736
2025-12-09 14:00:00,3118.2,3257.5,3099.0,3245.2,181519.9057,72680
2025-12-09 16:00:00,3245.6,3398.0,3245.6,3375.5,231796.3672,80657
2025-12-09 18:00:00,3375.5,3387.2,3345.0,3357.3,61015.574,33491
2025-12-09 20:00:00,3357.3,3361.2,3284.0,3302.0,110936.08,55156
2025-12-09 22:00:00,3302.0,3341.5,3297.2,3317.8,58174.1718,24831
2025-12-10 00:00:00,3317.7,3328.2,3287.8,3302.9,48580.652,20829
2025-12-10 02:00:00,3302.5,3317.1,3292.4,3310.1,23840.3741,14189
2025-12-10 04:00:00,3310.0,3334.7,3307.0,3322.6,24375.8677,15478
2025-12-10 06:00:00,3322.6,3330.1,3311.5,3327.6,26016.7355,13190
2025-12-10 08:00:00,3327.6,3348.9,3315.2,3348.2,16135.093,20433
2025-12-10 10:00:00,3348.2,3377.0,3298.1,3318.6,40946.8299,29647
2025-12-10 12:00:00,3318.5,3339.2,3309.2,3334.8,44891.0049,21168
2025-12-10 14:00:00,3334.7,3338.9,3304.4,3328.3,37976.4453,28431
2025-12-10 16:00:00,3328.3,3385.6,3321.3,3371.2,63334.4566,32836
2025-12-10 18:00:00,3370.9,3439.2,3348.5,3391.4,269206.2046,91610
2025-12-10 20:00:00,3391.4,3448.3,3329.1,3339.8,137496.5606,68842
2025-12-10 22:00:00,3339.9,3355.5,3318.8,3323.7,46021.5924,26015
2025-12-11 00:00:00,3323.6,3326.9,3243.1,3254.5,94760.0611,39344
2025-12-11 02:00:00,3254.7,3256.0,3167.4,3192.6,108787.8818,57581
2025-12-11 04:00:00,3192.7,3216.3,3181.3,3214.8,65973.0928,25733
2025-12-11 06:00:00,3214.9,3215.2,3194.9,3201.8,18524.3241,12988
2025-12-11 08:00:00,3201.6,3213.3,3178.8,3198.8,30781.9803,16044
2025-12-11 10:00:00,3199.3,3203.4,3188.6,3192.9,10029.3893,11606
2025-12-11 12:00:00,3192.9,3207.3,3187.0,3191.9,20439.092,11113
2025-12-11 14:00:00,3192.0,3209.7,3146.2,3180.4,125036.2927,56961
2025-12-11 16:00:00,3180.2,3205.0,3156.1,3182.6,51249.761,32383
2025-12-11 18:00:00,3182.7,3236.4,3180.4,3196.5,76056.1758,35381
2025-12-11 20:00:00,3196.5,3277.8,3194.7,3251.5,94429.9922,37428
2025-12-11 22:00:00,3251.4,3267.7,3225.3,3239.8,24406.1861,13853
2025-12-12 00:00:00,3239.8,3249.2,3188.6,3236.7,42659.8683,17864
2025-12-12 02:00:00,3236.6,3267.1,3229.6,3247.5,35405.3949,15219
2025-12-12 04:00:00,3247.6,3254.1,3234.6,3249.9,24383.4312,11689
2025-12-12 06:00:00,3249.9,3268.0,3245.0,3248.3,39661.803,16207
2025-12-12 08:00:00,3248.3,3257.4,3236.1,3253.6,25873.5915,11750
2025-12-12 10:00:00,3253.3,3258.0,3229.1,3244.8,16859.7,11802
2025-12-12 12:00:00,3244.7,3253.8,3235.5,3244.2,9650.418,10050
2025-12-12 14:00:00,3244.3,3249.9,3066.0,3076.4,197060.6191,73539
2025-12-12 16:00:00,3076.4,3101.4,3051.8,3068.3,163448.3396,63538
2025-12-12 18:00:00,3068.3,3100.1,3065.3,3075.6,41808.3815,20511
2025-12-12 20:00:00,3075.5,3091.7,3069.2,3083.8,20253.5155,11536
2025-12-12 22:00:00,3083.6,3098.1,3082.0,3086.3,9961.6768,6774
2025-12-13 00:00:00,3086.3,3096.4,3080.0,3086.1,7694.5478,5858
2025-12-13 02:00:00,3086.0,3094.8,3085.7,3091.8,4535.1918,4063
2025-12-13 04:00:00,3091.8,3094.0,3086.4,3091.0,4513.096,4547
2025-12-13 06:00:00,3091.0,3097.5,3086.6,3096.2,4115.669,4475
2025-12-13 08:00:00,3096.1,3134.8,3093.9,3119.8,19020.5032,13323
2025-12-13 10:00:00,3119.8,3137.0,3117.0,3121.1,15730.4316,8654
2025-12-13 12:00:00,3121.1,3129.0,3096.9,3111.3,11202.3914,8055
2025-12-13 14:00:00,3111.3,3126.2,3097.8,3111.7,16215.4082,8979
2025-12-13 16:00:00,3111.2,3118.0,3097.7,3102.8,12310.7243,7404
2025-12-13 18:00:00,3102.8,3113.0,3100.7,3110.1,3632.1804,4545
2025-12-13 20:00:00,3110.0,3117.0,3082.0,3113.2,11598.4609,7616
2025-12-13 22:00:00,3113.1,3121.3,3104.6,3116.6,8817.8882,6353
2025-12-14 00:00:00,3116.5,3131.1,3106.0,3121.5,9259.3781,6538
2025-12-14 02:00:00,3121.5,3127.5,3118.0,3120.4,3398.8405,4461
2025-12-14 04:00:00,3120.4,3123.8,3106.4,3113.2,9169.2915,5700
2025-12-14 06:00:00,3113.2,3119.3,3107.0,3116.9,1856.9063,3291
2025-12-14 08:00:00,3116.9,3121.0,3108.9,3110.1,10701.9495,6179
2025-12-14 10:00:00,3110.1,3113.8,3049.6,3085.7,28273.8343,19345
2025-12-14 12:00:00,3086.0,3109.5,3072.0,3102.9,27608.1355,16524
2025-12-14 14:00:00,3103.0,3108.6,3072.0,3085.5,32113.8591,20057
2025-12-14 16:00:00,3085.5,3108.0,3075.0,3085.6,19300.0817,16054
2025-12-14 18:00:00,3085.6,3105.0,3081.7,3094.0,22486.8314,11942
2025-12-14 20:00:00,3093.8,3097.4,3065.7,3082.6,54939.4899,19275
2025-12-14 22:00:00,3082.7,3091.5,3030.0,3063.3,77633.9908,27739
2025-12-15 00:00:00,3063.4,3119.5,3057.4,3109.1,60441.9139,24977
2025-12-15 02:00:00,3109.1,3150.0,3108.0,3109.1,49660.7321,20441
2025-12-15 04:00:00,3109.4,3127.9,3105.0,3120.7,22330.8444,10233
2025-12-15 06:00:00,3120.7,3145.0,3116.0,3129.9,24510.3951,12180
2025-12-15 08:00:00,3129.9,3160.9,3126.1,3154.5,21949.2057,13274
2025-12-15 10:00:00,3154.3,3177.5,3146.7,3157.0,28753.5862,17215
2025-12-15 12:00:00,3157.1,3159.3,3127.3,3132.9,18804.4347,15849
2025-12-15 14:00:00,3132.8,3148.1,2986.4,3011.5,194941.978,79515
2025-12-15 16:00:00,3011.5,3018.7,2932.6,2937.5,94750.7347,46298
2025-12-15 18:00:00,2937.0,2965.0,2895.1,2940.0,106958.1388,42920
2025-12-15 20:00:00,2939.8,2947.8,2916.3,2945.5,44717.3802,22674
2025-12-15 22:00:00,2945.5,2969.3,2936.0,2964.3,37829.7192,14760
2025-12-16 00:00:00,2964.3,2978.0,2936.1,2947.2,67339.9934,19501
2025-12-16 02:00:00,2946.8,2966.9,2922.0,2936.6,39509.9554,16562
2025-12-16 04:00:00,2936.6,2939.6,2878.9,2923.0,46244.8529,23966
2025-12-16 06:00:00,2923.1,2952.0,2918.1,2923.8,24180.519,13680
2025-12-16 08:00:00,2923.8,2940.0,2919.9,2926.5,14087.6284,12444
2025-12-16 10:00:00,2927.1,2964.2,2921.1,2957.6,25955.5532,15820
2025-12-16 12:00:00,2957.8,2981.1,2909.1,2909.8,79084.29,34208
2025-12-16 14:00:00,2909.5,2974.2,2885.9,2962.0,100085.3561,49304
2025-12-16 16:00:00,2962.2,2962.4,2915.1,2918.0,37478.5146,21489
2025-12-16 18:00:00,2918.0,2967.1,2910.9,2945.2,40789.654,20348
2025-12-16 20:00:00,2944.6,2962.3,2936.4,2950.5,34614.82,14253
2025-12-16 22:00:00,2950.0,2965.3,2943.0,2961.4,19178.107,8459
2025-12-17 00:00:00,2961.5,2973.9,2943.0,2953.1,28833.7535,11686
2025-12-17 02:00:00,2953.1,2963.9,2937.4,2946.5,21963.4507,9435
2025-12-17 04:00:00,2946.8,2950.5,2913.7,2929.9,24932.3756,12106
2025-12-17 06:00:00,2929.9,2953.3,2929.5,2947.1,16381.5912,9109
2025-12-17 08:00:00,2947.1,2947.2,2917.2,2922.7,17484.158,8187
2025-12-17 10:00:00,2922.7,2933.5,2907.4,2927.5,15958.6014,9488
2025-12-17 12:00:00,2927.8,2952.8,2917.3,2943.4,26837.129,21088
2025-12-17 14:00:00,2943.5,3030.0,2883.8,2903.5,276312.4084,79441
2025-12-17 16:00:00,2903.2,2924.5,2833.0,2846.1,197108.0964,60317
2025-12-17 18:00:00,2846.7,2860.7,2790.0,2819.4,107260.4863,41684
2025-12-17 20:00:00,2819.4,2833.4,2804.9,2817.5,50123.2112,17183
2025-12-17 22:00:00,2817.5,2836.6,2812.0,2832.0,26407.5963,10679
2025-12-18 00:00:00,2832.2,2837.1,2820.6,2826.4,12091.2287,9974
2025-12-18 02:00:00,2826.4,2846.1,2820.9,2830.8,22449.2884,11427
2025-12-18 04:00:00,2830.8,2840.6,2821.6,2824.4,15572.5693,10099
2025-12-18 06:00:00,2824.4,2838.0,2822.5,2834.9,12478.1938,9229
2025-12-18 08:00:00,2835.0,2856.0,2830.5,2851.6,25102.6579,13630
2025-12-18 10:00:00,2851.7,2863.4,2848.5,2857.5,14698.9172,9793
2025-12-18 12:00:00,2857.5,2978.5,2853.0,2962.5,125372.9824,42889
2025-12-18 14:00:00,2962.5,2996.1,2922.5,2963.9,160057.8722,56009
2025-12-18 16:00:00,2963.8,2966.0,2795.4,2844.6,169230.4531,53803
2025-12-18 18:00:00,2844.7,2866.5,2773.9,2781.0,96947.1952,32633
2025-12-18 20:00:00,2780.8,2830.7,2778.1,2827.2,95213.1975,24962
2025-12-18 22:00:00,2827.7,2837.1,2815.0,2827.3,22987.7321,9266
2025-12-19 00:00:00,2827.2,2840.6,2808.0,2820.0,26092.5793,11122
2025-12-19 02:00:00,2819.6,2932.2,2811.2,2906.5,50205.1662,29976
2025-12-19 04:00:00,2906.7,2932.5,2905.7,2921.6,44748.3494,15892
2025-12-19 06:00:00,2921.7,2983.6,2914.6,2950.5,45892.7308,18461
2025-12-19 08:00:00,2950.5,2962.6,2937.0,2954.0,33639.1398,13128
2025-12-19 10:00:00,2953.7,2969.8,2947.3,2963.8,26612.9953,12495
2025-12-19 12:00:00,2963.8,2966.9,2945.0,2960.1,23675.7946,12923
2025-12-19 14:00:00,2960.2,3017.9,2943.0,2963.9,113062.6205,39676
2025-12-19 16:00:00,2963.8,3005.8,2935.1,2939.0,102813.2973,33025
2025-12-19 18:00:00,2939.0,2996.5,2935.9,2984.1,64598.2747,23107
2025-12-19 20:00:00,2984.1,3001.6,2974.7,2976.5,35837.5505,16846
2025-12-19 22:00:00,2976.6,2992.2,2976.6,2978.2,20595.6383,9541
2025-12-20 00:00:00,2978.2,2981.6,2970.0,2975.2,11999.5926,7008
2025-12-20 02:00:00,2975.2,2992.8,2973.2,2988.4,8779.7719,5517
2025-12-20 04:00:00,2988.3,2989.8,2980.2,2980.2,6905.482,5868
2025-12-20 06:00:00,2980.2,2984.6,2974.1,2981.1,5459.5716,5005
2025-12-20 08:00:00,2981.1,2988.8,2981.0,2982.3,9370.4544,9824
2025-12-20 10:00:00,2982.3,2988.6,2974.6,2985.9,9857.6248,3944
2025-12-20 12:00:00,2985.9,2992.2,2966.2,2978.7,14815.2434,10556
2025-12-20 14:00:00,2978.9,2979.6,2967.0,2976.0,11337.2296,5653
2025-12-20 16:00:00,2976.2,2980.2,2972.5,2976.7,6939.5995,4698
2025-12-20 18:00:00,2976.7,2979.4,2973.3,2976.9,4635.925,3690
2025-12-20 20:00:00,2976.9,2984.6,2976.2,2977.8,4348.8055,3848
2025-12-20 22:00:00,2977.8,2979.3,2972.0,2976.8,8089.4551,4829
2025-12-21 00:00:00,2976.8,2980.2,2961.8,2966.2,8936.2606,5871
2025-12-21 02:00:00,2966.3,2974.9,2960.0,2971.6,5667.7549,5447
2025-12-21 04:00:00,2971.6,2977.5,2970.7,2972.8,3976.7092,3603
2025-12-21 06:00:00,2972.8,2981.7,2972.3,2980.1,1911.307,2912
2025-12-21 08:00:00,2980.1,3011.7,2976.6,3002.0,24216.7825,12983
2025-12-21 10:00:00,3002.0,3006.9,2991.7,2995.6,10122.3733,9540
2025-12-21 12:00:00,2995.6,3004.6,2943.6,2949.5,25952.0889,17094
2025-12-21 14:00:00,2949.4,2978.5,2945.7,2973.7,17645.304,11560
2025-12-21 16:00:00,2973.6,2987.4,2968.4,2982.9,15664.3578,7047
2025-12-21 18:00:00,2982.7,2995.9,2966.3,2989.8,14509.3303,8432
2025-12-21 20:00:00,2989.9,2993.0,2970.0,2972.3,10313.9363,5585
2025-12-21 22:00:00,2972.4,3011.8,2970.5,3001.0,35340.8563,10794
2025-12-22 00:00:00,3000.9,3058.6,3000.6,3017.5,67275.372,32699
2025-12-22 02:00:00,3017.5,3030.5,2971.6,3020.6,58150.0888,22095
2025-12-22 04:00:00,3020.6,3041.7,3018.6,3027.6,20657.209,10280
2025-12-22 06:00:00,3027.0,3034.9,3021.7,3029.3,13415.0105,7057
2025-12-22 08:00:00,3029.3,3054.6,3024.2,3040.0,33145.1261,16962
2025-12-22 10:00:00,3040.0,3057.8,3031.4,3048.0,18037.0934,9814
2025-12-22 12:00:00,3048.1,3075.1,3041.9,3055.4,37664.1636,15081
2025-12-22 14:00:00,3055.4,3072.3,3020.9,3051.0,117023.1634,36113
2025-12-22 16:00:00,3051.1,3058.5,3022.8,3031.0,43972.3752,14810
2025-12-22 18:00:00,3031.4,3040.0,2972.1,2979.0,82421.8732,26533
2025-12-22 20:00:00,2979.0,2996.9,2962.5,2988.1,48837.659,21099
2025-12-22 22:00:00,2987.6,3014.0,2980.7,3008.4,39281.7649,13950
2025-12-23 00:00:00,3008.4,3035.2,3004.0,3016.5,54600.1328,15565
2025-12-23 02:00:00,3016.6,3024.0,2971.2,2991.0,49536.6185,18782
2025-12-23 04:00:00,2991.0,2998.3,2965.1,2974.3,25818.972,10016
2025-12-23 06:00:00,2974.2,2977.2,2945.1,2963.5,29931.7264,15597
2025-12-23 08:00:00,2963.5,2971.8,2951.6,2962.6,7800.5552,7341
2025-12-23 10:00:00,2962.5,2973.7,2962.1,2972.1,10787.6069,6629
2025-12-23 12:00:00,2972.1,2972.9,2928.8,2940.6,27093.5733,13827
2025-12-23 14:00:00,2940.7,2951.7,2900.6,2927.4,129721.4985,36365
2025-12-23 16:00:00,2927.4,2964.8,2908.6,2909.7,69642.0951,22819
2025-12-23 18:00:00,2909.8,2953.3,2908.1,2942.8,29848.2027,12994
2025-12-23 20:00:00,2942.8,2987.3,2939.5,2973.1,60027.0986,17099
2025-12-23 22:00:00,2973.4,2979.1,2948.9,2963.3,49904.3534,13970
2025-12-24 00:00:00,2963.2,2977.1,2955.0,2962.7,25930.6765,8584
2025-12-24 02:00:00,2962.6,2963.8,2920.3,2945.2,30321.0793,13035
2025-12-24 04:00:00,2944.7,2957.7,2916.5,2928.0,19584.8869,8544
2025-12-24 06:00:00,2928.1,2942.8,2921.9,2931.2,11693.002,5897
2025-12-24 08:00:00,2931.2,2938.6,2912.9,2918.9,25110.3975,9196
2025-12-24 10:00:00,2918.9,2937.2,2918.9,2925.0,22605.7454,8071
2025-12-24 12:00:00,2925.0,2938.5,2923.0,2930.2,23416.9934,9763
2025-12-24 14:00:00,2930.6,2935.6,2885.8,2924.8,69535.6574,24897
2025-12-24 16:00:00,2924.7,2953.2,2920.6,2936.1,43960.511,17332
2025-12-24 18:00:00,2935.9,2946.0,2929.4,2944.9,8301.7919,5749
2025-12-24 20:00:00,2944.9,2953.6,2941.0,2950.2,22278.0843,6739
2025-12-24 22:00:00,2950.2,2962.4,2945.4,2946.7,14691.0456,6891
2025-12-25 00:00:00,2946.7,2950.3,2935.8,2947.8,5770.0859,3837
2025-12-25 02:00:00,2947.9,2956.4,2942.1,2946.6,5298.1952,3987
2025-12-25 04:00:00,2946.6,2947.5,2937.8,2942.0,2924.8251,3450
2025-12-25 06:00:00,2941.9,2943.0,2937.8,2941.3,2418.0597,2776
2025-12-25 08:00:00,2941.3,2946.6,2916.8,2927.4,15044.5045,8735
2025-12-25 10:00:00,2927.2,2927.8,2911.9,2924.2,7961.326,5518
2025-12-25 12:00:00,2924.1,2933.9,2918.9,2930.3,8231.4546,5541
2025-12-25 14:00:00,2930.3,2970.0,2922.0,2959.0,44545.4391,14421
2025-12-25 16:00:00,2959.5,2966.6,2942.4,2952.0,38813.0711,10937
2025-12-25 18:00:00,2952.0,2963.9,2948.7,2955.3,21177.028,8160
2025-12-25 20:00:00,2955.2,2955.6,2943.1,2946.0,10262.5317,4555
2025-12-25 22:00:00,2946.0,2947.3,2889.5,2902.7,51726.2916,20221
2025-12-26 00:00:00,2902.5,2923.1,2893.3,2917.5,17799.432,9577
2025-12-26 02:00:00,2917.5,2992.0,2917.2,2963.3,156996.6649,48252
2025-12-26 04:00:00,2963.3,2973.6,2951.0,2972.0,26465.1365,8093
2025-12-26 06:00:00,2972.0,2991.5,2952.1,2955.5,37273.1702,11248
2025-12-26 08:00:00,2955.5,2974.5,2953.9,2971.8,9981.9269,6100
2025-12-26 10:00:00,2971.8,2973.4,2961.9,2963.5,3094.2007,3360
2025-12-26 12:00:00,2963.5,2984.6,2963.3,2983.2,8291.3707,6051
2025-12-26 14:00:00,2983.3,2984.0,2893.8,2922.1,142040.212,40173
2025-12-26 16:00:00,2922.2,2934.3,2906.0,2920.9,49887.661,21845
2025-12-26 18:00:00,2920.9,2929.2,2917.6,2924.7,14088.2263,7009
2025-12-26 20:00:00,2924.7,2936.9,2921.3,2923.2,11373.1672,6513
2025-12-26 22:00:00,2923.3,2932.6,2920.2,2926.7,11558.4056,5606
2025-12-27 00:00:00,2926.7,2929.7,2920.9,2926.7,6434.2072,4273
2025-12-27 02:00:00,2926.7,2932.3,2923.1,2931.9,4250.2457,3424
2025-12-27 04:00:00,2931.9,2932.4,2926.6,2929.8,4797.9868,2747
2025-12-27 06:00:00,2929.8,2936.8,2926.6,2931.8,6397.0976,4423
2025-12-27 08:00:00,2931.9,2939.4,2930.3,2933.6,20311.5913,7043
2025-12-27 10:00:00,2933.6,2933.6,2916.4,2929.8,13684.006,9241
2025-12-27 12:00:00,2929.7,2932.4,2924.3,2928.5,4818.2893,3983
2025-12-27 14:00:00,2928.5,2929.7,2924.4,2925.4,3560.3973,3289
2025-12-27 16:00:00,2925.3,2927.4,2916.3,2927.0,6843.8195,4884
2025-12-27 18:00:00,2926.9,2929.3,2923.9,2929.2,2685.8756,2973
2025-12-27 20:00:00,2929.3,2933.6,2927.0,2933.6,4782.8869,3713
2025-12-27 22:00:00,2933.6,2958.9,2928.2,2947.0,41511.9733,17071
2025-12-28 00:00:00,2946.9,2950.0,2939.4,2942.2,9531.7437,5912
2025-12-28 02:00:00,2942.2,2948.4,2940.1,2942.3,6696.6265,3207
2025-12-28 04:00:00,2942.0,2945.2,2928.4,2933.4,28872.0605,9075
2025-12-28 06:00:00,2933.3,2942.0,2933.2,2937.2,6360.0308,3788
2025-12-28 08:00:00,2937.3,2945.1,2930.2,2936.4,10524.3575,5678
2025-12-28 10:00:00,2936.4,2945.1,2935.6,2942.6,11074.8714,5119
2025-12-28 12:00:00,2942.7,2943.6,2936.2,2938.9,3223.4834,3550
2025-12-28 14:00:00,2938.9,2959.0,2938.4,2947.5,12196.5712,6637
2025-12-28 16:00:00,2947.5,2953.1,2939.1,2944.5,6391.0283,4555
2025-12-28 18:00:00,2944.5,2944.9,2924.3,2932.4,22995.4695,9680
2025-12-28 20:00:00,2932.3,2937.6,2927.6,2936.5,15161.1338,5724
2025-12-28 22:00:00,2936.8,2955.2,2933.7,2949.3,26260.5103,6868
2025-12-29 00:00:00,2949.2,2984.9,2943.4,2979.7,47405.23,17899
2025-12-29 02:00:00,2979.7,3047.0,2979.7,3043.0,112243.6143,27224
2025-12-29 04:00:00,3042.9,3056.0,3031.2,3036.4,67510.941,20116
2025-12-29 06:00:00,3036.3,3043.0,3008.0,3018.5,25101.9348,10037
2025-12-29 08:00:00,3018.5,3024.8,2955.3,2975.7,59053.4101,21253
2025-12-29 10:00:00,2975.7,2982.7,2957.5,2958.8,25293.2703,11601
2025-12-29 12:00:00,2958.7,2958.7,2908.9,2925.7,97838.3619,31697
2025-12-29 14:00:00,2925.7,2964.2,2915.5,2934.8,88135.9572,30797
2025-12-29 16:00:00,2934.8,2942.6,2924.0,2942.6,26286.619,12205
2025-12-29 18:00:00,2942.7,2945.4,2912.0,2931.0,53877.0127,14998
2025-12-29 20:00:00,2931.1,2941.2,2925.0,2936.5,28694.1093,9091
2025-12-29 22:00:00,2936.2,2943.0,2929.8,2936.9,24966.6542,8188
2025-12-30 00:00:00,2936.8,2940.3,2923.8,2935.1,13456.1871,7204
2025-12-30 02:00:00,2935.2,2954.9,2918.4,2951.0,60717.2295,17135
2025-12-30 04:00:00,2951.0,2958.9,2936.3,2940.8,13832.4184,8049
2025-12-30 06:00:00,2940.8,2954.8,2939.6,2950.2,12197.0405,7289
2025-12-30 08:00:00,2950.3,3003.1,2949.8,2984.9,32618.0034,17568
2025-12-30 10:00:00,2984.9,2987.2,2973.3,2977.6,11835.4327,7370
2025-12-30 12:00:00,2977.6,2990.9,2976.4,2985.9,12917.4008,7489
2025-12-30 14:00:00,2986.0,3008.5,2958.8,2988.1,80424.6365,26599
2025-12-30 16:00:00,2988.3,2993.5,2962.9,2975.9,27127.6854,11696
2025-12-30 18:00:00,2975.9,2977.9,2944.2,2971.1,53287.4272,13314
2025-12-30 20:00:00,2971.1,2972.5,2953.8,2967.7,12803.9749,6189
2025-12-30 22:00:00,2967.7,2974.3,2964.7,2973.1,13796.2053,5590
2025-12-31 00:00:00,2973.1,2984.0,2961.5,2979.2,10516.9827,7747
2025-12-31 02:00:00,2979.2,2983.0,2965.1,2970.0,22020.7995,7414
2025-12-31 04:00:00,2970.0,2979.1,2967.9,2974.4,4073.7579,4469
2025-12-31 06:00:00,2974.5,2978.0,2970.1,2976.0,2168.2428,3771
2025-12-31 08:00:00,2976.0,2979.1,2963.1,2976.1,8135.4146,6625
2025-12-31 10:00:00,2976.1,3002.5,2974.8,3001.2,12271.4643,8700
2025-12-31 12:00:00,3001.2,3001.3,2983.0,2996.0,30314.7122,10250
2025-12-31 14:00:00,2996.0,3026.2,2966.8,2985.3,87713.3189,30757
2025-12-31 16:00:00,2985.3,2997.1,2959.0,2975.6,42802.4089,24690
2025-12-31 18:00:00,2975.6,2985.7,2971.8,2972.0,17924.719,11963
2025-12-31 20:00:00,2972.0,2985.0,2963.6,2982.5,32476.3822,14246
2025-12-31 22:00:00,2982.5,2985.0,2971.0,2972.0,18436.3553,9164
2026-01-01 00:00:00,2971.9,2989.5,2971.9,2984.6,19598.9502,9740
2026-01-01 02:00:00,2984.7,2988.3,2980.3,2980.7,8920.4293,4829
2026-01-01 04:00:00,2980.8,2984.6,2974.3,2982.9,6635.568,5296
2026-01-01 06:00:00,2982.9,2982.9,2977.2,2979.3,3575.3443,3055
2026-01-01 08:00:00,2979.4,2988.1,2978.7,2984.3,3606.951,4073
2026-01-01 10:00:00,2984.4,2993.0,2982.3,2990.0,4308.8861,4119
2026-01-01 12:00:00,2989.9,2991.1,2983.0,2983.9,9044.2225,4542
2026-01-01 14:00:00,2983.9,2996.0,2978.2,2990.3,21918.7467,10559
2026-01-01 16:00:00,2990.2,3006.7,2981.0,2990.3,38183.2042,11588
2026-01-01 18:00:00,2990.4,2997.2,2985.2,2995.0,6631.1751,6790
2026-01-01 20:00:00,2995.0,2996.0,2986.6,2988.8,20539.3529,8790
2026-01-01 22:00:00,2988.8,3009.3,2986.6,3002.9,42994.0743,13055
2026-01-02 00:00:00,3003.0,3007.6,2995.1,3002.1,32982.6588,9577
2026-01-02 02:00:00,3002.1,3032.5,2991.7,3021.5,34372.394,18319
2026-01-02 04:00:00,3021.6,3023.5,3007.5,3015.6,18579.5245,9220
2026-01-02 06:00:00,3015.5,3037.9,3012.9,3016.6,19972.9376,11477
2026-01-02 08:00:00,3016.6,3053.0,3014.6,3046.7,35559.1602,15511
2026-01-02 10:00:00,3046.7,3067.7,3039.4,3046.8,88217.6604,26608
2026-01-02 12:00:00,3046.8,3057.2,3042.3,3049.4,22780.8929,9835
2026-01-02 14:00:00,3049.2,3109.1,3019.4,3085.3,179519.4974,50840
2026-01-02 16:00:00,3084.6,3148.2,3078.1,3120.8,102872.3562,35534
2026-01-02 18:00:00,3121.3,3130.7,3094.7,3121.9,47558.4311,19577
2026-01-02 20:00:00,3122.1,3132.6,3109.9,3129.4,25162.9724,11637
2026-01-02 22:00:00,3129.4,3144.1,3119.0,3123.7,14830.4009,9260
2026-01-03 00:00:00,3123.7,3135.0,3120.9,3129.6,15242.0651,10524
2026-01-03 02:00:00,3129.6,3129.7,3117.4,3123.9,13587.0745,7494
2026-01-03 04:00:00,3123.8,3126.1,3103.3,3111.0,10755.869,6614
2026-01-03 06:00:00,3111.0,3115.9,3074.8,3089.5,81110.2489,17046
2026-01-03 08:00:00,3089.4,3109.4,3083.9,3100.0,28217.6148,11601
2026-01-03 10:00:00,3100.0,3105.1,3091.0,3097.4,12434.69,6228
2026-01-03 12:00:00,3097.4,3107.0,3092.7,3102.5,13661.5455,6929
2026-01-03 14:00:00,3102.5,3114.7,3099.0,3100.0,26045.431,9456
2026-01-03 16:00:00,3100.0,3111.0,3096.8,3107.4,12167.1989,6429
2026-01-03 18:00:00,3107.4,3117.0,3104.1,3111.9,18988.4569,9031
2026-01-03 20:00:00,3111.8,3129.7,3106.2,3119.5,16804.1971,11518
2026-01-03 22:00:00,3119.5,3130.0,3112.6,3125.9,13758.5412,9788
2026-01-04 00:00:00,3125.9,3166.0,3125.1,3148.9,55842.2508,20743
2026-01-04 02:00:00,3148.9,3150.0,3136.2,3146.6,19796.5821,9003
2026-01-04 04:00:00,3146.6,3154.6,3144.0,3150.3,14181.1241,6769
2026-01-04 06:00:00,3150.2,3162.5,3133.6,3140.0,23845.3258,9761
2026-01-04 08:00:00,3140.0,3146.9,3124.9,3142.6,18818.6002,7942
2026-01-04 10:00:00,3142.6,3147.1,3133.8,3137.8,12762.5996,8719
2026-01-04 12:00:00,3137.9,3145.3,3130.7,3139.1,25653.9104,13922
2026-01-04 14:00:00,3139.2,3141.6,3115.7,3133.5,21985.8635,13738
2026-01-04 16:00:00,3133.6,3142.5,3129.4,3136.2,9838.4986,9787
2026-01-04 18:00:00,3136.2,3136.7,3115.7,3131.7,30897.1313,12219
2026-01-04 20:00:00,3131.6,3155.2,3129.8,3143.5,29771.4515,11932
2026-01-04 22:00:00,3143.5,3152.2,3133.1,3143.5,25635.8257,10652
2026-01-05 00:00:00,3143.4,3217.6,3142.2,3196.0,68397.5516,28410
2026-01-05 02:00:00,3196.3,3202.8,3182.2,3184.5,32949.1355,13776
2026-01-05 04:00:00,3184.5,3186.5,3146.7,3148.3,27873.6673,15183
2026-01-05 06:00:00,3148.3,3161.5,3135.3,3155.9,11801.4418,10521
2026-01-05 08:00:00,3155.7,3174.3,3151.7,3167.4,34792.5804,12857
2026-01-05 10:00:00,3167.4,3182.1,3157.4,3178.8,41656.2289,12751
2026-01-05 12:00:00,3178.9,3182.4,3142.0,3153.2,18401.5605,10366
2026-01-05 14:00:00,3153.2,3203.8,3132.8,3195.3,72029.3575,27540
2026-01-05 16:00:00,3195.0,3227.1,3158.1,3211.0,83827.2184,27970
2026-01-05 18:00:00,3211.0,3227.3,3186.3,3221.5,52172.1295,19101
2026-01-05 20:00:00,3221.6,3263.6,3218.5,3237.0,64923.8554,21075
2026-01-05 22:00:00,3237.0,3248.0,3223.4,3223.5,15054.7064,9700
2026-01-06 00:00:00,3223.4,3246.0,3202.0,3216.8,30200.473,13578
2026-01-06 02:00:00,3216.7,3232.2,3207.1,3223.9,30959.2611,9944
2026-01-06 04:00:00,3223.8,3232.0,3216.1,3217.5,59047.6595,13425
2026-01-06 06:00:00,3217.5,3251.6,3210.1,3218.1,79635.5947,20647
2026-01-06 08:00:00,3218.1,3227.8,3212.6,3221.9,16957.4308,8345
2026-01-06 10:00:00,3221.9,3242.3,3220.4,3237.2,31818.791,12464
2026-01-06 12:00:00,3237.1,3244.5,3228.4,3237.2,34844.411,13486
2026-01-06 14:00:00,3237.1,3306.3,3237.1,3271.4,156646.9231,54097
2026-01-06 16:00:00,3271.4,3278.0,3189.9,3195.8,68438.943,32602
2026-01-06 18:00:00,3195.8,3232.2,3183.1,3223.4,46553.3984,20709
2026-01-06 20:00:00,3223.1,3300.0,3222.7,3275.5,49519.4494,21239
2026-01-06 22:00:00,3275.5,3300.0,3265.0,3295.9,27513.2825,13739
2026-01-07 00:00:00,3295.9,3296.1,3238.4,3244.2,42459.741,16986
2026-01-07 02:00:00,3244.1,3281.4,3239.3,3265.5,15097.4065,10078
2026-01-07 04:00:00,3265.6,3270.4,3245.6,3247.4,13483.0994,8352
2026-01-07 06:00:00,3247.4,3262.1,3246.8,3254.4,7103.9037,5726
2026-01-07 08:00:00,3254.3,3262.7,3198.0,3198.8,29843.7808,17842
2026-01-07 10:00:00,3198.9,3227.0,3195.2,3220.0,16880.028,12971
2026-01-07 12:00:00,3220.1,3228.0,3202.0,3211.2,16695.8259,11689
2026-01-07 14:00:00,3211.2,3211.2,3144.5,3164.0,100150.8555,40120
2026-01-07 16:00:00,3164.0,3178.2,3145.7,3151.3,34784.0265,14174
2026-01-07 18:00:00,3151.3,3164.4,3125.0,3145.0,49431.7003,18905
2026-01-07 20:00:00,3145.1,3152.3,3128.0,3149.5,14497.8058,11247
2026-01-07 22:00:00,3149.3,3180.5,3142.7,3167.7,27563.9708,15636
2026-01-08 00:00:00,3168.0,3180.0,3154.2,3174.4,18687.0139,8274
2026-01-08 02:00:00,3174.5,3182.0,3132.1,3141.4,31120.2197,13464
2026-01-08 04:00:00,3141.4,3160.1,3137.6,3142.1,12681.839,7511
2026-01-08 06:00:00,3142.2,3145.0,3090.1,3126.9,54021.9466,20761
2026-01-08 08:00:00,3126.9,3135.5,3104.5,3111.4,28152.8005,14910
2026-01-08 10:00:00,3111.3,3132.0,3095.0,3120.2,31455.1651,14689
2026-01-08 12:00:00,3120.2,3120.5,3084.8,3095.8,22561.2139,13380
2026-01-08 14:00:00,3095.8,3113.0,3054.1,3106.1,173763.1669,97509
2026-01-08 16:00:00,3105.8,3139.9,3091.8,3135.8,58923.4064,28338
2026-01-08 18:00:00,3135.9,3136.3,3106.3,3112.5,47168.8294,13234
2026-01-08 20:00:00,3112.4,3124.7,3090.3,3120.5,40414.0106,11935
2026-01-08 22:00:00,3120.4,3131.7,3107.2,3107.7,12744.9707,8178
2026-01-09 00:00:00,3107.8,3148.2,3082.7,3106.8,24649.9533,15584
2026-01-09 02:00:00,3106.7,3127.4,3104.1,3120.7,19759.784,8536
2026-01-09 04:00:00,3120.7,3125.0,3113.5,3119.8,12428.7162,5639
2026-01-09 06:00:00,3119.9,3126.5,3111.3,3111.8,5401.9839,6168
2026-01-09 08:00:00,3111.8,3115.9,3067.1,3092.8,123494.616,44171
2026-01-09 10:00:00,3092.7,3105.0,3089.0,3090.9,19288.9604,10933
2026-01-09 12:00:00,3090.9,3110.8,3082.9,3099.0,31441.2071,14810
2026-01-09 14:00:00,3098.9,3144.2,3060.1,3112.7,140284.8002,51947
2026-01-09 16:00:00,3112.7,3145.3,3105.0,3114.6,39381.9461,16849
2026-01-09 18:00:00,3114.6,3118.8,3069.6,3080.2,71766.5064,19950
2026-01-09 20:00:00,3080.3,3092.9,3065.7,3085.8,54073.5068,18185
2026-01-09 22:00:00,3085.7,3092.9,3074.8,3088.2,10815.2449,7837
2026-01-10 00:00:00,3088.2,3091.0,3081.1,3089.2,6230.3616,6238
2026-01-10 02:00:00,3089.3,3093.4,3079.4,3085.8,8024.682,6555
2026-01-10 04:00:00,3085.9,3087.1,3078.1,3085.9,7743.9801,5808
2026-01-10 06:00:00,3086.1,3093.1,3082.7,3092.0,15214.9909,4292
2026-01-10 08:00:00,3092.0,3098.3,3086.6,3095.3,4341.9653,5141
2026-01-10 10:00:00,3095.3,3102.9,3093.6,3096.1,4305.1756,4352
2026-01-10 12:00:00,3096.1,3102.6,3092.8,3094.1,3727.8138,3841
2026-01-10 14:00:00,3094.1,3095.7,3088.6,3094.8,6524.677,3082
2026-01-10 16:00:00,3094.8,3098.0,3091.3,3091.7,3875.2232,2583
2026-01-10 18:00:00,3091.8,3093.0,3089.5,3091.2,3817.9295,2865
2026-01-10 20:00:00,3091.3,3092.3,3084.0,3085.2,4201.1694,3099
2026-01-10 22:00:00,3085.3,3088.9,3077.4,3086.1,11675.1166,4544
2026-01-11 00:00:00,3086.1,3095.6,3084.0,3095.6,13929.6318,4208
2026-01-11 02:00:00,3095.6,3096.9,3091.6,3096.5,3588.0562,2682
2026-01-11 04:00:00,3096.5,3101.7,3094.4,3099.1,9675.4897,4386
2026-01-11 06:00:00,3099.1,3100.7,3088.6,3094.4,20788.4996,5781
2026-01-11 08:00:00,3094.4,3108.4,3091.9,3102.8,22291.6536,8732
2026-01-11 10:00:00,3102.8,3106.9,3101.4,3103.7,2463.0351,3359
2026-01-11 12:00:00,3103.9,3115.5,3103.8,3108.3,12206.0418,7382
2026-01-11 14:00:00,3108.3,3129.8,3108.3,3116.6,28841.2225,12097
2026-01-11 16:00:00,3116.6,3146.0,3114.8,3125.6,32702.9695,14827
2026-01-11 18:00:00,3125.7,3132.8,3118.0,3124.0,22279.0826,8430
2026-01-11 20:00:00,3124.0,3124.8,3099.9,3120.1,33994.8988,10230
2026-01-11 22:00:00,3120.1,3124.6,3091.0,3122.5,38325.0821,12951
2026-01-12 00:00:00,3122.6,3136.2,3096.7,3123.9,40935.1838,15213
2026-01-12 02:00:00,3123.8,3170.7,3121.8,3151.7,35413.7478,16280
2026-01-12 04:00:00,3151.6,3166.5,3148.0,3158.2,12464.7568,7105
2026-01-12 06:00:00,3158.1,3166.5,3133.1,3134.9,27767.9098,13071
2026-01-12 08:00:00,3134.9,3146.9,3101.0,3116.0,36339.7483,20235
2026-01-12 10:00:00,3116.3,3121.0,3104.0,3115.4,17701.5853,9247
2026-01-12 12:00:00,3114.9,3122.4,3105.4,3108.8,14499.9092,7376
2026-01-12 14:00:00,3108.8,3132.7,3066.5,3130.7,82934.3314,35943
2026-01-12 16:00:00,3129.4,3145.7,3082.8,3104.4,90566.2873,35489
2026-01-12 18:00:00,3104.3,3120.5,3094.7,3120.1,34596.685,18348
2026-01-12 20:00:00,3120.1,3126.5,3083.2,3090.9,23904.0337,12360
2026-01-12 22:00:00,3090.8,3106.2,3087.2,3094.0,8680.4641,8708
2026-01-13 00:00:00,3093.9,3113.0,3090.5,3096.4,18635.9579,8789
2026-01-13 02:00:00,3096.4,3117.8,3096.4,3115.3,20076.1922,7593
2026-01-13 04:00:00,3115.4,3145.0,3111.5,3130.5,22793.2004,11234
2026-01-13 06:00:00,3130.8,3137.1,3121.1,3121.1,27071.8663,10125
2026-01-13 08:00:00,3121.1,3148.0,3121.1,3138.5,49248.0356,19352
2026-01-13 10:00:00,3138.8,3141.3,3129.3,3134.0,13607.4171,8536
2026-01-13 12:00:00,3133.8,3161.1,3129.8,3142.1,26971.4025,14973
2026-01-13 14:00:00,3142.0,3188.5,3130.6,3184.7,48556.4104,28015
2026-01-13 16:00:00,3184.9,3196.0,3171.6,3179.7,48395.504,21860
2026-01-13 18:00:00,3179.7,3217.9,3177.5,3215.7,31660.6499,17615
2026-01-13 20:00:00,3215.8,3219.3,3190.0,3209.5,37856.9045,17189
2026-01-13 22:00:00,3209.5,3377.0,3209.5,3324.7,188076.4832,74833
2026-01-14 00:00:00,3324.7,3344.1,3315.0,3335.2,42691.8983,22140
2026-01-14 02:00:00,3335.3,3357.5,3319.9,3351.3,48815.4865,19089
2026-01-14 04:00:00,3351.3,3363.5,3324.3,3329.4,54973.4813,21737
2026-01-14 06:00:00,3329.5,3341.7,3320.7,3335.0,49976.1587,19233
2026-01-14 08:00:00,3334.9,3341.4,3323.7,3327.2,21991.6875,13027
2026-01-14 10:00:00,3327.2,3332.1,3282.1,3285.3,26578.6554,17102
2026-01-14 12:00:00,3285.2,3308.1,3280.0,3302.2,55068.2303,20624
2026-01-14 14:00:00,3302.2,3361.9,3301.4,3345.1,118250.2028,56484
2026-01-14 16:00:00,3344.9,3403.3,3338.2,3342.4,111004.4808,48996
2026-01-14 18:00:00,3342.4,3400.0,3316.2,3367.3,61876.8278,27712
2026-01-14 20:00:00,3367.5,3392.9,3355.8,3372.3,50008.7887,19960
2026-01-14 22:00:00,3372.4,3374.0,3347.8,3354.5,35968.2627,12532
2026-01-15 00:00:00,3354.6,3355.5,3317.4,3324.2,43698.2498,14921
2026-01-15 02:00:00,3324.2,3331.9,3278.0,3285.8,31451.6273,16176
2026-01-15 04:00:00,3285.9,3315.5,3284.2,3311.4,13619.2065,8945
2026-01-15 06:00:00,3311.3,3335.1,3310.0,3329.8,14644.9177,11504
2026-01-15 08:00:00,3329.8,3373.9,3320.0,3366.0,26125.7943,14331
2026-01-15 10:00:00,3366.2,3378.0,3347.3,3349.6,18815.4315,11139
2026-01-15 12:00:00,3349.5,3384.8,3344.1,3371.4,26307.4157,14067
2026-01-15 14:00:00,3371.4,3382.7,3286.0,3332.0,114422.9449,41251
2026-01-15 16:00:00,3331.4,3337.2,3297.7,3301.6,44178.3626,23674
2026-01-15 18:00:00,3300.8,3308.2,3274.7,3296.1,55109.568,25386
2026-01-15 20:00:00,3296.0,3307.1,3276.2,3299.2,49131.6944,17139
2026-01-15 22:00:00,3299.3,3322.5,3295.7,3318.2,15280.984,11305
2026-01-16 00:00:00,3318.2,3326.3,3301.3,3313.4,11088.9619,8364
2026-01-16 02:00:00,3313.4,3313.5,3291.0,3294.4,13470.2041,10750
2026-01-16 04:00:00,3294.5,3315.5,3276.8,3308.4,18763.0079,14608
2026-01-16 06:00:00,3308.5,3316.1,3301.1,3308.9,12687.3208,9958
2026-01-16 08:00:00,3308.9,3319.1,3306.4,3306.9,8476.474,7231
2026-01-16 10:00:00,3306.9,3308.0,3293.6,3301.4,10537.0016,8329
2026-01-16 12:00:00,3301.4,3313.9,3296.2,3307.2,9624.0741,8109
2026-01-16 14:00:00,3307.2,3318.8,3253.7,3264.7,106427.6533,45369
2026-01-16 16:00:00,3264.7,3287.8,3260.6,3284.5,29423.8059,18264
2026-01-16 18:00:00,3284.5,3288.0,3270.0,3277.4,14229.438,9110
2026-01-16 20:00:00,3277.4,3299.0,3265.1,3294.6,27431.8715,11726
2026-01-16 22:00:00,3294.6,3299.8,3283.0,3296.4,14135.3456,8386
2026-01-17 00:00:00,3296.4,3297.4,3288.3,3290.6,7292.4331,5595
2026-01-17 02:00:00,3290.7,3292.9,3283.9,3289.2,6670.7026,4376
2026-01-17 04:00:00,3289.1,3294.2,3286.0,3291.4,4675.4595,3354
2026-01-17 06:00:00,3291.4,3293.3,3287.4,3290.8,5263.5002,3796
2026-01-17 08:00:00,3290.9,3303.8,3288.9,3298.8,9006.7002,5816
2026-01-17 10:00:00,3298.8,3304.9,3292.1,3302.4,5196.973,4880
2026-01-17 12:00:00,3302.4,3306.0,3299.3,3303.6,5786.762,4192
2026-01-17 14:00:00,3303.5,3329.4,3301.4,3329.2,23483.3117,12714
2026-01-17 16:00:00,3329.2,3329.5,3311.3,3318.6,11922.6168,9291
2026-01-17 18:00:00,3318.6,3321.1,3313.7,3316.4,6325.4987,5054
2026-01-17 20:00:00,3316.4,3320.0,3307.3,3311.8,5115.6228,4443
2026-01-17 22:00:00,3311.7,3311.8,3295.6,3309.2,23801.0028,10975
2026-01-18 00:00:00,3309.2,3313.5,3296.0,3300.3,9707.5797,8686
2026-01-18 02:00:00,3300.3,3318.7,3296.2,3314.9,6123.163,6387
2026-01-18 04:00:00,3315.0,3317.0,3308.8,3315.0,2780.5265,3997
2026-01-18 06:00:00,3314.9,3316.9,3305.4,3306.3,3707.8203,4617
2026-01-18 08:00:00,3306.5,3324.1,3303.0,3322.3,8483.1209,6752
2026-01-18 10:00:00,3322.4,3324.9,3318.0,3321.3,2761.8659,3949
2026-01-18 12:00:00,3321.2,3329.0,3314.0,3325.1,4867.1411,5791
2026-01-18 14:00:00,3325.1,3346.8,3318.6,3333.1,16665.6806,13248
2026-01-18 16:00:00,3333.0,3345.5,3328.5,3344.4,8152.9277,8209
2026-01-18 18:00:00,3344.3,3368.0,3336.3,3345.9,33076.0033,16420
2026-01-18 20:00:00,3345.9,3351.9,3336.5,3341.5,6258.2173,8841
2026-01-18 22:00:00,3341.5,3355.6,3277.3,3282.7,97311.5864,38303
2026-01-19 00:00:00,3282.7,3283.6,3175.3,3206.2,215539.7598,109204
2026-01-19 02:00:00,3206.1,3215.7,3193.1,3211.2,11067.6436,16202
2026-01-19 04:00:00,3211.1,3216.0,3195.0,3201.4,16274.5333,13664
2026-01-19 06:00:00,3201.0,3208.2,3186.6,3205.5,22112.7512,12351
2026-01-19 08:00:00,3205.6,3223.1,3196.1,3209.2,97134.2689,47584
2026-01-19 10:00:00,3209.2,3232.0,3206.1,3223.6,22789.2332,24071
2026-01-19 12:00:00,3223.7,3235.6,3212.7,3218.0,10934.4688,17772
2026-01-19 14:00:00,3218.1,3220.9,3203.2,3216.0,28740.109,16584
2026-01-19 16:00:00,3215.9,3226.8,3212.8,3219.8,9165.5142,11418
2026-01-19 18:00:00,3219.8,3224.0,3207.9,3219.9,10538.4975,9511
2026-01-19 20:00:00,3219.8,3225.6,3210.1,3212.7,10713.3421,10157
2026-01-19 22:00:00,3212.6,3214.4,3161.9,3188.3,153527.5764,68745
2026-01-20 00:00:00,3188.2,3199.2,3174.4,3192.0,23801.156,27918
2026-01-20 02:00:00,3192.0,3198.9,3178.0,3187.3,12994.5621,12930
2026-01-20 04:00:00,3187.3,3188.1,3150.3,3170.2,38756.5456,23166
2026-01-20 06:00:00,3170.2,3170.7,3106.7,3121.7,79555.5647,47234
2026-01-20 08:00:00,3121.8,3122.1,3084.2,3092.7,37756.8952,23570
2026-01-20 10:00:00,3092.7,3111.7,3089.6,3108.2,23536.6243,13187
2026-01-20 12:00:00,3108.2,3113.6,3072.2,3077.4,22542.6116,14986
2026-01-20 14:00:00,3077.5,3087.5,2993.8,3031.6,162323.397,65284
2026-01-20 16:00:00,3031.7,3042.1,2983.6,2999.4,126258.6675,44121
2026-01-20 18:00:00,2999.4,3008.4,2980.4,2996.7,65544.0286,45050
2026-01-20 20:00:00,2996.7,3007.0,2987.0,2992.8,29408.0422,32350
2026-01-20 22:00:00,2992.9,2998.8,2923.6,2938.9,99114.2621,47969
2026-01-21 00:00:00,2938.8,2973.3,2921.0,2964.4,46599.1911,27503
2026-01-21 02:00:00,2964.3,2983.6,2956.8,2980.8,13608.8386,12322
2026-01-21 04:00:00,2980.9,3001.0,2974.2,2992.3,15155.7436,10872
2026-01-21 06:00:00,2992.2,2992.7,2964.9,2969.7,17222.0477,13869
2026-01-21 08:00:00,2969.5,2973.8,2948.3,2952.4,15846.9384,21629
2026-01-21 10:00:00,2952.5,2970.5,2937.1,2941.8,21345.7449,13893
2026-01-21 12:00:00,2941.8,2944.8,2900.4,2927.6,187059.0816,62072
2026-01-21 14:00:00,2927.7,3024.6,2923.4,3001.3,188904.9506,70553
2026-01-21 16:00:00,3001.3,3003.9,2865.1,2902.9,184494.1341,71931
2026-01-21 18:00:00,2902.5,3076.1,2886.1,3054.2,218838.16,63994
2026-01-21 20:00:00,3054.3,3057.1,3003.0,3030.8,99302.7422,37467
2026-01-21 22:00:00,3030.7,3044.0,2971.2,2981.4,68668.8509,22662
2026-01-22 00:00:00,2981.4,3032.7,2979.9,3027.7,26689.1451,20067
2026-01-22 02:00:00,3027.6,3037.4,2999.3,3013.0,38106.3128,17219
2026-01-22 04:00:00,3012.9,3028.0,3010.7,3018.8,16788.5741,8801
2026-01-22 06:00:00,3018.8,3027.0,2999.1,3000.0,22112.672,11105
2026-01-22 08:00:00,3000.0,3015.8,2991.7,3013.1,14133.3625,10017
2026-01-22 10:00:00,3012.9,3013.9,2977.0,2985.7,16402.4912,12871
2026-01-22 12:00:00,2985.4,3008.7,2961.0,2972.0,33145.5542,17866
2026-01-22 14:00:00,2971.9,2981.2,2893.8,2940.8,269706.1343,94822
2026-01-22 16:00:00,2940.8,2963.1,2922.4,2961.0,68673.115,41095
2026-01-22 18:00:00,2961.1,2972.1,2927.4,2953.1,84470.2153,35893
2026-01-22 20:00:00,2953.1,2956.8,2929.7,2945.8,28167.2114,19078
2026-01-22 22:00:00,2945.9,2958.6,2939.3,2951.1,60024.8116,17298
2026-01-23 00:00:00,2951.2,2969.4,2944.9,2968.6,30144.1594,13962
2026-01-23 02:00:00,2968.6,2971.2,2950.5,2963.3,22073.6505,10159
2026-01-23 04:00:00,2963.4,2984.6,2961.9,2967.5,10425.4064,10857
2026-01-23 06:00:00,2967.4,2974.1,2931.3,2946.3,123563.489,69478
2026-01-23 08:00:00,2946.3,2948.7,2913.6,2919.8,84931.3385,39088
2026-01-23 10:00:00,2919.8,2945.5,2913.2,2939.1,61363.1724,21538
2026-01-23 12:00:00,2939.1,2942.7,2925.9,2929.4,11931.4736,9627
2026-01-23 14:00:00,2929.1,2962.7,2890.0,2950.5,138984.9183,41782
2026-01-23 16:00:00,2950.6,3017.6,2938.1,2985.8,132083.3167,40296
2026-01-23 18:00:00,2985.8,3005.8,2945.1,2958.2,73525.4193,24707
2026-01-23 20:00:00,2958.3,2962.6,2929.1,2942.2,26831.595,14637
2026-01-23 22:00:00,2942.3,2960.6,2941.8,2954.9,28960.7489,8735
2026-01-24 00:00:00,2955.0,2957.7,2947.4,2954.3,17989.4041,6799
2026-01-24 02:00:00,2954.3,2968.5,2952.8,2961.2,12035.9606,6503
2026-01-24 04:00:00,2961.3,2964.4,2955.3,2959.0,8874.1735,5848
2026-01-24 06:00:00,2959.2,2962.1,2952.6,2955.8,2975.2551,4411
2026-01-24 08:00:00,2955.8,2963.2,2953.7,2959.3,3195.2193,3564
2026-01-24 10:00:00,2959.4,2963.5,2957.4,2960.0,6547.2649,3854
2026-01-24 12:00:00,2959.8,2962.6,2946.9,2946.9,17947.7029,6842
2026-01-24 14:00:00,2946.9,2966.8,2942.1,2955.3,24643.1308,9738
2026-01-24 16:00:00,2955.4,2964.7,2949.9,2962.3,12266.015,5918
2026-01-24 18:00:00,2962.3,2967.3,2951.4,2952.6,11846.0562,5124
2026-01-24 20:00:00,2952.7,2957.4,2947.8,2956.5,6587.695,3738
2026-01-24 22:00:00,2956.4,2963.3,2950.6,2951.5,20403.284,7348
2026-01-25 00:00:00,2951.4,2959.3,2948.3,2953.6,8083.6666,4549
2026-01-25 02:00:00,2953.6,2956.2,2936.0,2941.2,4477.1885,4684
2026-01-25 04:00:00,2941.1,2947.7,2939.0,2945.8,2553.1972,3454
2026-01-25 06:00:00,2945.8,2948.4,2932.6,2938.2,27383.095,7711
2026-01-25 08:00:00,2938.2,2943.5,2920.6,2934.4,8556.2783,7760
2026-01-25 10:00:00,2934.4,2946.5,2930.9,2936.2,6191.539,6289
2026-01-25 12:00:00,2936.2,2944.0,2931.2,2940.8,12454.4461,5993
2026-01-25 14:00:00,2940.5,2941.6,2920.9,2925.3,44810.3046,11090
2026-01-25 16:00:00,2925.3,2926.3,2873.3,2883.0,119219.2266,38458
2026-01-25 18:00:00,2883.0,2887.6,2794.0,2810.4,216834.2597,65079
2026-01-25 20:00:00,2810.3,2823.5,2785.2,2816.9,70853.6927,24039
2026-01-25 22:00:00,2816.8,2820.2,2785.3,2815.8,61548.5044,21448
2026-01-26 00:00:00,2815.7,2896.5,2811.2,2880.4,66974.1785,25708
2026-01-26 02:00:00,2881.1,2884.1,2839.9,2849.6,25855.3514,13596
2026-01-26 04:00:00,2849.6,2874.6,2848.7,2868.7,21023.7985,8940
2026-01-26 06:00:00,2869.0,2909.7,2865.2,2903.0,20695.6194,12480
2026-01-26 08:00:00,2903.2,2933.0,2879.3,2884.7,45042.0933,17946
2026-01-26 10:00:00,2884.7,2900.2,2884.1,2890.6,18920.8824,8854
2026-01-26 12:00:00,2890.7,2913.0,2890.7,2908.3,17118.5088,9061
2026-01-26 14:00:00,2908.2,2949.1,2874.6,2897.7,133821.7458,39892
2026-01-26 16:00:00,2897.7,2915.9,2884.1,2908.0,58258.5617,27199
2026-01-26 18:00:00,2908.0,2935.8,2906.8,2921.6,32413.2386,18329
2026-01-26 20:00:00,2921.6,2942.2,2894.3,2927.6,25673.7146,16683
2026-01-26 22:00:00,2927.6,2944.3,2916.5,2928.8,77596.7314,20565
2026-01-27 00:00:00,2928.8,2938.2,2911.1,2931.3,19357.2122,10554
2026-01-27 02:00:00,2931.3,2947.6,2931.2,2940.3,12731.7499,10051
2026-01-27 04:00:00,2940.4,2955.8,2933.0,2937.9,12181.364,8500
2026-01-27 06:00:00,2938.0,2941.8,2923.5,2928.4,5701.8021,7447
2026-01-27 08:00:00,2928.3,2931.2,2906.2,2906.6,6794.701,7913
2026-01-27 10:00:00,2906.5,2921.4,2899.2,2916.5,11875.9938,7588
2026-01-27 12:00:00,2916.4,2927.6,2904.5,2911.3,53033.2361,15633
2026-01-27 14:00:00,2911.2,2941.4,2906.3,2936.8,66871.2183,23637
2026-01-27 16:00:00,2936.7,2997.0,2916.7,2929.1,92133.3966,38869
2026-01-27 18:00:00,2928.9,2991.0,2925.1,2978.9,85307.1832,24044
2026-01-27 20:00:00,2978.8,3030.3,2977.5,3014.0,139703.0628,36951
2026-01-27 22:00:00,3014.0,3035.2,3003.1,3025.8,58389.3964,22424
2026-01-28 00:00:00,3025.7,3028.9,3006.4,3017.6,34268.2633,15269
2026-01-28 02:00:00,3017.6,3017.8,2995.7,3004.0,22426.5713,11764
2026-01-28 04:00:00,3004.0,3007.3,2992.4,3003.4,16650.9339,8881
2026-01-28 06:00:00,3003.5,3017.1,3001.2,3004.4,19159.5828,9361
2026-01-28 08:00:00,3004.3,3017.6,2985.7,3017.2,42403.4617,13606
2026-01-28 10:00:00,3017.3,3045.6,3012.2,3039.6,168438.1544,32870
2026-01-28 12:00:00,3039.2,3044.9,3023.2,3034.3,15880.528,15734
2026-01-28 14:00:00,3034.4,3034.4,2982.6,3006.1,68675.5638,34394
2026-01-28 16:00:00,3006.1,3031.4,2988.9,3013.5,76876.3851,31604
2026-01-28 18:00:00,3013.5,3024.0,2992.4,3015.6,127419.424,42892
2026-01-28 20:00:00,3015.5,3037.3,2995.7,3019.7,56915.4977,19226
2026-01-28 22:00:00,3019.8,3026.3,3007.0,3009.8,13445.8184,7903
2026-01-29 00:00:00,3009.7,3012.6,2986.5,2992.3,29415.8405,14308
2026-01-29 02:00:00,2992.2,2998.8,2943.8,2951.7,57607.713,27031
2026-01-29 04:00:00,2951.7,2964.6,2937.0,2949.8,16617.3572,10178
2026-01-29 06:00:00,2950.0,2963.5,2949.0,2960.2,11770.7447,7451
2026-01-29 08:00:00,2960.2,2968.6,2937.0,2941.1,127730.8617,25468
2026-01-29 10:00:00,2941.1,2948.4,2922.7,2928.0,17946.2004,10779
2026-01-29 12:00:00,2928.1,2939.3,2925.2,2935.5,10876.8704,6583
2026-01-29 14:00:00,2935.4,2936.2,2796.5,2823.6,173552.9685,75119
2026-01-29 16:00:00,2823.6,2859.8,2801.3,2823.0,219453.583,62552
2026-01-29 18:00:00,2823.2,2834.1,2753.5,2797.3,173730.7798,50225
2026-01-29 20:00:00,2797.5,2824.1,2788.4,2818.5,62567.6809,26918
2026-01-29 22:00:00,2818.5,2826.0,2809.6,2821.4,15191.1153,12813
2026-01-30 00:00:00,2821.4,2827.5,2679.5,2745.4,188463.9435,58926
2026-01-30 02:00:00,2745.3,2749.1,2697.5,2739.5,75866.3963,36798
2026-01-30 04:00:00,2739.4,2773.9,2736.7,2746.0,38867.9006,20570
2026-01-30 06:00:00,2746.0,2749.4,2695.8,2738.7,83168.5428,29230
2026-01-30 08:00:00,2738.6,2746.5,2708.3,2720.5,34189.6721,17388
2026-01-30 10:00:00,2720.4,2769.7,2710.2,2759.2,53427.0674,17644
2026-01-30 12:00:00,2759.0,2765.7,2719.9,2728.7,35205.3263,21066
2026-01-30 14:00:00,2728.8,2763.3,2693.5,2728.5,158028.0502,54314
2026-01-30 16:00:00,2728.4,2742.3,2705.1,2711.5,115606.477,35160
2026-01-30 18:00:00,2711.6,2761.3,2634.9,2740.6,212892.1701,71451
2026-01-30 20:00:00,2741.5,2741.7,2665.0,2706.8,158628.3932,62862
2026-01-30 22:00:00,2706.8,2711.2,2692.2,2706.3,25746.1868,17224
2026-01-31 00:00:00,2706.4,2714.0,2698.0,2698.9,18727.632,15945
2026-01-31 02:00:00,2698.9,2707.8,2683.5,2694.9,14249.2433,11296
2026-01-31 04:00:00,2694.9,2704.4,2690.0,2697.7,6859.7574,6593
2026-01-31 06:00:00,2697.6,2700.2,2666.9,2679.9,20756.3206,10481
2026-01-31 08:00:00,2679.8,2682.7,2606.7,2647.4,131121.9388,38858
2026-01-31 10:00:00,2647.6,2654.9,2633.6,2639.4,13328.8163,10048
2026-01-31 12:00:00,2639.4,2643.1,2616.5,2627.7,60039.1893,34226
2026-01-31 14:00:00,2627.7,2634.9,2507.2,2533.1,238666.8113,95631
2026-01-31 16:00:00,2533.1,2548.9,2354.5,2401.6,348752.8707,118113
2026-01-31 18:00:00,2402.1,2429.5,2201.3,2380.6,580150.0604,180931
2026-01-31 20:00:00,2380.7,2422.3,2353.0,2417.9,178577.1672,73388
2026-01-31 22:00:00,2418.1,2471.9,2405.5,2449.5,144924.1718,52163
2026-02-01 00:00:00,2449.5,2473.7,2428.1,2442.5,71719.4068,54849
2026-02-01 02:00:00,2442.5,2459.9,2436.2,2443.6,25466.5959,19191
2026-02-01 04:00:00,2443.6,2453.2,2423.5,2428.8,25660.6831,16709
2026-02-01 06:00:00,2428.8,2438.5,2392.0,2409.8,52370.3932,26956
2026-02-01 08:00:00,2409.7,2436.6,2394.5,2430.9,42057.3475,21434
2026-02-01 10:00:00,2430.8,2437.8,2374.3,2409.7,58237.4653,30055
2026-02-01 12:00:00,2409.6,2410.3,2367.9,2379.8,72090.6414,38196
2026-02-01 14:00:00,2379.8,2387.4,2285.3,2313.8,172746.856,79161
2026-02-01 16:00:00,2314.0,2329.9,2282.9,2313.0,93308.5266,45288
2026-02-01 18:00:00,2313.0,2375.7,2304.9,2319.1,77258.4718,46546
2026-02-01 20:00:00,2319.0,2347.5,2278.0,2288.8,70387.2728,46353
2026-02-01 22:00:00,2288.7,2332.7,2220.1,2268.4,184141.5706,82217
2026-02-02 00:00:00,2268.5,2323.4,2241.1,2289.2,109632.9287,50939
2026-02-02 02:00:00,2289.6,2298.8,2162.1,2237.0,242680.2245,99196
2026-02-02 04:00:00,2237.1,2265.7,2183.8,2196.5,150086.8552,68656
2026-02-02 06:00:00,2196.5,2250.9,2156.8,2226.8,102872.3557,56435
2026-02-02 08:00:00,2226.7,2317.3,2226.4,2289.9,116417.3694,66079
2026-02-02 10:00:00,2289.9,2298.0,2272.2,2280.8,40488.1511,30508
2026-02-02 12:00:00,2280.9,2334.0,2280.8,2326.7,52711.6509,34314
2026-02-02 14:00:00,2326.8,2394.6,2298.1,2370.4,170612.2812,72043
2026-02-02 16:00:00,2370.5,2385.0,2344.5,2354.7,55188.3126,33524
2026-02-02 18:00:00,2354.7,2357.3,2325.7,2329.9,59664.6141,29129
2026-02-02 20:00:00,2330.1,2343.2,2311.4,2340.4,34464.3256,24832
2026-02-02 22:00:00,2340.3,2353.4,2333.6,2345.2,21182.5946,17655
2026-02-03 00:00:00,2345.1,2358.0,2323.5,2353.1,22498.3073,23476
2026-02-03 02:00:00,2353.1,2353.5,2283.9,2342.1,47079.7252,31794
2026-02-03 04:00:00,2342.6,2353.6,2313.3,2314.8,37221.0434,23207
2026-02-03 06:00:00,2314.8,2332.1,2297.0,2321.9,23758.2743,21249
2026-02-03 08:00:00,2322.1,2330.9,2263.7,2290.6,76351.1241,35620
2026-02-03 10:00:00,2290.8,2298.1,2269.6,2275.4,22952.4346,16316
2026-02-03 12:00:00,2275.5,2315.9,2271.0,2311.3,27755.8568,18083
2026-02-03 14:00:00,2311.3,2315.9,2250.9,2302.1,153249.4207,58188
2026-02-03 16:00:00,2302.2,2302.2,2192.2,2193.4,164527.8314,66105
2026-02-03 18:00:00,2193.3,2217.7,2108.8,2204.0,311248.6287,119539
2026-02-03 20:00:00,2203.7,2353.9,2186.9,2282.2,237555.6349,99205
2026-02-03 22:00:00,2282.5,2284.7,2211.2,2232.4,143182.4947,69778
2026-02-04 00:00:00,2232.5,2280.9,2222.7,2267.9,87719.7746,46683
2026-02-04 02:00:00,2268.0,2294.4,2241.7,2282.4,58873.4424,32974
2026-02-04 04:00:00,2282.5,2288.6,2255.7,2264.3,32049.8611,20328
2026-02-04 06:00:00,2264.2,2292.3,2257.4,2283.3,31490.5937,22843
2026-02-04 08:00:00,2283.3,2285.1,2251.1,2260.2,49859.3794,23727
2026-02-04 10:00:00,2260.5,2266.6,2225.8,2254.2,44625.2531,19947
2026-02-04 12:00:00,2254.3,2262.1,2197.0,2198.3,47310.6836,23933
2026-02-04 14:00:00,2197.5,2223.7,2136.0,2150.8,225495.6699,98500
2026-02-04 16:00:00,2150.7,2160.3,2092.4,2125.5,270120.0043,79656
2026-02-04 18:00:00,2125.8,2193.0,2076.5,2188.0,187792.1983,60561
2026-02-04 20:00:00,2187.9,2191.7,2107.5,2129.1,88091.6576,33536
2026-02-04 22:00:00,2129.1,2167.8,2088.6,2147.9,111390.8408,37056
2026-02-05 00:00:00,2147.9,2172.3,2123.7,2147.9,81304.0547,32201
2026-02-05 02:00:00,2148.0,2162.7,2097.7,2109.9,65884.7481,35053
2026-02-05 04:00:00,2109.8,2125.0,2076.7,2100.8,71298.0177,38436
2026-02-05 06:00:00,2100.7,2123.3,2071.4,2090.5,53391.5868,34425
2026-02-05 08:00:00,2090.5,2148.2,2090.5,2133.3,43250.2059,25568
2026-02-05 10:00:00,2133.3,2140.0,2060.8,2079.0,77438.8433,35975
2026-02-05 12:00:00,2079.0,2091.9,2042.4,2058.0,110294.2935,43417
2026-02-05 14:00:00,2058.0,2109.2,1927.2,1959.9,466459.5895,111479
2026-02-05 16:00:00,1959.9,2017.1,1943.7,1953.5,251810.5088,67253
2026-02-05 18:00:00,1953.9,1967.2,1914.6,1927.3,219510.6076,65968
2026-02-05 20:00:00,1927.6,1941.3,1824.7,1850.1,485303.869,102553
2026-02-05 22:00:00,1850.1,1905.6,1817.9,1825.9,184078.8194,57521
2026-02-06 00:00:00,1825.4,1939.2,1740.7,1930.6,429429.8775,117097
2026-02-06 02:00:00,1930.6,1947.0,1878.8,1890.8,97496.7371,37134
2026-02-06 04:00:00,1890.9,1974.7,1885.0,1957.1,72597.0563,27907
2026-02-06 06:00:00,1957.7,1965.9,1886.7,1898.2,64437.5145,31642
2026-02-06 08:00:00,1898.2,1928.3,1866.0,1918.4,55384.3139,30246
2026-02-06 10:00:00,1918.6,1937.9,1909.5,1932.6,21070.5198,15962
2026-02-06 12:00:00,1932.3,1960.7,1914.4,1949.1,41687.7303,21100
2026-02-06 14:00:00,1949.0,2001.3,1932.5,1978.7,208028.4607,57879
2026-02-06 16:00:00,1978.8,2090.1,1970.3,2066.1,223507.4957,57732
2026-02-06 18:00:00,2066.2,2070.0,2030.0,2065.0,92250.9227,41399
2026-02-06 20:00:00,2064.8,2091.7,2041.7,2052.4,96973.3929,47351
2026-02-06 22:00:00,2052.5,2086.7,2045.4,2062.0,54514.3773,22611
2026-02-07 00:00:00,2061.9,2065.4,2031.4,2061.2,52447.0812,19686
2026-02-07 02:00:00,2060.8,2084.5,2047.5,2079.5,34724.1192,15784
2026-02-07 04:00:00,2079.3,2117.8,2077.1,2082.9,90365.7483,28365
2026-02-07 06:00:00,2082.8,2092.5,1993.6,2027.4,129179.2538,29141
2026-02-07 08:00:00,2027.2,2031.6,2004.2,2013.2,30713.3768,13734
2026-02-07 10:00:00,2013.2,2020.0,1998.6,2017.7,14488.1252,10235
2026-02-07 12:00:00,2017.5,2074.3,2016.0,2040.0,43968.0572,21395
2026-02-07 14:00:00,2040.2,2062.3,2008.4,2050.8,46242.4734,19597
2026-02-07 16:00:00,2051.2,2121.0,2012.0,2060.1,397349.3451,90124
2026-02-07 18:00:00,2060.1,2108.7,2058.0,2090.4,48701.8121,23246
2026-02-07 20:00:00,2090.0,2111.5,2083.6,2099.7,35153.1725,16011
2026-02-07 22:00:00,2099.7,2106.5,2072.0,2085.8,21986.332,13752
2026-02-08 00:00:00,2085.9,2096.5,2075.4,2094.9,17504.953,10840
2026-02-08 02:00:00,2095.0,2105.9,2076.0,2077.5,16233.722,9096
2026-02-08 04:00:00,2077.5,2087.4,2065.3,2083.6,12778.7396,9116
2026-02-08 06:00:00,2083.5,2087.7,2066.9,2083.2,11163.1382,7335
2026-02-08 08:00:00,2083.2,2122.0,2076.7,2099.8,45545.3255,18966
2026-02-08 10:00:00,2099.5,2135.3,2082.8,2131.1,33636.1867,16558
2026-02-08 12:00:00,2131.1,2143.6,2117.7,2125.2,27229.0121,14585
2026-02-08 14:00:00,2125.4,2129.9,2096.6,2107.3,26536.7307,12825
2026-02-08 16:00:00,2107.4,2115.0,2071.1,2091.2,49251.169,16345
2026-02-08 18:00:00,2091.2,2128.1,2089.6,2125.3,22269.927,12217
2026-02-08 20:00:00,2125.4,2126.4,2088.7,2093.0,24543.7858,10683
2026-02-08 22:00:00,2092.9,2149.7,2072.0,2088.7,58741.6256,19910
2026-02-09 00:00:00,2088.6,2100.0,2053.7,2069.9,29616.3361,15188
2026-02-09 02:00:00,2069.5,2101.8,2064.7,2099.0,50463.7867,11400
2026-02-09 04:00:00,2098.6,2100.0,2083.1,2094.8,32210.5684,9115
2026-02-09 06:00:00,2094.6,2094.7,2063.4,2064.9,49500.4739,11228
2026-02-09 08:00:00,2064.9,2069.6,2034.0,2041.6,80306.2468,18583
2026-02-09 10:00:00,2041.3,2046.3,2012.6,2026.8,108938.1759,19817
2026-02-09 12:00:00,2027.1,2049.0,2021.5,2021.5,23911.6601,10551
2026-02-09 14:00:00,2021.5,2073.0,2007.5,2061.4,127318.467,34736
2026-02-09 16:00:00,2060.9,2135.6,2046.4,2126.6,108742.7862,29873
2026-02-09 18:00:00,2126.7,2143.0,2108.9,2130.7,44797.7488,17866
2026-02-09 20:00:00,2130.7,2146.5,2088.9,2121.4,63076.1294,19576
2026-02-09 22:00:00,2121.8,2125.3,2101.4,2104.1,38862.5392,10037
2026-02-10 00:00:00,2104.1,2123.7,2094.9,2116.3,32531.8183,13218
2026-02-10 02:00:00,2116.7,2121.0,2052.6,2064.1,65883.1102,19765
2026-02-10 04:00:00,2064.1,2073.5,2044.3,2052.4,38898.1461,18465
2026-02-10 06:00:00,2052.4,2057.2,1997.3,2006.7,73403.6378,39566
2026-02-10 08:00:00,2007.1,2029.6,1994.9,2016.1,59789.5165,19326
2026-02-10 10:00:00,2016.1,2021.7,1999.7,2001.9,43604.6202,15562
2026-02-10 12:00:00,2002.0,2026.9,1995.7,2021.7,36559.9549,19500
2026-02-10 14:00:00,2021.6,2039.1,1987.5,2021.7,181197.8379,49841
2026-02-10 16:00:00,2022.1,2046.0,2011.7,2039.3,50528.3588,25664
2026-02-10 18:00:00,2039.4,2041.9,1994.9,2017.0,78943.7883,25556
2026-02-10 20:00:00,2017.1,2020.4,1996.1,2007.6,42655.1335,14577
2026-02-10 22:00:00,2007.8,2022.0,2006.2,2021.9,23411.8644,10134
2026-02-11 00:00:00,2021.9,2030.0,2015.6,2023.2,17493.8739,9903
2026-02-11 02:00:00,2023.4,2031.3,1996.7,2008.6,24767.8932,12197
2026-02-11 04:00:00,2008.6,2010.4,1962.6,1973.6,50927.766,22995
2026-02-11 06:00:00,1973.6,1976.5,1938.6,1949.7,62741.0661,24673
2026-02-11 08:00:00,1950.0,1953.4,1935.9,1945.8,17160.4702,9594
2026-02-11 10:00:00,1945.8,1955.4,1931.0,1952.7,22744.6188,13027
2026-02-11 12:00:00,1952.8,1967.2,1941.7,1959.4,67376.3114,23086
2026-02-11 14:00:00,1959.4,2014.6,1902.0,1928.2,181889.6245,57853
2026-02-11 16:00:00,1928.0,1955.1,1908.2,1929.1,72296.5883,27801
2026-02-11 18:00:00,1928.8,1958.6,1915.1,1951.3,68653.6125,22474
2026-02-11 20:00:00,1951.2,1987.0,1939.2,1969.2,48598.855,20238
2026-02-11 22:00:00,1969.4,1972.2,1931.1,1941.5,52743.3232,17687
2026-02-12 00:00:00,1941.4,1976.9,1940.0,1964.3,21841.6769,12167
2026-02-12 02:00:00,1964.6,1970.4,1954.7,1968.0,15458.0305,12134
2026-02-12 04:00:00,1967.7,1974.9,1952.2,1969.8,51447.2861,15225
2026-02-12 06:00:00,1969.5,1982.1,1964.8,1967.3,38752.0469,14765
2026-02-12 08:00:00,1967.4,1989.7,1956.7,1981.8,24052.0972,14390
2026-02-12 10:00:00,1981.7,2000.0,1976.8,1988.6,20210.0666,15060
2026-02-12 12:00:00,1988.5,1995.6,1974.3,1994.3,13699.7296,11869
2026-02-12 14:00:00,1994.3,1995.0,1943.7,1947.6,60048.3843,26987
2026-02-12 16:00:00,1947.8,1948.6,1896.7,1909.2,114015.5095,40950
2026-02-12 18:00:00,1909.5,1940.0,1900.8,1924.5,43443.3666,20917
2026-02-12 20:00:00,1924.4,1931.2,1908.2,1922.5,22523.4022,11842
2026-02-12 22:00:00,1922.5,1952.0,1919.4,1946.9,19253.3198,12562
2026-02-13 00:00:00,1946.9,1953.6,1927.1,1942.5,13034.8228,11565
2026-02-13 02:00:00,1942.6,1958.3,1939.9,1952.3,23634.7631,10294
2026-02-13 04:00:00,1952.4,1954.6,1932.4,1933.1,34391.063,10423
2026-02-13 06:00:00,1933.0,1947.6,1923.4,1934.7,25708.584,11045
2026-02-13 08:00:00,1934.7,1965.6,1933.0,1961.4,41161.2182,10739
2026-02-13 10:00:00,1961.4,1968.0,1945.4,1959.4,26798.9925,8148
2026-02-13 12:00:00,1959.4,1980.0,1951.8,1969.8,26157.6349,11526
2026-02-13 14:00:00,1969.6,2049.7,1962.2,2034.3,142341.5528,35520
2026-02-13 16:00:00,2034.3,2071.1,2030.9,2058.2,94878.5788,25554
2026-02-13 18:00:00,2058.3,2063.2,2049.4,2056.7,32900.7497,11524
2026-02-13 20:00:00,2056.9,2058.6,2038.5,2053.1,36357.4816,19120
2026-02-13 22:00:00,2053.1,2058.5,2045.0,2047.6,10790.7758,8197
2026-02-14 00:00:00,2048.0,2056.5,2042.0,2053.7,14932.6293,6544
2026-02-14 02:00:00,2053.7,2054.7,2047.3,2053.6,3556.935,3832
2026-02-14 04:00:00,2053.6,2056.8,2049.9,2049.9,6299.9132,3980
2026-02-14 06:00:00,2050.0,2059.7,2047.3,2056.2,23022.1061,4974
2026-02-14 08:00:00,2056.2,2089.1,2056.2,2077.2,39210.021,13252
2026-02-14 10:00:00,2077.2,2105.5,2071.6,2098.4,41206.0916,11970
2026-02-14 12:00:00,2098.4,2098.7,2064.5,2070.5,28033.0252,12335
2026-02-14 14:00:00,2070.6,2092.3,2068.4,2086.5,25137.7738,8521
2026-02-14 16:00:00,2086.5,2088.0,2066.6,2078.8,34376.3256,8478
2026-02-14 18:00:00,2078.8,2088.9,2077.4,2086.8,17684.3507,5899
2026-02-14 20:00:00,2087.4,2097.4,2077.8,2085.1,18480.0666,7624
2026-02-14 22:00:00,2085.1,2093.7,2082.8,2085.3,9322.0621,5533
2026-02-15 00:00:00,2085.4,2089.1,2052.8,2063.0,22900.9567,11085
2026-02-15 02:00:00,2062.8,2071.3,2036.1,2058.3,30457.5672,13295
2026-02-15 04:00:00,2058.3,2095.1,2058.2,2087.6,37405.5065,14105
2026-02-15 06:00:00,2087.5,2102.4,2081.5,2090.4,33872.4081,10819
2026-02-15 08:00:00,2090.6,2095.8,2054.7,2067.5,24608.761,9971
2026-02-15 10:00:00,2067.5,2069.3,2052.9,2060.5,24848.6442,9105
2026-02-15 12:00:00,2060.6,2066.5,1993.3,2001.3,56016.0588,20877
2026-02-15 14:00:00,2001.1,2013.8,1992.6,2010.2,22452.6063,11079
2026-02-15 16:00:00,2010.1,2010.1,1957.3,1970.8,75325.57,20196
2026-02-15 18:00:00,1970.3,1980.6,1927.7,1941.3,68238.7275,20515
2026-02-15 20:00:00,1941.4,1964.3,1933.2,1958.3,34230.8284,13523
2026-02-15 22:00:00,1958.1,1973.8,1944.1,1965.4,37038.6766,16031
2026-02-16 00:00:00,1965.6,1980.2,1955.8,1962.2,44613.3731,14457
2026-02-16 02:00:00,1962.0,1965.8,1948.1,1957.9,24723.0079,8589
2026-02-16 04:00:00,1957.7,1973.1,1951.8,1957.2,14139.7087,6846
2026-02-16 06:00:00,1957.1,1977.6,1955.1,1970.2,9327.7703,6084
2026-02-16 08:00:00,1970.1,1992.3,1968.9,1986.9,24447.7085,10544
2026-02-16 10:00:00,1986.6,1987.8,1956.3,1975.6,12490.4141,8685
2026-02-16 12:00:00,1975.4,2021.9,1960.2,1966.6,57054.1442,21433
2026-02-16 14:00:00,1966.4,1984.4,1936.9,1955.7,73755.229,21208
2026-02-16 16:00:00,1955.5,1987.2,1955.4,1978.0,60922.1956,15981
2026-02-16 18:00:00,1978.0,1984.6,1965.1,1973.3,27877.6984,10186
2026-02-16 20:00:00,1973.0,2002.6,1970.3,1998.4,22136.5491,10781
2026-02-16 22:00:00,1998.4,2001.5,1984.4,1997.5,24881.174,7825
2026-02-17 00:00:00,1997.5,2006.9,1990.1,1990.9,15852.6331,9499
2026-02-17 02:00:00,1990.7,2008.6,1980.2,1984.8,33697.5365,9765
2026-02-17 04:00:00,1984.7,1997.3,1963.6,1974.9,54051.9126,11626
2026-02-17 06:00:00,1974.8,1987.4,1972.4,1985.2,34458.23,8504
2026-02-17 08:00:00,1985.2,1990.1,1969.2,1974.9,35705.3135,9650
2026-02-17 10:00:00,1975.0,1976.7,1961.0,1967.7,33010.5601,9502
2026-02-17 12:00:00,1967.5,1999.4,1963.8,1990.0,67557.4365,16502
2026-02-17 14:00:00,1990.0,2002.2,1941.3,1967.6,83137.1723,31993
2026-02-17 16:00:00,1967.7,2010.0,1952.8,1965.4,124085.4396,33092
2026-02-17 18:00:00,1965.3,2014.6,1960.8,1997.1,92427.4283,23250
2026-02-17 20:00:00,1997.1,2002.3,1986.7,1998.8,26142.0211,11428
2026-02-17 22:00:00,1998.9,2003.1,1988.8,1990.9,17869.8848,8373
2026-02-18 00:00:00,1990.9,1996.9,1968.1,1977.3,48929.7794,13297
2026-02-18 02:00:00,1977.2,1999.5,1976.9,1996.5,23548.856,10059
2026-02-18 04:00:00,1996.6,2001.7,1992.5,1995.7,27577.1541,9215
2026-02-18 06:00:00,1995.7,2022.3,1994.6,2017.2,13129.7175,10646
2026-02-18 08:00:00,2017.3,2038.2,2015.0,2015.7,19252.3387,12386
2026-02-18 10:00:00,2015.6,2017.1,1975.0,1980.4,40536.7659,17720
2026-02-18 12:00:00,1980.5,1991.4,1960.1,1969.9,38919.1193,17060
2026-02-18 14:00:00,1969.7,2009.5,1952.8,1984.4,75520.5859,26897
2026-02-18 16:00:00,1984.4,1986.7,1964.5,1973.2,51136.9225,16881
2026-02-18 18:00:00,1973.3,1976.3,1922.5,1940.0,83836.5232,26810
2026-02-18 20:00:00,1940.2,1951.7,1934.6,1940.9,33304.9605,13967
2026-02-18 22:00:00,1940.9,1955.6,1938.7,1954.9,22754.503,8780
2026-02-19 00:00:00,1954.9,1973.7,1949.6,1966.0,13281.2422,11774
2026-02-19 02:00:00,1966.1,1972.3,1961.9,1971.5,20858.6162,12242
2026-02-19 04:00:00,1971.6,1977.9,1963.1,1969.3,14656.0045,8627
2026-02-19 06:00:00,1969.3,1986.6,1969.2,1981.2,21130.8095,10724
2026-02-19 08:00:00,1981.1,1981.8,1960.8,1962.8,42579.3246,12805
2026-02-19 10:00:00,1962.9,1967.8,1948.2,1948.4,35228.7964,13293
2026-02-19 12:00:00,1948.5,1954.9,1911.3,1920.8,51685.1845,22155
2026-02-19 14:00:00,1920.8,1947.0,1912.7,1925.0,75508.6905,28883
2026-02-19 16:00:00,1925.1,1943.0,1905.9,1919.8,33856.675,21814
2026-02-19 18:00:00,1919.9,1946.7,1915.8,1940.4,30623.8652,17133
2026-02-19 20:00:00,1940.4,1952.4,1934.0,1947.9,35714.4544,10967
2026-02-19 22:00:00,1948.0,1950.6,1936.3,1948.3,13920.2121,7838
2026-02-20 00:00:00,1948.3,1963.3,1946.6,1952.7,23901.7086,9465
2026-02-20 02:00:00,1952.7,1960.0,1947.4,1954.2,10508.5764,5651
2026-02-20 04:00:00,1954.2,1964.2,1930.5,1954.6,33725.4547,12596
2026-02-20 06:00:00,1954.6,1967.5,1948.5,1960.2,27007.6472,8912
2026-02-20 08:00:00,1960.2,1971.6,1956.4,1967.3,20066.6766,9244
2026-02-20 10:00:00,1967.3,1972.7,1939.8,1942.6,49800.9742,12607
2026-02-20 12:00:00,1942.7,1950.4,1922.3,1933.4,50637.124,15717
2026-02-20 14:00:00,1933.2,1980.0,1932.2,1962.5,134422.4789,33180
2026-02-20 16:00:00,1962.8,1971.5,1938.1,1965.5,68745.6434,24379
2026-02-20 18:00:00,1965.8,1979.9,1958.9,1962.5,30412.882,15552
2026-02-20 20:00:00,1962.5,1973.9,1960.7,1973.0,11492.2797,8208
2026-02-20 22:00:00,1973.0,1973.0,1962.7,1968.1,19619.187,7177
2026-02-21 00:00:00,1968.1,1968.4,1960.2,1965.1,8782.1515,4779
2026-02-21 02:00:00,1965.3,1969.7,1954.8,1958.2,7989.6809,4689
2026-02-21 04:00:00,1958.3,1963.6,1955.6,1962.0,3205.0904,3454
2026-02-21 06:00:00,1961.9,1965.3,1959.3,1961.9,4432.4754,3557
2026-02-21 08:00:00,1961.8,1976.6,1961.3,1969.5,6960.7944,9088
2026-02-21 10:00:00,1969.5,1988.0,1969.4,1976.4,18639.763,8682
2026-02-21 12:00:00,1976.4,1980.0,1967.4,1980.0,22740.9057,8375
2026-02-21 14:00:00,1980.0,1995.0,1977.9,1987.5,23565.8615,12115
2026-02-21 16:00:00,1987.4,1991.1,1974.9,1987.8,9531.511,7355
2026-02-21 18:00:00,1987.8,1994.5,1986.9,1987.5,10835.9364,5692
2026-02-21 20:00:00,1987.4,1989.5,1968.5,1981.3,15829.8652,7644
2026-02-21 22:00:00,1981.2,1981.6,1970.3,1972.6,14402.6194,6380
2026-02-22 00:00:00,1972.4,1978.9,1967.1,1976.4,19647.162,6488
2026-02-22 02:00:00,1976.5,1982.3,1966.7,1973.8,5754.5382,5132
2026-02-22 04:00:00,1973.8,1975.4,1969.9,1974.2,7415.4635,5543
2026-02-22 06:00:00,1974.3,1978.8,1973.8,1975.2,11095.0297,5548
2026-02-22 08:00:00,1975.3,1976.1,1969.6,1974.8,7460.9758,5038
2026-02-22 10:00:00,1974.9,1982.6,1974.2,1979.9,7415.919,6089
2026-02-22 12:00:00,1980.0,1980.6,1944.6,1950.1,43078.6465,13765
2026-02-22 14:00:00,1950.1,1957.9,1943.0,1953.0,20494.0437,10794
2026-02-22 16:00:00,1953.0,1954.6,1934.5,1939.3,18050.4294,8072
2026-02-22 18:00:00,1939.4,1944.7,1937.9,1942.8,10004.6116,5479
2026-02-22 20:00:00,1942.8,1951.3,1939.1,1949.3,8222.0687,5362
2026-02-22 22:00:00,1949.4,1959.8,1946.0,1957.0,12614.7077,7671
2026-02-23 00:00:00,1957.1,1957.6,1845.5,1855.6,176639.5409,41098
2026-02-23 02:00:00,1855.6,1869.6,1850.1,1861.6,48577.111,16268
2026-02-23 04:00:00,1861.6,1869.2,1852.9,1864.6,38942.4608,14201
2026-02-23 06:00:00,1864.5,1887.7,1863.0,1884.3,41997.187,16995
2026-02-23 08:00:00,1884.3,1917.9,1876.1,1917.2,36195.9403,16215
2026-02-23 10:00:00,1916.9,1927.0,1910.4,1914.5,24302.6355,14966
2026-02-23 12:00:00,1914.4,1934.6,1905.2,1921.0,25430.8614,14630
2026-02-23 14:00:00,1921.0,1924.5,1892.0,1895.2,86771.7878,25053
2026-02-23 16:00:00,1894.9,1899.2,1836.6,1863.1,59355.6485,27852
2026-02-23 18:00:00,1863.5,1873.1,1847.2,1856.4,34845.8443,18802
2026-02-23 20:00:00,1856.4,1868.7,1846.3,1862.6,29416.513,14040
2026-02-23 22:00:00,1862.6,1868.8,1850.3,1855.6,14147.8615,8135
2026-02-24 00:00:00,1855.6,1868.8,1811.6,1839.6,67432.0086,21909
2026-02-24 02:00:00,1839.7,1853.3,1822.5,1830.5,42742.6807,15459
2026-02-24 04:00:00,1831.1,1839.3,1813.1,1825.5,29111.8481,15692
2026-02-24 06:00:00,1825.5,1830.8,1814.3,1824.6,17062.3592,10251
2026-02-24 08:00:00,1824.7,1835.5,1814.4,1826.1,32734.9314,11120
2026-02-24 10:00:00,1826.3,1828.6,1817.3,1826.2,17236.9521,8807
2026-02-24 12:00:00,1826.0,1829.2,1797.2,1814.8,40711.1755,15770
2026-02-24 14:00:00,1814.8,1849.4,1803.4,1846.6,87006.7273,31951
2026-02-24 16:00:00,1846.5,1864.4,1837.7,1854.8,55285.4878,21784
2026-02-24 18:00:00,1854.7,1861.6,1844.4,1851.4,16992.5758,10092
2026-02-24 20:00:00,1851.6,1861.2,1844.4,1853.4,27846.7787,10245
2026-02-24 22:00:00,1853.4,1863.1,1850.5,1850.8,24374.4692,9987
2026-02-25 00:00:00,1851.0,1922.5,1845.7,1917.8,100577.3855,24946
2026-02-25 02:00:00,1917.5,1944.0,1902.8,1905.4,71094.2086,19689
2026-02-25 04:00:00,1905.3,1914.0,1877.0,1887.0,56190.569,17555
2026-02-25 06:00:00,1887.0,1895.1,1881.6,1892.5,24698.0903,9478
2026-02-25 08:00:00,1892.5,1916.6,1889.3,1914.6,35851.8352,14186
2026-02-25 10:00:00,1914.5,1927.3,1907.3,1925.3,23012.1886,11418
2026-02-25 12:00:00,1925.3,1976.4,1921.7,1963.7,52099.5247,22724
2026-02-25 14:00:00,1963.7,2026.8,1962.1,2012.8,118010.6535,35966
2026-02-25 16:00:00,2012.8,2083.3,2012.3,2073.0,151938.8554,41683
2026-02-25 18:00:00,2073.0,2080.0,2056.0,2070.1,63645.0185,23879
2026-02-25 20:00:00,2070.1,2144.0,2057.6,2099.3,152566.16,40347
2026-02-25 22:00:00,2099.5,2115.5,2033.9,2056.9,74965.3115,28932
2026-02-26 00:00:00,2057.0,2075.4,2047.5,2057.6,31041.2828,18994
2026-02-26 02:00:00,2057.7,2058.6,2038.4,2053.7,38738.1721,12821
2026-02-26 04:00:00,2053.7,2081.8,2051.0,2065.4,57811.5927,18304
2026-02-26 06:00:00,2065.3,2075.3,2051.0,2052.6,37190.7403,10950
2026-02-26 08:00:00,2052.6,2076.1,2044.2,2074.0,27693.3748,12744
2026-02-26 10:00:00,2074.0,2081.9,2052.8,2056.3,21247.3138,10714
2026-02-26 12:00:00,2056.6,2072.5,2054.7,2064.1,20252.5328,10940
2026-02-26 14:00:00,2064.2,2076.0,2010.6,2032.0,104998.4716,38729
2026-02-26 16:00:00,2032.2,2036.7,1978.1,1987.6,82043.8514,28691
2026-02-26 18:00:00,1987.5,2033.0,1974.9,2029.2,61979.8373,24624
2026-02-26 20:00:00,2029.3,2041.3,2018.1,2029.5,24978.8004,17461
2026-02-26 22:00:00,2029.6,2036.6,2023.1,2026.7,16271.5682,9606
2026-02-27 00:00:00,2026.9,2030.1,2000.3,2020.6,31803.5106,13120
2026-02-27 02:00:00,2020.7,2048.5,2018.6,2045.0,32523.8343,12291
2026-02-27 04:00:00,2045.0,2062.5,2037.8,2040.6,38538.0635,14262
2026-02-27 06:00:00,2040.6,2041.7,2021.1,2031.9,21002.1627,9936
2026-02-27 08:00:00,2031.7,2044.6,2008.0,2009.3,26932.105,13668
2026-02-27 10:00:00,2009.2,2012.7,1952.7,1961.4,54683.0876,22562
2026-02-27 12:00:00,1961.2,1968.0,1938.8,1962.4,52682.1192,20435
2026-02-27 14:00:00,1962.4,1963.5,1939.0,1947.9,59579.8046,20969
2026-02-27 16:00:00,1947.4,1947.7,1906.2,1931.1,71836.8253,25002
2026-02-27 18:00:00,1931.1,1931.8,1911.4,1920.1,26933.9778,14011
2026-02-27 20:00:00,1920.0,1932.5,1916.2,1920.1,23289.8133,10638
2026-02-27 22:00:00,1920.2,1931.7,1885.3,1928.6,55398.5134,16697
2026-02-28 00:00:00,1928.6,1935.9,1919.6,1923.4,30131.6893,8936
2026-02-28 02:00:00,1923.4,1931.4,1919.5,1923.5,17017.3065,5792
2026-02-28 04:00:00,1923.4,1929.9,1913.9,1919.3,19096.8539,6742
2026-02-28 06:00:00,1919.0,1919.6,1835.0,1865.8,118978.3865,34980
2026-02-28 08:00:00,1865.6,1867.5,1843.7,1853.9,43489.1259,17195
2026-02-28 10:00:00,1853.9,1879.8,1848.3,1862.1,29134.2379,12291
2026-02-28 12:00:00,1862.2,1909.5,1861.7,1904.3,49405.5734,17970
2026-02-28 14:00:00,1904.3,1915.2,1873.0,1898.0,78554.3079,23067
2026-02-28 16:00:00,1897.7,1909.8,1886.6,1906.1,25970.7547,14551
2026-02-28 18:00:00,1906.0,1953.8,1900.3,1946.1,85324.9371,27443
2026-02-28 20:00:00,1946.1,1970.6,1938.0,1956.8,54246.0152,25580
2026-02-28 22:00:00,1957.0,1984.5,1955.0,1963.8,45425.4816,21290
2026-03-01 00:00:00,1963.6,2021.8,1943.4,2012.0,56618.4334,26149
2026-03-01 02:00:00,2011.7,2054.1,2007.7,2022.7,77201.4136,31173
2026-03-01 04:00:00,2022.6,2029.0,1998.7,2010.4,24139.0888,16786
2026-03-01 06:00:00,2010.3,2011.7,1988.9,2006.5,29314.4748,15359
2026-03-01 08:00:00,2006.4,2009.2,1975.5,1979.9,46867.9767,18226
2026-03-01 10:00:00,1979.9,1992.0,1971.9,1982.2,20570.5287,10101
2026-03-01 12:00:00,1982.1,2023.1,1968.5,2005.5,47118.0324,18133
2026-03-01 14:00:00,2005.5,2026.3,1991.3,1992.2,48937.6867,22934
2026-03-01 16:00:00,1992.2,2008.2,1952.5,1960.2,55003.5144,26774
2026-03-01 18:00:00,1960.4,1996.0,1946.9,1952.7,42050.8664,18596
2026-03-01 20:00:00,1952.6,1954.0,1906.2,1928.1,41628.2306,21759
2026-03-01 22:00:00,1927.8,1968.0,1913.4,1938.4,57701.1255,22712
2026-03-02 00:00:00,1938.4,1988.6,1936.9,1963.0,52959.9309,24917
2026-03-02 02:00:00,1963.0,1979.1,1938.8,1971.5,24309.7426,16916
2026-03-02 04:00:00,1971.6,1981.7,1962.6,1970.3,12734.8829,10043
2026-03-02 06:00:00,1970.4,1970.7,1924.7,1940.1,48505.2728,18456
2026-03-02 08:00:00,1940.1,1965.9,1920.0,1947.0,47428.6592,23295
2026-03-02 10:00:00,1946.8,1955.0,1934.6,1946.6,18163.9086,14311
2026-03-02 12:00:00,1946.7,1947.9,1921.8,1926.8,43440.2719,15234
2026-03-02 14:00:00,1926.9,2064.6,1920.5,2046.4,173228.8068,51204
2026-03-02 16:00:00,2046.5,2088.5,2024.8,2040.0,100539.5835,37978
2026-03-02 18:00:00,2039.9,2048.2,2016.8,2042.9,56184.9118,21318
2026-03-02 20:00:00,2042.4,2056.0,2023.7,2042.3,70153.8231,19191
2026-03-02 22:00:00,2042.4,2057.8,2023.7,2026.5,31530.4554,13341
2026-03-03 00:00:00,2026.5,2040.6,2018.3,2019.0,37101.6176,14385
2026-03-03 02:00:00,2019.0,2021.5,1997.8,2007.6,29984.9853,15486
2026-03-03 04:00:00,2007.8,2018.2,1987.5,1992.9,36043.8899,14572
2026-03-03 06:00:00,1992.9,2003.0,1988.1,1995.8,22887.432,10829
2026-03-03 08:00:00,1995.7,1999.7,1938.1,1950.6,118686.3238,27347
2026-03-03 10:00:00,1950.4,1965.9,1944.6,1960.4,24099.4393,12402
2026-03-03 12:00:00,1960.4,1989.8,1942.5,1951.4,74987.3039,23078
2026-03-03 14:00:00,1951.0,1976.5,1928.0,1967.9,175707.5717,39172
2026-03-03 16:00:00,1967.9,2013.7,1957.6,1979.4,79153.7201,36561
2026-03-03 18:00:00,1979.4,1998.8,1969.0,1984.9,35550.709,18868
2026-03-03 20:00:00,1985.2,1988.3,1958.4,1967.4,21736.8699,13804
2026-03-03 22:00:00,1967.6,2000.3,1967.3,1981.8,29690.7374,13376
2026-03-04 00:00:00,1981.7,1997.3,1960.7,1980.2,29734.9915,14361
2026-03-04 02:00:00,1980.6,1981.7,1943.6,1959.9,21575.1778,14198
2026-03-04 04:00:00,1959.7,1976.0,1949.4,1970.3,48890.505,14650
2026-03-04 06:00:00,1970.4,2009.0,1962.5,2005.6,25742.262,14437
2026-03-04 08:00:00,2006.0,2089.0,1999.9,2074.3,101016.0769,33426
2026-03-04 10:00:00,2074.3,2093.1,2046.3,2054.4,49242.0466,20025
2026-03-04 12:00:00,2054.2,2067.4,2036.2,2064.0,35886.2094,16819
2026-03-04 14:00:00,2063.8,2156.6,2062.3,2149.7,135794.7978,46752
2026-03-04 16:00:00,2149.7,2164.1,2129.1,2145.1,65556.5173,31118
2026-03-04 18:00:00,2145.0,2198.7,2137.1,2176.8,74239.2867,29139
2026-03-04 20:00:00,2176.9,2179.2,2141.3,2149.1,54920.5143,21703
2026-03-04 22:00:00,2149.0,2163.1,2115.8,2126.6,32823.3336,16660
2026-03-05 00:00:00,2126.3,2140.2,2106.8,2112.6,31315.8824,17703
2026-03-05 02:00:00,2112.6,2133.3,2107.1,2119.1,18123.648,12641
2026-03-05 04:00:00,2119.1,2143.7,2112.5,2118.6,30192.1885,16068
2026-03-05 06:00:00,2118.7,2131.9,2095.4,2104.1,18207.9805,12814
2026-03-05 08:00:00,2104.2,2136.9,2093.1,2124.5,20286.0939,15447
2026-03-05 10:00:00,2124.6,2162.7,2119.5,2136.9,32830.7495,19364
2026-03-05 12:00:00,2137.0,2141.7,2108.4,2116.6,51354.5777,24700
2026-03-05 14:00:00,2116.5,2129.1,2066.3,2085.5,89897.9183,41246
2026-03-05 16:00:00,2085.4,2092.7,2054.0,2058.8,67825.4162,27352
2026-03-05 18:00:00,2058.6,2092.0,2056.6,2073.9,62748.3887,17938
2026-03-05 20:00:00,2073.9,2098.8,2070.0,2079.8,30921.0347,15112
2026-03-05 22:00:00,2079.9,2084.4,2068.2,2072.0,15684.3744,8350
2026-03-06 00:00:00,2072.1,2090.0,2061.5,2087.0,32104.3308,13651
2026-03-06 02:00:00,2087.0,2092.3,2074.3,2083.1,15321.9221,9536
2026-03-06 04:00:00,2083.1,2085.3,2058.4,2068.0,17856.6136,11027
2026-03-06 06:00:00,2067.8,2086.6,2062.7,2082.2,22727.0884,11465
2026-03-06 08:00:00,2082.2,2082.2,2045.2,2058.9,32875.5243,15330
2026-03-06 10:00:00,2058.9,2068.4,2049.0,2050.0,33535.5146,13849
2026-03-06 12:00:00,2049.9,2060.6,2019.1,2019.1,53177.5503,26213
2026-03-06 14:00:00,2019.1,2023.1,1965.0,1976.7,134080.2068,41366
2026-03-06 16:00:00,1976.4,1983.8,1955.3,1965.9,75842.5828,23419
2026-03-06 18:00:00,1965.8,1991.6,1965.4,1982.9,26264.8165,15601
2026-03-06 20:00:00,1982.9,1987.9,1968.3,1982.9,45359.2698,14305
2026-03-06 22:00:00,1983.0,1988.6,1975.9,1977.7,22279.1173,8892
2026-03-07 00:00:00,1977.6,1982.5,1975.2,1979.7,5976.1065,6351
2026-03-07 02:00:00,1979.7,1995.0,1971.4,1979.1,25076.5586,9196
2026-03-07 04:00:00,1979.1,1979.1,1963.8,1977.6,9743.7018,6530
2026-03-07 06:00:00,1977.6,1983.0,1965.7,1982.0,10690.0523,7325
2026-03-07 08:00:00,1982.0,1988.7,1974.1,1985.5,27283.3066,9029
2026-03-07 10:00:00,1985.4,1993.7,1982.0,1987.9,16958.28,7641
2026-03-07 12:00:00,1987.8,1990.0,1976.3,1980.7,15704.5561,6077
2026-03-07 14:00:00,1980.6,1989.4,1968.9,1980.1,37087.6422,11917
2026-03-07 16:00:00,1980.0,1983.1,1974.0,1976.9,16346.6867,7391
2026-03-07 18:00:00,1976.8,1976.9,1946.2,1953.8,43612.4102,15582
2026-03-07 20:00:00,1953.8,1970.5,1953.7,1969.2,24772.5482,9768
2026-03-07 22:00:00,1969.3,1972.7,1957.5,1968.0,19033.9646,7558
2026-03-08 00:00:00,1968.0,1976.2,1962.1,1967.8,11102.7041,6844
2026-03-08 02:00:00,1967.8,1968.9,1933.7,1946.0,32745.0437,12864
2026-03-08 04:00:00,1946.0,1951.9,1928.5,1947.4,24266.8158,11082
2026-03-08 06:00:00,1947.4,1958.7,1941.9,1954.0,8694.5312,7166
2026-03-08 08:00:00,1953.9,1969.1,1947.7,1962.6,17966.3487,8586
2026-03-08 10:00:00,1962.6,1979.0,1944.0,1950.0,41740.5331,13745
2026-03-08 12:00:00,1950.0,1953.5,1923.2,1943.2,67791.7091,19314
2026-03-08 14:00:00,1943.3,1949.2,1936.2,1941.9,16501.8442,9548
2026-03-08 16:00:00,1941.9,1945.3,1932.0,1933.9,26317.6768,10840
2026-03-08 18:00:00,1934.1,1968.0,1926.6,1963.3,43614.8354,16458
2026-03-08 20:00:00,1963.3,1969.8,1943.1,1952.0,43163.9064,14558
2026-03-08 22:00:00,1951.9,1953.5,1910.0,1935.9,88938.4226,27997
2026-03-09 00:00:00,1935.9,1966.3,1928.3,1944.6,70723.61,21382
2026-03-09 02:00:00,1944.6,2003.3,1937.0,1976.4,72330.1308,23093
2026-03-09 04:00:00,1976.4,2013.8,1972.6,2009.9,58162.5224,17866
2026-03-09 06:00:00,2009.9,2011.7,1962.4,1982.7,30897.2539,14503
2026-03-09 08:00:00,1982.7,2020.7,1978.3,2003.6,70257.1129,21522
2026-03-09 10:00:00,2003.7,2005.5,1980.5,1991.2,37866.5642,13111
2026-03-09 12:00:00,1991.3,2028.6,1991.3,2017.9,37033.6385,18864
2026-03-09 14:00:00,2018.0,2032.4,2007.4,2021.9,57126.5945,21507
2026-03-09 16:00:00,2022.0,2039.7,2004.7,2015.7,42098.4931,17912
2026-03-09 18:00:00,2015.8,2053.0,2005.6,2033.3,39953.0788,18500
2026-03-09 20:00:00,2033.1,2036.2,2018.1,2027.3,32393.0735,13290
2026-03-09 22:00:00,2027.3,2030.0,1988.9,1992.4,33784.0844,14615
2026-03-10 00:00:00,1992.3,2023.8,1990.6,2018.5,40544.1718,14923
2026-03-10 02:00:00,2018.3,2053.3,2013.5,2026.1,46323.785,17265
2026-03-10 04:00:00,2026.1,2053.4,2025.5,2043.3,20897.5333,11170
2026-03-10 06:00:00,2043.5,2058.7,2035.8,2050.0,30454.1425,15120
2026-03-10 08:00:00,2050.4,2073.0,2050.4,2067.3,34887.44,18350
2026-03-10 10:00:00,2067.4,2068.3,2054.6,2060.8,24099.6153,10606
2026-03-10 12:00:00,2061.0,2061.4,2023.5,2032.6,37419.0048,18623
2026-03-10 14:00:00,2032.7,2084.6,2007.6,2078.6,65520.9743,36474
2026-03-10 16:00:00,2078.6,2087.7,2057.5,2070.8,31897.6261,19609
2026-03-10 18:00:00,2070.8,2072.3,2026.1,2036.0,85398.9556,28535
2026-03-10 20:00:00,2036.0,2046.6,2018.7,2028.2,23004.0448,13837
2026-03-10 22:00:00,2028.1,2036.2,2020.0,2035.6,17868.7079,11099
2026-03-11 00:00:00,2035.5,2041.2,2027.6,2034.9,23262.274,12189
2026-03-11 02:00:00,2035.0,2037.6,2016.7,2020.0,18481.4668,9824
2026-03-11 04:00:00,2020.0,2040.0,2010.9,2013.4,26589.0896,12121
2026-03-11 06:00:00,2013.5,2024.7,2006.5,2011.4,20560.8919,10083
2026-03-11 08:00:00,2011.5,2026.0,2008.4,2016.9,39326.0311,16069
2026-03-11 10:00:00,2016.8,2032.8,2015.5,2017.0,18685.2064,9779
2026-03-11 12:00:00,2016.7,2081.4,2011.8,2049.8,84993.6707,28014
2026-03-11 14:00:00,2049.8,2075.6,2029.3,2048.8,77198.1494,25965
2026-03-11 16:00:00,2048.7,2084.9,2046.0,2067.3,41440.4336,21393
2026-03-11 18:00:00,2067.0,2078.7,2063.1,2074.9,16734.2648,10506
2026-03-11 20:00:00,2074.9,2075.2,2062.4,2072.0,15355.0464,7541
2026-03-11 22:00:00,2072.0,2083.1,2045.4,2051.1,41650.9673,12245
2026-03-12 00:00:00,2051.0,2056.7,2042.1,2045.0,29068.493,10313
2026-03-12 02:00:00,2045.1,2046.5,2016.6,2021.8,41055.2961,14095
2026-03-12 04:00:00,2021.8,2028.6,2018.4,2025.8,15364.6585,7615
2026-03-12 06:00:00,2025.3,2040.3,2023.4,2039.6,16811.2719,7926
2026-03-12 08:00:00,2039.6,2064.6,2037.6,2054.4,21718.2207,12159
2026-03-12 10:00:00,2054.5,2076.0,2052.0,2061.9,34899.8645,15330
2026-03-12 12:00:00,2062.0,2078.5,2050.2,2064.0,64450.4094,26270
2026-03-12 14:00:00,2064.3,2095.9,2036.6,2071.0,103907.4908,37677
2026-03-12 16:00:00,2071.0,2077.0,2054.2,2057.0,40405.8823,19688
2026-03-12 18:00:00,2057.0,2072.6,2043.6,2069.3,65373.6963,23802
2026-03-12 20:00:00,2069.2,2072.6,2056.4,2062.1,21978.3327,9920
2026-03-12 22:00:00,2062.0,2092.4,2054.7,2072.5,42434.7458,15307
2026-03-13 00:00:00,2072.5,2147.4,2069.5,2123.6,79083.1877,33316
2026-03-13 02:00:00,2124.0,2126.5,2101.3,2118.0,22201.6129,13535
2026-03-13 04:00:00,2118.1,2119.1,2102.4,2109.5,14555.5033,9849
2026-03-13 06:00:00,2109.6,2111.9,2089.0,2098.2,24923.0783,13278
2026-03-13 08:00:00,2098.2,2116.0,2090.5,2112.6,46508.7476,17294
2026-03-13 10:00:00,2112.8,2131.4,2111.9,2120.2,26859.114,16115
2026-03-13 12:00:00,2120.2,2197.0,2119.6,2184.7,78239.1001,32952
2026-03-13 14:00:00,2184.8,2206.2,2124.2,2127.0,122250.9569,46896
2026-03-13 16:00:00,2127.2,2141.9,2090.2,2101.8,65092.2804,30316
2026-03-13 18:00:00,2101.8,2107.3,2090.8,2101.3,23479.0727,15762
2026-03-13 20:00:00,2101.3,2115.7,2100.1,2101.9,22758.6037,10305
2026-03-13 22:00:00,2101.8,2103.7,2077.3,2091.6,24896.3182,13993
2026-03-14 00:00:00,2091.4,2094.1,2080.5,2091.6,13835.0787,10133
2026-03-14 02:00:00,2091.7,2102.0,2088.7,2100.3,17241.8436,9115
2026-03-14 04:00:00,2100.3,2104.8,2085.0,2091.4,14040.8097,8357
2026-03-14 06:00:00,2091.2,2091.2,2067.8,2076.5,16092.5462,8791
2026-03-14 08:00:00,2076.4,2079.8,2063.0,2066.3,10885.1329,7409
2026-03-14 10:00:00,2066.3,2075.7,2060.7,2072.9,16545.0439,8452
2026-03-14 12:00:00,2072.7,2079.5,2069.2,2077.9,11772.633,6246
2026-03-14 14:00:00,2077.8,2079.2,2068.5,2073.6,16149.4611,6781
2026-03-14 16:00:00,2073.5,2078.2,2068.0,2074.1,10486.2285,5690
2026-03-14 18:00:00,2074.1,2078.2,2071.6,2076.3,3987.8596,4435
2026-03-14 20:00:00,2076.3,2087.7,2075.0,2085.6,21086.5869,8210
2026-03-14 22:00:00,2085.8,2098.1,2081.8,2095.4,7852.0668,6313
2026-03-15 00:00:00,2095.5,2095.8,2082.2,2087.4,15225.2657,9142
2026-03-15 02:00:00,2087.5,2108.0,2087.5,2095.4,17923.481,13512
2026-03-15 04:00:00,2095.4,2114.7,2095.3,2106.9,15490.1053,9472
2026-03-15 06:00:00,2106.9,2112.6,2102.2,2105.0,8136.0228,5485
2026-03-15 08:00:00,2105.1,2122.5,2105.0,2116.8,17408.7405,9282
2026-03-15 10:00:00,2116.7,2120.7,2113.4,2119.0,9431.9128,5821
2026-03-15 12:00:00,2119.0,2119.3,2085.2,2096.7,40932.4027,11559
2026-03-15 14:00:00,2096.4,2097.8,2085.2,2092.8,28341.2444,7111
2026-03-15 16:00:00,2092.8,2117.5,2087.8,2109.8,28876.724,10092
2026-03-15 18:00:00,2110.0,2113.4,2093.5,2112.4,31296.1166,11061
2026-03-15 20:00:00,2112.4,2143.5,2108.5,2137.9,40076.8713,16230
2026-03-15 22:00:00,2138.2,2202.6,2124.9,2177.3,112191.8528,33767
2026-03-16 00:00:00,2177.4,2189.1,2163.8,2184.9,42200.3023,16692
2026-03-16 02:00:00,2185.0,2251.2,2169.1,2234.8,73220.1038,25969
2026-03-16 04:00:00,2234.9,2287.1,2234.9,2279.3,70018.4859,27359
2026-03-16 06:00:00,2279.3,2280.3,2244.9,2247.8,35087.744,14298
2026-03-16 08:00:00,2248.1,2264.5,2234.4,2259.4,32175.0485,16258
2026-03-16 10:00:00,2259.3,2278.8,2255.2,2268.9,24836.4002,14726
2026-03-16 12:00:00,2268.9,2307.5,2268.8,2287.4,98519.505,36279
2026-03-16 14:00:00,2287.1,2303.5,2254.1,2271.5,75014.281,34887
2026-03-16 16:00:00,2272.0,2320.0,2268.8,2313.1,63520.2941,26372
2026-03-16 18:00:00,2313.2,2347.2,2312.7,2329.6,95720.6962,32653
2026-03-16 20:00:00,2329.6,2375.1,2322.1,2359.1,110893.663,32745
2026-03-16 22:00:00,2359.1,2383.7,2327.7,2350.9,101723.1797,32112
2026-03-17 00:00:00,2351.0,2374.5,2339.1,2359.6,114800.1871,38191
2026-03-17 02:00:00,2359.5,2360.0,2306.8,2318.7,57281.4951,24827
2026-03-17 04:00:00,2318.7,2328.6,2295.5,2306.0,41698.2117,20875
2026-03-17 06:00:00,2306.0,2336.8,2297.2,2326.7,35865.7188,16328
2026-03-17 08:00:00,2326.7,2333.9,2306.4,2314.4,27595.6276,22258
2026-03-17 10:00:00,2314.4,2331.8,2303.8,2325.9,20801.3509,15751
2026-03-17 12:00:00,2325.9,2345.0,2311.4,2327.4,59208.7548,23313
2026-03-17 14:00:00,2327.6,2356.5,2302.7,2314.9,99826.9654,33338
2026-03-17 16:00:00,2314.9,2341.6,2311.3,2338.7,21995.8107,15105
2026-03-17 18:00:00,2338.8,2341.5,2316.2,2319.3,19295.8945,12975
2026-03-17 20:00:00,2319.2,2344.2,2316.6,2337.4,30139.1361,12180
2026-03-17 22:00:00,2337.5,2340.9,2315.5,2316.1,14483.2789,10769
2026-03-18 00:00:00,2316.1,2334.7,2306.3,2323.6,34351.795,13540
2026-03-18 02:00:00,2323.6,2348.3,2323.5,2339.8,15534.8106,10594
2026-03-18 04:00:00,2339.7,2340.9,2313.1,2317.4,15670.464,9278
2026-03-18 06:00:00,2317.4,2330.1,2311.1,2316.5,12497.238,8350
2026-03-18 08:00:00,2316.6,2332.3,2316.1,2328.3,20303.5858,9393
2026-03-18 10:00:00,2328.4,2330.7,2261.8,2268.2,90571.6204,26795
2026-03-18 12:00:00,2268.1,2269.2,2222.1,2234.6,127050.3554,34498
2026-03-18 14:00:00,2234.6,2236.1,2168.4,2186.8,210123.5676,46048
2026-03-18 16:00:00,2186.8,2211.1,2166.6,2203.8,55756.3676,27035
2026-03-18 18:00:00,2203.9,2219.0,2175.0,2185.1,70209.3528,27188
2026-03-18 20:00:00,2185.1,2206.0,2151.6,2201.6,59770.1233,21175
2026-03-18 22:00:00,2201.5,2205.6,2186.4,2202.4,48228.0634,15144
2026-03-19 00:00:00,2202.5,2206.9,2186.3,2195.8,44186.2316,14662
2026-03-19 02:00:00,2195.8,2232.7,2187.7,2211.0,39137.8452,16526
2026-03-19 04:00:00,2210.9,2211.5,2185.3,2187.9,23950.1424,11625
2026-03-19 06:00:00,2187.9,2194.3,2142.0,2165.0,48279.6023,23066
2026-03-19 08:00:00,2165.1,2189.5,2156.8,2188.0,51895.273,19816
2026-03-19 10:00:00,2188.1,2190.3,2164.2,2165.3,29655.7304,13579
2026-03-19 12:00:00,2165.4,2165.8,2110.1,2136.4,125747.244,39148
2026-03-19 14:00:00,2136.5,2145.3,2096.6,2117.7,106756.6564,35055
2026-03-19 16:00:00,2117.8,2130.6,2103.6,2126.1,55484.1238,23245
2026-03-19 18:00:00,2126.2,2156.9,2113.1,2140.7,90280.0962,29830
2026-03-19 20:00:00,2140.6,2154.8,2138.5,2149.3,37306.2677,17421
2026-03-19 22:00:00,2149.3,2151.6,2130.4,2136.9,29578.6662,15828
2026-03-20 00:00:00,2136.9,2160.1,2133.9,2150.2,22430.3623,13577
2026-03-20 02:00:00,2150.3,2156.4,2131.8,2150.4,33067.3186,13567
2026-03-20 04:00:00,2150.4,2159.3,2137.1,2139.4,29978.975,12804
2026-03-20 06:00:00,2139.3,2152.8,2120.6,2150.3,50414.1935,15061
2026-03-20 08:00:00,2150.2,2176.8,2133.9,2140.4,52858.5756,19665
2026-03-20 10:00:00,2140.2,2158.6,2130.4,2140.4,44163.7454,17350
2026-03-20 12:00:00,2140.5,2152.0,2121.6,2126.3,59004.0523,22705
2026-03-20 14:00:00,2126.2,2146.9,2117.6,2133.2,57863.3223,29414
2026-03-20 16:00:00,2133.1,2143.1,2118.8,2135.5,27015.0183,17666
2026-03-20 18:00:00,2135.5,2136.4,2116.1,2131.3,35531.1193,21632
2026-03-20 20:00:00,2131.7,2155.7,2122.9,2146.6,40231.7206,15204
2026-03-20 22:00:00,2146.7,2166.0,2142.0,2145.4,15275.9427,9998
2026-03-21 00:00:00,2145.2,2159.1,2143.0,2146.5,22453.7551,8375
2026-03-21 02:00:00,2146.5,2155.5,2145.0,2152.3,6261.7814,4730
2026-03-21 04:00:00,2152.2,2157.4,2149.5,2152.1,8136.1258,4971
2026-03-21 06:00:00,2152.0,2160.0,2151.2,2154.4,6316.9552,4840
2026-03-21 08:00:00,2154.5,2157.5,2148.4,2157.2,14194.332,6751
2026-03-21 10:00:00,2157.1,2157.6,2151.6,2156.1,5904.7096,5283
2026-03-21 12:00:00,2156.1,2159.3,2153.4,2154.7,5692.7726,5178
2026-03-21 14:00:00,2154.7,2167.6,2145.4,2154.1,32821.0989,11414
2026-03-21 16:00:00,2154.2,2154.4,2141.6,2147.4,11564.9287,5667
2026-03-21 18:00:00,2147.2,2154.6,2146.7,2151.2,9328.748,4332
2026-03-21 20:00:00,2151.1,2156.0,2149.3,2152.5,14201.8295,5025
2026-03-21 22:00:00,2152.5,2152.5,2069.3,2083.1,80611.6639,20747
2026-03-22 00:00:00,2083.1,2094.1,2048.5,2090.2,146676.3689,30534
2026-03-22 02:00:00,2090.2,2125.6,2086.9,2112.5,36025.9283,15057
2026-03-22 04:00:00,2112.8,2121.7,2102.4,2111.6,54262.1812,12272
2026-03-22 06:00:00,2111.7,2112.2,2092.0,2092.4,25247.77,9738
2026-03-22 08:00:00,2092.5,2094.3,2073.3,2084.2,41180.7049,17234
2026-03-22 10:00:00,2084.2,2085.5,2065.8,2068.7,19892.6434,9715
2026-03-22 12:00:00,2068.5,2091.6,2067.1,2077.5,37536.822,12476
2026-03-22 14:00:00,2077.7,2084.3,2071.0,2081.6,35515.1512,10043
2026-03-22 16:00:00,2081.6,2083.5,2076.5,2078.4,9633.7102,5319
2026-03-22 18:00:00,2078.2,2079.3,2052.9,2061.8,58091.8602,15480
2026-03-22 20:00:00,2061.9,2071.1,2024.5,2044.5,96629.6996,26023
2026-03-22 22:00:00,2044.4,2072.6,2030.8,2052.5,84690.9013,24485
2026-03-23 00:00:00,2052.5,2061.7,2034.0,2046.5,31636.6671,18156
2026-03-23 02:00:00,2046.7,2070.8,2045.2,2051.1,25778.363,13811
2026-03-23 04:00:00,2051.2,2071.0,2049.4,2068.3,15568.4845,10238
2026-03-23 06:00:00,2068.3,2068.3,2022.0,2043.4,44460.0302,20016
2026-03-23 08:00:00,2043.4,2057.7,2028.0,2042.5,24617.9737,14815
2026-03-23 10:00:00,2042.5,2197.8,2039.2,2133.1,209428.3179,56162
2026-03-23 12:00:00,2133.2,2187.1,2106.8,2184.5,118805.6337,41185
2026-03-23 14:00:00,2184.6,2191.2,2123.8,2127.3,94444.587,32060
2026-03-23 16:00:00,2127.2,2157.5,2116.7,2151.9,71592.158,25311
2026-03-23 18:00:00,2151.8,2176.9,2144.5,2153.4,37364.8196,16792
2026-03-23 20:00:00,2153.3,2165.7,2149.6,2156.9,12828.2435,9504
2026-03-23 22:00:00,2157.1,2159.0,2140.1,2151.0,28147.8651,11426
2026-03-24 00:00:00,2150.9,2155.0,2123.1,2136.3,44794.7845,17333
2026-03-24 02:00:00,2136.4,2144.5,2129.5,2140.6,16132.4895,10861
2026-03-24 04:00:00,2140.6,2151.4,2127.6,2132.8,18787.8915,10858
2026-03-24 06:00:00,2132.7,2169.6,2131.0,2164.6,29746.2581,14246
2026-03-24 08:00:00,2164.6,2166.5,2145.9,2164.0,31934.4344,11870
2026-03-24 10:00:00,2164.0,2174.6,2150.9,2164.9,21653.0453,11660
2026-03-24 12:00:00,2164.9,2169.4,2129.1,2137.1,57774.0283,20718
2026-03-24 14:00:00,2137.4,2147.3,2119.8,2134.4,58876.0997,24245
2026-03-24 16:00:00,2134.3,2139.5,2102.2,2107.8,46899.1792,19763
2026-03-24 18:00:00,2108.1,2126.9,2104.6,2116.0,49565.9314,14982
2026-03-24 20:00:00,2115.7,2154.4,2114.5,2148.0,48585.2871,17730
2026-03-24 22:00:00,2148.0,2163.2,2139.9,2155.4,20898.4317,11574
2026-03-25 00:00:00,2155.5,2168.3,2146.5,2156.0,16591.3509,11177
2026-03-25 02:00:00,2155.8,2160.6,2146.5,2157.5,17579.8191,8200
2026-03-25 04:00:00,2157.6,2179.0,2155.7,2168.2,23383.7899,12697
2026-03-25 06:00:00,2168.2,2176.6,2159.1,2163.6,39545.1396,11333
2026-03-25 08:00:00,2163.6,2190.0,2163.5,2185.7,100745.3916,25930
2026-03-25 10:00:00,2185.7,2198.6,2180.2,2185.7,46827.1297,19315
2026-03-25 12:00:00,2185.5,2197.3,2164.3,2183.8,73287.3242,29119
2026-03-25 14:00:00,2183.9,2187.0,2146.9,2161.8,45013.7118,27137
2026-03-25 16:00:00,2161.8,2185.4,2155.5,2163.0,59874.107,20916
2026-03-25 18:00:00,2163.0,2175.3,2157.3,2171.7,18908.7336,11634
2026-03-25 20:00:00,2171.9,2172.1,2158.6,2163.0,8829.2857,9371
2026-03-25 22:00:00,2163.0,2182.2,2160.7,2168.1,23225.24,12180
2026-03-26 00:00:00,2168.2,2171.4,2159.4,2164.1,13536.402,9419
2026-03-26 02:00:00,2163.8,2164.8,2142.7,2152.1,25264.2275,13684
2026-03-26 04:00:00,2152.2,2153.5,2111.7,2118.4,42346.4306,18686
2026-03-26 06:00:00,2118.3,2123.7,2110.2,2122.5,20991.6837,12955
2026-03-26 08:00:00,2122.5,2125.5,2073.1,2081.6,65657.9666,20896
2026-03-26 10:00:00,2081.6,2082.4,2062.5,2066.8,32692.8577,17676
2026-03-26 12:00:00,2067.0,2091.8,2063.5,2079.8,60966.3686,20582
2026-03-26 14:00:00,2079.7,2084.2,2052.0,2069.4,42677.7826,23060
2026-03-26 16:00:00,2069.3,2069.9,2045.7,2047.9,32587.5237,15720
2026-03-26 18:00:00,2047.9,2054.6,2032.3,2048.9,100585.7839,24979
2026-03-26 20:00:00,2048.2,2079.5,2045.5,2067.1,60418.4421,20294
2026-03-26 22:00:00,2067.3,2071.8,2054.2,2059.4,15679.814,12987
2026-03-27 00:00:00,2059.4,2073.7,2055.6,2073.1,17296.8213,11367
2026-03-27 02:00:00,2073.3,2075.8,2058.4,2060.3,9647.5924,8387
2026-03-27 04:00:00,2060.3,2065.4,2041.6,2060.0,16222.5012,10401
2026-03-27 06:00:00,2060.0,2070.5,2057.4,2064.8,10307.1153,10470
2026-03-27 08:00:00,2064.9,2068.0,2033.4,2040.0,36441.0084,19414
2026-03-27 10:00:00,2040.0,2043.3,1981.3,1990.3,71068.8773,28478
2026-03-27 12:00:00,1990.4,1995.6,1964.4,1977.1,66136.1239,24639
2026-03-27 14:00:00,1977.2,2009.3,1970.5,1990.0,60387.1544,27380
2026-03-27 16:00:00,1990.0,1996.2,1973.7,1976.3,22843.5107,17315
2026-03-27 18:00:00,1976.3,1996.6,1973.2,1990.7,36806.7047,14725
2026-03-27 20:00:00,1990.5,1994.8,1980.0,1984.5,16244.2609,8925
2026-03-27 22:00:00,1984.6,1992.9,1979.4,1991.8,11525.6724,7111
2026-03-28 00:00:00,1991.7,1994.2,1984.1,1989.3,14102.9657,7561
2026-03-28 02:00:00,1989.4,1992.6,1981.8,1987.7,9467.4723,5750
2026-03-28 04:00:00,1987.8,1994.1,1986.0,1993.6,17393.8637,6198
2026-03-28 06:00:00,1993.7,2007.6,1992.7,2006.3,37460.0561,13402
2026-03-28 08:00:00,2006.3,2007.9,1994.8,1998.8,24184.6521,11620
2026-03-28 10:00:00,1998.9,2004.4,1992.2,1997.0,14187.5501,7169
2026-03-28 12:00:00,1996.8,2041.1,1991.7,2025.7,55775.6522,16608
2026-03-28 14:00:00,2025.6,2037.7,2015.9,2026.1,34030.0374,15466
2026-03-28 16:00:00,2026.4,2029.7,2016.1,2020.2,17623.9388,9965
2026-03-28 18:00:00,2020.1,2024.0,2016.7,2020.0,5645.0104,5213
2026-03-28 20:00:00,2019.9,2026.2,2006.2,2009.0,16178.7373,7661
2026-03-28 22:00:00,2009.0,2012.5,1989.2,1993.9,27969.6956,11305
2026-03-29 00:00:00,1993.8,2006.1,1990.6,2004.7,26585.6616,10887
2026-03-29 02:00:00,2004.7,2018.6,2002.0,2010.6,9685.9368,8322
2026-03-29 04:00:00,2010.6,2012.0,1996.8,2004.5,14888.5423,6990
2026-03-29 06:00:00,2004.5,2008.8,1999.2,2005.4,7395.8891,5710
2026-03-29 08:00:00,2005.4,2006.8,1995.6,1998.3,5394.8765,5244
2026-03-29 10:00:00,1998.3,2007.3,1991.0,2002.9,10777.1101,6741
2026-03-29 12:00:00,2003.0,2004.2,1982.9,1986.3,17417.2073,8834
2026-03-29 14:00:00,1986.4,2002.0,1983.9,1992.0,18664.6453,9491
2026-03-29 16:00:00,1992.1,2003.7,1987.0,1994.5,16497.2641,8292
2026-03-29 18:00:00,1994.5,2000.5,1990.7,1995.0,10387.3379,7203
2026-03-29 20:00:00,1994.9,2008.6,1994.9,2005.5,27530.2058,9519
2026-03-29 22:00:00,2005.6,2005.6,1935.2,1983.3,102461.2299,31871
2026-03-30 00:00:00,1983.4,2022.9,1979.4,2009.4,62387.5234,24040
2026-03-30 02:00:00,2009.5,2042.8,2007.0,2035.0,23665.4643,18305
2026-03-30 04:00:00,2035.0,2057.9,2035.0,2046.9,29451.88,16338
2026-03-30 06:00:00,2046.9,2065.0,2040.7,2058.7,20005.3553,12134
2026-03-30 08:00:00,2058.7,2073.7,2053.0,2054.3,32395.0786,14450
2026-03-30 10:00:00,2054.3,2078.9,2048.4,2070.2,34479.4241,16543
2026-03-30 12:00:00,2070.4,2086.0,2057.1,2059.7,32868.8073,17346
2026-03-30 14:00:00,2059.6,2078.8,2043.6,2073.6,46182.3947,21241
2026-03-30 16:00:00,2073.8,2074.3,2032.0,2040.7,43490.9586,16914
2026-03-30 18:00:00,2040.8,2043.3,2011.9,2023.0,75462.5119,21218
2026-03-30 20:00:00,2023.0,2047.8,2019.7,2034.7,32716.9793,13793
2026-03-30 22:00:00,2034.8,2043.4,2012.7,2025.5,15476.4047,9960
2026-03-31 00:00:00,2025.5,2090.1,2015.0,2072.3,54850.8206,21882
2026-03-31 02:00:00,2072.4,2081.7,2061.0,2066.0,21653.4377,13092
2026-03-31 04:00:00,2066.0,2071.7,2054.2,2063.1,33545.0211,13135
2026-03-31 06:00:00,2063.1,2064.0,2041.0,2055.0,72785.6967,35625
2026-03-31 08:00:00,2055.1,2058.3,2010.7,2016.7,81028.113,22406
2026-03-31 10:00:00,2016.9,2043.6,2015.9,2040.1,46926.0376,16022
2026-03-31 12:00:00,2040.4,2079.2,2034.8,2073.8,54948.3343,22472
2026-03-31 14:00:00,2073.9,2090.9,2036.3,2053.8,106701.8177,34871
2026-03-31 16:00:00,2053.7,2122.4,2053.2,2092.1,136141.8501,41748
2026-03-31 18:00:00,2092.2,2113.9,2090.7,2095.9,54409.3184,19439
2026-03-31 20:00:00,2095.9,2109.0,2092.8,2101.6,39059.4815,13760
2026-03-31 22:00:00,2101.5,2107.4,2088.0,2104.0,76992.9769,15561
2026-04-01 00:00:00,2103.9,2116.0,2089.9,2091.8,43960.3844,17049
2026-04-01 02:00:00,2092.0,2105.7,2082.0,2102.1,30926.6481,14609
2026-04-01 04:00:00,2101.9,2135.7,2099.2,2121.5,58283.3834,22925
2026-04-01 06:00:00,2121.9,2156.1,2121.6,2129.9,102530.3886,32784
2026-04-01 08:00:00,2130.0,2142.0,2123.9,2135.7,59532.6606,19983
2026-04-01 10:00:00,2135.7,2138.7,2125.5,2134.5,15200.6235,11277
2026-04-01 12:00:00,2134.5,2146.4,2107.8,2118.1,72744.8235,26005
2026-04-01 14:00:00,2118.2,2136.8,2112.9,2134.1,27225.7203,17246
2026-04-01 16:00:00,2134.0,2166.9,2123.9,2135.9,93071.4289,25687
2026-04-01 18:00:00,2135.8,2143.4,2122.7,2139.4,66774.5256,21165
2026-04-01 20:00:00,2139.5,2163.2,2129.0,2155.3,51370.8004,19164
2026-04-01 22:00:00,2155.1,2156.7,2133.8,2138.5,49759.236,14945
2026-04-02 00:00:00,2138.4,2157.8,2088.4,2098.5,160924.5313,37286
2026-04-02 02:00:00,2098.4,2098.4,2045.6,2054.8,68947.6687,22814
2026-04-02 04:00:00,2054.7,2057.0,2038.0,2049.4,51047.8642,15793
2026-04-02 06:00:00,2049.2,2055.5,2043.1,2054.9,22770.7115,14839
2026-04-02 08:00:00,2054.8,2054.9,2038.9,2042.9,13756.9279,45955
2026-04-02 10:00:00,2042.9,2044.1,2025.0,2032.2,25091.2851,20074
2026-04-02 12:00:00,2032.2,2040.0,2016.0,2038.1,57184.8262,35376
2026-04-02 14:00:00,2038.0,2071.1,2031.9,2058.5,82170.3711,47977
2026-04-02 16:00:00,2058.6,2073.3,2043.7,2045.9,38492.8297,25178
2026-04-02 18:00:00,2046.0,2065.4,2042.5,2064.1,38580.4881,15206
2026-04-02 20:00:00,2064.1,2073.4,2054.9,2062.1,27592.6426,12319
2026-04-02 22:00:00,2062.1,2063.8,2052.2,2055.9,14039.2211,6539
2026-04-03 00:00:00,2056.0,2061.6,2044.0,2049.0,14697.5702,8082
2026-04-03 02:00:00,2049.0,2058.6,2040.0,2053.3,17474.1233,8256
2026-04-03 04:00:00,2053.2,2064.2,2046.7,2056.2,17441.5988,8453
2026-04-03 06:00:00,2056.3,2074.3,2054.2,2064.6,10586.9494,8715
2026-04-03 08:00:00,2064.7,2070.9,2056.0,2060.4,12533.9233,7271
2026-04-03 10:00:00,2060.3,2063.8,2052.1,2062.0,17645.1793,6577
2026-04-03 12:00:00,2062.0,2080.0,2040.7,2047.0,32169.1224,16873
2026-04-03 14:00:00,2047.0,2056.7,2044.2,2050.1,14304.8601,9093
2026-04-03 16:00:00,2050.2,2055.6,2042.5,2049.3,18298.2684,8459
2026-04-03 18:00:00,2049.3,2053.5,2044.7,2051.9,19123.7129,6366
2026-04-03 20:00:00,2051.9,2059.6,2050.9,2057.7,10871.9101,5527
2026-04-03 22:00:00,2057.4,2058.4,2048.0,2052.8,5656.5249,4470
2026-04-04 00:00:00,2052.7,2052.9,2048.7,2050.4,2252.7181,3294
2026-04-04 02:00:00,2050.4,2052.6,2046.9,2049.0,2147.1935,2913
2026-04-04 04:00:00,2049.2,2053.9,2047.5,2052.8,2466.35,3440
2026-04-04 06:00:00,2052.8,2057.1,2051.1,2052.7,5200.8933,3961
2026-04-04 08:00:00,2052.8,2054.4,2048.3,2049.4,3553.2318,3695
2026-04-04 10:00:00,2049.5,2054.3,2047.0,2050.9,12793.0536,5181
2026-04-04 12:00:00,2051.0,2053.8,2047.0,2052.5,12983.0497,5408
2026-04-04 14:00:00,2052.5,2060.0,2043.7,2055.4,10278.4606,8019
2026-04-04 16:00:00,2055.3,2061.4,2052.1,2056.0,9300.8139,5954
2026-04-04 18:00:00,2056.0,2083.6,2054.0,2063.7,33592.0205,11927
2026-04-04 20:00:00,2063.8,2070.7,2059.0,2068.0,10979.5401,6555
2026-04-04 22:00:00,2068.1,2071.2,2061.7,2064.5,7529.4059,6277
2026-04-05 00:00:00,2064.5,2064.7,2056.2,2056.5,5333.767,4950
2026-04-05 02:00:00,2056.5,2059.4,2053.2,2055.4,6547.754,4602
2026-04-05 04:00:00,2055.5,2057.2,2046.0,2047.5,9373.5163,4842
2026-04-05 06:00:00,2047.4,2047.8,2026.3,2036.3,25974.9133,11852
2026-04-05 08:00:00,2036.2,2045.0,2034.7,2043.4,7234.8086,6224
2026-04-05 10:00:00,2043.4,2051.7,2039.5,2041.5,6270.1778,5726
2026-04-05 12:00:00,2041.4,2041.4,2021.0,2035.9,20172.308,12928
2026-04-05 14:00:00,2035.7,2068.6,2033.4,2052.7,31332.9587,16704
2026-04-05 16:00:00,2053.0,2061.2,2048.0,2061.2,14948.6278,9139
2026-04-05 18:00:00,2061.1,2068.7,2056.6,2060.9,18083.8335,8268
2026-04-05 20:00:00,2061.0,2073.8,2056.1,2059.1,8755.9149,8697
2026-04-05 22:00:00,2059.1,2122.2,2048.9,2108.7,83356.407,35046
2026-04-06 00:00:00,2109.0,2134.7,2109.0,2113.9,34560.8987,23049
2026-04-06 02:00:00,2113.9,2144.8,2113.5,2128.1,38575.694,20448
2026-04-06 04:00:00,2128.1,2133.8,2123.9,2130.7,14974.3291,10899
2026-04-06 06:00:00,2130.6,2139.9,2119.1,2134.2,35618.3098,15991
2026-04-06 08:00:00,2134.2,2172.7,2132.5,2149.8,47706.1545,25846
2026-04-06 10:00:00,2150.0,2156.4,2146.0,2150.2,15468.548,12464
2026-04-06 12:00:00,2150.2,2153.5,2137.2,2145.3,37321.0707,19533
2026-04-06 14:00:00,2145.2,2168.1,2136.8,2163.4,43667.8005,32881
2026-04-06 16:00:00,2163.5,2167.5,2122.7,2134.0,75795.3861,30376
2026-04-06 18:00:00,2134.0,2147.4,2130.5,2143.0,32789.6352,16125
2026-04-06 20:00:00,2143.3,2153.5,2136.9,2138.4,13317.2505,11140
2026-04-06 22:00:00,2138.3,2140.0,2087.3,2106.4,70724.7749,27861
2026-04-07 00:00:00,2106.2,2118.9,2096.4,2098.2,43712.6887,20112
2026-04-07 02:00:00,2098.2,2110.7,2091.7,2107.3,37106.0023,12711
2026-04-07 04:00:00,2107.2,2118.5,2102.5,2104.8,8916.8308,9255
2026-04-07 06:00:00,2104.5,2105.3,2095.9,2102.9,10980.7679,10114
2026-04-07 08:00:00,2102.9,2132.2,2102.3,2127.4,38895.6799,18125
2026-04-07 10:00:00,2127.5,2130.5,2081.2,2088.4,60241.0318,24226
2026-04-07 12:00:00,2088.4,2092.3,2073.0,2075.3,77406.9882,27394
2026-04-07 14:00:00,2075.0,2082.3,2060.0,2079.4,40717.6938,25448
2026-04-07 16:00:00,2079.2,2112.6,2076.6,2098.4,48866.1102,18887
2026-04-07 18:00:00,2098.5,2115.9,2081.3,2113.4,69484.0265,23305
2026-04-07 20:00:00,2113.2,2152.7,2110.0,2144.2,117147.1403,29551
2026-04-07 22:00:00,2144.4,2274.1,2144.4,2239.7,266680.1838,77533
2026-04-08 00:00:00,2239.6,2249.7,2228.0,2233.4,76699.9983,25696
2026-04-08 02:00:00,2233.5,2246.5,2229.8,2233.9,26961.125,15608
2026-04-08 04:00:00,2233.9,2251.8,2233.9,2239.8,38822.1534,18901
2026-04-08 06:00:00,2239.8,2259.9,2234.8,2253.0,22815.276,15217
2026-04-08 08:00:00,2253.0,2262.3,2245.6,2249.0,32708.2392,14843
2026-04-08 10:00:00,2249.1,2254.6,2236.9,2246.5,25751.767,13272
2026-04-08 12:00:00,2246.8,2269.7,2231.0,2236.0,70924.9238,30152
2026-04-08 14:00:00,2235.8,2239.9,2186.2,2215.2,97644.3129,38003
2026-04-08 16:00:00,2215.2,2238.5,2210.7,2231.1,65606.7416,21684
2026-04-08 18:00:00,2231.1,2232.0,2196.5,2210.7,40770.4953,22205
2026-04-08 20:00:00,2210.4,2221.6,2204.6,2213.8,29711.4372,12780
2026-04-08 22:00:00,2213.7,2213.9,2179.2,2189.1,40740.032,17799
2026-04-09 00:00:00,2189.0,2192.8,2161.0,2177.6,30502.3042,17389
2026-04-09 02:00:00,2177.5,2184.1,2173.2,2181.4,12315.963,8461
2026-04-09 04:00:00,2181.3,2188.0,2174.3,2181.2,11987.1912,8098
2026-04-09 06:00:00,2181.1,2185.3,2174.6,2180.0,14279.8106,8041
2026-04-09 08:00:00,2180.0,2200.0,2175.5,2193.3,32476.3152,12282
2026-04-09 10:00:00,2193.3,2194.7,2176.9,2178.8,40722.312,17772
2026-04-09 12:00:00,2178.8,2185.7,2157.8,2164.2,49060.7324,20740
2026-04-09 14:00:00,2164.1,2224.0,2156.7,2217.1,89609.7153,35197
2026-04-09 16:00:00,2217.0,2227.9,2192.7,2221.7,63779.431,28318
2026-04-09 18:00:00,2221.9,2223.7,2200.0,2216.3,74547.1188,26557
2026-04-09 20:00:00,2216.2,2225.3,2207.1,2210.0,22822.4688,12884
2026-04-09 22:00:00,2210.3,2245.8,2182.7,2189.1,64323.2564,23105
2026-04-10 00:00:00,2189.1,2203.3,2177.0,2193.8,31969.1025,15488
2026-04-10 02:00:00,2193.8,2197.4,2181.7,2185.0,7285.8837,7371
2026-04-10 04:00:00,2185.3,2202.4,2185.1,2196.0,10966.5761,8207
2026-04-10 06:00:00,2196.0,2197.8,2175.4,2178.7,13117.5586,8627
2026-04-10 08:00:00,2178.8,2196.7,2176.4,2195.5,17382.1502,11362
2026-04-10 10:00:00,2195.4,2223.4,2190.1,2215.0,29372.1433,13609
2026-04-10 12:00:00,2215.0,2228.1,2207.3,2222.1,52492.5642,22448
2026-04-10 14:00:00,2222.0,2256.0,2219.6,2222.4,71122.0582,34845
2026-04-10 16:00:00,2222.7,2248.7,2220.5,2247.4,42076.9362,19074
2026-04-10 18:00:00,2247.2,2254.7,2238.2,2252.2,36983.9274,15336
2026-04-10 20:00:00,2252.4,2256.0,2242.1,2253.8,29791.5146,14072
2026-04-10 22:00:00,2253.8,2254.2,2235.0,2244.1,10181.6534,7853
2026-04-11 00:00:00,2244.1,2245.5,2234.1,2243.1,5190.3986,6615
2026-04-11 02:00:00,2243.5,2250.0,2234.9,2236.0,5604.6899,6297
2026-04-11 04:00:00,2236.0,2242.0,2227.9,2232.0,6458.2991,5920
2026-04-11 06:00:00,2232.0,2235.6,2229.0,2231.8,10005.4303,6200
2026-04-11 08:00:00,2232.0,2248.2,2231.4,2242.4,9594.8797,8449
2026-04-11 10:00:00,2242.5,2245.8,2236.8,2244.9,17314.2789,9221
2026-04-11 12:00:00,2245.0,2246.1,2232.0,2238.9,16736.0537,10188
2026-04-11 14:00:00,2238.7,2254.5,2237.7,2248.7,18911.8908,9339
2026-04-11 16:00:00,2248.7,2272.1,2245.5,2258.7,27148.6694,14694
2026-04-11 18:00:00,2258.7,2329.1,2256.3,2315.2,87752.8885,38059
2026-04-11 20:00:00,2315.2,2316.2,2287.6,2298.7,17030.1146,14401
2026-04-11 22:00:00,2298.4,2307.4,2275.8,2284.0,14417.4144,11687
2026-04-12 00:00:00,2284.1,2287.9,2207.9,2217.8,85505.2316,33945
2026-04-12 02:00:00,2217.8,2232.5,2206.0,2212.7,31769.02,21254
2026-04-12 04:00:00,2212.7,2218.4,2207.7,2216.1,23658.8156,14577
2026-04-12 06:00:00,2216.1,2219.7,2211.7,2217.9,18951.1097,10136
2026-04-12 08:00:00,2217.8,2217.9,2210.5,2213.3,10321.7823,9211
2026-04-12 10:00:00,2213.4,2215.9,2193.1,2203.6,24135.5489,12848
2026-04-12 12:00:00,2203.4,2206.5,2184.3,2185.7,17570.9313,15349
2026-04-12 14:00:00,2185.7,2192.4,2174.7,2185.3,23121.8154,16512
2026-04-12 16:00:00,2185.3,2203.8,2182.3,2201.3,25686.4779,13462
2026-04-12 18:00:00,2201.4,2205.8,2196.1,2196.8,20234.5872,9184
2026-04-12 20:00:00,2196.8,2216.8,2192.2,2210.5,25563.3548,13167
2026-04-12 22:00:00,2210.4,2210.4,2183.0,2190.3,27834.1549,18667
2026-04-13 00:00:00,2190.5,2207.5,2186.3,2202.7,21283.6042,11995
2026-04-13 02:00:00,2202.7,2204.6,2189.5,2193.1,8755.6356,7757
2026-04-13 04:00:00,2193.2,2198.3,2181.5,2190.4,12300.3651,7765
2026-04-13 06:00:00,2190.4,2200.7,2182.0,2185.5,17889.2442,9538
2026-04-13 08:00:00,2185.5,2193.9,2178.7,2186.8,16142.661,9134
2026-04-13 10:00:00,2186.8,2190.4,2177.5,2186.3,16791.9687,8211
2026-04-13 12:00:00,2186.3,2214.6,2174.1,2214.2,56729.6465,26125
2026-04-13 14:00:00,2214.2,2235.0,2198.2,2208.1,77421.1984,29649
2026-04-13 16:00:00,2208.1,2241.7,2199.3,2224.0,39188.6403,23530
2026-04-13 18:00:00,2223.9,2267.4,2217.4,2261.4,79910.5376,27764
2026-04-13 20:00:00,2261.3,2264.4,2246.8,2259.0,27617.1769,15733
2026-04-13 22:00:00,2259.0,2391.7,2258.8,2368.2,156030.2508,64084
2026-04-14 00:00:00,2368.2,2373.3,2353.7,2367.6,40933.9199,18599
2026-04-14 02:00:00,2367.5,2376.4,2361.1,2364.2,12018.5524,11515
2026-04-14 04:00:00,2364.3,2368.2,2353.7,2353.8,16558.4299,10936
2026-04-14 06:00:00,2353.9,2388.1,2353.8,2376.7,19518.4402,14855
2026-04-14 08:00:00,2376.7,2394.5,2373.3,2385.5,41194.3452,19319
2026-04-14 10:00:00,2385.5,2386.3,2366.1,2373.1,18377.1941,11862
2026-04-14 12:00:00,2373.1,2394.0,2367.2,2389.0,110581.9366,28893
2026-04-14 14:00:00,2389.0,2413.8,2329.4,2362.9,168179.5132,60313
2026-04-14 16:00:00,2362.9,2369.1,2322.0,2336.4,62518.3349,28255
2026-04-14 18:00:00,2336.6,2342.5,2301.3,2311.4,46696.8311,25004
2026-04-14 20:00:00,2311.3,2324.5,2306.7,2322.4,31305.262,15539
2026-04-14 22:00:00,2322.2,2330.4,2310.6,2320.9,22178.28,12861
2026-04-15 00:00:00,2320.7,2341.2,2320.3,2334.3,17783.7923,13592
2026-04-15 02:00:00,2334.4,2336.6,2316.1,2327.2,14818.6076,9786
2026-04-15 04:00:00,2327.3,2336.3,2313.0,2317.9,28962.3523,12843
2026-04-15 06:00:00,2317.9,2322.0,2308.0,2314.9,18127.7956,12013
2026-04-15 08:00:00,2315.1,2331.2,2312.7,2318.8,18941.2809,9513
2026-04-15 10:00:00,2318.9,2336.6,2311.2,2335.9,27179.4992,12762
2026-04-15 12:00:00,2336.0,2338.0,2316.6,2325.6,23092.9227,14944
2026-04-15 14:00:00,2325.6,2347.9,2318.5,2330.3,52261.3213,24667
2026-04-15 16:00:00,2330.4,2356.8,2328.1,2346.9,73149.7631,25364
2026-04-15 18:00:00,2346.9,2383.0,2344.9,2372.6,51413.1887,23669
2026-04-15 20:00:00,2372.8,2374.0,2346.9,2359.8,47038.6281,17879
2026-04-15 22:00:00,2359.5,2378.8,2348.0,2358.3,38788.3324,17788
2026-04-16 00:00:00,2358.2,2362.2,2344.3,2350.5,17632.3365,10560
2026-04-16 02:00:00,2350.5,2367.7,2348.5,2356.1,8249.3071,7740
2026-04-16 04:00:00,2356.1,2361.9,2346.7,2354.9,8120.6622,7747
2026-04-16 06:00:00,2355.0,2358.9,2334.2,2340.2,15467.8377,9434
2026-04-16 08:00:00,2340.3,2346.8,2333.4,2336.2,14404.8144,9363
2026-04-16 10:00:00,2336.2,2338.4,2326.8,2333.9,39666.8732,14863
2026-04-16 12:00:00,2333.8,2349.6,2288.7,2306.6,70297.2785,26103
2026-04-16 14:00:00,2306.3,2348.0,2283.4,2337.8,82106.1052,33523
2026-04-16 16:00:00,2337.7,2347.3,2308.1,2324.5,32097.505,20735
2026-04-16 18:00:00,2324.2,2360.6,2318.7,2358.8,70016.6256,24760
2026-04-16 20:00:00,2358.8,2363.4,2334.7,2339.9,29097.6873,14761
2026-04-16 22:00:00,2339.9,2353.6,2337.9,2347.4,21171.4552,9268
2026-04-17 00:00:00,2347.4,2349.7,2326.3,2333.7,12893.3252,10305
2026-04-17 02:00:00,2333.8,2337.4,2322.5,2324.2,8353.2126,6848
2026-04-17 04:00:00,2324.3,2332.4,2316.8,2318.0,9544.9936,7899
2026-04-17 06:00:00,2317.9,2340.7,2316.7,2332.7,16360.598,8801
2026-04-17 08:00:00,2332.7,2375.0,2331.7,2357.5,25384.5,19915
2026-04-17 10:00:00,2357.6,2359.8,2334.7,2353.2,22804.32,14722
2026-04-17 12:00:00,2353.5,2439.2,2348.2,2434.8,109250.2483,57233
2026-04-17 14:00:00,2435.2,2455.7,2424.7,2440.1,112799.464,41124
2026-04-17 16:00:00,2440.4,2462.5,2421.1,2438.8,71629.2326,27900
2026-04-17 18:00:00,2438.9,2441.0,2413.6,2426.1,39124.1734,18924
2026-04-17 20:00:00,2426.1,2433.3,2415.1,2427.8,13608.9532,10714
2026-04-17 22:00:00,2427.8,2440.1,2413.6,2417.1,16533.5316,11598
2026-04-18 00:00:00,2417.1,2426.0,2408.1,2419.4,12218.2232,8620
2026-04-18 02:00:00,2419.5,2423.1,2398.8,2403.4,8387.513,7442
2026-04-18 04:00:00,2403.5,2411.9,2398.4,2407.5,6249.7215,6535
2026-04-18 06:00:00,2407.5,2410.2,2400.4,2402.4,6782.3395,4569
2026-04-18 08:00:00,2402.3,2403.5,2367.0,2374.4,32187.7667,18024
2026-04-18 10:00:00,2374.5,2374.5,2342.7,2351.6,24922.8717,15016
2026-04-18 12:00:00,2351.5,2360.4,2344.0,2353.8,19866.2005,9844
2026-04-18 14:00:00,2353.9,2367.6,2348.1,2361.8,18565.0879,8953
2026-04-18 16:00:00,2361.8,2373.2,2352.2,2360.1,18669.4123,9328
2026-04-18 18:00:00,2360.2,2362.3,2337.2,2346.9,24017.5799,11437
2026-04-18 20:00:00,2347.0,2353.7,2343.1,2353.6,13059.6214,6265
2026-04-18 22:00:00,2353.7,2357.7,2346.8,2348.9,10256.6108,6224
2026-04-19 00:00:00,2348.9,2353.9,2340.0,2346.4,9589.6293,7404
2026-04-19 02:00:00,2346.4,2347.8,2330.7,2338.4,15599.1014,9159
2026-04-19 04:00:00,2338.4,2344.5,2320.8,2331.1,11947.6553,8329
2026-04-19 06:00:00,2331.1,2331.6,2296.8,2314.2,35754.5064,16411
2026-04-19 08:00:00,2314.2,2319.6,2304.4,2308.5,25117.7402,11010
2026-04-19 10:00:00,2308.5,2329.6,2305.2,2327.7,28924.9847,12485
2026-04-19 12:00:00,2327.7,2348.4,2323.1,2336.9,28921.06,14177
2026-04-19 14:00:00,2336.9,2341.9,2314.3,2329.1,32380.4811,13382
2026-04-19 16:00:00,2329.2,2329.4,2292.5,2294.8,96383.6802,27347
2026-04-19 18:00:00,2294.7,2303.6,2286.7,2298.7,47626.2214,18335
2026-04-19 20:00:00,2298.7,2298.8,2272.1,2274.6,37261.4442,18610
2026-04-19 22:00:00,2274.4,2274.6,2251.0,2261.3,87268.5282,31208
2026-04-20 00:00:00,2261.3,2293.4,2259.0,2285.0,41673.4121,19392
2026-04-20 02:00:00,2285.0,2287.3,2271.0,2285.5,16490.4828,10282
2026-04-20 04:00:00,2285.4,2285.5,2262.4,2269.1,22151.1302,10383
2026-04-20 06:00:00,2269.6,2332.0,2267.2,2296.8,57866.9106,27529
2026-04-20 08:00:00,2296.8,2312.7,2288.5,2307.8,16530.2769,15035
2026-04-20 10:00:00,2308.1,2318.9,2298.6,2307.3,20030.2135,13626
2026-04-20 12:00:00,2307.3,2325.0,2300.9,2309.6,57702.5722,23987
2026-04-20 14:00:00,2309.5,2320.0,2277.7,2312.4,86817.7859,35199
2026-04-20 16:00:00,2312.7,2321.3,2296.2,2315.5,49095.6792,17778
2026-04-20 18:00:00,2315.8,2343.0,2315.8,2330.5,37395.7582,20003
2026-04-20 20:00:00,2330.6,2345.9,2313.5,2320.2,29794.4143,16701
2026-04-20 22:00:00,2320.2,2326.6,2306.1,2312.1,15100.6557,10168
2026-04-21 00:00:00,2312.1,2324.8,2309.9,2313.4,38883.2686,12154
2026-04-21 02:00:00,2313.4,2314.0,2298.0,2310.5,22762.5579,9215
2026-04-21 04:00:00,2310.4,2319.7,2303.2,2312.9,21904.9659,10862
2026-04-21 06:00:00,2312.8,2325.7,2306.6,2317.0,14063.6898,9535
2026-04-21 08:00:00,2317.0,2337.1,2312.6,2323.9,20956.8266,10910
2026-04-21 10:00:00,2324.2,2335.8,2315.0,2318.8,21137.035,11860
2026-04-21 12:00:00,2319.1,2322.5,2292.3,2311.6,63768.4017,25544
2026-04-21 14:00:00,2311.8,2328.0,2290.0,2309.0,68064.9313,30008
2026-04-21 16:00:00,2308.9,2323.4,2283.8,2304.7,74140.5038,26234
2026-04-21 18:00:00,2304.8,2330.0,2285.9,2296.5,67918.9564,24500
2026-04-21 20:00:00,2297.0,2324.5,2295.3,2311.2,69647.2554,19173
2026-04-21 22:00:00,2311.2,2328.6,2301.1,2326.3,25896.9081,11335
2026-04-22 00:00:00,2326.4,2329.0,2312.6,2321.3,15563.8561,9433
2026-04-22 02:00:00,2321.5,2378.1,2319.1,2363.1,85380.0619,31451
2026-04-22 04:00:00,2363.1,2412.1,2357.6,2395.7,45460.2797,26256
2026-04-22 06:00:00,2395.5,2396.6,2383.6,2388.6,22689.2099,12369
2026-04-22 08:00:00,2388.6,2393.1,2381.6,2386.4,8182.964,8527
2026-04-22 10:00:00,2386.5,2399.7,2384.0,2397.2,14695.2184,8734
2026-04-22 12:00:00,2397.3,2421.7,2394.5,2416.1,53097.4691,24125
2026-04-22 14:00:00,2416.2,2422.2,2390.4,2401.9,68197.1424,27181
2026-04-22 16:00:00,2402.0,2412.4,2383.3,2398.0,52225.7206,17995
2026-04-22 18:00:00,2398.1,2406.0,2388.3,2396.5,28441.9617,13208
2026-04-22 20:00:00,2396.6,2404.8,2390.0,2401.4,15762.5413,8631
2026-04-22 22:00:00,2401.3,2404.0,2372.6,2372.7,25158.1384,11486
2026-04-23 00:00:00,2372.7,2380.1,2343.3,2365.7,53443.2164,25368
2026-04-23 02:00:00,2365.7,2365.9,2330.8,2339.9,41339.3187,18165
2026-04-23 04:00:00,2339.8,2351.3,2335.8,2347.1,13715.615,8290
2026-04-23 06:00:00,2347.3,2357.3,2340.0,2342.9,20652.5046,9707
2026-04-23 08:00:00,2342.9,2343.6,2313.2,2315.4,39097.7738,18926
2026-04-23 10:00:00,2315.3,2330.7,2303.9,2328.0,43760.2196,20408
2026-04-23 12:00:00,2328.1,2333.9,2314.3,2318.6,32811.805,14310
2026-04-23 14:00:00,2318.4,2341.5,2315.1,2331.9,33852.6244,16314
2026-04-23 16:00:00,2332.0,2334.2,2283.9,2309.2,64236.8524,30377
2026-04-23 18:00:00,2309.2,2317.9,2298.2,2311.8,61748.1885,20778
2026-04-23 20:00:00,2311.7,2328.2,2311.6,2321.6,34918.3358,13019
2026-04-23 22:00:00,2321.4,2337.9,2320.2,2328.9,41942.0193,10894
2026-04-24 00:00:00,2328.9,2336.8,2317.5,2331.5,22077.4978,7803
2026-04-24 02:00:00,2331.6,2333.8,2299.8,2307.4,29482.3587,9332
2026-04-24 04:00:00,2307.3,2315.4,2298.8,2313.7,18181.2676,6964
2026-04-24 06:00:00,2313.8,2315.6,2307.5,2310.2,9720.4333,4837
2026-04-24 08:00:00,2310.2,2322.1,2301.5,2308.5,27016.0038,10489
2026-04-24 10:00:00,2308.5,2331.1,2304.6,2326.9,24314.8253,13240
2026-04-24 12:00:00,2326.9,2330.5,2309.3,2315.7,41012.9356,14589
2026-04-24 14:00:00,2315.5,2328.7,2301.0,2322.7,42435.8634,17686
2026-04-24 16:00:00,2322.8,2323.3,2307.2,2318.5,20968.9433,11341
2026-04-24 18:00:00,2318.5,2323.7,2308.7,2320.4,13678.9427,7240
2026-04-24 20:00:00,2320.4,2327.5,2311.3,2314.0,13791.1257,8331
2026-04-24 22:00:00,2314.2,2315.0,2306.0,2313.8,8656.6243,5074
2026-04-25 00:00:00,2313.8,2320.0,2310.2,2316.8,5137.4291,3776
2026-04-25 02:00:00,2316.8,2319.2,2313.5,2317.4,6180.0776,3539
2026-04-25 04:00:00,2317.5,2317.9,2312.2,2315.0,2665.3559,2493
2026-04-25 06:00:00,2315.0,2317.6,2313.3,2315.6,4489.2819,2840
2026-04-25 08:00:00,2315.5,2322.3,2314.9,2318.2,9809.7781,5229
2026-04-25 10:00:00,2318.2,2321.7,2310.1,2312.6,7681.7283,4821
2026-04-25 12:00:00,2312.7,2316.7,2310.6,2315.5,3487.5034,3031
2026-04-25 14:00:00,2315.4,2317.9,2303.0,2306.9,26256.26,6533
2026-04-25 16:00:00,2306.8,2312.4,2300.0,2308.1,10885.4676,7097
2026-04-25 18:00:00,2308.2,2312.9,2306.2,2308.7,6898.0948,3712
2026-04-25 20:00:00,2308.8,2316.2,2308.0,2314.7,9281.2019,3931
2026-04-25 22:00:00,2314.6,2319.6,2314.1,2318.1,4678.9834,3207
2026-04-26 00:00:00,2318.1,2318.3,2311.1,2312.8,2648.8015,3451
2026-04-26 02:00:00,2312.5,2317.2,2304.9,2308.7,5389.2989,3185
2026-04-26 04:00:00,2308.7,2334.2,2308.0,2326.6,17634.6538,8477
2026-04-26 06:00:00,2326.5,2332.1,2326.4,2330.2,4546.6704,4324
2026-04-26 08:00:00,2330.2,2336.2,2328.5,2333.1,8264.5973,5253
2026-04-26 10:00:00,2333.1,2336.3,2330.5,2335.0,4591.8657,4026
2026-04-26 12:00:00,2335.0,2335.2,2323.8,2333.7,11459.8791,7539
2026-04-26 14:00:00,2333.7,2351.5,2332.2,2346.8,20935.0887,11470
2026-04-26 16:00:00,2346.8,2348.7,2338.8,2348.3,6036.5846,6371
2026-04-26 18:00:00,2348.2,2374.8,2346.3,2366.1,49620.6386,16958
2026-04-26 20:00:00,2366.1,2371.9,2346.7,2363.1,25426.7494,13476
2026-04-26 22:00:00,2363.2,2378.7,2352.4,2368.4,30020.8445,16136
2026-04-27 00:00:00,2368.5,2403.4,2358.4,2393.7,37327.0335,22862
2026-04-27 02:00:00,2393.7,2399.0,2386.3,2393.7,16215.2731,9328
2026-04-27 04:00:00,2393.6,2394.9,2317.8,2322.0,74472.0538,24744
2026-04-27 06:00:00,2322.1,2327.8,2312.0,2315.0,26420.3338,11865
2026-04-27 08:00:00,2314.8,2324.2,2307.8,2321.2,22067.4986,9893
2026-04-27 10:00:00,2321.2,2322.6,2315.7,2319.4,13350.3108,5918
2026-04-27 12:00:00,2319.3,2319.6,2302.7,2311.4,30453.3281,11767
2026-04-27 14:00:00,2311.4,2328.4,2262.2,2273.4,76675.8053,31472
2026-04-27 16:00:00,2273.4,2291.8,2269.1,2286.2,24987.7249,14218
2026-04-27 18:00:00,2286.1,2290.4,2273.5,2287.8,10132.6555,10365
2026-04-27 20:00:00,2287.8,2295.0,2285.5,2286.0,7216.6781,5918
2026-04-27 22:00:00,2286.1,2307.6,2283.5,2302.3,11891.569,9022
2026-04-28 00:00:00,2302.4,2309.4,2296.5,2297.3,14225.9523,11465
2026-04-28 02:00:00,2297.3,2299.6,2279.7,2289.5,12790.1192,11049
2026-04-28 04:00:00,2289.5,2295.5,2282.0,2287.0,11832.7786,7480
2026-04-28 06:00:00,2287.0,2289.3,2268.1,2286.3,18758.1035,10920
2026-04-28 08:00:00,2286.4,2290.0,2275.1,2281.0,8716.1556,8519
2026-04-28 10:00:00,2280.9,2286.1,2269.0,2273.9,10417.8411,8584
2026-04-28 12:00:00,2273.9,2284.8,2255.3,2275.4,51900.5298,19879
2026-04-28 14:00:00,2275.4,2279.5,2260.3,2278.7,43019.4149,19583
2026-04-28 16:00:00,2278.6,2292.4,2273.4,2289.7,23728.9989,14786
2026-04-28 18:00:00,2289.6,2304.5,2286.8,2300.9,18007.8698,11287
2026-04-28 20:00:00,2300.8,2304.9,2285.0,2289.5,23553.9193,8903
2026-04-28 22:00:00,2289.4,2293.7,2283.0,2288.8,6506.5376,4890
2026-04-29 00:00:00,2288.9,2296.6,2278.4,2291.8,12021.5776,8630
2026-04-29 02:00:00,2291.8,2316.4,2283.8,2311.1,28081.8798,12282
2026-04-29 04:00:00,2311.2,2341.4,2308.9,2327.8,34399.2017,16756
2026-04-29 06:00:00,2327.8,2335.3,2319.9,2323.0,20973.475,9339
2026-04-29 08:00:00,2322.9,2345.4,2320.2,2338.8,17216.0297,12097
2026-04-29 10:00:00,2338.9,2345.5,2327.8,2330.5,15405.341,10864
2026-04-29 12:00:00,2330.6,2330.7,2289.2,2301.8,62374.4987,24818
2026-04-29 14:00:00,2301.8,2307.1,2262.1,2270.8,51041.3463,22890
2026-04-29 16:00:00,2271.0,2282.2,2262.3,2282.2,30219.4201,15932
2026-04-29 18:00:00,2282.3,2284.9,2218.0,2232.3,134440.2699,43521
2026-04-29 20:00:00,2232.4,2262.4,2229.4,2251.9,73375.822,21306
2026-04-29 22:00:00,2252.0,2259.5,2249.0,2251.5,9550.3722,9568
2026-04-30 00:00:00,2251.5,2278.2,2248.9,2267.9,47245.8898,16389
2026-04-30 02:00:00,2267.9,2271.9,2234.3,2252.0,28873.549,15293
2026-04-30 04:00:00,2251.9,2252.8,2230.4,2241.7,11488.3263,9147
2026-04-30 06:00:00,2241.6,2261.4,2240.8,2259.3,37315.5061,12921
2026-04-30 08:00:00,2259.4,2271.0,2254.4,2260.8,37020.1837,16014
2026-04-30 10:00:00,2260.8,2272.4,2250.0,2256.7,45001.7435,16186
2026-04-30 12:00:00,2256.8,2271.3,2253.2,2263.0,52262.4668,14875
2026-04-30 14:00:00,2262.7,2274.5,2244.4,2264.9,66289.504,19957
2026-04-30 16:00:00,2264.9,2266.2,2250.4,2257.4,22842.4919,9632
2026-04-30 18:00:00,2257.3,2266.2,2253.6,2261.4,30047.5295,10647
2026-04-30 20:00:00,2261.2,2266.2,2253.4,2255.4,18427.8493,7937
2026-04-30 22:00:00,2255.3,2260.4,2251.3,2256.4,17246.2316,7721
2026-05-01 00:00:00,2256.5,2269.9,2256.4,2266.8,16130.8469,8448
2026-05-01 02:00:00,2266.8,2294.0,2265.0,2281.7,26310.7804,11218
2026-05-01 04:00:00,2281.7,2286.0,2276.7,2282.4,6576.7735,4581
2026-05-01 06:00:00,2282.5,2285.6,2271.4,2278.8,15412.0966,7643
2026-05-01 08:00:00,2278.7,2287.7,2276.8,2281.0,17190.1459,9131
2026-05-01 10:00:00,2281.1,2292.6,2275.9,2285.3,23833.5011,8747
2026-05-01 12:00:00,2285.2,2322.9,2282.9,2317.3,67512.188,27491
2026-05-01 14:00:00,2317.2,2324.2,2297.9,2306.9,49572.8512,21268
2026-05-01 16:00:00,2306.8,2313.4,2297.2,2311.0,30043.2402,15810
2026-05-01 18:00:00,2311.0,2311.5,2301.2,2303.9,9511.7695,7206
2026-05-01 20:00:00,2303.9,2304.9,2278.0,2291.4,45163.2041,16489
2026-05-01 22:00:00,2291.4,2298.4,2288.0,2294.7,11558.6063,7068
2026-05-02 00:00:00,2294.7,2299.3,2291.9,2297.5,5563.4882,4901
2026-05-02 02:00:00,2297.5,2307.3,2294.5,2303.4,7719.5714,6483
2026-05-02 04:00:00,2303.4,2304.0,2296.0,2298.5,4634.2802,3499
2026-05-02 06:00:00,2298.5,2306.0,2296.0,2300.2,17913.636,5679
2026-05-02 08:00:00,2300.2,2306.9,2298.4,2304.3,5869.9162,3754
2026-05-02 10:00:00,2304.3,2305.0,2299.3,2301.2,9436.7618,4379
2026-05-02 12:00:00,2301.1,2310.8,2300.2,2306.9,8184.5669,4230
2026-05-02 14:00:00,2307.0,2309.2,2304.1,2307.9,8370.3567,3750
2026-05-02 16:00:00,2308.0,2312.4,2304.7,2304.9,7681.4763,4729
2026-05-02 18:00:00,2305.0,2312.7,2303.2,2310.5,16626.6737,5180
2026-05-02 20:00:00,2310.5,2341.9,2309.2,2324.9,32157.3991,11111
2026-05-02 22:00:00,2325.0,2327.3,2313.8,2316.0,15549.5398,8247
2026-05-03 00:00:00,2316.1,2316.6,2302.3,2303.2,9964.0523,7784
2026-05-03 02:00:00,2303.0,2305.8,2298.0,2301.1,8902.0568,4654
2026-05-03 04:00:00,2301.0,2304.0,2296.8,2303.0,6136.4804,3468
2026-05-03 06:00:00,2303.1,2313.0,2298.9,2308.1,7590.2366,9165
2026-05-03 08:00:00,2308.1,2320.5,2306.5,2315.5,15250.4387,6739
2026-05-03 10:00:00,2315.6,2326.8,2309.5,2318.6,27942.9159,9154
2026-05-03 12:00:00,2318.5,2335.4,2318.5,2321.2,33200.7542,10026
2026-05-03 14:00:00,2321.1,2332.4,2320.4,2327.4,8822.702,6828
2026-05-03 16:00:00,2327.5,2334.5,2321.3,2330.7,9064.9616,8495
2026-05-03 18:00:00,2330.7,2336.7,2327.2,2334.7,11998.1085,7900
2026-05-03 20:00:00,2334.7,2344.0,2313.8,2322.8,25259.8422,14913
2026-05-03 22:00:00,2322.8,2355.5,2319.1,2321.7,48753.9764,23173
2026-05-04 00:00:00,2321.8,2353.0,2308.4,2349.9,25783.8691,18120
2026-05-04 02:00:00,2349.9,2390.0,2344.5,2383.9,74695.4939,36413
2026-05-04 04:00:00,2383.9,2397.9,2374.2,2375.2,29412.4655,16753
2026-05-04 06:00:00,2375.2,2377.0,2353.2,2361.9,23431.6347,11417
2026-05-04 08:00:00,2361.8,2370.4,2356.8,2367.7,19609.4367,10915
2026-05-04 10:00:00,2367.7,2368.7,2313.3,2336.4,72299.224,31583
2026-05-04 12:00:00,2336.4,2343.8,2324.7,2335.3,21851.4324,14778
2026-05-04 14:00:00,2335.5,2380.7,2326.6,2349.0,86204.6104,36070
2026-05-04 16:00:00,2349.0,2378.3,2335.7,2368.9,47249.6348,23303
2026-05-04 18:00:00,2369.0,2373.9,2352.9,2355.4,23672.9963,14793
2026-05-04 20:00:00,2355.4,2363.1,2346.2,2359.6,9807.4337,8834
2026-05-04 22:00:00,2359.6,2364.3,2343.2,2346.0,11174.7115,8718
2026-05-05 00:00:00,2345.9,2363.4,2343.9,2361.0,10227.5543,9711
2026-05-05 02:00:00,2361.0,2388.3,2358.5,2381.5,34573.2097,16369
2026-05-05 04:00:00,2381.5,2389.2,2373.9,2379.0,25136.9645,10979
2026-05-05 06:00:00,2379.0,2387.5,2366.3,2379.7,18211.538,11349
2026-05-05 08:00:00,2379.5,2383.4,2366.0,2368.6,13490.5599,8704
2026-05-05 10:00:00,2368.6,2382.0,2366.2,2378.6,14412.4885,9758
2026-05-05 12:00:00,2378.6,2398.4,2375.2,2387.7,53475.6139,21436
2026-05-05 14:00:00,2387.4,2391.5,2367.5,2380.2,75414.8246,26799
2026-05-05 16:00:00,2380.2,2382.5,2358.3,2361.9,44016.4439,16355
2026-05-05 18:00:00,2362.1,2375.2,2362.1,2370.7,14483.4916,9010
2026-05-05 20:00:00,2370.8,2387.5,2367.4,2374.2,42249.4948,14765
2026-05-05 22:00:00,2374.2,2380.7,2352.9,2359.3,45472.1371,18336
2026-05-06 00:00:00,2359.3,2374.3,2353.2,2371.8,44653.626,13980
2026-05-06 02:00:00,2372.0,2379.9,2358.3,2375.6,14648.9486,10503
2026-05-06 04:00:00,2375.5,2378.3,2353.3,2364.0,18200.0932,13122
2026-05-06 06:00:00,2363.9,2374.2,2359.7,2370.8,30391.5855,12336
2026-05-06 08:00:00,2370.8,2417.8,2368.6,2412.4,116434.1647,32257
2026-05-06 10:00:00,2412.4,2423.8,2404.2,2409.7,78349.9186,27436
2026-05-06 12:00:00,2409.8,2413.7,2363.9,2368.1,110634.474,39081
2026-05-06 14:00:00,2368.2,2372.3,2337.9,2358.1,66385.2288,31881
2026-05-06 16:00:00,2358.2,2366.5,2346.6,2348.7,28997.0429,17236
2026-05-06 18:00:00,2348.7,2351.4,2336.3,2348.0,21526.9956,13332
2026-05-06 20:00:00,2348.0,2356.3,2344.1,2353.2,22423.1377,9723
2026-05-06 22:00:00,2353.4,2354.1,2337.0,2350.2,22172.6994,8617
2026-05-07 00:00:00,2350.2,2351.7,2313.0,2326.0,55906.5464,20111
2026-05-07 02:00:00,2326.0,2326.4,2312.8,2321.1,20301.1998,10131
2026-05-07 04:00:00,2321.1,2332.8,2316.6,2330.0,14682.881,8446
2026-05-07 06:00:00,2330.2,2345.9,2318.8,2343.4,25458.5921,10907
2026-05-07 08:00:00,2343.5,2345.7,2325.8,2327.7,25442.4509,15755
2026-05-07 10:00:00,2327.8,2330.5,2316.0,2328.9,24365.4534,13220
2026-05-07 12:00:00,2329.0,2335.7,2303.2,2313.3,29471.5284,17434
2026-05-07 14:00:00,2313.2,2317.5,2285.0,2293.6,70153.9015,27029
2026-05-07 16:00:00,2293.9,2301.0,2279.3,2299.4,28590.1963,15811
2026-05-07 18:00:00,2299.4,2303.8,2288.1,2295.6,27495.8143,13101
2026-05-07 20:00:00,2295.6,2302.3,2281.0,2288.0,24577.5689,11015
2026-05-07 22:00:00,2288.0,2293.2,2280.6,2290.6,13983.84,8708
2026-05-08 00:00:00,2290.7,2293.9,2279.3,2284.3,14622.5076,6997
2026-05-08 02:00:00,2284.2,2284.8,2263.4,2278.0,48189.7768,13684
2026-05-08 04:00:00,2278.0,2283.9,2275.4,2275.4,4591.487,4764
2026-05-08 06:00:00,2275.4,2281.3,2266.0,2280.3,13753.4979,8619
2026-05-08 08:00:00,2280.3,2291.0,2279.0,2283.4,9661.3462,9063
2026-05-08 10:00:00,2283.4,2296.6,2280.1,2294.5,11935.7539,7404
2026-05-08 12:00:00,2294.4,2300.0,2268.4,2275.2,27061.2835,13294
2026-05-08 14:00:00,2275.0,2293.8,2272.3,2292.5,48831.0798,16634
2026-05-08 16:00:00,2292.4,2314.8,2285.4,2304.1,53420.4036,17443
2026-05-08 18:00:00,2304.1,2321.1,2304.1,2314.9,49508.1755,13508
2026-05-08 20:00:00,2315.0,2315.9,2303.7,2314.0,18287.2584,7582
2026-05-08 22:00:00,2314.0,2318.4,2302.4,2306.8,30894.565,7382
2026-05-09 00:00:00,2306.8,2318.0,2304.0,2314.0,27989.2382,7273
2026-05-09 02:00:00,2314.1,2320.1,2312.3,2315.1,8802.704,5417
2026-05-09 04:00:00,2314.9,2325.3,2310.5,2314.0,15488.8973,6494
2026-05-09 06:00:00,2314.1,2318.4,2310.4,2314.2,8841.6217,4516
2026-05-09 08:00:00,2314.1,2319.6,2310.6,2312.3,10651.5464,5552
2026-05-09 10:00:00,2312.3,2314.8,2309.2,2314.1,4981.3852,4512
2026-05-09 12:00:00,2314.1,2317.7,2311.1,2313.6,5222.5007,4858
2026-05-09 14:00:00,2313.7,2316.3,2298.8,2316.3,24881.1098,13164
2026-05-09 16:00:00,2316.3,2332.6,2314.1,2328.8,38663.6777,16266
2026-05-09 18:00:00,2328.8,2337.5,2326.0,2331.1,10530.8692,7148
2026-05-09 20:00:00,2331.1,2332.0,2326.5,2330.2,4663.8467,4339
2026-05-09 22:00:00,2330.2,2332.8,2324.0,2326.0,8424.0438,4891
2026-05-10 00:00:00,2326.0,2329.5,2317.7,2323.3,24912.7479,8508
2026-05-10 02:00:00,2323.4,2332.5,2320.0,2327.1,9953.6066,6964
2026-05-10 04:00:00,2327.2,2330.2,2325.6,2326.7,9323.1873,5704
2026-05-10 06:00:00,2326.7,2331.3,2326.2,2327.1,7296.0963,4298
2026-05-10 08:00:00,2327.0,2332.9,2325.8,2327.8,6204.5815,4708
2026-05-10 10:00:00,2327.7,2328.4,2318.3,2322.5,8672.1904,4916
2026-05-10 12:00:00,2322.4,2331.5,2320.6,2329.5,5741.5105,3980
2026-05-10 14:00:00,2329.5,2351.0,2326.9,2347.5,18354.0026,10943
2026-05-10 16:00:00,2347.6,2367.7,2339.8,2363.2,40315.5856,17867
2026-05-10 18:00:00,2363.3,2366.3,2350.6,2365.1,39041.5314,14310
2026-05-10 20:00:00,2365.2,2369.3,2310.6,2330.3,72543.514,27512
2026-05-10 22:00:00,2330.3,2382.3,2327.2,2370.6,60228.4777,25377
2026-05-11 00:00:00,2370.7,2374.3,2344.4,2358.3,44085.6362,18335
2026-05-11 02:00:00,2358.4,2360.2,2319.2,2329.8,27137.1877,16086
2026-05-11 04:00:00,2329.9,2339.9,2326.0,2334.6,9093.3526,6996
2026-05-11 06:00:00,2334.6,2341.0,2327.5,2330.0,7045.7648,6618
2026-05-11 08:00:00,2330.0,2338.2,2326.0,2335.7,9960.867,6821
2026-05-11 10:00:00,2335.6,2339.1,2326.8,2335.3,9462.6327,6021
2026-05-11 12:00:00,2335.3,2338.2,2313.6,2321.4,22468.0915,12057
2026-05-11 14:00:00,2321.3,2335.1,2302.1,2332.7,59651.8176,24732
2026-05-11 16:00:00,2332.6,2342.5,2322.5,2336.1,36633.4212,15411
2026-05-11 18:00:00,2336.1,2343.5,2331.2,2339.5,14866.762,8567
2026-05-11 20:00:00,2339.5,2345.3,2335.7,2340.0,19592.7002,8462
2026-05-11 22:00:00,2340.0,2345.1,2334.4,2339.0,12460.3682,5861
2026-05-12 00:00:00,2339.0,2340.0,2293.6,2310.6,35359.91,15020
2026-05-12 02:00:00,2310.5,2316.3,2306.2,2308.3,19640.8757,9646
2026-05-12 04:00:00,2308.4,2313.4,2304.8,2309.9,11276.1249,6628
2026-05-12 06:00:00,2309.8,2313.2,2290.8,2294.5,19421.0673,11637
2026-05-12 08:00:00,2294.5,2295.1,2279.5,2292.0,34955.0365,15799
2026-05-12 10:00:00,2292.1,2292.9,2278.0,2285.8,16083.9487,9991
2026-05-12 12:00:00,2285.9,2293.3,2267.5,2270.4,27816.9794,19260
2026-05-12 14:00:00,2270.3,2280.5,2255.4,2260.6,58125.4205,27880
2026-05-12 16:00:00,2260.5,2276.9,2255.2,2275.4,21331.3361,15665
2026-05-12 18:00:00,2275.4,2286.5,2274.0,2283.7,20230.5215,13739
2026-05-12 20:00:00,2283.7,2286.6,2280.1,2284.6,10613.7338,10371
2026-05-12 22:00:00,2284.7,2290.2,2272.8,2273.7,8591.4119,9588
2026-05-13 00:00:00,2273.7,2295.0,2272.4,2289.0,16063.4568,11827
2026-05-13 02:00:00,2289.1,2303.5,2286.3,2301.2,46962.2194,16071
2026-05-13 04:00:00,2301.3,2308.1,2295.3,2297.4,9428.7249,8039
2026-05-13 06:00:00,2297.4,2304.7,2296.4,2300.6,4583.1516,6181
2026-05-13 08:00:00,2300.6,2323.2,2300.5,2320.7,20921.636,12094
2026-05-13 10:00:00,2320.7,2321.3,2298.1,2301.3,17364.7962,8989
2026-05-13 12:00:00,2301.3,2306.8,2257.8,2262.0,49455.659,25587
2026-05-13 14:00:00,2262.0,2270.0,2233.6,2235.8,69822.9059,26322
2026-05-13 16:00:00,2235.8,2261.4,2234.7,2258.1,48022.3025,18944
2026-05-13 18:00:00,2258.0,2267.9,2249.7,2256.1,22384.2417,11580
2026-05-13 20:00:00,2256.1,2263.8,2252.9,2255.0,10933.3926,7823
2026-05-13 22:00:00,2255.0,2261.3,2250.1,2258.0,7726.6891,6843
2026-05-14 00:00:00,2258.0,2269.0,2257.6,2264.3,10109.3441,8017
2026-05-14 02:00:00,2264.2,2265.8,2237.7,2241.3,16109.5939,11869
2026-05-14 04:00:00,2241.3,2273.0,2238.5,2267.5,13525.8716,9562
2026-05-14 06:00:00,2267.6,2274.5,2263.2,2264.3,10104.7704,8010
2026-05-14 08:00:00,2264.3,2270.0,2251.6,2256.9,10799.7206,8433
2026-05-14 10:00:00,2256.9,2264.7,2251.3,2252.9,41085.1501,14279
2026-05-14 12:00:00,2252.8,2264.8,2247.1,2248.8,27439.7165,13544
2026-05-14 14:00:00,2248.9,2298.5,2245.1,2297.5,56774.7553,25224
2026-05-14 16:00:00,2297.5,2318.7,2292.5,2307.3,56885.5526,26447
2026-05-14 18:00:00,2307.3,2316.0,2296.4,2297.2,22545.9721,15083
2026-05-14 20:00:00,2297.3,2300.3,2287.3,2296.2,20863.8665,12646
2026-05-14 22:00:00,2296.3,2300.0,2279.8,2282.1,12446.0388,7764
2026-05-15 00:00:00,2282.2,2299.3,2273.8,2274.6,19147.3814,14246
2026-05-15 02:00:00,2274.7,2278.5,2259.3,2272.4,61182.8633,19778
2026-05-15 04:00:00,2272.4,2272.7,2236.2,2244.1,29898.1832,17321
2026-05-15 06:00:00,2244.1,2270.4,2242.5,2264.3,20769.6497,9828
2026-05-15 08:00:00,2264.3,2264.6,2249.2,2253.3,12485.5612,8948
2026-05-15 10:00:00,2253.4,2263.5,2251.3,2256.6,13525.2934,7784
2026-05-15 12:00:00,2256.6,2259.3,2209.3,2212.3,82452.1126,27161
2026-05-15 14:00:00,2212.3,2223.4,2204.0,2221.9,112061.8109,30657
2026-05-15 16:00:00,2222.0,2232.0,2217.1,2228.2,54091.5956,17151
2026-05-15 18:00:00,2228.4,2231.6,2221.2,2222.3,10368.2836,8168
2026-05-15 20:00:00,2222.2,2225.3,2213.3,2215.6,25095.5553,7316
2026-05-15 22:00:00,2215.7,2225.2,2215.7,2223.3,6465.9938,3618
2026-05-16 00:00:00,2223.3,2230.5,2222.1,2228.6,22508.1258,5481
2026-05-16 02:00:00,2228.7,2230.3,2226.0,2226.9,3323.4245,3950
2026-05-16 04:00:00,2226.9,2227.7,2217.4,2224.2,14336.9695,4787
2026-05-16 06:00:00,2224.2,2225.8,2180.9,2193.7,65695.9119,20442
2026-05-16 08:00:00,2193.6,2195.7,2161.2,2172.4,29955.0904,16185
2026-05-16 10:00:00,2172.4,2180.0,2161.4,2175.6,33178.1625,12116
2026-05-16 12:00:00,2175.6,2179.1,2171.8,2176.1,32009.0947,8454
2026-05-16 14:00:00,2176.2,2187.5,2173.0,2179.1,39347.1812,11018
2026-05-16 16:00:00,2179.1,2182.6,2169.1,2178.1,10281.5262,6682
2026-05-16 18:00:00,2178.1,2183.5,2175.5,2178.7,5364.2116,4445
2026-05-16 20:00:00,2178.7,2182.1,2178.7,2181.2,10199.6391,4776
2026-05-16 22:00:00,2181.1,2181.9,2178.1,2179.4,5963.6033,4457
2026-05-17 00:00:00,2179.3,2184.6,2166.6,2168.0,37030.2183,10414
2026-05-17 02:00:00,2168.1,2182.9,2168.0,2180.5,7906.3421,5820
2026-05-17 04:00:00,2180.4,2193.8,2180.0,2184.8,7297.726,5966
2026-05-17 06:00:00,2184.7,2187.2,2180.2,2185.4,18630.6481,6217
2026-05-17 08:00:00,2185.1,2190.0,2182.0,2189.0,5519.7683,4284
2026-05-17 10:00:00,2188.9,2196.8,2186.5,2190.8,19895.2894,7999
2026-05-17 12:00:00,2190.7,2197.2,2186.0,2190.6,16580.3641,7456
2026-05-17 14:00:00,2190.6,2191.1,2177.2,2185.6,14777.6386,8395
2026-05-17 16:00:00,2185.5,2187.6,2175.3,2183.1,19408.8721,6518
2026-05-17 18:00:00,2183.1,2192.7,2178.3,2191.4,13839.5814,7159
2026-05-17 20:00:00,2191.4,2193.8,2185.8,2190.9,10425.485,5428
2026-05-17 22:00:00,2190.8,2190.8,2089.4,2130.1,149967.8925,37578
2026-05-18 00:00:00,2130.2,2130.8,2103.9,2116.4,50696.5625,26625
2026-05-18 02:00:00,2116.4,2122.8,2111.5,2117.5,13601.0894,10723
2026-05-18 04:00:00,2117.5,2124.8,2113.3,2117.2,13793.4192,7300
2026-05-18 06:00:00,2117.3,2122.6,2109.1,2119.5,23294.3642,9588
2026-05-18 08:00:00,2119.5,2122.7,2114.5,2115.7,11325.0489,8339
2026-05-18 10:00:00,2115.7,2138.7,2109.3,2132.5,40121.7792,15414
2026-05-18 12:00:00,2132.5,2156.1,2119.1,2129.9,115555.1397,29468
2026-05-18 14:00:00,2129.9,2129.9,2092.3,2106.4,77136.941,33471
2026-05-18 16:00:00,2106.5,2110.6,2090.0,2107.2,30041.1666,18114
2026-05-18 18:00:00,2107.3,2127.8,2077.0,2124.1,120838.6004,37352
2026-05-18 20:00:00,2124.0,2142.1,2114.0,2136.8,74635.3608,23053
2026-05-18 22:00:00,2136.7,2143.1,2127.5,2129.7,37485.5906,13129
2026-05-19 00:00:00,2129.7,2146.3,2122.8,2124.1,33528.1297,14370
2026-05-19 02:00:00,2124.0,2135.1,2118.4,2130.3,16830.2182,9740
2026-05-19 04:00:00,2130.2,2136.9,2122.5,2134.4,13887.306,7637
2026-05-19 06:00:00,2134.4,2144.0,2131.9,2140.0,10341.8194,6385
2026-05-19 08:00:00,2140.1,2140.4,2110.6,2113.3,20289.2314,9417
2026-05-19 10:00:00,2113.3,2121.0,2105.6,2109.8,27161.6669,9622
2026-05-19 12:00:00,2109.8,2126.6,2106.9,2118.2,37487.8286,12962
2026-05-19 14:00:00,2118.2,2122.7,2093.5,2109.2,51871.3706,21087
2026-05-19 16:00:00,2109.3,2124.6,2106.4,2114.9,17341.0774,10237
2026-05-19 18:00:00,2115.0,2122.6,2109.3,2112.3,18236.084,8171
2026-05-19 20:00:00,2112.4,2119.8,2111.5,2115.9,4684.1581,4421
2026-05-19 22:00:00,2115.9,2117.6,2101.5,2110.8,11441.0731,7287
2026-05-20 00:00:00,2110.9,2117.6,2102.5,2114.5,13160.9993,9579
2026-05-20 02:00:00,2114.3,2116.4,2105.1,2110.5,8225.1183,6797
2026-05-20 04:00:00,2110.6,2129.7,2106.3,2124.8,28562.6636,10037
2026-05-20 06:00:00,2124.6,2135.9,2124.6,2128.8,22608.6938,8764
2026-05-20 08:00:00,2128.7,2137.5,2127.0,2128.6,10376.6684,7101
2026-05-20 10:00:00,2128.6,2136.3,2123.7,2127.6,6717.3641,5919
2026-05-20 12:00:00,2127.6,2139.7,2114.7,2120.1,25165.0866,12231
2026-05-20 14:00:00,2120.1,2148.1,2113.6,2136.0,44779.683,20607
2026-05-20 16:00:00,2136.0,2148.2,2123.3,2139.9,20139.2452,12878
2026-05-20 18:00:00,2139.9,2140.7,2128.3,2138.3,10668.7373,8388
2026-05-20 20:00:00,2138.5,2140.1,2129.0,2129.8,32274.7211,10339
2026-05-20 22:00:00,2129.7,2129.8,2117.4,2129.1,14517.1862,8600
2026-05-21 00:00:00,2129.0,2156.7,2127.9,2140.5,76237.7406,16696
2026-05-21 02:00:00,2140.5,2147.6,2139.0,2145.4,6728.4841,6221
2026-05-21 04:00:00,2145.5,2148.5,2132.9,2136.0,11447.0634,6687
2026-05-21 06:00:00,2135.9,2138.2,2123.9,2134.7,20083.7517,8569
2026-05-21 08:00:00,2134.5,2147.6,2127.2,2127.5,25740.5939,9988
2026-05-21 10:00:00,2127.4,2129.2,2108.7,2114.0,35450.1614,14348
2026-05-21 12:00:00,2114.1,2124.1,2104.2,2120.1,40522.5098,14371
2026-05-21 14:00:00,2120.1,2137.9,2110.2,2131.9,36893.5104,17086
2026-05-21 16:00:00,2131.9,2153.0,2122.0,2146.2,59392.0447,19174
2026-05-21 18:00:00,2146.1,2147.6,2120.3,2142.7,53776.5757,17696
2026-05-21 20:00:00,2142.7,2143.0,2133.6,2134.4,10231.0967,5656
2026-05-21 22:00:00,2134.5,2136.4,2126.5,2133.1,12685.9933,6997
2026-05-22 00:00:00,2133.3,2136.3,2124.7,2135.2,8449.0828,7601
2026-05-22 02:00:00,2135.2,2140.7,2133.8,2137.1,5216.7342,4995
2026-05-22 04:00:00,2137.1,2140.9,2127.1,2128.6,5400.633,4449
2026-05-22 06:00:00,2128.6,2132.3,2121.6,2128.1,12081.372,7612
2026-05-22 08:00:00,2128.0,2133.0,2118.2,2123.4,29202.1434,11369
2026-05-22 10:00:00,2123.4,2130.6,2119.6,2130.2,14929.3248,6272
2026-05-22 12:00:00,2130.3,2137.5,2123.2,2129.5,22791.2444,10803
2026-05-22 14:00:00,2129.5,2129.5,2111.5,2119.1,24857.6011,15278
2026-05-22 16:00:00,2119.0,2129.1,2117.4,2118.7,26225.9943,9503
2026-05-22 18:00:00,2118.7,2121.0,2056.2,2064.7,172274.1713,40988
2026-05-22 20:00:00,2064.6,2078.7,2063.8,2077.3,43091.5331,14706
2026-05-22 22:00:00,2077.3,2078.5,2056.2,2064.8,52843.2647,14760
2026-05-23 00:00:00,2064.9,2069.6,2052.1,2068.1,52290.6107,16999
2026-05-23 02:00:00,2068.2,2071.2,2063.8,2069.9,5884.1619,5704
2026-05-23 04:00:00,2070.0,2070.4,2061.5,2064.0,14628.4808,5352
2026-05-23 06:00:00,2064.0,2064.9,2008.5,2027.6,73597.2411,19858
2026-05-23 08:00:00,2027.5,2031.4,2020.2,2026.4,34120.598,14873
2026-05-23 10:00:00,2026.4,2034.4,2026.1,2030.4,17121.1592,7587
2026-05-23 12:00:00,2030.4,2044.8,2025.7,2043.7,22355.1674,11330
2026-05-23 14:00:00,2043.6,2067.6,2040.0,2059.0,40366.7766,16089
2026-05-23 16:00:00,2058.9,2064.0,2056.0,2062.7,13803.6737,10268
2026-05-23 18:00:00,2062.7,2081.8,2062.4,2076.3,31175.5041,14045
2026-05-23 20:00:00,2076.3,2149.0,2073.7,2115.7,190184.2066,46344
2026-05-23 22:00:00,2115.7,2121.2,2101.6,2116.8,72748.5607,15633
2026-05-24 00:00:00,2116.8,2124.4,2112.4,2121.7,15776.9345,8833
2026-05-24 02:00:00,2121.7,2126.2,2116.2,2118.4,9353.8357,5250
2026-05-24 04:00:00,2118.2,2122.9,2112.9,2119.1,5113.1858,4321
2026-05-24 06:00:00,2119.1,2129.5,2116.8,2120.3,7341.6267,5631
2026-05-24 08:00:00,2120.4,2123.4,2118.5,2122.6,7797.643,5496
2026-05-24 10:00:00,2122.7,2130.0,2118.6,2124.7,9128.9978,6020
2026-05-24 12:00:00,2125.2,2125.7,2105.0,2109.3,19169.2091,8319
2026-05-24 14:00:00,2109.3,2111.5,2078.5,2094.6,40581.1485,15692
2026-05-24 16:00:00,2094.6,2108.0,2094.0,2102.0,19367.4133,7670
2026-05-24 18:00:00,2102.0,2103.9,2095.2,2099.7,7160.0282,5315
2026-05-24 20:00:00,2099.7,2101.0,2061.4,2069.5,34002.828,15094
2026-05-24 22:00:00,2069.5,2105.8,2069.5,2098.6,48280.3713,17873
2026-05-25 00:00:00,2098.6,2108.0,2091.8,2092.8,14488.2472,9281
2026-05-25 02:00:00,2092.8,2112.3,2091.0,2094.0,42769.3587,12791
2026-05-25 04:00:00,2094.1,2110.6,2090.9,2106.8,21739.1602,9325
2026-05-25 06:00:00,2106.7,2116.6,2098.0,2115.0,28047.6647,12259
2026-05-25 08:00:00,2115.0,2123.2,2110.7,2115.7,7637.6189,6295
2026-05-25 10:00:00,2115.8,2119.9,2113.3,2113.9,8524.5366,4718
2026-05-25 12:00:00,2114.0,2118.7,2111.4,2115.5,9005.366,5653
2026-05-25 14:00:00,2115.4,2136.8,2114.6,2126.1,43162.54,13083
2026-05-25 16:00:00,2126.2,2141.0,2124.1,2127.9,12307.4475,7506
2026-05-25 18:00:00,2127.8,2133.0,2115.1,2120.7,15633.8774,6030
2026-05-25 20:00:00,2120.5,2122.2,2106.5,2109.8,16545.3122,6467
2026-05-25 22:00:00,2109.8,2114.4,2101.0,2112.4,34670.8849,7137
2026-05-26 00:00:00,2112.4,2113.2,2084.3,2093.9,73257.1493,15968
2026-05-26 02:00:00,2093.9,2095.1,2084.0,2092.5,23747.9375,6902
2026-05-26 04:00:00,2092.6,2102.9,2088.0,2100.1,9412.1243,4628
2026-05-26 06:00:00,2099.8,2104.1,2090.0,2094.7,12015.6285,5484
2026-05-26 08:00:00,2094.8,2099.4,2093.4,2095.9,7394.5731,4623
2026-05-26 10:00:00,2096.0,2137.1,2093.5,2119.9,53838.2923,14293
2026-05-26 12:00:00,2119.9,2131.0,2108.8,2124.2,23635.4422,10887
2026-05-26 14:00:00,2124.4,2140.0,2077.6,2086.4,86978.6504,27996
2026-05-26 16:00:00,2086.4,2088.6,2053.6,2070.0,46878.1595,21589
2026-05-26 18:00:00,2070.0,2079.7,2064.5,2073.3,22033.9184,11602
2026-05-26 20:00:00,2073.3,2077.8,2068.2,2071.8,19113.306,7299
2026-05-26 22:00:00,2072.0,2075.8,2064.8,2072.6,9358.0659,5569
2026-05-27 00:00:00,2072.7,2083.1,2070.6,2073.2,15092.5613,7857
2026-05-27 02:00:00,2073.2,2079.0,2068.0,2068.6,11363.8331,8380
2026-05-27 04:00:00,2068.6,2078.0,2055.0,2076.2,24668.3036,11641
2026-05-27 06:00:00,2076.2,2083.3,2074.0,2082.9,15445.0175,7624
2026-05-27 08:00:00,2082.8,2095.8,2077.3,2082.5,18069.4899,11208
2026-05-27 10:00:00,2082.5,2086.8,2078.2,2079.7,19023.9735,7534
2026-05-27 12:00:00,2079.9,2096.2,2051.4,2063.8,64778.1735,22932
2026-05-27 14:00:00,2063.9,2078.8,2054.1,2070.9,35915.0753,17076
2026-05-27 16:00:00,2071.1,2073.8,2044.2,2051.2,26908.2718,13529
2026-05-27 18:00:00,2051.2,2060.5,2042.6,2056.7,27172.6114,12405
2026-05-27 20:00:00,2056.7,2065.2,2015.2,2020.2,61621.6204,17898
2026-05-27 22:00:00,2020.3,2034.3,2015.7,2023.9,65895.1748,20047
2026-05-28 00:00:00,2023.8,2028.4,2011.3,2019.0,26757.4404,14000
2026-05-28 02:00:00,2019.0,2020.9,1970.7,1980.5,86936.9229,26786
2026-05-28 04:00:00,1980.6,1985.3,1966.6,1977.5,47559.7879,19068
2026-05-28 06:00:00,1977.4,1995.8,1971.3,1994.2,26471.0112,12420
2026-05-28 08:00:00,1994.2,1994.6,1983.7,1992.7,11991.6068,9354
2026-05-28 10:00:00,1992.7,1997.1,1985.5,1988.7,12823.2762,8359
2026-05-28 12:00:00,1988.7,1994.2,1974.5,1980.6,34902.1062,15584
2026-05-28 14:00:00,1980.8,2005.5,1966.7,1989.7,87358.9827,25332
2026-05-28 16:00:00,1989.7,2026.6,1984.2,2018.9,75087.6456,23707
2026-05-28 18:00:00,2018.9,2029.3,2013.3,2013.4,36377.9153,14243
2026-05-28 20:00:00,2013.4,2024.1,2005.9,2019.6,32048.6706,9453
2026-05-28 22:00:00,2019.6,2022.4,2004.3,2009.2,13182.2769,6626
2026-05-29 00:00:00,2009.2,2016.9,2005.5,2007.7,25075.9946,8730
2026-05-29 02:00:00,2007.7,2010.1,1997.0,2002.3,12351.0545,7147
2026-05-29 04:00:00,2002.3,2014.9,1997.7,2014.1,19134.9186,6752
2026-05-29 06:00:00,2014.1,2021.1,2003.0,2007.1,22460.3913,7697
2026-05-29 08:00:00,2007.2,2015.7,2004.8,2014.2,10746.1453,5502
2026-05-29 10:00:00,2014.2,2014.4,2001.6,2006.8,13126.6038,7178
2026-05-29 12:00:00,2006.7,2006.8,1986.6,1998.7,33082.5065,12828
2026-05-29 14:00:00,1998.6,2046.7,1976.1,2031.0,181411.9508,41590
2026-05-29 16:00:00,2031.1,2043.9,2021.7,2027.5,88286.244,20828
2026-05-29 18:00:00,2027.5,2030.9,2003.2,2016.2,51817.218,15956
2026-05-29 20:00:00,2016.2,2023.2,2007.1,2008.5,12628.5094,7899
2026-05-29 22:00:00,2008.7,2016.6,2006.3,2013.7,9795.5572,6595
2026-05-30 00:00:00,2013.7,2021.1,2010.0,2018.8,9655.2973,5660
2026-05-30 02:00:00,2018.7,2022.9,2014.3,2016.0,9172.1315,4533
2026-05-30 04:00:00,2016.1,2018.0,2001.1,2015.2,33347.1375,8969
2026-05-30 06:00:00,2015.3,2020.0,2012.0,2015.2,12087.3765,3839
2026-05-30 08:00:00,2015.2,2016.2,2012.9,2015.9,6113.4691,3470
2026-05-30 10:00:00,2016.0,2021.5,2014.4,2016.6,8896.6219,3660
2026-05-30 12:00:00,2016.5,2021.8,2016.5,2020.0,3925.8,3084
2026-05-30 14:00:00,2020.3,2032.7,2019.7,2026.1,74587.5428,12119
2026-05-30 16:00:00,2026.2,2028.3,2018.4,2026.3,14018.4931,6272
2026-05-30 18:00:00,2026.4,2029.5,2023.7,2027.9,5147.6123,4460
2026-05-30 20:00:00,2028.1,2031.1,2025.1,2027.7,12401.292,5073
2026-05-30 22:00:00,2027.5,2027.5,2019.3,2021.6,6416.4205,4957
2026-05-31 00:00:00,2021.6,2034.1,2019.9,2028.6,10673.2985,5550
2026-05-31 02:00:00,2028.5,2037.2,2027.3,2033.1,8454.1117,4917
2026-05-31 04:00:00,2033.1,2034.5,2029.0,2029.8,5566.2774,4751
2026-05-31 06:00:00,2029.7,2030.7,2022.3,2023.6,7172.6549,4460
2026-05-31 08:00:00,2023.5,2028.4,2017.6,2020.2,14375.7293,5328
2026-05-31 10:00:00,2020.3,2023.5,2014.5,2022.3,7897.5811,5387
2026-05-31 12:00:00,2022.3,2025.7,2018.6,2019.5,3355.6635,4057
2026-05-31 14:00:00,2019.4,2020.7,2005.1,2010.0,54775.0566,13508
2026-05-31 16:00:00,2009.9,2011.6,1996.3,2005.2,20149.9897,8762
2026-05-31 18:00:00,2005.3,2005.7,1993.4,1999.2,11632.5176,7099
2026-05-31 20:00:00,1999.1,2014.2,1999.1,2012.0,12494.7332,7216
2026-05-31 22:00:00,2011.9,2023.1,2000.0,2006.7,43837.403,10832
2026-06-01 00:00:00,2006.8,2021.5,1993.7,1994.1,51887.6643,12859
2026-06-01 02:00:00,1994.0,2017.3,1991.3,2008.6,20694.8322,10351
2026-06-01 04:00:00,2008.7,2011.3,1991.1,1993.9,25843.9824,10687
2026-06-01 06:00:00,1993.9,1995.0,1971.0,1975.8,38528.2409,16948
2026-06-01 08:00:00,1975.8,1989.6,1971.2,1987.1,20203.3234,12583
2026-06-01 10:00:00,1987.0,1988.5,1976.7,1980.8,10378.6069,9215
2026-06-01 12:00:00,1980.8,1993.8,1954.8,1970.0,106915.5992,34363
2026-06-01 14:00:00,1969.9,1980.0,1959.7,1967.8,44042.7405,24746
2026-06-01 16:00:00,1967.9,1996.3,1957.9,1990.4,34146.6042,19701
2026-06-01 18:00:00,1990.5,2008.8,1982.9,2004.2,38304.5942,13381
2026-06-01 20:00:00,2004.2,2009.0,1992.3,1994.4,29180.7446,13031
2026-06-01 22:00:00,1994.3,2008.8,1984.4,2006.9,36634.3007,15381
2026-06-02 00:00:00,2007.0,2007.0,1978.3,1979.4,31558.5895,11788
2026-06-02 02:00:00,1979.4,2005.0,1961.9,2003.9,67579.5474,20232
2026-06-02 04:00:00,2003.9,2006.6,1984.1,1984.3,34253.9948,13215
2026-06-02 06:00:00,1984.3,1989.7,1973.5,1981.4,42990.4814,16189
2026-06-02 08:00:00,1981.3,1988.9,1966.4,1974.7,38456.4046,17327
2026-06-02 10:00:00,1974.8,1983.8,1971.2,1978.2,19755.6067,10786
2026-06-02 12:00:00,1978.2,1982.3,1971.2,1974.1,50295.6805,16423
2026-06-02 14:00:00,1974.1,1974.9,1889.0,1914.4,217034.8546,67432
2026-06-02 16:00:00,1914.4,1943.3,1908.9,1923.5,97966.7528,29233
2026-06-02 18:00:00,1923.5,1927.1,1882.3,1911.4,62243.0811,29700
2026-06-02 20:00:00,1911.6,1917.8,1894.6,1899.7,33647.4215,16883
2026-06-02 22:00:00,1899.8,1909.2,1838.0,1859.0,85273.15,36013
2026-06-03 00:00:00,1859.2,1873.4,1849.0,1863.8,22466.2093,15399
2026-06-03 02:00:00,1863.7,1863.9,1816.5,1826.8,99922.4463,27564
2026-06-03 04:00:00,1826.8,1875.4,1826.8,1873.2,64855.403,26436
2026-06-03 06:00:00,1873.1,1883.9,1867.6,1878.0,29446.6578,15818
2026-06-03 08:00:00,1877.9,1885.4,1869.1,1875.5,31665.845,16527
2026-06-03 10:00:00,1875.5,1892.0,1874.2,1877.3,42833.5758,15455
2026-06-03 12:00:00,1877.3,1879.0,1860.4,1866.4,64853.0372,26280
2026-06-03 14:00:00,1866.4,1867.4,1835.3,1835.9,53379.3578,24683
2026-06-03 16:00:00,1836.2,1843.1,1810.0,1827.3,72621.2599,33682
2026-06-03 18:00:00,1827.4,1833.7,1794.1,1802.6,57698.2456,25748
2026-06-03 20:00:00,1802.5,1850.0,1770.0,1850.0,160536.0156,54678
2026-06-03 22:00:00,1849.9,1850.8,1812.0,1812.3,91588.3456,33366
2026-06-04 00:00:00,1812.3,1819.9,1754.0,1758.9,151173.5439,53642
2026-06-04 02:00:00,1759.0,1811.7,1716.7,1808.6,169842.1818,57568
2026-06-04 04:00:00,1808.7,1817.8,1779.9,1783.3,41277.8766,26564
2026-06-04 06:00:00,1783.2,1801.2,1772.5,1776.6,40966.1113,24889
2026-06-04 08:00:00,1776.6,1782.5,1743.8,1765.8,60009.7344,34473
2026-06-04 10:00:00,1765.8,1766.1,1729.4,1750.6,59679.6265,30972
2026-06-04 12:00:00,1750.6,1789.7,1743.5,1784.7,73529.03,40181
2026-06-04 14:00:00,1784.9,1793.6,1765.7,1776.3,53050.4107,32720
2026-06-04 16:00:00,1776.3,1780.2,1753.5,1767.2,49509.7191,24104
2026-06-04 18:00:00,1767.3,1786.3,1759.2,1776.1,40272.519,18603
2026-06-04 20:00:00,1776.0,1782.5,1756.8,1760.4,51474.7883,18916
2026-06-04 22:00:00,1760.4,1776.1,1752.0,1770.3,36939.3464,21625
2026-06-05 00:00:00,1770.1,1773.9,1746.0,1752.4,31027.6187,19414
2026-06-05 02:00:00,1752.5,1753.9,1721.6,1728.5,62244.2809,24413
2026-06-05 04:00:00,1728.7,1746.8,1680.0,1683.2,106934.7908,35991
2026-06-05 06:00:00,1683.4,1687.9,1623.2,1678.3,179614.5202,61983
2026-06-05 08:00:00,1678.2,1689.2,1658.4,1681.7,76965.2209,29754
2026-06-05 10:00:00,1681.7,1684.4,1661.4,1662.3,41512.9946,19941
2026-06-05 12:00:00,1662.1,1676.9,1612.8,1614.2,131078.471,45451
2026-06-05 14:00:00,1614.1,1623.2,1571.0,1582.4,201013.905,71232
2026-06-05 16:00:00,1582.3,1612.1,1546.2,1593.3,243126.6078,65487
2026-06-05 18:00:00,1593.3,1597.9,1539.4,1573.3,197024.5605,55630
2026-06-05 20:00:00,1573.3,1618.4,1556.2,1609.2,110148.5926,33691
2026-06-05 22:00:00,1609.3,1609.7,1560.0,1582.4,81770.2245,29087
2026-06-06 00:00:00,1582.3,1600.7,1577.3,1582.3,26503.7026,18563
2026-06-06 02:00:00,1582.2,1584.8,1554.6,1562.2,30192.4557,17708
2026-06-06 04:00:00,1562.2,1568.9,1504.4,1566.1,127757.6125,45278
2026-06-06 06:00:00,1566.2,1581.1,1555.4,1574.3,51611.1282,21467
2026-06-06 08:00:00,1574.4,1592.4,1565.3,1569.9,38266.181,18443
2026-06-06 10:00:00,1569.9,1569.9,1534.9,1557.8,47642.6394,22085
2026-06-06 12:00:00,1557.9,1574.2,1550.1,1556.2,51752.0557,18295
2026-06-06 14:00:00,1556.4,1566.1,1544.1,1559.7,30364.1252,16415
2026-06-06 16:00:00,1559.7,1565.6,1546.4,1552.4,21514.7315,15066
2026-06-06 18:00:00,1552.5,1565.2,1548.8,1553.7,24983.1305,12517
2026-06-06 20:00:00,1553.9,1564.5,1550.1,1557.4,21886.9755,10930
2026-06-06 22:00:00,1557.5,1569.1,1550.6,1568.8,27981.0863,12042
2026-06-07 00:00:00,1568.9,1596.3,1563.3,1589.4,44967.9098,20174
2026-06-07 02:00:00,1589.4,1599.9,1581.7,1594.2,30478.1894,13070
2026-06-07 04:00:00,1594.0,1608.4,1584.0,1603.3,37646.8281,14871
2026-06-07 06:00:00,1603.3,1622.0,1597.7,1614.4,34869.5601,16143
2026-06-07 08:00:00,1614.4,1647.7,1607.8,1632.6,47555.5105,20126
2026-06-07 10:00:00,1632.6,1634.8,1621.8,1629.4,22492.9302,11201
2026-06-07 12:00:00,1629.5,1630.5,1606.3,1616.8,39577.1975,15486
2026-06-07 14:00:00,1616.7,1639.1,1616.1,1629.3,46963.0541,18221
2026-06-07 16:00:00,1629.3,1636.9,1622.5,1630.4,34637.8876,13762
2026-06-07 18:00:00,1630.3,1635.7,1602.5,1612.2,51609.6593,19491
2026-06-07 20:00:00,1612.0,1633.8,1608.4,1633.3,24244.3064,13509
2026-06-07 22:00:00,1633.6,1720.2,1628.0,1689.4,135502.8907,41415
2026-06-08 00:00:00,1689.6,1711.3,1670.3,1686.5,82495.69,22273
2026-06-08 02:00:00,1686.4,1692.0,1675.8,1678.8,33359.2377,10903
2026-06-08 04:00:00,1678.8,1680.1,1643.7,1652.7,37415.1682,16458
2026-06-08 06:00:00,1652.6,1677.5,1651.8,1672.9,43741.0648,13204
2026-06-08 08:00:00,1672.8,1672.8,1656.5,1670.2,26807.4539,13111
2026-06-08 10:00:00,1670.2,1696.4,1662.9,1683.1,55352.979,19150
2026-06-08 12:00:00,1683.0,1698.0,1666.9,1680.8,54654.82,25224
2026-06-08 14:00:00,1680.8,1705.2,1676.0,1690.6,58272.7477,24088
2026-06-08 16:00:00,1690.6,1703.0,1675.0,1685.6,87770.7707,20091
2026-06-08 18:00:00,1685.7,1692.2,1677.7,1683.5,82109.4183,18571
2026-06-08 20:00:00,1683.4,1713.8,1677.7,1702.6,51627.0627,19377
2026-06-08 22:00:00,1702.6,1713.7,1685.6,1688.8,79187.6907,18875
2026-06-09 00:00:00,1688.6,1696.6,1658.2,1668.2,175691.5824,28569
2026-06-09 02:00:00,1668.2,1671.0,1654.0,1668.7,36391.0663,11486
2026-06-09 04:00:00,1668.7,1695.9,1663.8,1687.5,37324.6656,14852
2026-06-09 06:00:00,1687.5,1694.7,1674.1,1679.2,16348.7349,9497
2026-06-09 08:00:00,1679.2,1679.9,1664.3,1669.8,17943.6151,10283
2026-06-09 10:00:00,1669.7,1675.5,1665.5,1671.0,18378.8507,9602
2026-06-09 12:00:00,1671.0,1683.1,1663.3,1666.2,74899.774,19076
2026-06-09 14:00:00,1666.1,1670.2,1633.3,1635.8,175929.9889,41991
2026-06-09 16:00:00,1635.7,1648.5,1609.8,1641.9,190044.9562,42204
2026-06-09 18:00:00,1641.9,1657.4,1638.8,1656.5,46294.1583,16455
2026-06-09 20:00:00,1656.5,1662.3,1646.4,1649.1,23564.1093,11858
2026-06-09 22:00:00,1649.2,1654.3,1629.9,1638.5,33627.2413,13499
2026-06-10 00:00:00,1638.7,1646.0,1628.2,1638.0,37681.395,17280
2026-06-10 02:00:00,1637.9,1641.3,1620.4,1630.0,67656.4084,15761
2026-06-10 04:00:00,1630.0,1632.1,1615.0,1626.9,39412.0768,15081
2026-06-10 06:00:00,1627.1,1642.8,1621.7,1639.2,19287.9945,12056
2026-06-10 08:00:00,1639.1,1639.9,1605.3,1622.7,36458.3158,16761
2026-06-10 10:00:00,1622.8,1629.4,1611.0,1619.0,21956.0712,14786
2026-06-10 12:00:00,1619.1,1667.4,1614.7,1650.9,219190.8757,38106
2026-06-10 14:00:00,1650.9,1664.0,1634.8,1656.9,93233.7793,27666
2026-06-10 16:00:00,1657.0,1657.6,1621.6,1631.4,55280.0401,24133
2026-06-10 18:00:00,1631.4,1635.5,1622.2,1629.3,56456.2946,17168
2026-06-10 20:00:00,1629.3,1636.2,1603.9,1610.3,138349.5055,23031
2026-06-10 22:00:00,1610.3,1624.2,1603.4,1620.9,45532.637,15202
2026-06-11 00:00:00,1621.0,1647.0,1620.9,1642.0,36972.9182,14348
2026-06-11 02:00:00,1642.0,1660.0,1629.7,1653.1,75422.4777,16748
2026-06-11 04:00:00,1653.1,1658.7,1646.4,1647.1,54391.6396,10881
2026-06-11 06:00:00,1646.9,1662.1,1645.4,1653.8,37652.9455,9676
2026-06-11 08:00:00,1653.7,1663.1,1653.7,1658.2,28915.0534,8268
2026-06-11 10:00:00,1658.0,1673.3,1653.7,1665.9,39314.1596,11683
2026-06-11 12:00:00,1665.8,1665.9,1641.8,1652.5,56526.4519,18915
2026-06-11 14:00:00,1652.5,1654.7,1635.7,1644.6,43782.362,16614
2026-06-11 16:00:00,1644.6,1693.7,1632.0,1688.0,144087.7029,28932
2026-06-11 18:00:00,1688.0,1691.6,1674.6,1681.0,92001.582,22096
2026-06-11 20:00:00,1680.9,1682.6,1666.4,1676.3,64551.2856,12347
2026-06-11 22:00:00,1676.3,1682.4,1669.5,1672.7,11535.6852,7013
2026-06-12 00:00:00,1672.7,1676.7,1660.2,1666.2,15467.1837,7851
2026-06-12 02:00:00,1666.2,1677.3,1666.1,1672.3,5961.3739,6198
2026-06-12 04:00:00,1672.4,1680.9,1661.4,1663.2,10682.2812,7170
2026-06-12 06:00:00,1663.3,1665.8,1651.2,1661.0,20971.7227,8684
2026-06-12 08:00:00,1661.1,1684.7,1661.1,1679.3,41686.9733,13706
2026-06-12 10:00:00,1679.4,1682.5,1671.0,1673.0,11149.669,7072
2026-06-12 12:00:00,1673.0,1673.0,1652.7,1656.6,35526.0057,13086
2026-06-12 14:00:00,1656.8,1690.8,1655.9,1658.8,167723.5997,32386
2026-06-12 16:00:00,1658.8,1676.7,1656.5,1667.8,143606.1965,21477
2026-06-12 18:00:00,1667.9,1672.7,1662.7,1665.3,46691.5069,12054
2026-06-12 20:00:00,1665.3,1667.2,1661.0,1663.5,6888.0661,6113
2026-06-12 22:00:00,1663.5,1666.7,1658.6,1665.7,10598.231,6074
2026-06-13 00:00:00,1665.6,1675.3,1664.6,1673.1,9536.97,5364
2026-06-13 02:00:00,1673.6,1673.8,1662.6,1664.7,17293.9301,4792
2026-06-13 04:00:00,1664.7,1667.3,1661.6,1664.5,3539.7226,3353
2026-06-13 06:00:00,1664.5,1677.2,1663.2,1675.7,11110.1096,5583
2026-06-13 08:00:00,1675.7,1678.9,1672.2,1673.3,5068.4529,5407
2026-06-13 10:00:00,1673.2,1677.9,1672.2,1677.9,5175.2749,4411
2026-06-13 12:00:00,1677.9,1683.0,1676.0,1677.5,8872.2646,6465
2026-06-13 14:00:00,1677.3,1685.8,1677.0,1681.7,35323.114,8716
2026-06-13 16:00:00,1681.7,1681.7,1670.3,1673.8,24980.7068,11040
2026-06-13 18:00:00,1673.8,1681.8,1673.6,1677.9,8631.5308,5223
2026-06-13 20:00:00,1677.8,1696.4,1673.9,1685.8,26281.383,8074
2026-06-13 22:00:00,1685.7,1685.9,1677.3,1680.3,19514.7882,6012
2026-06-14 00:00:00,1680.4,1689.6,1678.0,1683.3,6340.5336,5315
2026-06-14 02:00:00,1683.3,1685.1,1679.2,1681.1,2570.4214,3769
2026-06-14 04:00:00,1681.1,1682.0,1673.7,1677.7,10874.3066,4308
2026-06-14 06:00:00,1677.3,1682.6,1673.0,1675.2,205109.4784,17359
2026-06-14 08:00:00,1675.2,1678.5,1668.4,1677.9,39089.1112,7547
2026-06-14 10:00:00,1677.9,1678.0,1671.8,1673.4,8651.9321,3767
2026-06-14 12:00:00,1673.4,1674.1,1664.0,1665.7,16497.0801,5537
2026-06-14 14:00:00,1665.7,1670.5,1654.6,1662.3,57264.6135,11387
2026-06-14 16:00:00,1662.2,1667.9,1659.3,1661.7,10858.7873,4880
2026-06-14 18:00:00,1661.8,1667.4,1658.7,1665.0,9492.465,3741
2026-06-14 20:00:00,1665.0,1732.4,1662.3,1717.9,142749.2153,27222
2026-06-14 22:00:00,1718.1,1728.3,1711.6,1725.3,37580.1233,16727
2026-06-15 00:00:00,1725.2,1731.5,1708.8,1715.2,20932.8762,10047
2026-06-15 02:00:00,1715.2,1726.6,1713.7,1720.5,51882.5627,10247
2026-06-15 04:00:00,1720.5,1722.3,1715.6,1719.9,14285.1138,6810
2026-06-15 06:00:00,1720.0,1723.5,1716.0,1716.1,22915.6614,6752
2026-06-15 08:00:00,1716.2,1726.3,1712.0,1718.1,14764.6223,6006
2026-06-15 10:00:00,1718.1,1767.0,1717.8,1764.2,69726.6436,19413
2026-06-15 12:00:00,1764.4,1827.4,1760.0,1813.6,115908.0299,31339
2026-06-15 14:00:00,1813.5,1849.5,1804.1,1845.2,87938.2908,22818
2026-06-15 16:00:00,1845.5,1846.8,1822.8,1828.3,99147.343,20636
2026-06-15 18:00:00,1828.4,1834.6,1810.8,1820.3,33006.2271,12975
2026-06-15 20:00:00,1820.2,1825.8,1809.0,1810.7,30564.4919,10572
2026-06-15 22:00:00,1810.8,1812.9,1782.4,1795.5,44062.0076,15668
2026-06-16 00:00:00,1795.5,1801.2,1788.2,1791.7,37871.5955,10970
2026-06-16 02:00:00,1791.8,1793.5,1764.1,1778.3,61724.6404,15333
2026-06-16 04:00:00,1778.4,1782.5,1757.8,1761.5,54200.643,13638
2026-06-16 06:00:00,1761.4,1775.9,1761.3,1773.6,19022.7963,8856
2026-06-16 08:00:00,1773.6,1807.4,1772.7,1789.1,58863.384,17764
2026-06-16 10:00:00,1789.1,1799.9,1787.9,1799.1,71239.1518,14141
2026-06-16 12:00:00,1799.1,1839.4,1791.1,1797.5,130003.9162,30703
2026-06-16 14:00:00,1797.5,1805.5,1762.4,1782.2,83438.718,24720
2026-06-16 16:00:00,1782.2,1799.4,1772.0,1794.9,52389.4218,13606
2026-06-16 18:00:00,1795.0,1808.6,1789.6,1794.8,91671.9,15351
2026-06-16 20:00:00,1794.8,1800.0,1788.5,1796.0,58574.4651,12643
2026-06-16 22:00:00,1796.0,1798.9,1790.8,1792.8,13877.5249,8228
2026-06-17 00:00:00,1792.8,1798.9,1779.3,1797.4,26686.1304,10853
2026-06-17 02:00:00,1797.4,1810.0,1787.7,1793.4,18831.0055,9416
2026-06-17 04:00:00,1793.5,1801.3,1789.3,1793.9,21050.76,7513
2026-06-17 06:00:00,1793.9,1796.8,1778.5,1784.8,35216.4517,10180
2026-06-17 08:00:00,1784.9,1785.9,1759.7,1772.4,59021.3352,16143
2026-06-17 10:00:00,1772.4,1775.2,1757.8,1763.8,40914.2162,12167
2026-06-17 12:00:00,1763.8,1771.1,1742.4,1761.0,67347.5754,20189
2026-06-17 14:00:00,1761.1,1776.4,1740.9,1772.8,44872.9091,20123
2026-06-17 16:00:00,1772.8,1795.1,1767.1,1787.9,48042.3583,18928
2026-06-17 18:00:00,1788.0,1788.1,1728.4,1734.3,122669.6878,38265
2026-06-17 20:00:00,1733.9,1747.2,1732.5,1738.0,34037.364,11860
2026-06-17 22:00:00,1738.0,1750.9,1724.9,1749.7,28646.1316,10976
2026-06-18 00:00:00,1749.9,1762.5,1749.6,1754.4,32338.6067,11974
2026-06-18 02:00:00,1754.5,1758.5,1740.3,1743.3,16292.5665,8724
2026-06-18 04:00:00,1743.4,1745.0,1721.7,1730.2,32967.0624,16696
2026-06-18 06:00:00,1730.1,1752.8,1724.8,1749.0,36481.2235,12289
2026-06-18 08:00:00,1749.1,1752.9,1742.2,1745.7,22220.3255,11233
2026-06-18 10:00:00,1745.7,1751.9,1738.7,1742.7,33963.2645,10740
2026-06-18 12:00:00,1742.7,1752.3,1729.1,1736.1,31903.2351,14687
2026-06-18 14:00:00,1736.2,1744.4,1679.5,1681.8,126350.5133,35763
2026-06-18 16:00:00,1681.6,1692.5,1671.2,1678.9,149405.3594,25402
2026-06-18 18:00:00,1678.9,1707.2,1676.4,1705.0,77297.1817,17481
2026-06-18 20:00:00,1705.2,1716.6,1701.8,1708.2,15690.4708,12249
2026-06-18 22:00:00,1708.2,1712.7,1699.7,1711.1,36940.4506,12090
2026-06-19 00:00:00,1711.1,1719.7,1706.0,1713.3,57409.9042,10980
2026-06-19 02:00:00,1713.2,1714.9,1682.0,1697.2,164288.1826,19412
2026-06-19 04:00:00,1697.2,1702.6,1686.0,1697.0,14680.4525,8065
2026-06-19 06:00:00,1697.0,1702.8,1689.6,1695.1,7958.0604,5820
2026-06-19 08:00:00,1695.2,1699.3,1688.5,1688.7,13091.9548,6481
2026-06-19 10:00:00,1688.8,1694.1,1686.9,1691.2,8826.3856,5439
2026-06-19 12:00:00,1691.4,1710.7,1678.4,1703.2,77645.6883,16710
2026-06-19 14:00:00,1703.1,1711.8,1696.4,1707.2,30892.9039,11768
2026-06-19 16:00:00,1707.3,1711.3,1693.7,1704.8,13726.2319,8327
2026-06-19 18:00:00,1704.8,1705.2,1698.0,1700.8,4242.1802,4907
2026-06-19 20:00:00,1700.9,1709.7,1698.9,1701.8,18568.061,6503
2026-06-19 22:00:00,1701.8,1714.9,1700.6,1711.2,5755.8383,5177
2026-06-20 00:00:00,1711.3,1718.0,1706.5,1709.5,22619.8661,7269
2026-06-20 02:00:00,1709.5,1709.6,1703.7,1707.9,10771.5688,4346
2026-06-20 04:00:00,1707.9,1732.8,1706.4,1725.9,22691.5263,9275
2026-06-20 06:00:00,1725.9,1729.5,1723.1,1725.5,6962.6296,5644
2026-06-20 08:00:00,1725.5,1729.8,1721.1,1728.5,11132.766,5253
2026-06-20 10:00:00,1728.5,1731.1,1725.4,1727.1,5318.8876,3152
2026-06-20 12:00:00,1727.1,1730.5,1712.7,1717.3,39706.9728,7573
2026-06-20 14:00:00,1717.4,1750.0,1708.0,1739.6,68323.5166,18817
2026-06-20 16:00:00,1739.6,1740.0,1720.7,1726.2,31316.0817,12167
2026-06-20 18:00:00,1726.2,1731.1,1724.6,1728.4,6380.9123,4874
2026-06-20 20:00:00,1728.5,1737.6,1725.8,1735.2,16491.8599,5545
2026-06-20 22:00:00,1735.0,1745.9,1732.8,1740.5,11131.0595,6186
2026-06-21 00:00:00,1740.4,1740.5,1734.0,1736.5,14981.6045,4433
2026-06-21 02:00:00,1736.3,1740.3,1733.2,1737.0,9833.1559,5732
2026-06-21 04:00:00,1737.1,1740.6,1729.1,1732.4,20290.3967,8144
2026-06-21 06:00:00,1732.4,1737.9,1730.8,1731.3,15978.5182,7442
2026-06-21 08:00:00,1731.3,1733.7,1723.4,1731.9,13888.4197,7680
2026-06-21 10:00:00,1732.0,1736.3,1717.6,1724.7,17092.599,8296
2026-06-21 12:00:00,1724.6,1727.0,1715.5,1723.8,42530.4897,11154
2026-06-21 14:00:00,1723.8,1731.2,1720.9,1729.6,23342.6169,7184
2026-06-21 16:00:00,1729.6,1730.0,1720.7,1726.5,15725.8865,6798
2026-06-21 18:00:00,1726.4,1738.3,1720.9,1733.2,14217.1076,8738
2026-06-21 20:00:00,1733.3,1734.2,1701.6,1717.7,64780.6166,14954
2026-06-21 22:00:00,1717.4,1720.5,1703.9,1706.1,53717.4813,12178
2026-06-22 00:00:00,1706.2,1758.6,1706.1,1743.1,71361.8563,20395
2026-06-22 02:00:00,1743.1,1744.4,1726.0,1729.5,22461.5688,8891
2026-06-22 04:00:00,1729.5,1739.9,1727.2,1736.2,28133.244,6834
2026-06-22 06:00:00,1736.3,1751.0,1732.7,1745.9,8842.1466,6402
2026-06-22 08:00:00,1746.0,1751.5,1743.1,1745.8,7901.4444,6048
2026-06-22 10:00:00,1745.6,1774.1,1744.8,1767.0,25193.8309,10647
2026-06-22 12:00:00,1767.2,1778.6,1759.5,1776.4,83244.5316,17342
2026-06-22 14:00:00,1776.6,1776.7,1741.2,1743.7,127312.4657,21491
2026-06-22 16:00:00,1743.7,1744.9,1730.4,1740.6,196344.6614,23541
2026-06-22 18:00:00,1740.7,1746.8,1728.2,1734.7,221859.6537,21636
2026-06-22 20:00:00,1734.7,1739.4,1726.4,1732.1,96375.8033,11563
2026-06-22 22:00:00,1732.1,1735.0,1716.5,1727.9,44751.8588,11254
2026-06-23 00:00:00,1727.9,1735.8,1719.8,1730.2,29824.0678,8832
2026-06-23 02:00:00,1730.2,1734.5,1725.5,1728.9,17757.4813,6561
2026-06-23 04:00:00,1728.8,1730.4,1709.3,1712.5,92770.5073,13900
2026-06-23 06:00:00,1712.6,1713.0,1679.9,1680.0,91234.5151,20600
2026-06-23 08:00:00,1680.0,1683.3,1634.1,1649.9,110529.3902,26069
2026-06-23 10:00:00,1649.8,1662.5,1648.2,1659.6,33040.6183,10128
2026-06-23 12:00:00,1659.5,1663.0,1644.2,1661.4,47575.5379,15701
2026-06-23 14:00:00,1661.7,1671.9,1650.6,1658.9,103263.9902,19293
2026-06-23 16:00:00,1658.9,1673.6,1653.8,1656.0,26234.5023,10009
2026-06-23 18:00:00,1656.2,1662.9,1649.3,1662.0,47303.1503,8667
2026-06-23 20:00:00,1662.0,1667.5,1660.9,1666.0,6791.4918,4732
2026-06-23 22:00:00,1666.0,1672.1,1659.4,1666.4,9000.5841,6450
2026-06-24 00:00:00,1666.4,1679.7,1665.4,1671.9,18590.9222,8065
2026-06-24 02:00:00,1671.9,1672.9,1657.2,1665.9,40289.9481,11357
2026-06-24 04:00:00,1666.2,1678.8,1657.8,1673.6,33146.1883,13443
2026-06-24 06:00:00,1673.7,1677.8,1668.5,1671.8,38994.6277,8236
2026-06-24 08:00:00,1671.9,1673.9,1664.6,1666.4,6889.0847,5659
2026-06-24 10:00:00,1666.4,1691.1,1655.3,1678.0,60174.1095,13734
2026-06-24 12:00:00,1678.0,1680.2,1640.3,1644.6,58496.351,21146
2026-06-24 14:00:00,1644.6,1656.0,1616.0,1617.7,86997.3386,25344
2026-06-24 16:00:00,1617.4,1635.0,1551.3,1558.9,201907.6765,44554
2026-06-24 18:00:00,1559.3,1584.3,1555.6,1583.9,68614.3321,20386
2026-06-24 20:00:00,1583.9,1621.5,1579.0,1620.5,74699.6978,22691
2026-06-24 22:00:00,1620.4,1628.0,1612.7,1621.2,17946.9706,10876
2026-06-25 00:00:00,1621.1,1625.5,1613.9,1620.0,24750.3974,10322
2026-06-25 02:00:00,1620.0,1623.3,1614.3,1618.7,18564.9372,7304
2026-06-25 04:00:00,1618.7,1651.0,1616.3,1644.9,46470.8399,13615
2026-06-25 06:00:00,1644.9,1659.0,1643.6,1656.5,20062.2675,10286
2026-06-25 08:00:00,1656.4,1657.9,1646.3,1648.0,10772.3043,8691
2026-06-25 10:00:00,1648.0,1648.8,1627.1,1631.9,31835.8205,11202
2026-06-25 12:00:00,1632.0,1648.1,1531.3,1536.7,123714.8014,35229
2026-06-25 14:00:00,1536.8,1595.0,1536.8,1569.3,180945.5352,49132
2026-06-25 16:00:00,1569.3,1586.7,1556.5,1573.8,81410.3891,23310
2026-06-25 18:00:00,1573.8,1576.6,1554.0,1557.8,49887.6223,17088
2026-06-25 20:00:00,1558.0,1581.8,1555.5,1580.1,48347.8932,16114
2026-06-25 22:00:00,1579.9,1582.4,1563.3,1566.6,46843.3575,15204
2026-06-26 00:00:00,1566.5,1570.6,1554.3,1559.1,14914.978,11604
2026-06-26 02:00:00,1559.0,1562.6,1511.0,1556.9,247375.5478,48721
2026-06-26 04:00:00,1556.7,1559.4,1546.5,1554.8,36811.3448,17615
2026-06-26 06:00:00,1554.9,1584.9,1542.6,1580.0,39263.484,18665
2026-06-26 08:00:00,1580.0,1581.0,1548.6,1552.2,37297.5346,16161
2026-06-26 10:00:00,1552.2,1554.8,1540.4,1544.2,19959.4758,13661
2026-06-26 12:00:00,1544.1,1570.0,1520.3,1568.1,143921.3008,39521
2026-06-26 14:00:00,1568.2,1587.4,1552.3,1579.3,76892.0748,28808
2026-06-26 16:00:00,1579.4,1592.8,1571.7,1580.9,39793.0478,18983
2026-06-26 18:00:00,1580.9,1584.6,1569.5,1573.2,20766.4823,12880
2026-06-26 20:00:00,1573.3,1581.8,1567.1,1574.3,11313.8257,8796
2026-06-26 22:00:00,1574.3,1579.8,1568.5,1577.6,5872.3086,6000
2026-06-27 00:00:00,1577.7,1580.9,1570.6,1575.0,6126.3981,5912
2026-06-27 02:00:00,1575.0,1586.0,1573.9,1579.7,11406.6862,6362
2026-06-27 04:00:00,1579.7,1584.2,1575.7,1577.8,4522.4813,4805
2026-06-27 06:00:00,1577.8,1585.5,1574.3,1584.8,11793.4537,6621
2026-06-27 08:00:00,1584.8,1584.8,1578.6,1581.8,6025.8954,8144
2026-06-27 10:00:00,1581.8,1584.3,1578.2,1583.1,5015.427,6910
2026-06-27 12:00:00,1583.1,1592.0,1580.5,1591.4,14032.8712,8856
2026-06-27 14:00:00,1591.5,1609.9,1588.7,1604.8,30004.8427,13791
2026-06-27 16:00:00,1604.8,1606.9,1588.0,1590.5,15238.4375,9911
2026-06-27 18:00:00,1590.5,1594.5,1572.2,1577.5,23982.2179,10137
2026-06-27 20:00:00,1577.4,1584.2,1573.3,1574.6,10862.6936,6354
2026-06-27 22:00:00,1574.6,1580.7,1562.1,1572.9,19689.0498,9767
2026-06-28 00:00:00,1572.9,1577.1,1569.2,1574.3,10279.1488,5799
2026-06-28 02:00:00,1574.2,1579.0,1568.3,1574.1,6598.0267,6058
2026-06-28 04:00:00,1574.1,1576.2,1563.4,1568.4,8176.1878,6774
2026-06-28 06:00:00,1568.4,1575.8,1561.8,1574.8,8112.3159,6436
2026-06-28 08:00:00,1574.9,1584.9,1572.7,1578.2,12365.4915,6828
2026-06-28 10:00:00,1578.2,1582.8,1571.6,1582.0,4761.963,5288
2026-06-28 12:00:00,1582.0,1587.2,1574.2,1578.7,6852.7964,6498
2026-06-28 14:00:00,1578.8,1585.1,1576.4,1579.6,8106.2266,7155
2026-06-28 16:00:00,1579.7,1580.9,1562.8,1571.8,23501.5029,10997
2026-06-28 18:00:00,1571.8,1574.5,1555.7,1563.7,18153.5896,9419
2026-06-28 20:00:00,1563.7,1575.5,1558.0,1562.3,16536.6795,10135
2026-06-28 22:00:00,1562.4,1580.5,1547.6,1570.9,43928.139,19772
2026-06-29 00:00:00,1571.0,1573.7,1551.3,1567.7,24907.4493,13852
2026-06-29 02:00:00,1567.7,1588.0,1549.3,1583.8,21527.5274,13381
2026-06-29 04:00:00,1583.8,1584.1,1561.3,1582.2,9007.1612,8698
2026-06-29 06:00:00,1582.2,1587.9,1577.0,1579.4,13033.0244,9548
2026-06-29 08:00:00,1579.4,1581.3,1569.4,1575.3,10567.1154,9121
2026-06-29 10:00:00,1575.4,1586.1,1569.8,1574.3,20403.2053,10953
2026-06-29 12:00:00,1574.4,1596.0,1563.8,1571.7,67979.8605,26589
2026-06-29 14:00:00,1571.9,1584.0,1556.8,1579.6,73198.0317,22144
2026-06-29 16:00:00,1579.5,1636.2,1573.0,1627.1,105148.2506,29673
2026-06-29 18:00:00,1627.1,1627.9,1616.0,1624.9,35298.2516,14163
2026-06-29 20:00:00,1624.9,1625.9,1611.7,1619.3,21703.4324,11221
2026-06-29 22:00:00,1619.3,1621.3,1607.0,1612.4,23601.5596,7988
2026-06-30 00:00:00,1612.3,1613.4,1588.1,1593.1,32400.3239,14921
2026-06-30 02:00:00,1593.1,1595.2,1585.6,1586.4,9233.2772,7661
2026-06-30 04:00:00,1586.4,1591.3,1578.9,1590.9,43870.6918,7994
2026-06-30 06:00:00,1590.8,1595.1,1588.1,1591.5,8815.0317,4644
2026-06-30 08:00:00,1591.5,1593.4,1578.5,1584.7,15499.2464,14432
2026-06-30 10:00:00,1584.8,1586.1,1575.3,1577.7,28489.1488,38872
2026-06-30 12:00:00,1577.6,1577.6,1549.9,1566.5,189308.3585,28753
2026-06-30 14:00:00,1566.4,1577.4,1556.7,1564.3,79256.986,21940
2026-06-30 16:00:00,1564.4,1576.2,1561.1,1570.3,41102.9143,11723
2026-06-30 18:00:00,1570.2,1581.3,1569.1,1579.9,23414.6815,9068
2026-06-30 20:00:00,1580.0,1582.4,1569.2,1570.7,20604.3904,7048
2026-06-30 22:00:00,1570.9,1574.1,1565.4,1571.4,12188.0966,5354
2026-07-01 00:00:00,1571.4,1585.4,1552.0,1577.3,45596.125,15356
2026-07-01 02:00:00,1577.2,1598.0,1573.5,1594.1,38015.3202,11930
2026-07-01 04:00:00,1594.2,1602.5,1590.5,1592.0,29720.0596,10199
2026-07-01 06:00:00,1592.0,1592.6,1570.9,1577.6,28851.0126,10024
2026-07-01 08:00:00,1577.5,1584.4,1567.9,1580.6,14823.1128,8071
2026-07-01 10:00:00,1580.5,1581.0,1566.5,1569.2,13412.237,7555
2026-07-01 12:00:00,1569.1,1597.1,1564.7,1596.7,31814.0356,17549
2026-07-01 14:00:00,1596.7,1630.0,1590.6,1619.4,159312.392,33771
2026-07-01 16:00:00,1619.6,1628.2,1606.8,1622.1,33859.1101,12827
2026-07-01 18:00:00,1622.2,1623.9,1611.4,1617.4,59333.2031,11714
2026-07-01 20:00:00,1617.3,1637.1,1609.6,1631.5,52489.4105,13084
2026-07-01 22:00:00,1631.1,1645.0,1607.3,1608.6,32145.1854,12738
2026-07-02 00:00:00,1608.9,1624.3,1596.6,1619.7,27538.7214,12013
2026-07-02 02:00:00,1619.6,1642.0,1614.1,1639.0,39019.903,10661
2026-07-02 04:00:00,1639.0,1639.7,1624.5,1626.3,11703.7605,8590
2026-07-02 06:00:00,1626.3,1629.2,1614.0,1615.6,12125.8835,9617
2026-07-02 08:00:00,1615.7,1651.2,1614.8,1643.0,39058.9418,17081
2026-07-02 10:00:00,1643.1,1654.7,1641.1,1650.4,29063.5721,15356
2026-07-02 12:00:00,1650.3,1714.1,1647.4,1710.3,201612.7318,47157
2026-07-02 14:00:00,1710.3,1724.2,1688.9,1697.2,101047.1831,35767
2026-07-02 16:00:00,1697.2,1705.8,1686.8,1696.1,57663.7806,18647
2026-07-02 18:00:00,1696.1,1707.7,1695.0,1700.4,21758.3276,9628
2026-07-02 20:00:00,1700.4,1707.0,1696.3,1700.5,11248.115,6083
2026-07-02 22:00:00,1700.5,1701.7,1692.5,1701.3,7043.3252,4415
2026-07-03 00:00:00,1701.2,1719.0,1695.2,1712.8,12795.6143,9860
2026-07-03 02:00:00,1712.9,1716.0,1696.1,1706.5,37653.2077,9570
2026-07-03 04:00:00,1706.6,1721.7,1702.1,1715.5,18594.6107,6935
2026-07-03 06:00:00,1715.5,1722.6,1713.0,1718.4,25708.5895,7257
2026-07-03 08:00:00,1718.5,1735.1,1716.4,1727.5,50809.4684,16478
2026-07-03 10:00:00,1727.5,1749.7,1727.4,1743.2,50208.5179,18538
2026-07-03 12:00:00,1743.3,1753.3,1732.2,1748.6,24177.1913,12036
2026-07-03 14:00:00,1748.5,1748.6,1729.2,1731.9,82235.3302,17735
2026-07-03 16:00:00,1731.9,1742.4,1728.5,1738.5,9054.5378,7687
2026-07-03 18:00:00,1738.6,1753.7,1737.1,1746.2,26170.3276,7918
2026-07-03 20:00:00,1746.0,1776.3,1744.0,1764.5,52862.2221,18141
2026-07-03 22:00:00,1764.4,1764.8,1755.9,1759.3,11356.5737,6753
2026-07-04 00:00:00,1759.3,1764.7,1746.5,1748.6,21306.7941,9055
2026-07-04 02:00:00,1748.4,1757.3,1744.8,1754.7,13617.18,5278
2026-07-04 04:00:00,1754.7,1765.3,1752.9,1756.3,9165.0556,6090
2026-07-04 06:00:00,1756.4,1761.6,1752.2,1758.7,8970.6294,5418
2026-07-04 08:00:00,1758.7,1765.8,1755.5,1758.6,15488.1331,7149
2026-07-04 10:00:00,1758.7,1761.4,1757.2,1758.4,6486.8923,4649
2026-07-04 12:00:00,1758.4,1782.3,1758.4,1765.0,42504.7926,10402
2026-07-04 14:00:00,1765.0,1799.2,1764.9,1792.1,49447.5524,19998
2026-07-04 16:00:00,1792.0,1807.4,1780.3,1800.0,41431.234,16349
2026-07-04 18:00:00,1800.1,1806.2,1789.0,1793.2,37603.859,12162
2026-07-04 20:00:00,1793.0,1796.2,1784.1,1789.9,7956.0128,7023
2026-07-04 22:00:00,1789.8,1789.8,1772.8,1781.1,19801.4092,9244
2026-07-05 00:00:00,1781.2,1781.3,1761.7,1767.1,13717.7741,9159
2026-07-05 02:00:00,1767.1,1768.2,1757.4,1762.3,14737.9472,7731
2026-07-05 04:00:00,1762.3,1773.3,1761.3,1766.2,8563.0916,5722
2026-07-05 06:00:00,1766.5,1772.8,1762.3,1770.7,4325.5623,4372
2026-07-05 08:00:00,1770.8,1773.6,1749.5,1758.6,15790.5594,7351
2026-07-05 10:00:00,1758.5,1765.4,1755.6,1760.7,11064.292,5816
2026-07-05 12:00:00,1760.5,1769.9,1756.7,1766.9,5551.7554,5958
2026-07-05 14:00:00,1766.9,1781.1,1765.6,1775.2,11335.0471,8136
2026-07-05 16:00:00,1775.2,1786.2,1770.7,1780.3,12904.9977,7150
2026-07-05 18:00:00,1780.4,1786.7,1778.1,1781.9,7793.998,5108
2026-07-05 20:00:00,1781.8,1793.5,1770.1,1787.3,18399.7083,8643
2026-07-05 22:00:00,1787.4,1809.0,1783.1,1786.3,53154.5491,18922
2026-07-06 00:00:00,1786.2,1799.3,1775.5,1786.5,33356.2241,12629
2026-07-06 02:00:00,1786.5,1790.7,1772.8,1780.2,14093.8975,8047
2026-07-06 04:00:00,1780.1,1785.2,1765.5,1774.8,20433.4014,10668
2026-07-06 06:00:00,1774.8,1775.6,1767.0,1772.9,9140.5601,6868
2026-07-06 08:00:00,1772.9,1778.6,1756.3,1759.1,14846.9376,10324
2026-07-06 10:00:00,1759.0,1775.6,1758.7,1760.2,11597.4561,9025
2026-07-06 12:00:00,1760.1,1761.0,1729.6,1745.3,139793.6697,39083
2026-07-06 14:00:00,1745.2,1789.3,1742.2,1788.7,57458.4156,24078
2026-07-06 16:00:00,1788.8,1805.7,1783.1,1789.0,88775.0555,24333
2026-07-06 18:00:00,1789.0,1799.5,1787.5,1793.4,20188.8562,10391
2026-07-06 20:00:00,1793.3,1834.0,1787.4,1815.8,40775.9317,18363
2026-07-06 22:00:00,1815.8,1817.9,1798.5,1800.4,14616.2393,9580
2026-07-07 00:00:00,1800.5,1810.9,1788.8,1793.4,23631.6984,12046
2026-07-07 02:00:00,1793.4,1795.0,1769.2,1771.9,26480.5134,13837
2026-07-07 04:00:00,1772.0,1774.2,1757.8,1771.1,20766.0606,11253
2026-07-07 06:00:00,1771.2,1783.4,1765.3,1771.8,12765.3816,7783
2026-07-07 08:00:00,1771.9,1782.9,1768.8,1778.5,12435.3381,7403
2026-07-07 10:00:00,1778.6,1785.0,1772.2,1780.9,9960.2241,6600
2026-07-07 12:00:00,1780.9,1794.7,1766.2,1769.1,27038.173,15738
2026-07-07 14:00:00,1769.2,1803.9,1761.5,1798.0,60584.3785,23860
2026-07-07 16:00:00,1798.1,1813.3,1793.5,1811.0,29932.8248,14164
2026-07-07 18:00:00,1811.0,1811.1,1773.9,1790.5,72818.468,17294
2026-07-07 20:00:00,1790.5,1793.8,1772.3,1774.2,37316.6826,10940
2026-07-07 22:00:00,1774.0,1781.1,1765.9,1772.0,49583.3211,10906
2026-07-08 00:00:00,1771.4,1784.8,1750.0,1756.2,62382.3102,16025
2026-07-08 02:00:00,1755.9,1763.3,1741.5,1751.3,36142.4611,15496
2026-07-08 04:00:00,1751.3,1759.7,1749.6,1753.9,31227.3243,10251
2026-07-08 06:00:00,1753.8,1757.3,1744.7,1756.8,39106.4125,12520
2026-07-08 08:00:00,1756.7,1758.7,1725.6,1735.6,55018.1443,22877
2026-07-08 10:00:00,1735.5,1750.8,1732.5,1747.8,17656.31,10281
2026-07-08 12:00:00,1747.8,1751.0,1731.5,1737.7,42964.706,14440
2026-07-08 14:00:00,1737.5,1740.6,1713.0,1722.9,83512.3305,23215
2026-07-08 16:00:00,1722.9,1746.6,1722.7,1732.9,33193.6588,14888
2026-07-08 18:00:00,1733.0,1741.3,1730.0,1740.8,50428.5632,11172
2026-07-08 20:00:00,1740.9,1741.3,1731.3,1738.3,39681.8256,8830
2026-07-08 22:00:00,1738.2,1744.8,1736.8,1743.6,8490.9578,5508
2026-07-09 00:00:00,1743.6,1755.7,1730.3,1731.6,26250.9201,12634
2026-07-09 02:00:00,1731.6,1739.3,1722.0,1730.4,34045.4671,10452
2026-07-09 04:00:00,1730.4,1749.5,1730.3,1749.4,20947.225,8233
2026-07-09 06:00:00,1749.4,1762.0,1745.8,1753.0,38012.5319,14359
2026-07-09 08:00:00,1753.1,1758.5,1749.1,1755.4,15541.795,8752
2026-07-09 10:00:00,1755.5,1757.1,1741.0,1743.6,17236.8218,8256
2026-07-09 12:00:00,1743.6,1752.0,1734.9,1746.7,54872.8672,16888
2026-07-09 14:00:00,1747.0,1749.6,1733.0,1738.9,20268.2954,10854
2026-07-09 16:00:00,1738.8,1752.0,1730.6,1747.9,58409.6717,10386
2026-07-09 18:00:00,1748.0,1759.3,1746.6,1747.9,31408.9612,10036
2026-07-09 20:00:00,1748.0,1750.6,1744.6,1747.8,28366.7396,6478
2026-07-09 22:00:00,1747.7,1750.5,1741.3,1745.0,6926.7549,4385
2026-07-10 00:00:00,1745.1,1777.1,1737.5,1767.2,48564.0032,12413
2026-07-10 02:00:00,1767.3,1779.4,1764.4,1775.7,33248.8156,11482
2026-07-10 04:00:00,1775.8,1780.1,1771.8,1778.7,24166.2274,7256
2026-07-10 06:00:00,1778.8,1779.7,1768.6,1773.2,6587.3546,5544
2026-07-10 08:00:00,1773.2,1795.0,1772.3,1792.6,32777.8201,11720
2026-07-10 10:00:00,1792.7,1802.5,1789.6,1800.9,36822.3726,12346
2026-07-10 12:00:00,1801.0,1811.5,1792.7,1803.9,65064.9521,17973
2026-07-10 14:00:00,1803.9,1804.5,1776.2,1790.0,61722.7967,19043
2026-07-10 16:00:00,1790.0,1798.7,1785.3,1788.0,33743.1118,10412
2026-07-10 18:00:00,1788.0,1796.1,1781.3,1792.0,23411.644,8889
2026-07-10 20:00:00,1791.9,1796.9,1788.8,1793.8,34846.0526,7990
2026-07-10 22:00:00,1793.7,1797.1,1791.5,1796.5,12237.0127,5042
2026-07-11 00:00:00,1796.4,1798.2,1787.7,1788.9,41759.5195,8705
2026-07-11 02:00:00,1788.8,1797.4,1787.0,1796.3,7978.3944,4695
2026-07-11 04:00:00,1796.1,1801.7,1794.7,1799.0,8362.7974,4608
2026-07-11 06:00:00,1798.9,1802.7,1794.3,1799.3,7711.9819,4757
2026-07-11 08:00:00,1799.2,1802.7,1795.1,1795.3,4450.0947,4984
2026-07-11 10:00:00,1795.2,1800.1,1795.1,1799.8,8753.5921,4348
2026-07-11 12:00:00,1799.7,1807.1,1797.9,1802.2,5393.0534,4703
2026-07-11 14:00:00,1802.1,1827.8,1801.9,1814.3,46678.6068,19083
2026-07-11 16:00:00,1814.3,1829.1,1810.6,1824.3,30106.5646,13825
2026-07-11 18:00:00,1824.4,1829.0,1819.4,1824.5,12222.4811,9640
2026-07-11 20:00:00,1824.4,1829.1,1822.9,1824.1,11383.2765,8215
2026-07-11 22:00:00,1824.1,1824.1,1786.3,1787.2,41504.7901,17145
2026-07-12 00:00:00,1787.2,1808.0,1778.8,1806.4,30873.8402,14374
2026-07-12 02:00:00,1806.4,1812.6,1802.5,1810.9,13725.6508,7290
2026-07-12 04:00:00,1811.0,1811.9,1801.1,1803.0,8525.4129,5768
2026-07-12 06:00:00,1802.8,1802.8,1789.3,1798.3,12679.787,7118
2026-07-12 08:00:00,1798.3,1809.1,1796.7,1802.1,15593.7258,6709
2026-07-12 10:00:00,1802.1,1806.2,1796.7,1803.7,8907.1716,5561
2026-07-12 12:00:00,1803.6,1809.4,1802.9,1806.2,15443.4744,9449
2026-07-12 14:00:00,1806.2,1826.6,1804.6,1821.1,25451.5487,14418
2026-07-12 16:00:00,1821.1,1824.2,1815.5,1818.3,14024.417,9437
2026-07-12 18:00:00,1818.3,1823.0,1814.6,1821.6,13464.6121,8247
2026-07-12 20:00:00,1821.5,1823.8,1811.4,1812.2,18134.2002,9196
2026-07-12 22:00:00,1812.0,1812.0,1797.0,1806.7,40929.3828,13665
2026-07-13 00:00:00,1806.6,1845.8,1803.8,1806.5,172349.6645,38678
2026-07-13 02:00:00,1806.6,1814.5,1774.4,1780.3,127618.2874,32089
2026-07-13 04:00:00,1780.3,1786.2,1774.3,1781.3,29677.3197,11577
2026-07-13 06:00:00,1781.4,1791.2,1775.7,1787.2,21755.8759,9111
2026-07-13 08:00:00,1787.2,1793.2,1783.6,1785.3,16585.3263,6849
2026-07-13 10:00:00,1785.4,1786.6,1777.0,1780.7,10088.2631,5126
2026-07-13 12:00:00,1780.7,1783.0,1763.6,1771.8,110695.0293,21429
2026-07-13 14:00:00,1771.7,1787.0,1763.5,1777.1,51561.968,15864
2026-07-13 16:00:00,1776.9,1780.7,1752.9,1753.3,136284.4488,19312
2026-07-13 18:00:00,1753.3,1775.7,1750.5,1775.1,93882.3338,14869
2026-07-13 20:00:00,1774.9,1777.3,1752.2,1761.0,80422.004,14118
2026-07-13 22:00:00,1761.1,1778.3,1755.6,1776.8,51862.0172,12241
2026-07-14 00:00:00,1776.9,1794.9,1773.7,1784.7,26564.8417,10706
2026-07-14 02:00:00,1784.9,1788.8,1774.5,1783.9,21625.8423,9305
2026-07-14 04:00:00,1783.6,1792.7,1782.4,1787.0,36943.9075,10781
2026-07-14 06:00:00,1786.8,1787.4,1779.3,1781.0,8017.1977,5142
2026-07-14 08:00:00,1780.9,1789.8,1778.9,1786.1,24223.4488,6791
2026-07-14 10:00:00,1786.3,1805.8,1786.2,1798.4,25400.1392,11241
2026-07-14 12:00:00,1798.4,1883.4,1794.6,1871.6,159982.1891,57233
2026-07-14 14:00:00,1871.7,1888.8,1860.1,1875.2,84706.572,31254
2026-07-14 16:00:00,1875.3,1877.3,1861.5,1871.2,38317.1666,14572
2026-07-14 18:00:00,1871.2,1881.6,1867.8,1876.7,22856.0688,9727
2026-07-14 20:00:00,1876.8,1879.6,1874.1,1876.6,19732.4697,8046
2026-07-14 22:00:00,1876.4,1896.5,1872.1,1891.7,43498.4956,13895
2026-07-15 00:00:00,1891.7,1893.6,1867.5,1870.4,18713.8037,11155
2026-07-15 02:00:00,1870.3,1879.7,1864.1,1876.5,20880.991,9383
2026-07-15 04:00:00,1876.4,1883.3,1872.2,1882.9,14292.0892,7728
2026-07-15 06:00:00,1883.0,1892.3,1865.0,1870.0,16246.4236,8886
2026-07-15 08:00:00,1870.1,1886.9,1870.0,1879.7,24321.2105,12860
2026-07-15 10:00:00,1879.8,1886.2,1874.8,1884.6,16725.1583,10546
2026-07-15 12:00:00,1884.6,1946.5,1879.1,1926.3,111833.7241,40538
2026-07-15 14:00:00,1926.3,1937.4,1919.6,1932.1,69198.5178,23995
2026-07-15 16:00:00,1932.2,1933.1,1904.1,1928.1,55161.7187,22643
2026-07-15 18:00:00,1928.1,1937.2,1919.2,1923.4,32788.4598,15475
2026-07-15 20:00:00,1923.8,1930.2,1919.6,1922.2,20183.5159,12162
2026-07-15 22:00:00,1922.1,1928.2,1915.3,1918.3,23939.2606,9289
2026-07-16 00:00:00,1918.1,1926.1,1908.7,1922.8,27837.5135,12583
2026-07-16 02:00:00,1922.8,1929.4,1917.4,1918.8,9744.7364,8630
2026-07-16 04:00:00,1918.8,1927.9,1914.3,1926.1,12364.7341,7691
2026-07-16 06:00:00,1926.0,1929.3,1905.6,1911.1,29646.5245,12541
2026-07-16 08:00:00,1911.0,1913.1,1875.6,1884.5,115019.4594,26101
2026-07-16 10:00:00,1884.6,1891.8,1879.3,1885.2,22031.6339,13126
2026-07-16 12:00:00,1885.2,1890.9,1867.1,1882.5,69138.4807,19930
2026-07-16 14:00:00,1882.8,1895.0,1871.3,1882.2,64081.3695,21923
2026-07-16 16:00:00,1882.3,1883.7,1863.5,1869.3,37390.0585,17369
2026-07-16 18:00:00,1869.3,1880.1,1868.2,1876.6,30864.0915,12262
2026-07-16 20:00:00,1876.6,1882.0,1872.1,1879.2,14242.8312,18445
2026-07-16 22:00:00,1879.3,1882.2,1857.4,1865.1,33809.3624,21950
2026-07-17 00:00:00,1865.1,1871.4,1847.6,1851.0,62118.587,20568
2026-07-17 02:00:00,1851.1,1859.7,1843.6,1852.4,24041.1176,12793
2026-07-17 04:00:00,1852.4,1852.9,1821.6,1824.2,47500.2783,16653
2026-07-17 06:00:00,1824.1,1836.7,1820.9,1828.1,23767.9855,12428
2026-07-17 08:00:00,1828.2,1836.3,1821.0,1834.8,34641.3396,12943
2026-07-17 10:00:00,1834.9,1842.7,1832.9,1838.7,22813.5606,13907
2026-07-17 12:00:00,1838.7,1839.9,1803.3,1825.2,75761.9715,24934
2026-07-17 14:00:00,1825.2,1834.1,1810.8,1830.8,39835.8975,16745
2026-07-17 16:00:00,1830.8,1856.3,1826.6,1843.8,36412.7337,16627
2026-07-17 18:00:00,1843.8,1849.6,1835.0,1843.6,14333.9537,10926
2026-07-17 20:00:00,1843.8,1846.8,1837.2,1841.4,19068.1919,9167
2026-07-17 22:00:00,1841.5,1844.6,1835.1,1841.6,8739.377,8936
2026-07-18 00:00:00,1841.6,1844.8,1839.3,1842.5,5197.268,3999
2026-07-18 02:00:00,1842.6,1846.6,1841.5,1846.0,20344.3969,5054
2026-07-18 04:00:00,1846.1,1849.5,1842.8,1846.0,7080.7212,3339
2026-07-18 06:00:00,1846.0,1848.0,1843.2,1844.5,5135.1048,3083
2026-07-18 08:00:00,1844.4,1849.6,1842.5,1845.3,25904.3074,8152
2026-07-18 10:00:00,1845.3,1846.8,1843.8,1845.5,6074.8046,3069
2026-07-18 12:00:00,1845.5,1850.7,1837.4,1841.4,15216.7523,7019
2026-07-18 14:00:00,1841.6,1846.5,1840.6,1843.9,5300.9096,5022
2026-07-18 16:00:00,1843.8,1853.4,1841.7,1852.8,8191.1461,5782
2026-07-18 18:00:00,1852.7,1867.1,1850.2,1858.7,62954.0489,17448
2026-07-18 20:00:00,1858.6,1863.3,1855.7,1861.4,7678.5237,4831
2026-07-18 22:00:00,1861.3,1865.9,1860.2,1863.0,6359.1726,5244
2026-07-19 00:00:00,1863.0,1863.7,1858.9,1859.3,4528.6037,4265
2026-07-19 02:00:00,1859.3,1877.7,1858.6,1867.7,13682.7547,8288
2026-07-19 04:00:00,1867.7,1870.6,1864.5,1869.0,11481.1917,5133
2026-07-19 06:00:00,1868.9,1872.1,1867.1,1870.2,5266.7527,4915
2026-07-19 08:00:00,1870.1,1875.4,1865.4,1866.4,6020.1388,4479
2026-07-19 10:00:00,1866.2,1879.2,1864.3,1871.5,15377.6232,6502
2026-07-19 12:00:00,1871.4,1874.9,1864.6,1872.4,9378.1064,5674
2026-07-19 14:00:00,1872.4,1879.0,1869.0,1871.4,9740.5338,5874
2026-07-19 16:00:00,1871.3,1874.1,1858.1,1867.4,26755.3876,10597
2026-07-19 18:00:00,1867.4,1867.8,1853.5,1862.2,22492.1301,8426
2026-07-19 20:00:00,1862.3,1867.8,1857.5,1861.8,10472.8934,5888
2026-07-19 22:00:00,1861.8,1877.1,1857.1,1872.2,23787.0669,9829
2026-07-20 00:00:00,1872.2,1892.0,1862.5,1869.1,50999.25,17878
2026-07-20 02:00:00,1869.1,1883.0,1867.7,1879.6,27501.2785,8829
2026-07-20 04:00:00,1879.6,1880.0,1851.6,1854.7,46879.0124,13820
2026-07-20 06:00:00,1855.2,1865.2,1843.0,1863.9,90065.4786,19256
2026-07-20 08:00:00,1863.9,1868.1,1853.8,1863.9,30174.6059,9492
2026-07-20 10:00:00,1863.9,1896.6,1862.5,1893.1,32146.1401,12470
2026-07-20 12:00:00,1893.2,1893.5,1857.0,1862.1,61683.4418,16962
2026-07-20 14:00:00,1862.1,1904.4,1853.0,1902.0,58736.2201,24529
2026-07-20 16:00:00,1902.1,1909.1,1893.5,1907.5,39738.0872,15165
2026-07-20 18:00:00,1907.4,1918.1,1889.4,1897.5,39068.1538,17166
2026-07-20 20:00:00,1897.8,1907.2,1895.4,1902.2,17031.7388,8559
2026-07-20 22:00:00,1902.0,1904.4,1893.8,1904.0,10243.7508,6379
2026-07-21 00:00:00,1904.1,1917.9,1900.2,1906.8,19375.5711,10532
2026-07-21 02:00:00,1906.9,1928.5,1904.2,1927.1,48878.7411,14398
2026-07-21 04:00:00,1927.1,1935.0,1921.8,1930.6,34193.2452,13808
2026-07-21 06:00:00,1930.7,1939.6,1927.9,1933.9,38925.7892,14956
2026-07-21 08:00:00,1933.8,1952.0,1931.4,1941.6,36643.4812,13193
2026-07-21 10:00:00,1941.6,1946.3,1926.6,1935.4,17271.2777,8714
2026-07-21 12:00:00,1935.4,1945.0,1927.4,1939.9,22452.3422,12577
2026-07-21 14:00:00,1940.0,1943.6,1922.9,1931.7,67924.1995,16805
2026-07-21 16:00:00,1931.6,1935.3,1915.5,1918.4,55112.4185,15997
2026-07-21 18:00:00,1918.4,1926.1,1914.8,1923.0,40134.305,10412
2026-07-21 20:00:00,1923.0,1926.5,1919.3,1923.9,9677.4971,6246
2026-07-21 22:00:00,1923.9,1931.0,1916.1,1929.5,22158.0192,7570
2026-07-22 00:00:00,1929.5,1943.8,1927.8,1933.2,40596.3961,11711
2026-07-22 02:00:00,1933.2,1936.0,1926.6,1928.5,25510.155,11568
2026-07-22 04:00:00,1928.5,1939.5,1918.0,1919.0,35214.1027,14401
2026-07-22 06:00:00,1919.1,1920.6,1910.4,1913.8,16006.566,10104
2026-07-22 08:00:00,1913.8,1925.7,1913.5,1924.1,9110.9666,7539
2026-07-22 10:00:00,1924.0,1933.3,1922.2,1927.0,8173.6383,11430
2026-07-22 12:00:00,1927.0,1941.4,1913.4,1939.7,27914.4533,11822
2026-07-22 14:00:00,1939.6,1955.0,1922.2,1942.1,92881.7305,29828
2026-07-22 16:00:00,1942.1,1955.9,1934.1,1937.8,74425.2936,19521
2026-07-22 18:00:00,1937.9,1939.2,1919.3,1924.3,79820.982,19445
2026-07-22 20:00:00,1924.1,1938.7,1922.2,1937.8,23283.7346,9229
2026-07-22 22:00:00,1937.8,1938.0,1922.7,1933.4,23414.9665,7137
2026-07-23 00:00:00,1933.5,1941.0,1925.8,1928.0,55880.7705,13166
2026-07-23 02:00:00,1927.9,1929.3,1917.3,1919.7,26401.0015,8333
2026-07-23 04:00:00,1919.7,1927.8,1917.4,1922.0,10817.0626,5896
2026-07-23 06:00:00,1922.1,1926.2,1912.0,1914.9,21007.6608,8193
2026-07-23 08:00:00,1914.8,1930.7,1913.8,1923.4,31951.5847,9283
2026-07-23 10:00:00,1923.4,1929.6,1921.4,1925.0,12375.1778,5057
2026-07-23 12:00:00,1925.0,1927.1,1893.3,1898.1,73385.3885,22385
2026-07-23 14:00:00,1898.1,1906.5,1882.0,1894.7,52772.2999,22381
2026-07-23 16:00:00,1894.6,1894.7,1875.7,1877.5,28846.4487,13151
2026-07-23 18:00:00,1877.5,1884.3,1868.1,1875.0,68366.0972,15872
2026-07-23 20:00:00,1874.9,1888.3,1874.0,1882.0,44827.9124,12398
2026-07-23 22:00:00,1882.0,1883.7,1873.5,1877.7,33684.0342,7430
2026-07-24 00:00:00,1877.8,1878.3,1859.4,1872.2,44768.918,12505
2026-07-24 02:00:00,1872.2,1880.6,1864.4,1879.8,19372.4055,8555
2026-07-24 04:00:00,1879.8,1881.4,1872.9,1880.2,8163.2898,5195
2026-07-24 06:00:00,1880.2,1909.3,1878.3,1895.6,32371.3163,12504
2026-07-24 08:00:00,1895.6,1895.6,1878.1,1887.2,18930.2733,10103
2026-07-24 10:00:00,1887.2,1887.8,1876.0,1883.4,23819.9586,12738
2026-07-24 12:00:00,1883.4,1885.3,1847.0,1857.1,89329.8035,22899
2026-07-24 14:00:00,1856.9,1868.5,1847.2,1861.4,91966.4982,21347
2026-07-24 16:00:00,1861.3,1866.3,1852.3,1866.1,44366.0731,11979
2026-07-24 18:00:00,1866.1,1866.1,1857.3,1862.9,8774.3404,5641
2026-07-24 20:00:00,1862.9,1864.5,1856.1,1856.5,13708.3355,6108
2026-07-24 22:00:00,1856.6,1861.1,1856.2,1861.0,11757.8362,5456
2026-07-25 00:00:00,1860.7,1863.7,1856.3,1859.3,8694.5767,6254
2026-07-25 02:00:00,1859.3,1860.7,1854.8,1858.3,8702.6767,4539
2026-07-25 04:00:00,1858.0,1861.9,1856.1,1857.8,5660.637,3209
2026-07-25 06:00:00,1857.8,1859.3,1853.8,1855.5,4161.7404,3877
2026-07-25 08:00:00,1855.6,1858.3,1850.4,1857.4,11014.1807,6506
2026-07-25 10:00:00,1857.5,1859.4,1856.0,1857.3,5090.5126,9567
2026-07-25 12:00:00,1857.3,1870.9,1856.6,1866.3,12794.1679,14267
2026-07-25 14:00:00,1866.3,1871.2,1864.6,1867.4,20444.1862,7190
2026-07-25 16:00:00,1867.4,1874.4,1864.0,1872.3,17085.0452,8666
2026-07-25 18:00:00,1872.4,1875.8,1871.7,1873.9,16375.7099,6742
2026-07-25 20:00:00,1874.0,1874.2,1866.9,1871.8,9668.9319,4514
2026-07-25 22:00:00,1871.8,1876.0,1871.6,1874.3,3924.1345,3171
2026-07-26 00:00:00,1874.3,1881.0,1873.5,1877.5,7169.5531,7463
2026-07-26 02:00:00,1877.6,1883.4,1876.5,1881.0,3336.2364,3815
2026-07-26 04:00:00,1881.4,1888.8,1879.6,1882.3,9810.0549,5576
2026-07-26 06:00:00,1882.4,1885.5,1877.6,1880.5,6573.1724,4210
2026-07-26 08:00:00,1880.8,1885.3,1878.6,1883.6,10646.5428,4129
2026-07-26 10:00:00,1883.4,1887.5,1881.9,1885.1,9983.7509,3969
2026-07-26 12:00:00,1885.1,1892.8,1881.2,1885.9,16982.8675,7638
2026-07-26 14:00:00,1885.9,1916.1,1885.9,1914.0,38596.219,14075
2026-07-26 16:00:00,1914.0,1927.6,1907.9,1910.7,40564.5072,17241
2026-07-26 18:00:00,1910.6,1915.5,1910.5,1913.6,6152.658,7927
2026-07-26 20:00:00,1913.6,1929.9,1910.9,1925.3,16220.2747,12433
2026-07-26 22:00:00,1925.3,1967.9,1925.3,1954.2,82005.934,28675
2026-07-27 00:00:00,1954.3,1954.9,1936.0,1947.7,44576.0291,18421
2026-07-27 02:00:00,1947.8,1949.6,1941.0,1948.8,21889.7649,9199
2026-07-27 04:00:00,1948.9,1970.4,1947.7,1965.2,40886.4977,17958
2026-07-27 06:00:00,1965.3,1980.8,1960.8,1963.8,39806.3914,19598
2026-07-27 08:00:00,1963.9,1968.3,1956.5,1964.9,20738.9595,12309
2026-07-27 10:00:00,1964.8,1971.6,1957.8,1959.2,9811.2609,8455
2026-07-27 12:00:00,1959.2,1976.6,1942.2,1960.2,58790.8623,22543
2026-07-27 14:00:00,1960.2,1965.7,1917.8,1927.2,91832.4293,34483
2026-07-27 16:00:00,1927.0,1946.7,1921.8,1942.4,34228.0283,18533
2026-07-27 18:00:00,1942.5,1954.7,1927.7,1947.4,50311.2542,17129
2026-07-27 20:00:00,1948.0,1949.8,1940.0,1941.1,10217.4345,10911
2026-07-27 22:00:00,1941.1,1941.1,1881.6,1891.6,114463.6435,32038
2026-07-28 00:00:00,1891.5,1893.5,1865.2,1875.2,54745.2465,21144
2026-07-28 02:00:00,1875.2,1882.4,1871.7,1880.5,14550.0286,9095
2026-07-28 04:00:00,1880.6,1888.6,1876.0,1882.0,16459.6154,8710
2026-07-28 06:00:00,1882.1,1888.1,1877.4,1882.9,26812.0767,12496
2026-07-28 08:00:00,1883.0,1884.8,1873.7,1875.6,21435.8649,9208
2026-07-28 10:00:00,1875.5,1881.5,1870.8,1875.7,30422.0733,12010
2026-07-28 12:00:00,1875.8,1895.0,1856.3,1873.2,77827.5315,26105
2026-07-28 14:00:00,1873.1,1923.8,1866.8,1919.2,121985.9603,36072
2026-07-28 16:00:00,1919.2,1927.6,1892.6,1900.6,102228.0925,29043
2026-07-28 18:00:00,1900.6,1921.5,1900.4,1920.9,31012.4605,15437
2026-07-28 20:00:00,1921.1,1928.1,1913.6,1923.2,41247.8445,11621
2026-07-28 22:00:00,1923.3,1926.2,1903.1,1921.4,28135.123,12720
2026-07-29 00:00:00,1921.3,1928.1,1904.0,1904.3,21761.3241,13077
2026-07-29 02:00:00,1904.4,1918.6,1890.0,1891.4,23133.8248,13637
2026-07-29 04:00:00,1891.5,1914.1,1883.3,1911.7,52638.501,16451
2026-07-29 06:00:00,1911.6,1924.3,1908.0,1922.6,18155.8341,10394
2026-07-29 08:00:00,1922.7,1924.8,1911.0,1921.2,17273.2449,8885
2026-07-29 10:00:00,1921.3,1921.6,1909.3,1914.5,17646.8975,6980
2026-07-29 12:00:00,1914.5,1914.5,1896.2,1908.1,18922.0607,11805
2026-07-29 14:00:00,1908.3,1910.3,1886.0,1891.1,38274.2843,15613
2026-07-29 16:00:00,1891.0,1916.8,1887.0,1915.8,48166.9514,19280
2026-07-29 18:00:00,1915.8,1936.4,1883.7,1887.4,189806.6602,47932
2026-07-29 20:00:00,1887.8,1897.3,1874.1,1897.3,57873.1207,22893
2026-07-29 22:00:00,1897.2,1912.1,1897.2,1910.0,26284.5969,12501
2026-07-30 00:00:00,1910.0,1920.0,1893.4,1916.0,57888.496,21895
2026-07-30 02:00:00,1916.2,1918.9,1906.6,1909.1,34493.5617,9305
2026-07-30 04:00:00,1909.1,1909.9,1900.0,1905.3,19396.524,7252
2026-07-30 06:00:00,1905.2,1907.1,1898.4,1902.2,10256.491,6732
2026-07-30 08:00:00,1902.1,1922.5,1899.3,1917.2,43023.2381,14751
2026-07-30 10:00:00,1917.1,1925.1,1915.9,1922.3,18757.6665,8483
2026-07-30 12:00:00,1922.4,1935.9,1916.0,1928.5,38745.2221,17200
2026-07-30 14:00:00,1928.5,1928.9,1912.7,1917.8,52971.784,19648
2026-07-30 16:00:00,1917.8,1925.0,1915.1,1920.3,34534.4963,9621
2026-07-30 18:00:00,1920.3,1928.5,1913.4,1922.3,51397.9099,8807
2026-07-30 20:00:00,1922.5,1926.2,1916.3,1917.6,17079.8792,7072
2026-07-30 22:00:00,1917.5,1936.0,1915.2,1917.6,20092.8842,9910
2026-07-31 00:00:00,1917.6,1935.4,1905.5,1909.1,57941.4856,15336
2026-07-31 02:00:00,1909.1,1911.1,1898.8,1908.1,40042.6126,12291
2026-07-31 04:00:00,1908.1,1908.8,1900.5,1905.2,18152.818,6047
2026-07-31 06:00:00,1905.1,1910.5,1883.6,1889.6,59760.4789,18031
2026-07-31 08:00:00,1889.5,1892.2,1880.0,1882.5,20756.3865,10479
2026-07-31 10:00:00,1882.5,1889.0,1876.4,1883.2,30578.6204,11151
2026-07-31 12:00:00,1883.2,1889.8,1863.6,1866.1,69775.4743,21144
2026-07-31 14:00:00,1866.0,1869.2,1848.0,1861.9,95759.4109,32600
2026-07-31 16:00:00,1862.0,1877.3,1860.0,1874.4,50169.4204,19640
2026-07-31 18:00:00,1874.5,1875.6,1863.7,1866.9,18243.7288,8888
2026-07-31 20:00:00,1867.0,1869.9,1858.7,1861.1,23070.1247,8351
2026-07-31 22:00:00,1861.1,1864.3,1858.5,1861.6,5023.2725,4746
2026-08-01 00:00:00,1861.6,1866.7,1861.5,1865.7,5867.4712,5286
2026-08-01 02:00:00,1865.9,1869.2,1865.7,1868.9,5384.861,4124
2026-08-01 04:00:00,1868.9,1870.4,1864.2,1866.7,7823.5865,4132
2026-08-01 06:00:00,1866.8,1871.3,1865.7,1868.8,5634.076,3946
2026-08-01 08:00:00,1868.8,1869.8,1866.8,1866.9,3858.2649,4176
2026-08-01 10:00:00,1867.0,1868.1,1862.1,1865.7,15548.6758,8894
2026-08-01 12:00:00,1865.7,1869.0,1865.6,1868.5,2426.2275,6870
2026-08-01 14:00:00,1868.4,1874.4,1868.4,1869.5,6526.1664,4798
2026-08-01 16:00:00,1869.5,1872.5,1856.8,1860.7,23672.8326,8789
2026-08-01 18:00:00,1860.7,1862.1,1820.7,1836.4,90242.2274,27083
2026-08-01 20:00:00,1836.3,1844.8,1832.2,1844.6,22155.2383,14441
2026-08-01 22:00:00,1844.7,1848.3,1842.4,1843.9,12975.6938,9264
2026-08-02 00:00:00,1843.9,1858.0,1843.2,1855.7,31226.1289,14183
2026-08-02 02:00:00,1855.6,1883.5,1855.4,1876.6,45067.524,16347
2026-08-02 04:00:00,1876.5,1881.7,1874.0,1875.2,9195.0799,6581
2026-08-02 06:00:00,1875.2,1878.0,1874.1,1874.9,3417.4025,4503
2026-08-02 08:00:00,1875.2,1878.6,1861.1,1869.9,35481.503,8647
2026-08-02 10:00:00,1869.8,1869.9,1848.6,1851.7,30663.4311,9123
2026-08-02 12:00:00,1851.7,1861.5,1851.6,1854.1,28440.2846,8352
2026-08-02 14:00:00,1854.1,1861.9,1851.7,1857.8,20048.9737,8675
2026-08-02 16:00:00,1857.8,1869.8,1855.4,1868.2,11837.3569,8970
2026-08-02 18:00:00,1868.1,1886.5,1867.8,1881.5,13178.4813,9613
2026-08-02 20:00:00,1881.4,1898.6,1879.2,1889.8,24482.3731,11133
2026-08-02 22:00:00,1889.9,1897.1,1875.6,1884.6,30168.6967,10795
2026-08-03 00:00:00,1884.5,1885.4,1864.9,1866.4,25338.5868,9046
2026-08-03 02:00:00,1866.5,1871.1,1850.7,1856.1,20780.2419,8145
2026-08-03 04:00:00,1856.1,1862.3,1852.4,1859.1,22258.2491,6375
2026-08-03 06:00:00,1859.1,1860.2,1839.3,1842.9,29258.1232,10481
2026-08-03 08:00:00,1842.9,1853.6,1827.6,1852.1,40253.6125,13601
2026-08-03 10:00:00,1852.1,1854.0,1837.9,1839.1,18982.7175,11000
2026-08-03 12:00:00,1839.1,1860.0,1836.0,1858.8,31930.2885,16790
2026-08-03 14:00:00,1858.8,1873.0,1850.6,1862.4,51615.9429,19535
2026-08-03 16:00:00,1862.4,1873.9,1861.1,1867.8,15955.2372,9195
2026-08-03 18:00:00,1867.8,1875.4,1865.5,1868.9,34547.1813,10048
2026-08-03 20:00:00,1869.0,1875.2,1862.5,1862.8,27581.5354,8855
2026-08-03 22:00:00,1862.5,1865.0,1851.1,1859.4,26023.039,8579
2026-08-04 00:00:00,1859.5,1868.9,1847.4,1866.9,45845.9709,11657
2026-08-04 02:00:00,1867.0,1870.8,1857.7,1863.3,20099.5414,7233
2026-08-04 04:00:00,1863.3,1873.5,1861.2,1863.4,10240.2747,5786
2026-08-04 06:00:00,1863.4,1867.9,1852.8,1863.2,21579.4202,9129
2026-08-04 08:00:00,1863.3,1865.3,1853.0,1857.9,18664.6161,8890
2026-08-04 10:00:00,1858.0,1873.6,1853.3,1871.8,33064.3749,10863
2026-08-04 12:00:00,1871.8,1881.0,1859.0,1860.5,49856.4004,16527
2026-08-04 14:00:00,1860.5,1877.0,1857.1,1872.2,88294.625,21900
2026-08-04 16:00:00,1872.1,1877.2,1865.0,1869.0,30725.9574,10560
2026-08-04 18:00:00,1868.9,1881.1,1868.7,1874.1,18455.1554,7463
2026-08-04 20:00:00,1874.2,1878.9,1865.4,1871.3,18619.972,7574
2026-08-04 22:00:00,1871.4,1880.0,1867.3,1869.4,63095.4578,10867
2026-08-05 00:00:00,1869.5,1873.5,1860.3,1872.6,27588.4555,10473
2026-08-05 02:00:00,1872.6,1877.3,1863.2,1867.2,60138.1249,10181
2026-08-05 04:00:00,1867.2,1876.5,1864.1,1872.5,40712.1714,8301
2026-08-05 06:00:00,1872.6,1872.8,1862.3,1872.3,50359.6762,9306
2026-08-05 08:00:00,1872.3,1874.0,1867.5,1871.0,14354.9824,7277
2026-08-05 10:00:00,1871.1,1875.0,1865.3,1868.1,6304.3513,5398
2026-08-05 12:00:00,1868.0,1884.5,1854.7,1877.5,54385.5585,20833
2026-08-05 14:00:00,1877.6,1882.7,1868.4,1873.2,40338.2377,13843
2026-08-05 16:00:00,1872.9,1917.2,1872.6,1915.8,89809.9586,27470
2026-08-05 18:00:00,1916.1,1927.0,1913.4,1916.1,59271.3176,19464
2026-08-05 20:00:00,1916.2,1923.7,1906.6,1908.1,36995.6843,13151
2026-08-05 22:00:00,1908.0,1912.7,1903.8,1908.1,27526.0352,9035
2026-08-06 00:00:00,1908.1,1913.5,1902.7,1906.2,15066.1308,7352
2026-08-06 02:00:00,1906.3,1910.3,1893.7,1898.2,29707.6818,9615
2026-08-06 04:00:00,1898.2,1918.0,1895.1,1913.4,29465.4236,9346
2026-08-06 06:00:00,1913.4,1914.4,1905.9,1908.8,18068.0036,5671
2026-08-06 08:00:00,1908.8,1918.5,1904.1,1907.1,58047.7332,11577
2026-08-06 10:00:00,1907.0,1908.5,1895.9,1906.8,26102.8599,9621
2026-08-06 12:00:00,1906.8,1910.3,1892.0,1906.9,45272.36,12994
2026-08-06 14:00:00,1906.7,1918.9,1902.7,1910.0,62214.9589,14986
2026-08-06 16:00:00,1910.1,1917.7,1908.0,1913.3,22223.7189,7733
2026-08-06 18:00:00,1913.3,1913.3,1903.1,1909.1,11245.636,6279
2026-08-06 20:00:00,1909.1,1909.8,1905.3,1905.6,29407.9728,5891
2026-08-06 22:00:00,1905.6,1906.6,1897.4,1903.0,19863.2053,5715
2026-08-07 00:00:00,1902.9,1906.9,1898.0,1902.5,52165.3367,9993
2026-08-07 02:00:00,1902.5,1907.6,1895.5,1896.5,25857.5457,6476
2026-08-07 04:00:00,1896.5,1901.6,1893.5,1900.8,30722.2327,6203
2026-08-07 06:00:00,1900.7,1906.9,1899.1,1901.4,16160.6259,4758
2026-08-07 08:00:00,1901.4,1916.3,1901.1,1912.2,132181.0164,23369
2026-08-07 10:00:00,1912.2,1919.8,1911.5,1915.1,34501.8436,9844
2026-08-07 12:00:00,1915.2,1939.4,1915.2,1922.7,102661.9094,26830
2026-08-07 14:00:00,1922.7,1925.3,1909.6,1916.7,38980.039,15791
2026-08-07 16:00:00,1917.3,1924.0,1904.6,1911.7,65824.9585,15829
2026-08-07 18:00:00,1911.6,1919.4,1904.9,1918.2,29251.0206,9671
2026-08-07 20:00:00,1918.1,1919.4,1911.8,1915.4,10509.2118,6240
2026-08-07 22:00:00,1915.3,1915.5,1913.0,1913.1,2946.4193,3376
2026-08-08 00:00:00,1913.0,1915.0,1911.5,1913.5,4577.222,3375
2026-08-08 02:00:00,1913.6,1918.4,1911.3,1917.5,8000.5287,3499
2026-08-08 04:00:00,1917.6,1918.6,1915.1,1916.5,2712.6347,2504
2026-08-08 06:00:00,1916.5,1917.0,1913.0,1914.2,4870.3616,2386
2026-08-08 08:00:00,1914.1,1921.6,1913.7,1918.0,9973.6763,4283
2026-08-08 10:00:00,1918.0,1922.4,1917.9,1920.3,8892.0941,3703
2026-08-08 12:00:00,1920.3,1921.4,1918.0,1919.2,7190.061,3479
2026-08-08 14:00:00,1919.3,1925.8,1919.2,1922.1,13529.0382,6588
2026-08-08 16:00:00,1922.0,1925.7,1920.8,1923.3,10235.3284,5028
2026-08-08 18:00:00,1923.3,1923.3,1919.0,1919.8,4299.9799,3502
2026-08-08 20:00:00,1919.7,1921.9,1919.0,1920.1,4776.9601,2894
2026-08-08 22:00:00,1920.1,1920.7,1914.2,1916.0,14635.5413,5641
2026-08-09 00:00:00,1916.1,1919.4,1913.0,1915.2,11425.6217,4106
2026-08-09 02:00:00,1915.2,1915.6,1911.7,1913.6,4437.4445,2691
2026-08-09 04:00:00,1913.6,1915.3,1912.6,1913.8,9835.9165,2724
2026-08-09 06:00:00,1913.8,1918.8,1913.5,1918.4,4552.707,3404
2026-08-09 08:00:00,1918.3,1924.2,1912.7,1920.8,7793.6107,4569
2026-08-09 10:00:00,1920.8,1921.8,1917.8,1918.2,5633.7699,3565
2026-08-09 12:00:00,1918.2,1925.0,1916.0,1922.9,10798.5681,4891
2026-08-09 14:00:00,1922.8,1927.0,1922.0,1925.9,17798.2894,6707
2026-08-09 16:00:00,1926.0,1926.0,1920.9,1922.7,7719.1385,4883
2026-08-09 18:00:00,1922.6,1923.6,1919.8,1921.7,7061.1563,3519
2026-08-09 20:00:00,1921.7,1926.3,1917.6,1924.5,6090.7587,4431
2026-08-09 22:00:00,1924.5,1937.5,1906.8,1909.9,29694.6528,12846
2026-08-10 00:00:00,1910.0,1930.6,1905.2,1924.2,29832.049,12357
2026-08-10 02:00:00,1924.2,1926.1,1912.0,1916.5,19097.1748,8178
2026-08-10 04:00:00,1916.6,1924.2,1911.3,1922.8,27181.9299,6389
2026-08-10 06:00:00,1922.8,1929.9,1922.5,1924.2,19313.1976,7090
2026-08-10 08:00:00,1924.3,1928.9,1915.5,1915.6,16321.3627,8068
2026-08-10 10:00:00,1915.7,1920.4,1914.1,1919.5,22735.8244,6519
2026-08-10 12:00:00,1919.6,1922.6,1894.1,1896.9,53810.4957,15769
2026-08-10 14:00:00,1896.8,1901.9,1870.0,1875.7,130038.0369,26398
2026-08-10 16:00:00,1875.6,1877.9,1867.5,1872.5,47560.1747,14089
2026-08-10 18:00:00,1872.6,1879.7,1867.0,1877.5,22422.72,7657
2026-08-10 20:00:00,1877.5,1880.3,1872.6,1873.3,12640.6079,6855
2026-08-10 22:00:00,1873.3,1877.1,1869.3,1872.5,22109.4498,5829
2026-08-11 00:00:00,1872.5,1877.8,1869.7,1877.3,11752.0498,4886
2026-08-11 02:00:00,1877.1,1880.8,1876.6,1880.0,6760.437,4150
2026-08-11 04:00:00,1880.1,1880.9,1870.3,1873.2,26239.0908,5510
2026-08-11 06:00:00,1873.2,1878.7,1870.1,1876.9,34582.5772,7639
2026-08-11 08:00:00,1876.9,1884.5,1874.8,1884.5,29731.7859,9665
2026-08-11 10:00:00,1884.5,1894.7,1882.3,1892.2,32488.1198,10079
2026-08-11 12:00:00,1892.1,1896.7,1882.7,1889.2,23519.6545,10694
2026-08-11 14:00:00,1889.2,1890.7,1852.7,1862.0,60748.8866,20889
2026-08-11 16:00:00,1862.0,1867.0,1858.9,1864.3,16019.1318,8848
2026-08-11 18:00:00,1864.1,1884.1,1859.7,1881.2,37460.714,11941
2026-08-11 20:00:00,1881.2,1885.0,1878.2,1884.4,25732.1302,8470
2026-08-11 22:00:00,1884.5,1886.7,1878.0,1882.0,33373.283,6819
2026-08-12 00:00:00,1882.1,1886.1,1880.2,1884.2,12240.8609,5550
2026-08-12 02:00:00,1884.3,1887.6,1882.4,1886.3,16593.7184,6201
2026-08-12 04:00:00,1886.4,1892.9,1885.1,1891.6,32663.454,10161
2026-08-12 06:00:00,1891.5,1891.6,1885.1,1891.1,10346.6416,7094
2026-08-12 08:00:00,1891.1,1909.4,1889.6,1905.5,29586.0261,11452
2026-08-12 10:00:00,1905.6,1915.4,1905.6,1915.3,48932.3619,14276
2026-08-12 12:00:00,1915.4,1924.3,1899.3,1900.8,71453.0396,21479
2026-08-12 14:00:00,1900.8,1902.9,1883.8,1891.9,59553.8645,18339
2026-08-12 16:00:00,1892.0,1895.1,1884.8,1887.5,10832.2291,6927
2026-08-12 18:00:00,1887.6,1890.5,1877.1,1878.8,18442.792,9838
2026-08-12 20:00:00,1878.7,1888.7,1872.6,1877.5,22951.9602,9099
2026-08-12 22:00:00,1877.4,1880.6,1874.4,1879.5,6216.2983,5048
2026-08-13 00:00:00,1879.5,1884.9,1875.0,1878.0,19481.2985,7484
2026-08-13 02:00:00,1878.0,1888.0,1872.6,1886.6,21546.8366,7449
2026-08-13 04:00:00,1886.6,1899.5,1884.8,1895.2,19229.4638,8021
2026-08-13 06:00:00,1895.3,1898.3,1891.3,1894.7,16847.2625,7417
2026-08-13 08:00:00,1894.7,1896.5,1880.7,1889.2,23952.8886,8441
2026-08-13 10:00:00,1889.2,1889.5,1875.0,1879.6,55247.425,14708
2026-08-13 12:00:00,1879.7,1895.5,1878.4,1889.4,51813.9167,15653
2026-08-13 14:00:00,1889.4,1896.6,1878.7,1878.9,46286.707,14013
2026-08-13 16:00:00,1878.9,1883.9,1862.3,1876.2,56123.9145,16209
2026-08-13 18:00:00,1876.3,1892.8,1875.8,1886.0,57413.8037,12854
2026-08-13 20:00:00,1886.3,1888.7,1884.8,1887.6,7266.518,5293
2026-08-13 22:00:00,1887.8,1892.4,1883.8,1885.4,12186.137,5732
2026-08-14 00:00:00,1885.4,1889.6,1883.0,1888.9,17159.614,6196
2026-08-14 02:00:00,1888.9,1890.6,1881.7,1882.1,8156.5543,4666
2026-08-14 04:00:00,1882.0,1887.0,1880.0,1883.3,3957.7099,3953
2026-08-14 06:00:00,1883.3,1883.3,1871.7,1872.3,32599.3187,8519
2026-08-14 08:00:00,1872.3,1878.4,1868.4,1872.6,28205.27,8520
2026-08-14 10:00:00,1872.5,1880.4,1871.9,1877.4,23439.7538,6875
2026-08-14 12:00:00,1877.4,1878.8,1866.1,1869.0,27276.6809,10249
2026-08-14 14:00:00,1869.1,1884.1,1863.4,1881.0,39891.9754,13237
2026-08-14 16:00:00,1881.0,1887.5,1875.6,1877.7,28748.6462,7793
2026-08-14 18:00:00,1877.6,1881.1,1873.0,1879.8,22268.4838,8197
2026-08-14 20:00:00,1879.9,1880.9,1876.5,1878.7,15206.3954,4302
2026-08-14 22:00:00,1878.7,1881.9,1875.2,1881.2,14685.5033,4145
2026-08-15 00:00:00,1881.3,1883.6,1880.0,1883.6,5575.8284,3563
2026-08-15 02:00:00,1883.6,1885.6,1881.9,1882.0,4232.9854,3094
2026-08-15 04:00:00,1882.0,1884.5,1879.1,1879.7,6184.6954,2371
2026-08-15 06:00:00,1879.8,1882.5,1879.3,1879.4,2336.7703,2291
2026-08-15 08:00:00,1879.4,1880.6,1875.3,1879.9,13322.8008,4550
2026-08-15 10:00:00,1879.9,1880.5,1877.6,1878.8,2627.7739,2186
2026-08-15 12:00:00,1878.9,1884.1,1877.5,1882.6,15136.5996,4201
2026-08-15 14:00:00,1882.6,1885.1,1880.6,1884.3,12615.8764,4235
2026-08-15 16:00:00,1884.3,1885.6,1882.1,1883.6,4693.3995,3289
2026-08-15 18:00:00,1883.7,1884.8,1881.4,1883.8,3680.3802,3556
2026-08-15 20:00:00,1883.8,1884.8,1881.8,1884.5,6097.8507,3103
2026-08-15 22:00:00,1884.5,1884.7,1881.0,1882.3,4589.5859,2970
2026-08-16 00:00:00,1882.3,1882.3,1876.4,1880.0,8093.2898,3904
2026-08-16 02:00:00,1880.0,1884.4,1878.6,1882.2,9298.4087,3150
2026-08-16 04:00:00,1882.2,1883.7,1878.3,1879.3,11187.2672,3284
2026-08-16 06:00:00,1879.3,1880.8,1878.0,1880.8,3653.6895,3060
2026-08-16 08:00:00,1880.7,1881.4,1878.2,1879.7,1507.8788,3104
2026-08-16 10:00:00,1879.6,1880.1,1878.8,1880.0,1731.8975,2186
2026-08-16 12:00:00,1879.9,1881.5,1878.4,1881.2,5574.1248,2794
2026-08-16 14:00:00,1881.2,1884.4,1881.1,1883.7,16909.3412,4401
2026-08-16 16:00:00,1883.7,1891.3,1883.0,1884.4,41134.3424,9089
2026-08-16 18:00:00,1884.4,1888.2,1881.6,1884.8,24552.918,5155
2026-08-16 20:00:00,1884.8,1886.6,1868.9,1874.8,12092.8026,8324
2026-08-16 22:00:00,1874.8,1877.2,1868.7,1875.6,22704.0635,6721
2026-08-17 00:00:00,1875.6,1896.6,1871.8,1890.5,59136.2542,13508
2026-08-17 02:00:00,1890.6,1906.9,1887.7,1900.2,36069.5859,9202
2026-08-17 04:00:00,1900.2,1904.0,1897.7,1899.1,11247.4759,5323
2026-08-17 06:00:00,1899.1,1911.0,1897.5,1900.0,17681.9467,8578
2026-08-17 08:00:00,1899.9,1900.7,1890.7,1893.3,14389.7274,8563
2026-08-17 10:00:00,1893.2,1908.8,1891.5,1903.2,16274.036,8453
2026-08-17 12:00:00,1903.3,1908.2,1895.5,1904.0,18955.0945,8835
2026-08-17 14:00:00,1904.0,1914.7,1897.4,1912.4,42791.1646,12767
2026-08-17 16:00:00,1912.4,1913.6,1903.7,1908.2,20395.3043,9871
2026-08-17 18:00:00,1908.1,1912.0,1905.6,1906.6,12566.9242,7102
2026-08-17 20:00:00,1906.6,1909.6,1904.0,1905.6,11673.427,5644
2026-08-17 22:00:00,1905.6,1917.9,1902.6,1913.0,21823.3065,7650
2026-08-18 00:00:00,1912.9,1913.8,1899.0,1900.3,26226.1769,9728
2026-08-18 02:00:00,1900.3,1902.6,1884.8,1894.1,77929.5307,17433
2026-08-18 04:00:00,1894.1,1898.0,1890.5,1894.7,19315.0574,7729
2026-08-18 06:00:00,1894.7,1906.1,1893.0,1897.6,16377.6617,7814
2026-08-18 08:00:00,1897.6,1900.9,1892.8,1896.2,13612.4044,6342
2026-08-18 10:00:00,1896.2,1905.0,1894.1,1902.1,16982.6536,6167
2026-08-18 12:00:00,1902.1,1903.0,1893.0,1896.9,15353.9739,7524
2026-08-18 14:00:00,1896.8,1922.0,1896.5,1916.4,94052.1816,22194
2026-08-18 16:00:00,1916.5,1921.4,1910.2,1910.2,32119.0884,8595
2026-08-18 18:00:00,1910.3,1916.6,1910.0,1912.3,7624.4678,4216
2026-08-18 20:00:00,1912.3,1914.7,1910.1,1911.1,5932.4233,3697
2026-08-18 22:00:00,1911.0,1919.4,1910.5,1916.8,17568.2899,5549
2026-08-19 00:00:00,1916.9,1918.5,1910.6,1912.9,59222.9957,11269
2026-08-19 02:00:00,1913.0,1914.7,1906.2,1911.3,50339.5341,9813
2026-08-19 04:00:00,1911.2,1914.0,1908.9,1909.2,22963.8098,4619
2026-08-19 06:00:00,1909.3,1920.4,1905.3,1915.1,29251.4761,7030
2026-08-19 08:00:00,1915.2,1929.0,1914.1,1917.9,59602.3513,12590
2026-08-19 10:00:00,1918.0,1925.0,1916.5,1922.0,48093.4127,7918
2026-08-19 12:00:00,1922.0,1942.0,1921.3,1932.1,173231.1524,28113
2026-08-19 14:00:00,1932.2,2120.1,1932.1,2085.3,543547.0745,94408
2026-08-19 16:00:00,2085.3,2107.0,2067.2,2090.0,169373.1422,41247
2026-08-19 18:00:00,2090.2,2104.8,2078.1,2101.3,68460.7719,21232
2026-08-19 20:00:00,2101.3,2346.8,2101.3,2287.5,571672.6617,119727
2026-08-19 22:00:00,2287.4,2291.5,2242.7,2253.5,138208.0266,32401
2026-08-20 00:00:00,2252.9,2274.4,2250.3,2266.5,67473.5657,23419
2026-08-20 02:00:00,2266.5,2270.0,2224.0,2251.6,65233.7385,22887
2026-08-20 04:00:00,2251.6,2258.9,2244.2,2248.5,40052.0712,13826
2026-08-20 06:00:00,2248.8,2269.9,2239.7,2252.8,50570.9339,16121
2026-08-20 08:00:00,2252.8,2297.7,2250.7,2278.7,113166.9873,29673
2026-08-20 10:00:00,2278.6,2319.9,2277.0,2296.9,75809.1144,27186
2026-08-20 12:00:00,2296.9,2300.6,2255.5,2276.2,128478.734,31564
2026-08-20 14:00:00,2276.4,2338.4,2270.8,2326.9,146853.4218,37449
2026-08-20 16:00:00,2326.9,2360.8,2314.0,2343.9,107350.0956,35901
2026-08-20 18:00:00,2343.9,2348.0,2310.1,2322.3,92702.2253,26141
2026-08-20 20:00:00,2322.4,2331.7,2312.8,2318.7,45119.3164,15805
2026-08-20 22:00:00,2318.8,2340.0,2308.5,2328.0,61567.7251,19107
2026-08-21 00:00:00,2328.1,2380.9,2325.9,2359.9,158035.7817,38738
2026-08-21 02:00:00,2359.8,2365.7,2338.1,2341.8,78165.1902,21566
2026-08-21 04:00:00,2341.8,2369.5,2341.7,2369.5,58697.753,17042
2026-08-21 06:00:00,2369.5,2400.0,2355.9,2373.4,94304.1583,32173
2026-08-21 08:00:00,2373.5,2450.0,2372.0,2405.5,221021.8612,63221
2026-08-21 10:00:00,2405.6,2413.6,2358.3,2371.8,95753.6005,30352
2026-08-21 12:00:00,2372.4,2408.0,2367.0,2388.6,109654.3578,30805
2026-08-21 14:00:00,2388.6,2408.9,2370.3,2393.6,106232.1515,28879
2026-08-21 16:00:00,2393.6,2428.2,2384.1,2424.5,117830.9451,30826
2026-08-21 18:00:00,2424.5,2433.0,2395.4,2414.0,86897.7327,23249
2026-08-21 20:00:00,2413.7,2525.3,2409.0,2516.1,228496.9654,55507
2026-08-21 22:00:00,2516.1,2550.5,2510.0,2518.3,159350.3399,51446
2026-08-22 00:00:00,2518.2,2533.8,2492.3,2507.8,139309.7476,44874
2026-08-22 02:00:00,2507.8,2527.5,2496.0,2515.5,107494.1423,27856
2026-08-22 04:00:00,2515.5,2530.0,2383.3,2439.7,207208.9975,63204
2026-08-22 06:00:00,2439.9,2447.8,2412.0,2432.7,45005.2824,19761
2026-08-22 08:00:00,2432.8,2440.5,2411.7,2421.7,35090.6551,19172
2026-08-22 10:00:00,2421.7,2427.3,2389.7,2424.9,47355.2323,19666
2026-08-22 12:00:00,2424.8,2439.0,2420.2,2431.1,27428.3073,12561
2026-08-22 14:00:00,2431.1,2432.5,2406.3,2411.5,27132.3125,12224
2026-08-22 16:00:00,2411.5,2431.8,2409.5,2427.1,27429.6331,11987
2026-08-22 18:00:00,2427.1,2445.4,2422.7,2440.2,28359.6536,11934
2026-08-22 20:00:00,2440.1,2444.8,2403.6,2407.5,46266.8803,16715
2026-08-22 22:00:00,2407.5,2428.0,2405.0,2423.4,39098.2382,14464
2026-08-23 00:00:00,2423.5,2436.1,2420.3,2423.9,32902.7125,12788
2026-08-23 02:00:00,2423.8,2425.1,2408.3,2414.2,32124.5756,11833
2026-08-23 04:00:00,2414.3,2417.3,2357.2,2374.7,99040.0954,27999
2026-08-23 06:00:00,2374.7,2397.7,2370.8,2389.0,28784.7441,18778
2026-08-23 08:00:00,2389.2,2428.0,2387.3,2412.4,51137.9743,14809
2026-08-23 10:00:00,2412.4,2439.3,2411.8,2435.0,24609.7464,10897
2026-08-23 12:00:00,2435.1,2486.9,2420.1,2461.0,60620.8937,20718
2026-08-23 14:00:00,2460.9,2469.9,2387.8,2440.0,108752.5556,36244
2026-08-23 16:00:00,2440.1,2460.1,2434.6,2441.4,53340.9452,15754
2026-08-23 18:00:00,2441.5,2454.9,2435.4,2445.6,22826.8449,11413
2026-08-23 20:00:00,2445.6,2487.0,2436.9,2471.1,100531.2035,28753
2026-08-23 22:00:00,2471.2,2476.1,2443.4,2464.4,32726.6136,18318
2026-08-24 00:00:00,2464.5,2468.0,2427.8,2429.1,47707.7146,22419
2026-08-24 02:00:00,2429.3,2452.9,2425.0,2430.7,48100.1972,17186
2026-08-24 04:00:00,2430.8,2460.6,2429.1,2450.0,40306.3817,17576
2026-08-24 06:00:00,2449.8,2475.0,2445.5,2455.7,17567.0748,13176
2026-08-24 08:00:00,2455.6,2466.0,2435.9,2464.1,32022.8202,14285
2026-08-24 10:00:00,2464.1,2510.5,2455.6,2496.3,72162.3215,28395
2026-08-24 12:00:00,2496.3,2522.4,2475.8,2495.8,127343.5787,40499
2026-08-24 14:00:00,2495.8,2534.0,2478.5,2486.7,189280.4806,48608
2026-08-24 16:00:00,2486.8,2506.1,2453.4,2468.0,123647.7193,38870
2026-08-24 18:00:00,2467.9,2482.7,2461.1,2471.0,50600.0697,20915
2026-08-24 20:00:00,2470.9,2487.4,2464.7,2483.0,15570.6879,11166
2026-08-24 22:00:00,2483.0,2487.0,2469.7,2482.3,25013.9243,13187
2026-08-25 00:00:00,2481.8,2504.6,2471.4,2495.1,79527.2238,27111
2026-08-25 02:00:00,2495.3,2532.5,2488.2,2498.7,116501.2797,32728
2026-08-25 04:00:00,2498.6,2511.1,2488.6,2508.0,47614.5074,16636
2026-08-25 06:00:00,2508.0,2514.9,2464.3,2478.6,50925.1456,18737
2026-08-25 08:00:00,2478.6,2497.6,2462.0,2473.8,41760.1827,15673
2026-08-25 10:00:00,2473.8,2485.6,2468.9,2477.6,34741.9824,12316
2026-08-25 12:00:00,2477.6,2480.6,2437.5,2459.4,100978.1106,31749
2026-08-25 14:00:00,2459.5,2483.5,2453.1,2481.8,70291.4552,22324
2026-08-25 16:00:00,2481.8,2484.2,2455.0,2469.9,45078.9393,16636
2026-08-25 18:00:00,2469.9,2473.7,2454.2,2462.3,29767.5061,12372
2026-08-25 20:00:00,2462.3,2463.3,2407.5,2440.7,86865.0407,26618
2026-08-25 22:00:00,2440.7,2455.3,2435.9,2441.6,31931.7599,13810
2026-08-26 00:00:00,2441.7,2461.0,2434.4,2454.5,25750.7654,13723
2026-08-26 02:00:00,2454.6,2468.8,2453.2,2464.8,25864.6849,11537
2026-08-26 04:00:00,2464.7,2472.0,2450.3,2463.6,28774.6652,13121
2026-08-26 06:00:00,2463.8,2467.7,2452.3,2460.5,19693.0949,10265
2026-08-26 08:00:00,2460.5,2469.0,2441.8,2447.3,23373.7333,11679
2026-08-26 10:00:00,2447.2,2474.4,2444.0,2462.6,44889.16,14817
2026-08-26 12:00:00,2462.6,2471.7,2436.2,2456.6,65439.6645,23694
2026-08-26 14:00:00,2455.7,2460.9,2431.6,2448.7,47787.9111,19541
2026-08-26 16:00:00,2448.7,2466.0,2436.5,2459.9,37740.7391,14519
2026-08-26 18:00:00,2459.9,2482.4,2457.9,2470.2,46052.7604,16989
2026-08-26 20:00:00,2469.1,2503.5,2458.6,2496.0,69080.9151,20397
2026-08-26 22:00:00,2496.1,2514.9,2487.0,2506.0,68729.3623,19544
2026-08-27 00:00:00,2506.2,2509.9,2486.2,2496.7,63969.5423,16656
2026-08-27 02:00:00,2496.7,2503.7,2488.2,2491.9,18937.9151,8553
2026-08-27 04:00:00,2491.9,2496.6,2480.4,2496.2,45960.2408,12430
2026-08-27 06:00:00,2495.8,2498.3,2483.5,2496.6,36926.7834,11808
2026-08-27 08:00:00,2497.0,2566.4,2497.0,2534.1,121085.6068,35501
2026-08-27 10:00:00,2533.7,2538.6,2483.4,2500.4,54013.1999,19554
2026-08-27 12:00:00,2500.4,2506.2,2481.6,2495.6,44079.0471,16517
2026-08-27 14:00:00,2495.1,2530.2,2486.7,2520.6,89480.0514,25296
2026-08-27 16:00:00,2520.7,2532.5,2514.8,2517.3,40815.7562,15392
2026-08-27 18:00:00,2517.3,2517.3,2486.4,2496.4,85483.9295,21331
2026-08-27 20:00:00,2496.5,2507.7,2493.5,2503.8,25083.6948,10630
2026-08-27 22:00:00,2503.7,2516.4,2503.6,2510.1,16787.6985,8964
2026-08-28 00:00:00,2510.1,2533.8,2505.1,2511.0,28766.6316,13694
2026-08-28 02:00:00,2511.1,2511.1,2485.7,2489.4,50863.4153,15358
2026-08-28 04:00:00,2489.4,2496.9,2476.3,2492.6,28123.979,10251
2026-08-28 06:00:00,2492.6,2504.7,2492.6,2496.3,34632.979,11065
2026-08-28 08:00:00,2496.2,2503.3,2483.0,2489.3,19867.0043,9885
2026-08-28 10:00:00,2489.4,2511.0,2481.5,2504.5,23673.6962,11661
2026-08-28 12:00:00,2504.5,2518.1,2494.4,2510.2,39672.7991,13832
2026-08-28 14:00:00,2510.2,2525.0,2465.5,2471.2,123458.5386,36653
2026-08-28 16:00:00,2471.0,2473.3,2405.4,2443.3,127666.1868,36758
2026-08-28 18:00:00,2443.2,2444.6,2417.4,2434.5,42462.6138,16847
2026-08-28 20:00:00,2434.8,2435.6,2421.6,2424.0,14658.6233,7693
2026-08-28 22:00:00,2424.0,2444.3,2421.7,2442.3,12870.6252,7464
2026-08-29 00:00:00,2442.3,2448.0,2438.8,2443.4,8901.3063,6126
2026-08-29 02:00:00,2443.4,2444.3,2434.0,2435.1,8532.741,4066
2026-08-29 04:00:00,2435.1,2441.8,2434.5,2438.4,1930.9822,3632
2026-08-29 06:00:00,2438.4,2438.6,2430.1,2435.5,7002.2097,3999
2026-08-29 08:00:00,2435.0,2436.6,2430.5,2434.5,4803.8187,4200
2026-08-29 10:00:00,2434.5,2438.2,2430.7,2435.2,2716.0139,3337
2026-08-29 12:00:00,2435.2,2438.9,2431.8,2435.1,3411.0016,4239
2026-08-29 14:00:00,2435.1,2451.9,2434.4,2443.9,20872.023,9286
2026-08-29 16:00:00,2443.9,2455.6,2443.9,2449.9,28423.7644,10909
2026-08-29 18:00:00,2449.9,2458.5,2445.0,2452.6,20216.5027,8298
2026-08-29 20:00:00,2452.6,2457.5,2448.3,2450.9,8269.349,4797
2026-08-29 22:00:00,2450.7,2459.6,2448.7,2457.3,8376.3571,4938
2026-08-30 00:00:00,2457.6,2467.7,2452.5,2456.3,11305.7971,7835
2026-08-30 02:00:00,2456.3,2460.3,2453.2,2456.9,3427.5531,3945
2026-08-30 04:00:00,2456.9,2459.3,2451.3,2455.7,14538.4218,4588
2026-08-30 06:00:00,2455.7,2461.1,2454.5,2455.0,16878.0361,4465
2026-08-30 08:00:00,2455.1,2459.4,2451.7,2453.3,2832.0551,4221
2026-08-30 10:00:00,2453.3,2461.6,2452.2,2460.2,7534.1022,4944
2026-08-30 12:00:00,2460.2,2477.9,2458.1,2475.6,50294.2238,14957
2026-08-30 14:00:00,2475.5,2483.6,2471.3,2481.0,12500.1868,11550
2026-08-30 16:00:00,2481.0,2536.7,2479.3,2507.3,138873.871,36218
2026-08-30 18:00:00,2507.3,2519.0,2497.1,2504.8,38001.4161,16036
2026-08-30 20:00:00,2504.8,2509.5,2461.1,2482.7,57759.0169,17829
2026-08-30 22:00:00,2482.6,2489.3,2388.0,2417.5,158477.0691,38199
2026-08-31 00:00:00,2417.5,2441.2,2407.2,2413.4,48199.6617,17779
2026-08-31 02:00:00,2413.5,2425.4,2400.7,2420.7,56363.8173,14395
2026-08-31 04:00:00,2420.7,2442.6,2411.5,2436.2,45858.1896,12722
2026-08-31 06:00:00,2436.3,2446.7,2431.8,2440.8,38534.4978,10778
2026-08-31 08:00:00,2440.8,2457.0,2434.2,2447.1,21327.7407,10847
2026-08-31 10:00:00,2447.1,2458.2,2441.5,2446.2,29567.0478,11541
2026-08-31 12:00:00,2446.2,2464.2,2437.1,2439.9,66612.3974,18197
2026-08-31 14:00:00,2439.9,2478.6,2437.9,2468.2,79756.1733,19997
2026-08-31 16:00:00,2468.2,2478.2,2461.2,2476.0,33393.8118,11359
2026-08-31 18:00:00,2476.1,2490.0,2469.9,2482.3,32195.092,11813
2026-08-31 20:00:00,2482.2,2486.7,2468.5,2479.8,20878.5765,9545
2026-08-31 22:00:00,2479.7,2481.5,2462.3,2468.0,14138.3044,7686
2026-09-01 00:00:00,2467.9,2478.2,2458.2,2463.0,31992.8202,10240
2026-09-01 02:00:00,2463.1,2483.6,2454.5,2472.8,30143.8054,9678
2026-09-01 04:00:00,2472.9,2485.8,2469.0,2485.6,13628.8765,8039
2026-09-01 06:00:00,2485.7,2485.7,2467.6,2473.2,9497.9183,5996
2026-09-01 08:00:00,2473.3,2474.0,2443.3,2452.1,37057.5747,13805
2026-09-01 10:00:00,2452.1,2463.6,2448.2,2458.6,11828.1743,9034
2026-09-01 12:00:00,2458.6,2458.9,2428.6,2443.8,27529.674,16256
2026-09-01 14:00:00,2443.8,2458.0,2435.2,2449.6,38731.7793,13769
2026-09-01 16:00:00,2449.1,2450.0,2417.3,2417.8,42878.3199,14669
2026-09-01 18:00:00,2417.9,2425.6,2383.2,2419.3,125737.6889,32675
2026-09-01 20:00:00,2419.4,2423.9,2400.4,2415.7,36366.2606,13349
2026-09-01 22:00:00,2414.8,2426.9,2406.0,2418.9,9880.031,6538
2026-09-02 00:00:00,2418.9,2422.9,2387.0,2399.5,48046.7566,13872
2026-09-02 02:00:00,2399.0,2424.4,2394.8,2414.9,30253.6047,10911
2026-09-02 04:00:00,2414.8,2425.2,2406.4,2423.2,26435.9318,8156
2026-09-02 06:00:00,2423.1,2425.6,2416.3,2419.9,7795.7373,3411
